date,sp500,nikkei225,hangseng
2000-01-03,1455.22,,17369.6
2000-01-04,1399.42,19002.86,17072.8
2000-01-05,1402.11,18542.55,15846.7
2000-01-06,1403.45,18168.27,15153.2
2000-01-07,1441.47,18193.41,15405.6
2000-01-10,1457.6,,15848.2
2000-01-11,1438.56,18850.92,15862.1
2000-01-12,1432.25,18677.42,15714.2
2000-01-13,1449.68,18833.29,15634.0
2000-01-14,1465.15,18956.55,15542.2
2000-01-18,1455.14,19196.57,15789.2
2000-01-19,1455.9,18897.75,15275.3
2000-01-20,1445.57,19008.01,15215.3
2000-01-21,1441.36,18878.09,15108.4
2000-01-24,1401.53,19056.71,15167.5
2000-01-25,1410.03,18895.53,15103.0
2000-01-26,1404.09,19111.19,15427.7
2000-01-27,1398.56,19209.72,15917.8
2000-01-28,1360.16,19434.78,16185.9
2000-01-31,1394.46,19539.7,15532.3
2000-02-01,1409.28,19423.38,15653.9
2000-02-02,1409.12,19578.91,15789.8
2000-02-03,1424.97,19786.42,15968.1
2000-02-04,1424.37,19763.13,
2000-02-07,1424.24,19945.43,
2000-02-08,1441.72,19868.88,16228.7
2000-02-09,1411.71,20007.77,16819.5
2000-02-10,1416.83,19710.02,16845.2
2000-02-11,1387.12,,17380.3
2000-02-14,1389.94,19556.46,17189.0
2000-02-15,1402.05,19367.83,16688.2
2000-02-16,1387.67,19599.18,17043.4
2000-02-17,1388.26,19791.4,16981.2
2000-02-18,1346.09,19789.03,16599.2
2000-02-22,1352.17,19390.58,16255.2
2000-02-23,1360.69,19519.55,16376.8
2000-02-24,1353.43,19571.44,17058.7
2000-02-25,1333.36,19817.88,17201.0
2000-02-28,1348.05,19720.1,16984.4
2000-02-29,1366.42,19959.52,17169.4
2000-03-01,1379.19,20081.67,16843.6
2000-03-02,1381.76,20065.11,16936.8
2000-03-03,1409.17,19927.54,17285.2
2000-03-06,1391.28,19796.35,17758.8
2000-03-07,1355.62,19942.75,17865.4
2000-03-08,1366.7,19766.8,17951.4
2000-03-09,1401.69,19662.33,17637.0
2000-03-10,1395.07,19750.4,17831.9
2000-03-13,1383.62,19189.93,17096.7
2000-03-14,1359.15,19141.84,16929.2
2000-03-15,1392.14,19078.6,16747.2
2000-03-16,1458.47,19253.23,16359.0
2000-03-17,1464.47,19566.32,17083.0
2000-03-20,1456.63,,17234.5
2000-03-21,1493.87,19602.36,17200.0
2000-03-22,1500.64,19733.59,17547.0
2000-03-23,1527.35,19704.6,17710.6
2000-03-24,1527.46,19958.08,17784.6
2000-03-27,1523.86,20281.03,18292.9
2000-03-28,1507.73,20374.34,18301.7
2000-03-29,1508.52,20706.65,18096.4
2000-03-30,1487.92,20441.5,17467.2
2000-03-31,1498.58,20337.32,17406.5
2000-04-03,1505.97,20726.99,16892.9
2000-04-04,1494.73,20594.93,
2000-04-05,1487.37,20462.77,16318.4
2000-04-06,1501.34,20223.61,16491.4
2000-04-07,1516.35,20252.81,16941.7
2000-04-10,1504.46,20619.06,16850.7
2000-04-11,1500.59,20522.52,16487.7
2000-04-12,1467.17,20833.21,16577.1
2000-04-13,1440.51,20526.42,16352.6
2000-04-14,1356.56,20434.68,16142.8
2000-04-17,1401.44,19008.64,14762.4
2000-04-18,1441.61,18969.52,15278.3
2000-04-19,1427.47,19086.62,15427.2
2000-04-20,1434.54,18959.32,15367.1
2000-04-24,1429.86,18480.15,
2000-04-25,1477.44,18272.33,15380.0
2000-04-26,1460.99,18134.31,15227.4
2000-04-27,1464.92,18019.17,15192.9
2000-04-28,1452.43,17973.7,15519.3
2000-05-01,1468.25,18403.08,
2000-05-02,1446.29,18439.36,15817.8
2000-05-03,1415.1,,15577.5
2000-05-04,1409.57,,15314.1
2000-05-05,1432.63,,15268.6
2000-05-08,1424.17,18199.96,14901.0
2000-05-09,1412.14,17844.54,14776.9
2000-05-10,1383.05,17701.47,14492.9
2000-05-11,1407.81,16882.46,
2000-05-12,1420.96,17357.86,15111.9
2000-05-15,1452.36,17313.69,14881.3
2000-05-16,1466.04,17551.25,15160.3
2000-05-17,1447.8,17404.03,14827.8
2000-05-18,1437.21,17031.63,14322.6
2000-05-19,1406.95,16858.17,14478.3
2000-05-22,1400.72,16386.01,14140.7
2000-05-23,1373.86,16318.73,14257.2
2000-05-24,1399.05,16044.44,13934.0
2000-05-25,1381.52,16247.82,13921.1
2000-05-26,1378.02,16008.14,13722.7
2000-05-30,1422.45,16228.9,13990.9
2000-05-31,1420.6,16332.45,14713.9
2000-06-01,1448.81,16694.3,14941.2
2000-06-02,1477.26,16800.06,15284.1
2000-06-05,1467.63,17201.79,15861.7
2000-06-06,1457.84,17170.08,
2000-06-07,1471.36,17144.96,15900.1
2000-06-08,1461.67,17004.34,15876.9
2000-06-09,1456.95,16861.91,16120.3
2000-06-12,1446.0,16980.61,16055.0
2000-06-13,1469.44,16914.95,15692.9
2000-06-14,1470.54,16654.42,15857.1
2000-06-15,1478.73,16338.7,16080.3
2000-06-16,1464.46,16318.31,16434.4
2000-06-19,1486.0,16591.35,16267.5
2000-06-20,1475.95,16907.55,16086.7
2000-06-21,1479.13,17210.08,16238.1
2000-06-22,1452.18,17106.01,15952.4
2000-06-23,1441.48,16963.21,15738.1
2000-06-26,1455.31,16925.4,15978.9
2000-06-27,1450.55,17279.06,16155.8
2000-06-28,1454.82,17370.17,16438.4
2000-06-29,1442.39,17475.9,16286.8
2000-06-30,1454.6,17411.05,16155.8
2000-07-03,1469.54,17614.66,16125.0
2000-07-05,1446.23,17435.95,16474.3
2000-07-06,1456.67,17282.37,16489.6
2000-07-07,1478.9,17398.24,16830.0
2000-07-10,1475.62,17572.68,17238.7
2000-07-11,1480.88,17504.36,17359.7
2000-07-12,1492.92,17342.13,17552.3
2000-07-13,1495.84,17036.9,17449.5
2000-07-14,1509.98,17142.9,17586.2
2000-07-17,1510.49,17286.83,17834.8
2000-07-18,1493.74,16945.07,17440.8
2000-07-19,1481.96,16983.57,17710.1
2000-07-20,1495.57,,17758.5
2000-07-21,1480.19,16811.49,17920.9
2000-07-24,1464.29,16547.12,17659.7
2000-07-25,1474.47,16573.59,17375.3
2000-07-26,1452.42,16502.61,17620.2
2000-07-27,1449.62,16182.01,17450.1
2000-07-28,1419.89,15838.57,17183.9
2000-07-31,1430.83,15727.49,16841.0
2000-08-01,1438.1,16099.67,16897.4
2000-08-02,1438.7,16206.19,17277.4
2000-08-03,1452.56,15814.44,17274.3
2000-08-04,1462.93,15667.36,17425.7
2000-08-07,1479.32,16002.71,17727.2
2000-08-08,1482.8,15820.11,17211.8
2000-08-09,1472.87,16034.6,17182.0
2000-08-10,1460.25,15975.65,17333.2
2000-08-11,1471.84,16117.5,17214.4
2000-08-14,1491.56,16153.91,16997.3
2000-08-15,1484.43,16298.29,17463.5
2000-08-16,1479.85,16356.03,17734.2
2000-08-17,1496.07,16161.03,17622.0
2000-08-18,1491.72,16280.49,17440.0
2000-08-21,1499.48,16040.18,17501.5
2000-08-22,1498.13,16454.74,17668.3
2000-08-23,1505.97,16436.65,17427.4
2000-08-24,1508.31,16670.82,17439.7
2000-08-25,1506.45,16911.33,17236.7
2000-08-28,1514.09,17181.12,17019.8
2000-08-29,1509.84,17141.75,17240.1
2000-08-30,1502.59,16901.67,17095.9
2000-08-31,1517.68,16861.26,17097.5
2000-09-01,1520.77,16739.78,17333.6
2000-09-05,1507.08,16452.27,17595.2
2000-09-06,1492.25,16399.87,17605.2
2000-09-07,1502.51,16300.46,17431.9
2000-09-08,1494.5,16501.55,17275.4
2000-09-11,1489.26,16130.9,17008.0
2000-09-12,1481.99,16040.23,16629.8
2000-09-13,1484.91,16190.52,
2000-09-14,1480.87,16213.28,16395.4
2000-09-15,1465.81,,16249.5
2000-09-18,1444.51,16061.16,15560.2
2000-09-19,1459.9,16124.19,15677.2
2000-09-20,1451.34,16458.31,15665.6
2000-09-21,1449.05,16311.05,15164.5
2000-09-22,1448.72,15818.25,14612.9
2000-09-25,1439.03,15992.9,15429.0
2000-09-26,1427.21,15928.62,15290.8
2000-09-27,1426.57,15639.95,15444.1
2000-09-28,1458.29,15626.96,15415.8
2000-09-29,1436.51,15747.26,15649.0
2000-10-02,1436.23,15902.51,
2000-10-03,1426.46,15912.09,15726.0
2000-10-04,1434.32,16149.08,15878.9
2000-10-05,1436.28,16099.26,16184.7
2000-10-06,1408.99,15994.24,
2000-10-09,1402.03,,15693.5
2000-10-10,1387.02,15827.72,15535.9
2000-10-11,1364.59,15513.57,15127.0
2000-10-12,1329.78,15550.64,15074.8
2000-10-13,1374.17,15330.31,14680.5
2000-10-16,1374.62,15512.32,14973.4
2000-10-17,1349.97,15340.22,14873.4
2000-10-18,1342.13,14872.48,14458.5
2000-10-19,1388.76,14811.08,14422.5
2000-10-20,1396.93,15198.73,15044.5
2000-10-23,1395.78,15097.96,15102.4
2000-10-24,1398.13,15148.19,14925.9
2000-10-25,1364.9,14840.47,15061.1
2000-10-26,1364.44,14858.43,14996.2
2000-10-27,1379.58,14582.2,14902.5
2000-10-30,1398.66,14464.56,14799.9
2000-10-31,1429.4,14539.6,14895.3
2000-11-01,1421.22,14872.39,15349.0
2000-11-02,1428.32,14837.78,15291.5
2000-11-03,1426.69,,15594.1
2000-11-06,1432.19,15371.44,15671.2
2000-11-07,1431.87,15340.33,15820.8
2000-11-08,1409.28,15399.64,15654.1
2000-11-09,1400.14,15060.05,15504.8
2000-11-10,1365.98,14988.54,15389.4
2000-11-13,1351.26,14664.64,14815.7
2000-11-14,1382.95,14660.04,15177.5
2000-11-15,1389.81,14799.14,15127.4
2000-11-16,1372.32,14587.03,15298.3
2000-11-17,1367.72,14544.3,15180.8
2000-11-20,1342.62,14531.65,15346.7
2000-11-21,1347.35,14408.46,15188.3
2000-11-22,1322.36,14301.31,14772.5
2000-11-24,1341.77,14315.35,14376.9
2000-11-27,1348.97,14720.39,14602.8
2000-11-28,1336.09,14658.87,14566.2
2000-11-29,1341.93,14485.32,14169.1
2000-11-30,1314.95,14648.51,13984.4
2000-12-01,1315.23,14835.33,14441.4
2000-12-04,1324.97,14954.73,14559.2
2000-12-05,1376.54,14695.05,14573.2
2000-12-06,1351.46,14889.37,15099.0
2000-12-07,1343.55,14720.36,15011.5
2000-12-08,1369.89,14696.51,15189.3
2000-12-11,1380.2,15015.7,15408.5
2000-12-12,1371.18,15114.64,15329.6
2000-12-13,1359.99,15168.68,15621.7
2000-12-14,1340.93,14927.19,15497.0
2000-12-15,1312.15,14552.29,14975.5
2000-12-18,1322.74,14483.9,15024.5
2000-12-19,1305.6,14132.37,15188.0
2000-12-20,1264.74,13914.43,14930.7
2000-12-21,1274.86,13423.21,14659.3
2000-12-22,1305.95,13427.08,14738.2
2000-12-26,1315.19,14007.85,
2000-12-27,1328.92,13981.49,14748.4
2000-12-28,1334.22,13946.96,14796.5
2000-12-29,1320.28,13785.69,15095.5
2001-01-02,1283.27,,14869.9
2001-01-03,1347.56,,14589.6
2001-01-04,1333.34,13691.49,15235.0
2001-01-05,1298.35,13867.61,15447.6
2001-01-08,1295.86,,15436.5
2001-01-09,1300.8,13610.51,15500.6
2001-01-10,1313.27,13432.65,15435.8
2001-01-11,1326.82,13201.07,15090.8
2001-01-12,1318.55,13347.74,15295.4
2001-01-16,1326.65,13584.45,15363.2
2001-01-17,1329.47,13667.63,15261.5
2001-01-18,1347.97,13873.92,15528.8
2001-01-19,1342.54,13989.12,15933.5
2001-01-22,1342.9,14032.42,16099.3
2001-01-23,1360.4,13984.66,16044.2
2001-01-24,1364.3,13893.58,
2001-01-25,1357.51,13803.38,
2001-01-26,1354.95,13696.06,
2001-01-29,1364.17,13845.28,16099.8
2001-01-30,1373.73,13826.65,15893.1
2001-01-31,1366.01,13843.55,16102.3
2001-02-01,1373.47,13779.55,16164.0
2001-02-02,1349.47,13703.63,16071.3
2001-02-05,1354.31,13385.52,15830.8
2001-02-06,1352.26,13269.85,15913.2
2001-02-07,1340.89,13366.01,16049.5
2001-02-08,1332.53,13138.23,15909.4
2001-02-09,1314.76,13422.83,15873.3
2001-02-12,1330.31,,15693.1
2001-02-13,1318.8,13274.7,15842.7
2001-02-14,1315.92,13284.06,15860.4
2001-02-15,1326.61,13327.39,15756.4
2001-02-16,1301.53,13175.49,15630.3
2001-02-20,1278.94,13248.36,15527.4
2001-02-21,1255.27,13100.08,15351.5
2001-02-22,1252.82,13073.36,15098.6
2001-02-23,1245.86,13246.0,15280.6
2001-02-26,1267.65,13201.14,15230.2
2001-02-27,1257.94,13059.86,14834.7
2001-02-28,1239.94,12883.54,14787.9
2001-03-01,1241.23,12653.23,14360.6
2001-03-02,1234.18,12261.8,13966.4
2001-03-05,1241.41,12322.16,14135.3
2001-03-06,1253.8,12687.74,14321.0
2001-03-07,1261.89,12723.89,
2001-03-08,1264.74,12650.56,14209.0
2001-03-09,1233.42,12627.9,14194.3
2001-03-12,1180.16,12171.37,13776.7
2001-03-13,1197.66,11819.7,13493.0
2001-03-14,1166.71,11843.59,13330.8
2001-03-15,1173.56,12152.83,13504.2
2001-03-16,1150.53,12232.98,13522.0
2001-03-19,1170.81,12190.97,13457.7
2001-03-20,1142.62,,13223.9
2001-03-21,1122.14,13103.94,
2001-03-22,1117.58,12853.97,12621.8
2001-03-23,1139.83,13214.54,12583.4
2001-03-26,1152.69,13862.31,12950.5
2001-03-27,1182.17,13638.33,12707.9
2001-03-28,1153.29,13765.51,12851.4
2001-03-29,1147.95,13072.36,12677.9
2001-03-30,1160.33,12999.7,12760.6
2001-04-02,1145.87,12937.86,12727.3
2001-04-03,1106.46,13124.47,12584.2
2001-04-04,1103.25,13242.78,12063.7
2001-04-05,1151.44,13381.38,
2001-04-06,1128.43,13383.76,12386.6
2001-04-09,1137.59,12841.76,12202.1
2001-04-10,1168.38,12620.27,12213.7
2001-04-11,1165.89,13174.93,12706.4
2001-04-12,1183.5,13352.44,12989.5
2001-04-16,1179.68,13254.89,
2001-04-17,1191.81,13067.09,12606.5
2001-04-18,1238.16,13641.79,12972.8
2001-04-19,1253.69,13868.28,13549.0
2001-04-20,1242.98,13765.67,13448.1
2001-04-23,1224.36,13715.6,13311.5
2001-04-24,1209.47,13743.18,13274.6
2001-04-25,1228.75,13827.5,13249.5
2001-04-26,1234.52,13973.03,13293.1
2001-04-27,1253.05,13934.32,13386.0
2001-04-30,1249.46,,
2001-05-01,1266.44,14425.46,
2001-05-02,1267.43,14421.64,13814.2
2001-05-03,1248.58,,13708.1
2001-05-04,1266.61,,13391.0
2001-05-07,1263.51,14529.41,13600.8
2001-05-08,1261.2,14289.05,13540.8
2001-05-09,1255.54,14084.85,13585.1
2001-05-10,1255.18,14017.79,13604.8
2001-05-11,1245.67,14043.92,13636.6
2001-05-14,1248.92,13873.02,13259.2
2001-05-15,1249.44,14054.03,13250.1
2001-05-16,1284.99,13694.27,13336.0
2001-05-17,1288.49,13910.67,13637.9
2001-05-18,1291.96,13877.77,13459.2
2001-05-21,1312.83,14176.83,13721.3
2001-05-22,1309.38,14091.19,13878.0
2001-05-23,1289.05,14067.7,13839.1
2001-05-24,1293.17,13895.79,13810.6
2001-05-25,1277.89,13765.92,13754.0
2001-05-29,1267.93,13773.89,13629.6
2001-05-30,1248.08,13493.35,13420.1
2001-05-31,1255.82,13262.14,13174.4
2001-06-01,1260.67,13261.84,13141.4
2001-06-04,1267.11,13312.35,13207.5
2001-06-05,1283.57,13191.01,13253.4
2001-06-06,1270.03,13174.84,13576.0
2001-06-07,1276.96,13277.51,13703.4
2001-06-08,1264.96,13430.22,13808.9
2001-06-11,1254.39,13226.48,13675.5
2001-06-12,1255.85,12840.1,13526.7
2001-06-13,1241.6,12823.45,13523.3
2001-06-14,1219.87,12846.66,13248.9
2001-06-15,1214.36,12790.38,13102.5
2001-06-18,1208.43,12697.79,12948.8
2001-06-19,1212.58,12574.26,13133.7
2001-06-20,1223.14,12674.64,12918.7
2001-06-21,1237.04,12962.43,13187.5
2001-06-22,1225.35,13044.61,13174.0
2001-06-25,1218.6,12896.47,
2001-06-26,1216.76,12978.82,12962.0
2001-06-27,1211.07,12828.98,13004.2
2001-06-28,1226.2,12679.88,12827.8
2001-06-29,1224.38,12969.05,13042.5
2001-07-02,1236.72,12751.18,13042.5
2001-07-03,1234.45,12817.41,13184.8
2001-07-05,1219.24,12607.3,12999.5
2001-07-06,1190.59,12306.08,
2001-07-09,1198.78,12239.68,12648.6
2001-07-10,1181.52,12300.41,12713.9
2001-07-11,1180.18,12005.11,12527.9
2001-07-12,1208.14,12407.95,12660.2
2001-07-13,1215.68,12355.15,12612.8
2001-07-16,1202.45,12343.37,12624.5
2001-07-17,1214.44,12128.57,12495.2
2001-07-18,1207.71,11892.58,12427.2
2001-07-19,1215.02,11908.39,12427.2
2001-07-20,1210.85,,12301.7
2001-07-23,1191.03,11609.63,12236.5
2001-07-24,1171.65,11883.25,12214.1
2001-07-25,1190.49,11891.61,
2001-07-26,1202.93,11858.56,12039.8
2001-07-27,1205.82,11798.08,12182.2
2001-07-30,1204.52,11572.23,12083.5
2001-07-31,1211.23,11860.77,12316.7
2001-08-01,1215.93,11959.33,12478.7
2001-08-02,1220.75,12399.2,12466.4
2001-08-03,1214.35,12241.97,12311.4
2001-08-06,1200.48,12243.9,12212.8
2001-08-07,1204.4,12319.46,12007.2
2001-08-08,1183.53,12163.67,11958.0
2001-08-09,1183.43,11754.56,11716.8
2001-08-10,1190.16,11735.06,11765.8
2001-08-13,1191.29,11477.56,11694.3
2001-08-14,1186.73,11917.95,11991.0
2001-08-15,1178.02,11755.4,12141.6
2001-08-16,1181.66,11515.02,11832.4
2001-08-17,1161.97,11445.54,11754.8
2001-08-20,1171.41,11257.94,11458.7
2001-08-21,1157.26,11280.38,11440.3
2001-08-22,1165.31,11396.43,11188.6
2001-08-23,1162.09,11126.92,11345.4
2001-08-24,1184.93,11166.31,11110.3
2001-08-27,1179.21,11275.01,11234.7
2001-08-28,1161.51,11189.4,11300.5
2001-08-29,1148.56,10979.76,11242.4
2001-08-30,1129.03,10938.45,11315.6
2001-08-31,1133.58,10713.51,11090.5
2001-09-04,1132.94,10772.59,11136.9
2001-09-05,1131.74,10598.79,10943.1
2001-09-06,1106.4,10650.33,10664.3
2001-09-07,1085.78,10516.79,10384.2
2001-09-10,1092.54,10195.69,10366.3
2001-09-17,1038.77,9504.41,9319.35
2001-09-18,1032.74,9679.88,9307.9
2001-09-19,1016.1,9939.6,9558.15
2001-09-20,984.54,9785.16,9317.98
2001-09-21,965.8,9554.99,8934.2
2001-09-24,1003.45,,9284.5
2001-09-25,1012.27,9693.97,9210.06
2001-09-26,1007.04,9641.7,9371.75
2001-09-27,1018.61,9696.53,9600.79
2001-09-28,1040.94,9774.68,9950.7
2001-10-01,1038.55,9972.28,
2001-10-02,1051.33,10136.56,
2001-10-03,1072.28,9924.23,9897.14
2001-10-04,1069.63,10205.48,10286.4
2001-10-05,1071.38,10205.87,10277.4
2001-10-08,1062.44,,9967.83
2001-10-09,1056.75,10011.77,10358.9
2001-10-10,1080.99,9964.88,10298.2
2001-10-11,1097.43,10347.01,10522.6
2001-10-12,1091.65,10632.35,10274.1
2001-10-15,1089.98,10452.54,10130.6
2001-10-16,1097.54,10637.82,10148.5
2001-10-17,1077.09,10755.45,10260.8
2001-10-18,1068.61,10474.85,9880.61
2001-10-19,1073.48,10538.79,9825.84
2001-10-22,1089.9,10565.41,9797.54
2001-10-23,1084.78,10861.56,10219.8
2001-10-24,1085.2,10802.15,10243.5
2001-10-25,1100.09,10880.1,10243.5
2001-10-26,1104.61,10795.16,10404.7
2001-10-29,1078.3,10612.31,10178.1
2001-10-30,1059.79,10512.82,10076.4
2001-10-31,1059.78,10366.34,10074.0
2001-11-01,1084.1,10347.28,10158.8
2001-11-02,1087.2,10383.78,10186.1
2001-11-05,1102.84,10447.54,10430.7
2001-11-06,1118.86,10633.72,10356.0
2001-11-07,1115.8,10284.98,10269.8
2001-11-08,1118.54,10431.79,10538.6
2001-11-09,1120.31,10215.71,10609.2
2001-11-12,1118.33,10081.56,10592.5
2001-11-13,1139.09,10030.56,10662.8
2001-11-14,1141.21,10086.76,10950.0
2001-11-15,1142.24,10489.89,11239.4
2001-11-16,1138.65,10649.09,11287.4
2001-11-19,1151.06,10727.94,11360.3
2001-11-20,1142.66,10575.62,11225.8
2001-11-21,1137.03,10661.08,11173.9
2001-11-23,1150.34,,11322.4
2001-11-26,1157.42,11064.3,11392.0
2001-11-27,1149.5,10948.89,11261.5
2001-11-28,1128.52,10624.81,11066.2
2001-11-29,1140.2,10655.96,11090.7
2001-11-30,1139.45,10697.44,11279.2
2001-12-03,1129.9,10370.62,11155.2
2001-12-04,1144.8,10452.65,11427.3
2001-12-05,1170.35,10713.81,11678.4
2001-12-06,1167.1,10857.28,11745.8
2001-12-07,1158.31,10796.89,11832.2
2001-12-10,1139.93,10571.01,11784.9
2001-12-11,1136.76,10473.91,11693.0
2001-12-12,1137.07,10801.52,11847.1
2001-12-13,1119.38,10433.45,11529.5
2001-12-14,1123.09,10511.65,11466.1
2001-12-17,1134.36,10323.35,11465.8
2001-12-18,1142.92,10432.17,11486.9
2001-12-19,1149.56,10471.93,11565.2
2001-12-20,1139.93,10434.52,11601.1
2001-12-21,1144.89,10335.45,11158.1
2001-12-24,1144.65,,11209.8
2001-12-26,1149.37,10192.57,
2001-12-27,1157.13,10457.61,11359.5
2001-12-28,1161.02,10542.62,11431.6
2001-12-31,1148.08,,11397.2
2002-01-02,1154.67,,11350.8
2002-01-03,1165.27,,11423.5
2002-01-04,1172.51,10871.49,11702.2
2002-01-07,1164.89,10942.36,11892.6
2002-01-08,1160.71,10695.6,11713.7
2002-01-09,1155.14,10663.98,11440.7
2002-01-10,1156.55,10538.43,11256.1
2002-01-11,1145.6,10441.59,11166.5
2002-01-14,1138.41,,11209.4
2002-01-15,1146.19,10208.05,11013.6
2002-01-16,1127.57,10177.58,10964.1
2002-01-17,1138.88,10128.18,11013.8
2002-01-18,1127.58,10293.32,10973.0
2002-01-22,1119.31,10050.98,10797.7
2002-01-23,1128.18,10040.91,10762.1
2002-01-24,1132.15,10074.05,10741.5
2002-01-25,1133.28,10144.14,10773.0
2002-01-28,1133.06,10220.85,10767.5
2002-01-29,1100.64,10026.03,11014.2
2002-01-30,1113.57,9919.48,10757.0
2002-01-31,1130.2,9997.8,10725.3
2002-02-01,1122.2,9791.43,10691.2
2002-02-04,1094.44,9631.93,10721.3
2002-02-05,1090.02,9475.6,10609.2
2002-02-06,1083.51,9420.85,10592.4
2002-02-07,1080.17,9583.27,10409.7
2002-02-08,1096.22,9686.06,10519.0
2002-02-11,1111.94,,10832.7
2002-02-12,1107.5,9877.99,
2002-02-13,1118.51,9968.35,
2002-02-14,1116.48,10081.09,
2002-02-15,1104.18,10048.1,10961.9
2002-02-19,1083.34,9847.16,10840.5
2002-02-20,1097.98,9834.13,10749.1
2002-02-21,1080.95,10295.42,10788.9
2002-02-22,1089.84,10356.78,10664.9
2002-02-25,1109.43,10296.47,10496.0
2002-02-26,1109.38,10202.63,10547.1
2002-02-27,1109.89,10573.09,10648.7
2002-02-28,1106.73,10587.83,10482.5
2002-03-01,1131.78,10812.0,10425.3
2002-03-04,1153.84,11450.22,10704.1
2002-03-05,1146.14,11348.45,10985.8
2002-03-06,1162.77,11358.53,11003.0
2002-03-07,1157.54,11648.34,11188.1
2002-03-08,1164.31,11885.79,11233.2
2002-03-11,1168.26,11919.3,11318.9
2002-03-12,1165.58,11607.33,11273.9
2002-03-13,1154.09,11415.31,11217.5
2002-03-14,1153.04,11568.82,11303.7
2002-03-15,1166.16,11648.01,11210.2
2002-03-18,1165.55,11498.38,11230.6
2002-03-19,1170.29,11792.82,11222.8
2002-03-20,1151.85,11526.78,11036.6
2002-03-21,1153.59,,10829.7
2002-03-22,1148.7,11345.08,10863.1
2002-03-25,1131.87,11261.09,10836.6
2002-03-26,1138.49,11207.92,10786.9
2002-03-27,1144.58,11323.68,10987.9
2002-03-28,1147.39,11333.11,11032.9
2002-04-01,1146.54,11028.7,
2002-04-02,1136.76,11204.49,10878.0
2002-04-03,1125.4,11400.71,10834.0
2002-04-04,1126.34,11379.2,10831.4
2002-04-05,1122.73,11335.49,
2002-04-08,1125.29,11352.89,10723.7
2002-04-09,1117.8,11114.49,10733.7
2002-04-10,1130.47,11218.58,10643.1
2002-04-11,1103.69,11147.27,10744.9
2002-04-12,1111.01,10962.98,10710.5
2002-04-15,1102.55,11137.3,10728.0
2002-04-16,1128.37,11346.66,10788.5
2002-04-17,1126.07,11543.71,11090.6
2002-04-18,1124.47,11575.73,11217.2
2002-04-19,1125.17,11512.01,11252.2
2002-04-22,1107.83,11721.64,11139.4
2002-04-23,1100.96,11736.83,11345.2
2002-04-24,1093.14,11672.88,11396.6
2002-04-25,1091.48,11648.72,11409.3
2002-04-26,1076.32,11541.39,11385.1
2002-04-29,1065.45,,11361.5
2002-04-30,1076.92,11492.54,11497.6
2002-05-01,1086.46,11552.79,
2002-05-02,1084.56,11551.01,11780.1
2002-05-03,1073.43,,11797.2
2002-05-06,1052.67,,11736.2
2002-05-07,1049.49,11316.04,11796.0
2002-05-08,1088.85,11520.75,11768.3
2002-05-09,1073.01,11633.3,11700.8
2002-05-10,1054.99,11531.11,11645.9
2002-05-13,1074.56,11336.95,11733.4
2002-05-14,1097.28,11356.19,11690.3
2002-05-15,1091.07,11642.97,11838.4
2002-05-16,1098.23,11738.69,11832.8
2002-05-17,1106.59,11847.32,11974.6
2002-05-20,1091.88,11856.54,
2002-05-21,1079.88,11801.16,11753.3
2002-05-22,1086.02,11961.98,11795.2
2002-05-23,1097.08,11979.85,11624.8
2002-05-24,1083.82,11976.28,11626.8
2002-05-28,1074.55,11936.08,11581.6
2002-05-29,1067.66,11853.0,11430.7
2002-05-30,1064.66,11770.03,11380.6
2002-05-31,1067.14,11763.7,11301.9
2002-06-03,1040.68,11901.39,11359.8
2002-06-04,1040.69,11653.07,11312.5
2002-06-05,1049.9,11663.87,11402.4
2002-06-06,1029.15,11574.94,11380.8
2002-06-07,1027.53,11438.53,11284.7
2002-06-10,1030.74,11370.21,11288.8
2002-06-11,1013.6,11449.44,11215.0
2002-06-12,1020.26,11327.06,11148.0
2002-06-13,1009.56,11144.84,11119.3
2002-06-14,1007.27,10920.63,10955.5
2002-06-17,1036.17,10664.11,10832.3
2002-06-18,1037.14,10839.93,10852.0
2002-06-19,1019.99,10476.18,10673.1
2002-06-20,1006.29,10612.98,10754.4
2002-06-21,989.14,10354.35,10591.9
2002-06-24,992.72,10471.32,10657.3
2002-06-25,976.14,10496.67,10609.0
2002-06-26,973.53,10074.56,10355.9
2002-06-27,990.64,10261.6,10518.1
2002-06-28,989.82,10621.84,10598.5
2002-07-01,968.65,10595.44,
2002-07-02,948.09,10622.32,10491.8
2002-07-03,953.99,10812.3,10579.2
2002-07-05,989.03,10826.09,10806.2
2002-07-08,976.98,10769.2,10803.5
2002-07-09,952.83,10960.25,10843.2
2002-07-10,920.47,10752.66,10787.5
2002-07-11,927.37,10485.74,10558.8
2002-07-12,921.39,10601.45,10648.3
2002-07-15,917.93,10375.15,10581.7
2002-07-16,900.94,10250.42,10421.5
2002-07-17,906.04,10296.02,10335.1
2002-07-18,881.56,10498.26,10452.5
2002-07-19,847.75,10202.36,10325.5
2002-07-22,819.85,10189.01,10110.2
2002-07-23,797.7,10215.63,10313.9
2002-07-24,843.43,9947.72,9971.99
2002-07-25,838.68,9929.91,9884.78
2002-07-26,852.84,9591.03,9773.12
2002-07-29,898.96,9666.67,9975.99
2002-07-30,902.78,10003.72,10155.2
2002-07-31,911.62,9877.94,10267.4
2002-08-01,884.66,9793.51,10180.0
2002-08-02,864.24,9709.66,9991.72
2002-08-05,834.6,9704.93,9862.33
2002-08-06,859.57,9501.02,9700.69
2002-08-07,876.77,9834.4,9977.74
2002-08-08,905.46,9799.57,9962.24
2002-08-09,908.64,9999.79,10014.1
2002-08-12,903.8,9747.82,9959.92
2002-08-13,884.21,9688.61,10100.1
2002-08-14,919.62,9638.41,9961.35
2002-08-15,930.25,9795.57,10219.7
2002-08-16,928.77,9788.13,10265.0
2002-08-19,950.7,9599.1,10247.0
2002-08-20,937.43,9620.69,10408.0
2002-08-21,949.36,9642.61,10402.3
2002-08-22,962.7,9814.02,10424.0
2002-08-23,940.86,9867.45,10245.7
2002-08-26,947.95,10067.74,10226.3
2002-08-27,934.82,9907.3,10185.5
2002-08-28,917.87,9766.73,10130.2
2002-08-29,917.8,9620.14,10061.2
2002-08-30,916.07,9619.3,10043.9
2002-09-03,878.02,9217.04,9790.68
2002-09-04,893.4,9075.09,9820.33
2002-09-05,879.15,9222.12,9726.03
2002-09-06,893.92,9129.07,9720.86
2002-09-09,902.96,9306.26,9723.67
2002-09-10,909.58,9309.31,9885.77
2002-09-11,909.45,9400.08,9882.35
2002-09-12,886.91,9415.23,9896.33
2002-09-13,889.81,9241.93,9650.97
2002-09-16,891.1,,9505.13
2002-09-17,873.52,9543.94,9707.25
2002-09-18,869.46,9472.06,9474.07
2002-09-19,843.32,9669.62,9427.79
2002-09-20,845.39,9481.08,9328.22
2002-09-23,833.7,,9314.87
2002-09-24,819.29,9321.64,9197.68
2002-09-25,839.66,9165.41,9124.91
2002-09-26,854.95,9320.92,9270.71
2002-09-27,827.37,9530.44,9294.46
2002-09-30,815.28,9383.29,9072.21
2002-10-01,847.91,9162.26,
2002-10-02,827.91,9049.33,9109.35
2002-10-03,818.95,8936.43,8984.32
2002-10-04,800.58,9027.55,9051.37
2002-10-07,785.28,8688.0,8931.4
2002-10-08,798.55,8708.9,8977.41
2002-10-09,776.76,8539.34,8977.35
2002-10-10,803.92,8439.62,8858.69
2002-10-11,835.32,8529.61,8965.73
2002-10-14,841.44,,
2002-10-15,881.27,8836.73,9336.39
2002-10-16,860.02,8884.87,9459.14
2002-10-17,879.2,8959.88,9576.15
2002-10-18,884.39,9086.13,9613.07
2002-10-21,899.72,8978.41,9570.36
2002-10-22,890.16,8689.39,9548.94
2002-10-23,896.14,8714.52,9804.65
2002-10-24,882.5,8614.3,9787.49
2002-10-25,897.65,8726.29,9722.54
2002-10-28,890.23,8757.51,9853.74
2002-10-29,882.15,8708.76,9634.67
2002-10-30,890.71,8756.59,9560.46
2002-10-31,885.76,8640.48,9441.25
2002-11-01,900.96,8685.72,9407.68
2002-11-04,908.35,,9720.83
2002-11-05,915.39,8937.56,9655.36
2002-11-06,923.76,8953.29,9773.98
2002-11-07,902.65,8920.44,9844.38
2002-11-08,894.74,8690.77,9770.68
2002-11-11,876.19,8460.37,9580.88
2002-11-12,882.95,8464.77,9613.84
2002-11-13,882.53,8438.52,9616.62
2002-11-14,904.27,8303.39,9740.84
2002-11-15,909.83,8503.59,9865.65
2002-11-18,900.36,8346.01,9920.09
2002-11-19,896.74,8365.26,9965.03
2002-11-20,914.15,8459.62,9971.15
2002-11-21,933.76,8668.06,10003.5
2002-11-22,930.55,8772.56,10065.3
2002-11-25,932.87,8944.44,10100.8
2002-11-26,913.31,8823.99,9995.52
2002-11-27,938.87,8875.88,9944.59
2002-11-29,936.31,9215.56,10069.9
2002-12-02,934.53,9174.47,10205.2
2002-12-03,920.75,9205.11,10227.0
2002-12-04,917.58,9006.73,9995.73
2002-12-05,906.55,8917.57,10009.9
2002-12-06,912.23,8863.26,9973.75
2002-12-09,892.0,8828.05,9868.48
2002-12-10,904.45,8804.52,9857.99
2002-12-11,904.96,8727.66,9784.57
2002-12-12,901.58,8708.69,9813.78
2002-12-13,889.48,8516.07,9728.43
2002-12-16,910.4,8450.94,9656.46
2002-12-17,902.99,8510.73,9715.74
2002-12-18,891.12,8344.01,9548.65
2002-12-19,884.25,8387.57,9557.86
2002-12-20,895.76,8406.88,9628.69
2002-12-23,897.38,,9570.93
2002-12-24,892.47,8512.37,9561.63
2002-12-26,889.66,8700.1,
2002-12-27,875.4,8714.05,9445.26
2002-12-30,879.39,8578.95,9272.33
2002-12-31,879.82,,9321.29
2003-01-02,909.03,,9365.52
2003-01-03,908.59,,9583.85
2003-01-06,929.01,8713.33,9665.96
2003-01-07,922.93,8656.5,9652.4
2003-01-08,909.93,8517.8,9688.21
2003-01-09,927.57,8497.93,9675.41
2003-01-10,927.57,8470.45,9721.5
2003-01-13,926.26,,9834.08
2003-01-14,931.66,8553.06,9796.31
2003-01-15,918.22,8611.75,9873.49
2003-01-16,914.6,8609.17,9743.23
2003-01-17,901.78,8690.25,9614.59
2003-01-21,887.62,8708.58,9568.47
2003-01-22,878.36,8611.04,9560.29
2003-01-23,887.34,8790.92,9584.7
2003-01-24,861.4,8731.65,9460.6
2003-01-27,847.48,8609.47,9298.67
2003-01-28,858.54,8525.39,9325.6
2003-01-29,864.36,8331.08,9240.79
2003-01-30,844.61,8316.81,9258.95
2003-01-31,855.7,8339.94,
2003-02-03,860.32,8500.79,
2003-02-04,848.2,8484.9,9252.71
2003-02-05,843.59,8549.85,9180.47
2003-02-06,838.15,8484.19,9126.15
2003-02-07,829.69,8448.16,9150.95
2003-02-10,835.97,8484.93,9232.14
2003-02-11,829.2,,9194.91
2003-02-12,818.68,8664.17,9314.9
2003-02-13,817.37,8599.66,9173.43
2003-02-14,834.89,8701.92,9201.76
2003-02-18,851.17,8692.97,9397.05
2003-02-19,845.13,8678.44,9427.63
2003-02-20,837.1,8650.92,9390.48
2003-02-21,848.17,8513.54,9250.86
2003-02-24,832.58,8564.95,9239.47
2003-02-25,838.57,8360.49,9148.48
2003-02-26,827.55,8356.81,9116.28
2003-02-27,837.28,8359.38,9134.24
2003-02-28,841.15,8363.04,9122.66
2003-03-03,834.81,8490.4,9268.77
2003-03-04,821.99,8480.22,9181.89
2003-03-05,829.85,8472.62,9109.18
2003-03-06,822.1,8369.15,8962.26
2003-03-07,828.89,8144.12,8907.1
2003-03-10,807.48,8042.26,8861.87
2003-03-11,800.73,7862.43,8859.93
2003-03-12,804.19,7943.04,8874.99
2003-03-13,831.9,7868.56,8787.45
2003-03-14,833.27,8002.69,8956.17
2003-03-17,862.79,7871.64,8804.16
2003-03-18,866.45,7954.46,9041.51
2003-03-19,874.02,8051.04,9158.59
2003-03-20,875.67,8195.05,9194.56
2003-03-21,895.79,,9179.19
2003-03-24,864.23,8435.07,9108.45
2003-03-25,874.74,8238.76,9062.15
2003-03-26,869.95,8351.92,9047.09
2003-03-27,868.52,8368.67,8872.32
2003-03-28,863.5,8280.16,8863.36
2003-03-31,848.18,7972.71,8634.45
2003-04-01,858.48,7986.72,8596.89
2003-04-02,880.9,8069.85,8706.19
2003-04-03,876.45,8017.75,8648.16
2003-04-04,878.85,8074.12,8822.45
2003-04-07,879.93,8249.98,8962.21
2003-04-08,878.29,8131.41,8806.66
2003-04-09,865.99,8057.61,8636.85
2003-04-10,871.58,7980.12,8625.72
2003-04-11,868.3,7816.49,8645.65
2003-04-14,885.23,7752.1,8533.55
2003-04-15,890.81,7838.83,8632.1
2003-04-16,879.91,7879.49,8675.14
2003-04-17,893.58,7821.9,8579.14
2003-04-21,892.01,7969.08,
2003-04-22,911.37,7790.46,8571.91
2003-04-23,919.02,7793.38,8519.6
2003-04-24,911.43,7854.57,8442.11
2003-04-25,898.81,7699.5,8409.01
2003-04-28,914.84,7607.88,8435.04
2003-04-29,917.84,,8744.22
2003-04-30,916.92,7831.42,8717.22
2003-05-01,916.3,7863.29,
2003-05-02,930.08,7907.19,8808.18
2003-05-05,926.55,,8916.49
2003-05-06,934.39,8083.56,8889.22
2003-05-07,929.62,8109.77,8901.05
2003-05-08,920.27,8031.55,
2003-05-09,933.41,8152.16,9084.16
2003-05-12,945.11,8221.12,9155.57
2003-05-13,942.3,8190.26,9119.04
2003-05-14,939.28,8244.91,9103.69
2003-05-15,946.67,8123.4,9126.07
2003-05-16,944.3,8117.29,9093.18
2003-05-19,920.77,8039.13,9087.37
2003-05-20,919.73,8059.48,9050.4
2003-05-21,923.42,8018.51,9059.8
2003-05-22,931.87,8051.66,9131.49
2003-05-23,933.22,8184.76,9303.73
2003-05-27,951.48,8120.24,9420.81
2003-05-28,953.22,8234.18,9510.62
2003-05-29,949.64,8375.36,9508.55
2003-05-30,963.59,8424.51,9487.38
2003-06-02,967.0,8547.17,9637.53
2003-06-03,971.56,8564.49,9662.82
2003-06-04,986.24,8557.86,
2003-06-05,990.14,8657.23,9639.01
2003-06-06,987.76,8785.87,9694.63
2003-06-09,975.93,8822.73,9733.51
2003-06-10,984.84,8789.09,9703.72
2003-06-11,997.48,8890.3,9662.06
2003-06-12,998.51,8918.6,9736.84
2003-06-13,988.61,8980.64,9855.64
2003-06-16,1010.74,8839.83,9862.28
2003-06-17,1011.66,9033.0,10030.4
2003-06-18,1010.09,9092.97,9970.3
2003-06-19,994.7,9110.51,9980.11
2003-06-20,995.69,9120.0,9930.31
2003-06-23,981.64,9137.14,9734.29
2003-06-24,983.45,8919.26,9629.35
2003-06-25,975.32,8932.26,9628.99
2003-06-26,985.82,8923.41,9606.11
2003-06-27,976.22,9104.06,9657.21
2003-06-30,974.5,9083.11,9577.12
2003-07-01,982.32,9278.49,
2003-07-02,993.75,9592.24,9602.62
2003-07-03,985.7,9624.8,9646.1
2003-07-07,1004.42,9795.16,9892.4
2003-07-08,1007.84,9898.72,9992.87
2003-07-09,1002.21,9990.95,10027.4
2003-07-10,988.7,9955.62,9983.31
2003-07-11,998.14,9635.35,9911.5
2003-07-14,1003.86,9755.63,10122.4
2003-07-15,1000.42,9751.0,10135.5
2003-07-16,994.09,9735.97,10207.2
2003-07-17,981.73,9498.86,10096.7
2003-07-18,993.32,9527.73,10140.8
2003-07-21,978.8,,10102.9
2003-07-22,988.11,9485.97,10008.7
2003-07-23,988.61,9615.34,9900.56
2003-07-24,981.6,9671.0,9923.14
2003-07-25,998.68,9648.01,9939.2
2003-07-28,996.52,9839.91,10134.9
2003-07-29,989.28,9834.31,10198.6
2003-07-30,987.49,9632.66,10121.2
2003-07-31,990.31,9563.21,10134.8
2003-08-01,980.15,9611.67,10248.6
2003-08-04,982.82,9452.79,10183.1
2003-08-05,965.46,9382.58,10177.4
2003-08-06,967.08,9323.91,9987.54
2003-08-07,974.12,9265.56,9958.05
2003-08-08,977.59,9327.53,9945.22
2003-08-11,980.59,9487.8,10093.5
2003-08-12,990.35,9564.81,10184.2
2003-08-13,984.03,9752.75,10301.5
2003-08-14,990.51,9913.47,10374.0
2003-08-15,990.67,9863.47,10424.6
2003-08-18,999.74,10032.97,10525.0
2003-08-19,1002.35,10174.1,10509.3
2003-08-20,1000.3,10292.06,10475.3
2003-08-21,1003.27,10362.69,10643.6
2003-08-22,993.06,10281.17,10760.7
2003-08-25,993.71,10276.64,10764.2
2003-08-26,996.73,10332.57,10753.9
2003-08-27,996.79,10308.99,10678.5
2003-08-28,1002.84,10225.22,10760.1
2003-08-29,1008.01,10343.55,10909.0
2003-09-02,1021.99,10690.08,10939.9
2003-09-03,1026.27,10715.69,11102.4
2003-09-04,1027.97,10646.95,11138.6
2003-09-05,1021.39,10650.77,11170.6
2003-09-08,1031.64,10683.76,11165.3
2003-09-09,1023.17,10922.04,11046.8
2003-09-10,1010.92,10856.32,10810.3
2003-09-11,1016.42,10546.33,10883.5
2003-09-12,1018.63,10712.81,
2003-09-15,1014.81,,10992.7
2003-09-16,1029.32,10887.03,11071.4
2003-09-17,1025.97,10990.11,11140.0
2003-09-18,1039.58,11033.32,11069.2
2003-09-19,1036.3,10938.42,10968.4
2003-09-22,1022.82,10475.1,10873.3
2003-09-23,1029.03,,10944.4
2003-09-24,1009.38,10502.29,11295.9
2003-09-25,1003.27,10310.04,11286.5
2003-09-26,996.85,10318.44,11290.2
2003-09-29,1006.58,10229.57,11141.3
2003-09-30,995.97,10219.05,11229.9
2003-10-01,1018.22,10361.24,
2003-10-02,1020.24,10593.53,11546.1
2003-10-03,1029.85,10709.29,11608.7
2003-10-06,1034.35,10740.14,11734.5
2003-10-07,1039.25,10820.33,11723.9
2003-10-08,1033.78,10542.2,11720.8
2003-10-09,1038.73,10531.44,11800.4
2003-10-10,1038.06,10786.04,11935.8
2003-10-13,1045.35,,11962.0
2003-10-14,1049.48,10966.43,11856.0
2003-10-15,1046.76,10899.95,12056.2
2003-10-16,1050.07,11025.15,12027.6
2003-10-17,1039.32,11037.89,12044.5
2003-10-20,1044.68,11161.71,12147.9
2003-10-21,1046.03,11031.52,12250.7
2003-10-22,1030.36,10889.62,12238.6
2003-10-23,1033.77,10335.16,11737.2
2003-10-24,1028.91,10335.7,11736.4
2003-10-27,1031.13,10454.12,11749.7
2003-10-28,1046.79,10561.01,12091.9
2003-10-29,1048.11,10739.22,12130.5
2003-10-30,1046.94,10695.56,12143.3
2003-10-31,1050.71,10559.59,12190.1
2003-11-03,1059.02,,12386.8
2003-11-04,1053.25,10847.97,12440.7
2003-11-05,1051.81,10837.54,12438.9
2003-11-06,1058.05,10552.3,12150.1
2003-11-07,1053.21,10628.98,12215.2
2003-11-10,1047.11,10504.54,12156.7
2003-11-11,1046.57,10207.04,12003.6
2003-11-12,1058.53,10226.22,11971.5
2003-11-13,1058.41,10337.67,12227.6
2003-11-14,1050.35,10167.06,12203.5
2003-11-17,1043.63,9786.83,11997.0
2003-11-18,1034.15,9897.05,12027.3
2003-11-19,1042.44,9614.6,11873.0
2003-11-20,1033.65,9865.7,11845.4
2003-11-21,1035.28,9852.83,11839.8
2003-11-24,1052.08,,11848.6
2003-11-25,1053.89,9960.2,12008.1
2003-11-26,1058.45,10144.83,12086.7
2003-11-28,1058.2,10100.57,12317.5
2003-12-01,1070.12,10403.27,12457.0
2003-12-02,1066.62,10410.15,12412.2
2003-12-03,1064.73,10326.39,12361.2
2003-12-04,1069.72,10429.99,12342.7
2003-12-05,1061.5,10373.46,12314.7
2003-12-08,1069.3,10045.34,12177.4
2003-12-09,1060.18,10124.28,12393.6
2003-12-10,1059.05,9910.56,12398.4
2003-12-11,1071.21,10075.14,12554.6
2003-12-12,1074.14,10169.66,12594.4
2003-12-15,1068.04,10490.77,12520.2
2003-12-16,1075.13,10271.6,12260.3
2003-12-17,1076.48,10092.64,12193.1
2003-12-18,1089.18,10104.0,12240.2
2003-12-19,1088.66,10284.54,12371.8
2003-12-22,1092.94,10372.51,12488.0
2003-12-23,1096.02,,12420.5
2003-12-24,1094.04,10371.27,12456.7
2003-12-26,1095.89,10417.41,
2003-12-29,1109.48,10500.62,12464.3
2003-12-30,1109.64,10676.64,12526.7
2003-12-31,1111.92,,12575.9
2004-01-02,1108.48,,12801.5
2004-01-05,1122.22,10825.17,13005.3
2004-01-06,1123.67,10813.99,13036.3
2004-01-07,1126.33,10757.82,13157.7
2004-01-08,1131.92,10837.65,13203.6
2004-01-09,1121.86,10965.05,13385.8
2004-01-12,1127.23,,13352.2
2004-01-13,1121.22,10849.68,13396.7
2004-01-14,1130.52,10863.0,13320.9
2004-01-15,1132.05,10665.15,13249.8
2004-01-16,1139.83,10857.2,13167.8
2004-01-20,1138.77,11103.1,13570.4
2004-01-21,1147.62,11002.39,13750.6
2004-01-22,1143.94,11000.7,
2004-01-23,1141.55,11069.01,
2004-01-26,1155.37,10972.6,13727.3
2004-01-27,1144.05,10928.03,13761.9
2004-01-28,1128.48,10852.47,13431.8
2004-01-29,1134.11,10779.44,13334.0
2004-01-30,1131.13,10783.61,13289.4
2004-02-02,1135.26,10776.73,13000.0
2004-02-03,1136.03,10641.92,13090.0
2004-02-04,1126.52,10447.25,13086.7
2004-02-05,1128.59,10464.6,13030.9
2004-02-06,1142.76,10460.92,13309.6
2004-02-09,1139.81,10402.61,13576.7
2004-02-10,1145.54,10365.4,13515.7
2004-02-11,1157.76,,13524.8
2004-02-12,1152.11,10459.26,13625.1
2004-02-13,1145.81,10557.69,13739.8
2004-02-17,1156.99,10701.13,13815.4
2004-02-18,1151.82,10676.81,13928.4
2004-02-19,1147.06,10753.8,13867.2
2004-02-20,1144.11,10720.69,13868.4
2004-02-23,1140.99,10868.96,13765.1
2004-02-24,1139.09,10644.13,13756.4
2004-02-25,1143.67,10658.73,13599.5
2004-02-26,1144.91,10815.29,13674.6
2004-02-27,1144.94,11041.92,13907.0
2004-03-01,1155.97,11271.12,13918.7
2004-03-02,1149.1,11361.51,13731.3
2004-03-03,1151.03,11351.92,13454.1
2004-03-04,1154.87,11401.79,13451.6
2004-03-05,1156.86,11537.29,13454.8
2004-03-08,1147.2,11502.86,13573.5
2004-03-09,1140.58,11532.04,13397.2
2004-03-10,1123.89,11433.24,13214.2
2004-03-11,1106.78,11297.04,13024.1
2004-03-12,1120.57,11162.75,12932.2
2004-03-15,1104.49,11317.9,12919.4
2004-03-16,1110.7,11242.29,12932.6
2004-03-17,1123.75,11436.86,12975.7
2004-03-18,1122.32,11484.28,12816.2
2004-03-19,1109.78,11418.51,12790.6
2004-03-22,1095.4,11318.51,12550.9
2004-03-23,1093.95,11281.09,12588.4
2004-03-24,1091.33,11364.99,12678.1
2004-03-25,1109.19,11530.91,12520.2
2004-03-26,1108.06,11770.65,12483.2
2004-03-29,1122.47,11718.24,12427.3
2004-03-30,1127.0,11693.68,12641.4
2004-03-31,1126.21,11715.39,12681.7
2004-04-01,1132.17,11683.42,12676.2
2004-04-02,1141.81,11815.95,12731.8
2004-04-05,1150.57,11958.32,
2004-04-06,1148.16,12079.7,12887.0
2004-04-07,1140.53,12019.62,12920.0
2004-04-08,1139.32,12092.59,12909.4
2004-04-12,1145.2,12042.7,
2004-04-13,1129.44,12127.82,13031.8
2004-04-14,1128.17,12098.18,12669.9
2004-04-15,1128.84,11800.4,12479.3
2004-04-16,1134.61,11824.56,12458.4
2004-04-19,1135.82,11764.21,12450.0
2004-04-20,1118.15,11952.26,12394.4
2004-04-21,1124.09,11944.3,12227.3
2004-04-22,1139.93,11980.1,12167.7
2004-04-23,1140.6,12120.66,12383.9
2004-04-26,1135.53,12163.89,12132.7
2004-04-27,1138.11,12044.88,12154.9
2004-04-28,1122.41,12004.29,12165.3
2004-04-29,1113.89,,12005.6
2004-04-30,1107.3,11761.79,11943.0
2004-05-03,1117.49,,11950.6
2004-05-04,1119.55,,12098.3
2004-05-05,1121.53,,11950.5
2004-05-06,1113.99,11571.34,12010.3
2004-05-07,1098.7,11438.82,11910.8
2004-05-10,1087.12,10884.7,11485.5
2004-05-11,1095.45,10907.18,11508.1
2004-05-12,1097.28,11153.58,11528.2
2004-05-13,1096.44,10825.1,11396.9
2004-05-14,1095.7,10849.63,11276.9
2004-05-17,1084.1,10505.05,10967.7
2004-05-18,1091.49,10711.09,11072.4
2004-05-19,1088.68,10967.74,11469.4
2004-05-20,1089.19,10862.04,11339.6
2004-05-21,1093.56,11070.25,11576.0
2004-05-24,1095.41,11101.64,11663.0
2004-05-25,1113.05,10962.93,11692.6
2004-05-26,1114.94,11152.09,
2004-05-27,1121.28,11166.03,11983.9
2004-05-28,1120.68,11309.57,12116.9
2004-06-01,1121.2,11296.76,12105.5
2004-06-02,1124.99,11242.34,12201.8
2004-06-03,1116.64,11027.05,11929.9
2004-06-04,1122.5,11128.05,12022.6
2004-06-07,1140.42,11439.92,12326.8
2004-06-08,1142.18,11521.93,12344.2
2004-06-09,1131.33,11449.74,12339.9
2004-06-10,1136.47,11575.97,12422.9
2004-06-14,1125.29,11491.66,12076.6
2004-06-15,1132.01,11387.7,12050.7
2004-06-16,1133.56,11641.72,12161.8
2004-06-17,1132.05,11607.9,12082.9
2004-06-18,1135.02,11382.08,11855.5
2004-06-21,1130.3,11600.16,11845.6
2004-06-22,1134.41,11581.27,
2004-06-23,1144.06,11580.56,11849.8
2004-06-24,1140.65,11744.15,12163.7
2004-06-25,1134.43,11780.4,12185.5
2004-06-28,1133.35,11884.06,12194.6
2004-06-29,1136.2,11860.81,12116.3
2004-06-30,1140.84,11858.87,12285.8
2004-07-01,1128.94,11896.01,
2004-07-02,1125.38,11721.49,12220.1
2004-07-06,1116.21,11475.27,12284.1
2004-07-07,1118.33,11384.86,12320.3
2004-07-08,1109.11,11322.23,12119.8
2004-07-09,1112.81,11423.53,12202.3
2004-07-12,1114.35,11582.28,12191.0
2004-07-13,1115.14,11608.62,12078.3
2004-07-14,1111.47,11356.65,11932.8
2004-07-15,1106.69,11409.14,11939.4
2004-07-16,1101.39,11436.0,12059.2
2004-07-19,1100.9,,12167.0
2004-07-20,1108.67,11258.37,12123.6
2004-07-21,1093.88,11433.86,12395.1
2004-07-22,1096.84,11285.04,12320.2
2004-07-23,1086.2,11187.33,12353.0
2004-07-26,1084.07,11159.55,12319.8
2004-07-27,1094.83,11031.54,12301.3
2004-07-28,1095.42,11204.37,12320.3
2004-07-29,1100.43,11116.84,12183.1
2004-07-30,1101.72,11325.78,12238.0
2004-08-02,1106.62,11222.24,12201.4
2004-08-03,1099.69,11140.57,12357.1
2004-08-04,1098.63,11010.02,12280.3
2004-08-05,1080.7,11060.89,12491.9
2004-08-06,1063.97,10972.57,12478.7
2004-08-09,1065.22,10908.7,12467.4
2004-08-10,1079.04,10953.55,12408.0
2004-08-11,1075.79,11049.46,12343.1
2004-08-12,1063.23,11028.07,12413.4
2004-08-13,1064.8,10757.2,12359.8
2004-08-16,1079.34,10687.81,12219.8
2004-08-17,1081.71,10725.97,12256.1
2004-08-18,1095.17,10774.26,12228.5
2004-08-19,1091.23,10903.53,12396.7
2004-08-20,1098.35,10889.14,12376.9
2004-08-23,1095.68,10960.97,12431.8
2004-08-24,1096.19,10985.33,12646.5
2004-08-25,1104.96,11130.02,12793.0
2004-08-26,1105.09,11129.33,12784.4
2004-08-27,1107.77,11209.59,12818.4
2004-08-30,1099.15,11184.53,12877.8
2004-08-31,1104.24,11081.79,12850.3
2004-09-01,1105.91,11127.35,13023.9
2004-09-02,1118.31,11152.75,12999.1
2004-09-03,1113.63,11022.49,12948.1
2004-09-07,1121.3,11298.94,13136.0
2004-09-08,1116.27,11279.19,13050.0
2004-09-09,1118.38,11170.96,12942.2
2004-09-10,1123.92,11083.23,13004.0
2004-09-13,1125.82,11253.11,13139.6
2004-09-14,1128.33,11295.58,13148.1
2004-09-15,1120.37,11158.58,13084.4
2004-09-16,1123.5,11139.36,13209.8
2004-09-17,1128.55,11082.49,13224.9
2004-09-20,1122.2,,13221.3
2004-09-21,1129.3,11080.87,13304.5
2004-09-22,1113.56,11019.41,13272.2
2004-09-23,1108.36,,13280.4
2004-09-24,1110.11,10895.16,13066.8
2004-09-27,1103.52,10859.32,13021.9
2004-09-28,1110.06,10815.57,12950.8
2004-09-29,1114.8,10786.1,
2004-09-30,1114.58,10823.57,13120.0
2004-10-01,1131.5,10985.17,
2004-10-04,1135.17,11279.63,13359.2
2004-10-05,1134.48,11281.83,13331.1
2004-10-06,1142.05,11385.38,13271.6
2004-10-07,1130.65,11354.59,13321.7
2004-10-08,1122.14,11349.35,13241.5
2004-10-11,1124.39,,13305.1
2004-10-12,1121.84,11201.81,13251.6
2004-10-13,1113.65,11195.99,13171.6
2004-10-14,1103.29,11034.29,13035.4
2004-10-15,1108.2,10982.95,13059.4
2004-10-18,1114.02,10965.62,13034.7
2004-10-19,1103.23,11064.86,13154.5
2004-10-20,1103.66,10882.18,12999.1
2004-10-21,1106.49,10789.23,13015.2
2004-10-22,1095.74,10857.13,
2004-10-25,1094.8,10659.15,12818.1
2004-10-26,1111.09,10672.46,12852.3
2004-10-27,1125.4,10691.95,12838.7
2004-10-28,1127.44,10853.12,13113.2
2004-10-29,1130.2,10771.42,13054.7
2004-11-01,1130.51,10734.71,13094.2
2004-11-02,1130.56,10887.81,13308.7
2004-11-03,1143.2,,13397.7
2004-11-04,1161.67,10946.27,13369.1
2004-11-05,1166.17,11061.77,13495.0
2004-11-08,1164.89,10983.83,13561.5
2004-11-09,1164.08,10964.87,13516.7
2004-11-10,1162.91,10994.96,13672.4
2004-11-11,1173.48,10846.92,13624.5
2004-11-12,1184.17,11019.98,13784.5
2004-11-15,1183.81,11227.57,13932.2
2004-11-16,1175.43,11161.75,13746.1
2004-11-17,1181.94,11131.29,13825.0
2004-11-18,1183.55,11082.42,13799.8
2004-11-19,1170.34,11082.84,13787.7
2004-11-22,1177.24,10849.39,13800.6
2004-11-23,1176.94,,14023.3
2004-11-24,1181.76,10872.33,13997.0
2004-11-26,1182.65,10833.75,13895.0
2004-11-29,1178.57,10977.89,14066.9
2004-11-30,1173.82,10899.25,14060.0
2004-12-01,1191.37,10784.25,14162.8
2004-12-02,1190.33,10973.07,14261.8
2004-12-03,1191.17,11074.89,14211.8
2004-12-06,1190.25,10981.96,14256.9
2004-12-07,1177.07,10873.63,14235.8
2004-12-08,1182.81,10941.37,14022.3
2004-12-09,1189.24,10776.63,14008.8
2004-12-10,1188.0,10756.8,13901.8
2004-12-13,1198.68,10789.25,13886.2
2004-12-14,1203.38,10915.58,14043.5
2004-12-15,1205.72,10956.46,14078.5
2004-12-16,1203.21,10924.37,14024.6
2004-12-17,1194.2,11078.32,13992.4
2004-12-20,1194.65,11103.42,14214.0
2004-12-21,1205.45,11125.92,14180.8
2004-12-22,1209.57,11209.44,14151.1
2004-12-23,1210.13,,14235.3
2004-12-27,1204.92,11362.35,
2004-12-28,1213.54,11424.13,14197.0
2004-12-29,1213.45,11381.56,14266.4
2004-12-30,1213.55,11488.76,14163.5
2004-12-31,1211.92,,14230.1
2005-01-03,1202.08,,14237.4
2005-01-04,1188.05,11517.75,14045.9
2005-01-05,1183.74,11437.52,13764.4
2005-01-06,1187.89,11492.26,13712.0
2005-01-07,1186.19,11433.24,13574.9
2005-01-10,1190.25,,13531.4
2005-01-11,1182.99,11539.99,13509.2
2005-01-12,1187.7,11453.39,13565.3
2005-01-13,1177.45,11358.22,13573.3
2005-01-14,1184.52,11438.39,13494.8
2005-01-18,1195.98,11423.26,13604.2
2005-01-19,1184.63,11405.34,13678.6
2005-01-20,1175.41,11284.77,13543.6
2005-01-21,1167.87,11238.37,13481.0
2005-01-24,1163.75,11289.49,13387.0
2005-01-25,1168.41,11276.91,13584.1
2005-01-26,1174.07,11376.57,13623.7
2005-01-27,1174.55,11341.31,13628.9
2005-01-28,1171.36,11320.58,13650.1
2005-01-31,1181.27,11387.59,13721.7
2005-02-01,1189.41,11384.4,13578.3
2005-02-02,1193.19,11407.14,13555.8
2005-02-03,1189.89,11389.35,13515.3
2005-02-04,1203.03,11360.4,13585.2
2005-02-07,1201.72,11499.86,13795.0
2005-02-08,1202.3,11490.43,13845.6
2005-02-09,1191.99,11473.35,
2005-02-10,1197.01,11553.56,
2005-02-11,1205.3,,
2005-02-14,1206.14,11632.2,14017.2
2005-02-15,1210.12,11646.49,13995.8
2005-02-16,1210.34,11601.68,14015.5
2005-02-17,1200.75,11582.72,13967.8
2005-02-18,1201.59,11660.12,14087.9
2005-02-22,1184.16,11597.71,14090.5
2005-02-23,1190.8,11500.18,13957.9
2005-02-24,1200.2,11531.15,14060.9
2005-02-25,1211.37,11658.25,14157.1
2005-02-28,1203.6,11740.6,14195.3
2005-03-01,1210.41,11780.53,14061.2
2005-03-02,1210.08,11813.71,13850.8
2005-03-03,1210.47,11856.46,13892.4
2005-03-04,1222.12,11873.05,13730.8
2005-03-07,1225.31,11925.36,13772.0
2005-03-08,1219.43,11886.91,13881.7
2005-03-09,1207.01,11966.69,13941.5
2005-03-10,1209.25,11864.91,13856.0
2005-03-11,1200.08,11923.89,13890.9
2005-03-14,1206.83,11850.25,13906.8
2005-03-15,1197.75,11821.09,13816.8
2005-03-16,1188.07,11873.0,13832.5
2005-03-17,1190.21,11775.5,13818.0
2005-03-18,1189.65,11879.81,13828.4
2005-03-21,1183.78,,13834.3
2005-03-22,1171.71,11841.97,13776.5
2005-03-23,1172.53,11739.12,13603.6
2005-03-24,1171.42,11745.97,13597.1
2005-03-28,1174.28,11792.3,
2005-03-29,1165.36,11599.82,13411.9
2005-03-30,1181.41,11565.88,13425.8
2005-03-31,1180.59,11668.95,13516.9
2005-04-01,1172.92,11723.63,13491.3
2005-04-04,1176.12,11667.54,13513.4
2005-04-05,1181.39,11774.31,
2005-04-06,1184.07,11827.16,13562.3
2005-04-07,1191.14,11810.99,13602.3
2005-04-08,1181.2,11874.75,13666.7
2005-04-11,1181.21,11745.64,13659.9
2005-04-12,1187.76,11670.3,13658.0
2005-04-13,1173.79,11637.52,13799.6
2005-04-14,1162.05,11563.17,13772.4
2005-04-15,1142.62,11370.69,13638.8
2005-04-18,1145.98,10938.44,13355.2
2005-04-19,1152.78,11065.86,13444.1
2005-04-20,1137.5,11088.58,13501.6
2005-04-21,1159.95,10984.39,13597.3
2005-04-22,1152.12,11045.95,13693.5
2005-04-25,1162.1,11073.77,13750.2
2005-04-26,1151.83,11035.83,13859.6
2005-04-27,1156.38,11005.42,13839.6
2005-04-28,1143.22,11008.9,13909.4
2005-04-29,1156.85,,13909.0
2005-05-02,1162.16,11002.11,
2005-05-03,1161.17,,13894.0
2005-05-04,1175.65,,13945.0
2005-05-05,1172.63,,14061.7
2005-05-06,1171.35,11192.17,14034.0
2005-05-09,1178.84,11171.32,14085.1
2005-05-10,1166.22,11159.46,14018.4
2005-05-11,1171.11,11120.7,13939.8
2005-05-12,1159.36,11077.94,13968.3
2005-05-13,1154.05,11049.11,13866.8
2005-05-16,1165.69,10947.22,
2005-05-17,1173.8,10825.39,13667.0
2005-05-18,1185.56,10835.41,13627.0
2005-05-19,1191.08,11077.16,13698.9
2005-05-20,1189.28,11037.29,13717.4
2005-05-23,1193.86,11158.65,13699.1
2005-05-24,1194.07,11133.65,13719.3
2005-05-25,1190.01,11014.43,13562.1
2005-05-26,1197.62,11027.94,13570.0
2005-05-27,1198.78,11192.33,13714.8
2005-05-31,1191.5,11276.59,13867.1
2005-06-01,1202.22,11329.67,13873.1
2005-06-02,1204.29,11280.05,13814.6
2005-06-03,1196.02,11300.05,13818.5
2005-06-06,1197.51,11270.62,13860.5
2005-06-07,1197.26,11217.45,13837.3
2005-06-08,1194.67,11281.03,13898.5
2005-06-09,1200.93,11160.88,13898.3
2005-06-10,1198.11,11304.23,13934.8
2005-06-13,1200.82,11311.51,13952.0
2005-06-14,1203.91,11335.92,13904.8
2005-06-15,1206.58,11415.88,13914.3
2005-06-16,1210.96,11416.38,13833.5
2005-06-17,1216.96,11514.03,13912.0
2005-06-20,1216.1,11483.35,13945.8
2005-06-21,1213.61,11488.74,13979.3
2005-06-22,1213.88,11547.28,14161.0
2005-06-23,1200.73,11576.75,14190.4
2005-06-24,1191.57,11537.03,14230.3
2005-06-27,1190.69,11414.28,14176.0
2005-06-28,1201.57,11513.83,14287.4
2005-06-29,1199.85,11577.44,14277.3
2005-06-30,1191.33,11584.01,14201.1
2005-07-01,1194.44,11630.13,
2005-07-05,1204.99,11616.7,14124.8
2005-07-06,1194.94,11603.53,14149.9
2005-07-07,1197.87,11590.14,14030.8
2005-07-08,1211.86,11565.99,13964.5
2005-07-11,1219.44,11674.79,14157.2
2005-07-12,1222.21,11692.14,14147.0
2005-07-13,1223.29,11659.84,14307.3
2005-07-14,1226.5,11764.26,14491.5
2005-07-15,1227.92,11758.68,14504.3
2005-07-18,1221.13,,14567.0
2005-07-19,1229.35,11764.84,14567.7
2005-07-20,1235.2,11789.35,14602.7
2005-07-21,1227.04,11786.73,14620.1
2005-07-22,1233.68,11695.05,14786.5
2005-07-25,1229.03,11762.65,14794.0
2005-07-26,1231.16,11737.96,14769.9
2005-07-27,1236.79,11835.08,14801.9
2005-07-28,1243.72,11858.31,14813.3
2005-07-29,1234.18,11899.6,14881.0
2005-08-01,1235.35,11946.92,14978.9
2005-08-02,1244.12,11940.2,15137.1
2005-08-03,1245.04,11981.8,15118.5
2005-08-04,1235.86,11883.31,15111.5
2005-08-05,1226.42,11766.48,15051.3
2005-08-08,1223.13,11778.98,15108.9
2005-08-09,1231.38,11900.32,15047.8
2005-08-10,1229.13,12098.08,15346.4
2005-08-11,1237.81,12263.32,15445.2
2005-08-12,1230.39,12261.68,15451.0
2005-08-15,1233.87,12256.55,15466.1
2005-08-16,1219.34,12315.67,15443.6
2005-08-17,1220.24,12273.12,15449.6
2005-08-18,1219.02,12307.37,15148.1
2005-08-19,1219.71,12291.73,15038.6
2005-08-22,1221.73,12452.51,15218.6
2005-08-23,1217.59,12472.93,14973.9
2005-08-24,1209.59,12502.26,14873.8
2005-08-25,1212.37,12405.16,14889.1
2005-08-26,1205.1,12439.48,14982.9
2005-08-29,1212.28,12309.83,14837.0
2005-08-30,1208.41,12453.14,14922.2
2005-08-31,1220.33,12413.6,14903.5
2005-09-01,1221.59,12506.97,15143.8
2005-09-02,1218.02,12600.0,15221.9
2005-09-06,1233.39,12599.43,15160.8
2005-09-07,1236.36,12607.59,15224.6
2005-09-08,1231.67,12533.89,15166.2
2005-09-09,1241.48,12692.04,15165.8
2005-09-12,1240.56,12896.43,15199.8
2005-09-13,1231.2,12901.95,15070.6
2005-09-14,1227.16,12834.25,15086.6
2005-09-15,1227.73,12986.78,15041.0
2005-09-16,1237.91,12958.68,14983.2
2005-09-19,1231.02,,
2005-09-20,1221.34,13148.57,15241.9
2005-09-21,1210.2,13196.57,15223.6
2005-09-22,1214.62,13159.36,15180.0
2005-09-23,1215.29,,15144.0
2005-09-26,1215.63,13392.63,15274.3
2005-09-27,1215.66,13310.04,15189.9
2005-09-28,1216.89,13435.91,15221.5
2005-09-29,1227.68,13617.24,15431.2
2005-09-30,1228.81,13574.3,15428.5
2005-10-03,1226.7,13525.28,15394.4
2005-10-04,1214.47,13738.84,15382.2
2005-10-05,1196.39,13689.89,15161.0
2005-10-06,1191.49,13359.51,14839.3
2005-10-07,1195.9,13227.74,14847.8
2005-10-10,1187.33,,14898.8
2005-10-11,1184.87,13556.71,
2005-10-12,1177.68,13463.74,14575.0
2005-10-13,1176.84,13449.24,14621.8
2005-10-14,1186.57,13420.54,14485.9
2005-10-17,1190.1,13400.29,14541.3
2005-10-18,1178.14,13352.24,14597.4
2005-10-19,1195.76,13129.49,14372.8
2005-10-20,1177.8,13190.46,14408.9
2005-10-21,1179.59,13199.95,14487.8
2005-10-24,1199.38,13106.18,14402.3
2005-10-25,1196.54,13280.62,14424.9
2005-10-26,1191.38,13395.02,14458.1
2005-10-27,1178.9,13417.08,14381.1
2005-10-28,1198.41,13346.54,14215.8
2005-10-31,1207.01,13606.5,14386.4
2005-11-01,1202.76,13867.86,14572.3
2005-11-02,1214.76,13894.78,14597.5
2005-11-03,1219.94,,14601.6
2005-11-04,1220.14,14075.96,14585.8
2005-11-07,1222.81,14061.6,14365.8
2005-11-08,1218.59,14036.73,14403.2
2005-11-09,1220.65,14072.2,14597.5
2005-11-10,1230.96,14080.88,14633.3
2005-11-11,1234.72,14155.06,14740.6
2005-11-14,1233.76,14116.04,14629.5
2005-11-15,1229.01,14091.77,14627.4
2005-11-16,1231.21,14170.87,14650.5
2005-11-17,1242.8,14411.79,14788.0
2005-11-18,1248.27,14623.12,14883.3
2005-11-21,1254.85,14680.43,14885.6
2005-11-22,1261.23,14708.32,14885.7
2005-11-23,1265.61,,15062.3
2005-11-25,1268.25,14784.29,15081.5
2005-11-28,1257.46,14986.94,15100.0
2005-11-29,1257.48,14927.7,15028.8
2005-11-30,1249.48,14872.15,14937.1
2005-12-01,1264.67,15130.5,15068.0
2005-12-02,1265.08,15421.6,15200.4
2005-12-05,1262.09,15551.31,15158.8
2005-12-06,1263.7,15423.38,14990.6
2005-12-07,1257.37,15484.66,15135.0
2005-12-08,1255.84,15183.36,14879.2
2005-12-09,1259.37,15404.04,14910.5
2005-12-12,1260.43,15738.7,14984.4
2005-12-13,1267.43,15778.86,14942.6
2005-12-14,1272.74,15464.58,14976.2
2005-12-15,1270.94,15254.44,15059.0
2005-12-16,1267.32,15173.07,15029.8
2005-12-19,1259.92,15391.48,15182.9
2005-12-20,1259.62,15641.25,15169.2
2005-12-21,1262.79,15957.57,15221.4
2005-12-22,1268.12,15941.37,15182.5
2005-12-23,1268.66,,15183.6
2005-12-27,1256.54,15969.4,
2005-12-28,1258.17,16194.61,15101.5
2005-12-29,1254.42,16344.2,15045.6
2005-12-30,1248.29,16111.42,14876.4
2006-01-03,1268.8,,14944.8
2006-01-04,1273.46,16361.54,15200.0
2006-01-05,1273.48,16425.36,15271.1
2006-01-06,1285.45,16428.21,15344.4
2006-01-09,1290.15,,15547.4
2006-01-10,1289.69,16124.34,15569.9
2006-01-11,1294.18,16363.58,15650.9
2006-01-12,1286.06,16445.18,15719.4
2006-01-13,1287.61,16454.94,15788.0
2006-01-17,1282.93,15805.95,15576.2
2006-01-18,1277.93,15341.17,15481.2
2006-01-19,1285.04,15696.28,15670.4
2006-01-20,1261.49,15696.69,15662.1
2006-01-23,1263.82,15360.65,15464.8
2006-01-24,1266.86,15648.88,15530.6
2006-01-25,1264.68,15651.0,15520.4
2006-01-26,1273.83,15891.01,15520.1
2006-01-27,1283.72,16460.67,15753.1
2006-01-30,1285.19,16551.23,
2006-01-31,1280.08,16649.82,
2006-02-01,1282.46,16480.08,15742.3
2006-02-02,1270.84,16710.55,15691.7
2006-02-03,1264.03,16659.64,15429.7
2006-02-06,1265.02,16747.75,15548.0
2006-02-07,1254.78,16720.99,15517.0
2006-02-08,1265.65,16272.67,15373.4
2006-02-09,1263.78,16439.66,15413.4
2006-02-10,1266.99,16257.83,15426.0
2006-02-13,1262.86,15877.66,15312.1
2006-02-14,1275.53,16184.87,15420.3
2006-02-15,1280.0,15932.83,15423.2
2006-02-16,1289.38,16043.66,15450.9
2006-02-17,1287.24,15713.45,15475.7
2006-02-21,1283.03,15894.94,15627.2
2006-02-22,1292.67,15781.78,15635.7
2006-02-23,1287.79,16096.09,15812.5
2006-02-24,1289.43,16101.91,15856.0
2006-02-27,1294.12,16192.95,15949.9
2006-02-28,1280.66,16205.42,15918.5
2006-03-01,1291.24,15964.46,15818.1
2006-03-02,1289.14,15909.75,15882.5
2006-03-03,1287.23,15663.33,15802.0
2006-03-06,1278.26,15901.16,15811.8
2006-03-07,1275.88,15726.01,15602.4
2006-03-08,1278.47,15627.49,15493.1
2006-03-09,1272.23,16036.91,15510.1
2006-03-10,1281.42,16115.62,15445.0
2006-03-13,1284.13,16361.5,15542.1
2006-03-14,1297.48,16238.36,15519.8
2006-03-15,1303.02,16319.04,15720.4
2006-03-16,1305.33,16096.21,15729.0
2006-03-17,1307.25,16339.73,15801.7
2006-03-20,1305.08,16624.8,15930.0
2006-03-21,1297.23,,15922.8
2006-03-22,1305.04,16495.48,15642.8
2006-03-23,1301.67,16489.36,15771.2
2006-03-24,1302.95,16560.86,15716.5
2006-03-27,1301.61,16650.09,15815.9
2006-03-28,1293.23,16690.24,15856.6
2006-03-29,1302.89,16938.41,15745.1
2006-03-30,1300.25,17045.33,15880.7
2006-03-31,1294.87,17059.66,15805.0
2006-04-03,1297.81,17333.31,16063.8
2006-04-04,1305.93,17292.91,16100.1
2006-04-05,1311.56,17243.98,
2006-04-06,1309.04,17489.33,16411.1
2006-04-07,1295.5,17563.36,16471.8
2006-04-10,1296.62,17456.58,16521.6
2006-04-11,1286.57,17418.13,16475.8
2006-04-12,1288.12,17162.55,16310.8
2006-04-13,1289.12,17199.15,16429.4
2006-04-17,1285.33,17000.35,
2006-04-18,1307.28,17232.85,16637.5
2006-04-19,1309.93,17350.11,16830.4
2006-04-20,1311.46,17317.52,16944.3
2006-04-21,1311.28,17403.96,16912.2
2006-04-24,1308.11,16914.4,16705.7
2006-04-25,1301.74,16970.28,16577.8
2006-04-26,1305.41,17055.92,16672.7
2006-04-27,1309.72,17114.53,16742.8
2006-04-28,1310.61,16906.23,16661.3
2006-05-01,1305.19,16925.71,
2006-05-02,1313.21,17153.76,16868.0
2006-05-03,1308.12,,17027.0
2006-05-04,1312.25,,17013.9
2006-05-05,1325.76,,
2006-05-08,1324.66,17291.66,17301.8
2006-05-09,1325.14,17190.91,17134.0
2006-05-10,1322.85,16951.92,17080.6
2006-05-11,1305.92,16862.14,17140.8
2006-05-12,1291.24,16601.77,16901.8
2006-05-15,1294.5,16486.91,16494.8
2006-05-16,1292.08,16158.41,16393.1
2006-05-17,1270.32,16307.66,16615.6
2006-05-18,1261.81,16087.17,16266.5
2006-05-19,1267.03,16155.45,16313.4
2006-05-22,1262.07,15857.87,15805.5
2006-05-23,1256.58,15599.2,15864.5
2006-05-24,1258.57,15907.2,15822.6
2006-05-25,1272.88,15693.75,15696.9
2006-05-26,1280.16,15970.75,15895.1
2006-05-30,1259.87,15859.45,15857.9
2006-05-31,1270.09,15467.33,
2006-06-01,1285.71,15503.74,15645.3
2006-06-02,1288.22,15789.3,15912.7
2006-06-05,1265.29,15668.3,16016.2
2006-06-06,1263.85,15384.86,15973.1
2006-06-07,1256.15,15096.0,15816.5
2006-06-08,1257.93,14633.03,15450.1
2006-06-09,1252.3,14750.83,15628.7
2006-06-12,1237.44,14833.0,15621.4
2006-06-13,1223.69,14218.59,15234.4
2006-06-14,1230.04,14309.55,15247.9
2006-06-15,1256.16,14470.75,15435.1
2006-06-16,1251.54,14879.33,15842.7
2006-06-19,1240.13,14860.34,15768.9
2006-06-20,1240.12,14648.41,15609.0
2006-06-21,1252.2,14644.25,15659.4
2006-06-22,1245.6,15135.69,15826.7
2006-06-23,1244.5,15124.04,15808.8
2006-06-26,1250.56,15152.4,15804.8
2006-06-27,1239.2,15171.8,15774.7
2006-06-28,1246.0,14886.11,15742.7
2006-06-29,1272.87,15121.15,15865.2
2006-06-30,1270.2,15505.17,16267.6
2006-07-03,1280.19,15571.62,16326.7
2006-07-05,1270.91,15523.94,16267.2
2006-07-06,1274.08,15321.4,16441.0
2006-07-07,1265.48,15307.61,16459.8
2006-07-10,1267.34,15552.8,16603.8
2006-07-11,1272.43,15473.82,16490.1
2006-07-12,1258.6,15249.32,16522.2
2006-07-13,1242.28,15097.95,16305.5
2006-07-14,1236.2,14845.24,16135.7
2006-07-17,1234.49,,16064.8
2006-07-18,1236.86,14437.24,16043.9
2006-07-19,1259.81,14500.25,16097.5
2006-07-20,1249.13,14946.83,16472.6
2006-07-21,1240.29,14821.25,16464.2
2006-07-24,1260.91,14794.5,16480.6
2006-07-25,1268.88,15005.24,16583.8
2006-07-26,1268.4,14884.07,16617.2
2006-07-27,1263.2,15179.78,16916.8
2006-07-28,1278.55,15342.87,16955.0
2006-07-31,1276.66,15456.8,16971.3
2006-08-01,1270.92,15440.91,16911.4
2006-08-02,1277.41,15464.29,17032.8
2006-08-03,1280.27,15470.37,17048.4
2006-08-04,1279.36,15499.17,16887.8
2006-08-07,1275.77,15154.05,16953.6
2006-08-08,1271.48,15464.66,17048.2
2006-08-09,1265.95,15656.58,17346.6
2006-08-10,1271.81,15630.91,17222.1
2006-08-11,1266.74,15565.01,17249.9
2006-08-14,1268.21,15790.82,17290.0
2006-08-15,1285.58,15816.19,17274.1
2006-08-16,1295.43,16071.36,17451.0
2006-08-17,1297.48,16020.83,17373.1
2006-08-18,1302.3,16105.98,17330.7
2006-08-21,1297.52,15969.04,17007.9
2006-08-22,1298.82,16181.16,17149.8
2006-08-23,1292.99,16163.03,17088.4
2006-08-24,1296.06,15960.62,16883.0
2006-08-25,1295.09,15938.66,16955.4
2006-08-28,1301.78,15762.58,16922.3
2006-08-29,1304.28,15890.55,17083.3
2006-08-30,1305.37,15872.01,17284.7
2006-08-31,1303.82,16140.75,17392.3
2006-09-01,1311.01,16134.25,17423.7
2006-09-05,1313.25,16385.96,17438.8
2006-09-06,1300.26,16284.08,17258.5
2006-09-07,1294.02,16012.41,17096.4
2006-09-08,1298.92,16080.46,17145.8
2006-09-11,1299.54,15794.37,16948.6
2006-09-12,1313.0,15719.33,17075.4
2006-09-13,1318.07,15750.04,17210.0
2006-09-14,1316.28,15942.38,17183.4
2006-09-15,1319.66,15866.92,17237.7
2006-09-18,1321.18,,17387.2
2006-09-19,1317.64,15874.28,17346.7
2006-09-20,1325.18,15718.66,17513.0
2006-09-21,1318.03,15834.23,17620.0
2006-09-22,1314.78,15634.66,17600.7
2006-09-25,1326.37,15633.8,17546.0
2006-09-26,1336.35,15557.45,17308.1
2006-09-27,1336.59,15947.87,17521.5
2006-09-28,1338.88,16024.84,17530.6
2006-09-29,1335.85,16127.58,17543.1
2006-10-02,1331.32,16254.29,
2006-10-03,1334.11,16242.08,17606.5
2006-10-04,1350.2,16082.54,17629.2
2006-10-05,1353.22,16449.33,17907.7
2006-10-06,1349.59,16436.06,17903.4
2006-10-09,1350.66,,17675.2
2006-10-10,1353.42,16477.25,17823.7
2006-10-11,1349.95,16400.57,17862.8
2006-10-12,1362.83,16368.8,17873.1
2006-10-13,1365.62,16536.53,17988.8
2006-10-16,1369.06,16692.75,18010.2
2006-10-17,1364.05,16611.58,18014.8
2006-10-18,1365.8,16653.0,18048.1
2006-10-19,1366.96,16551.35,17987.0
2006-10-20,1368.6,16651.63,18113.6
2006-10-23,1377.02,16788.82,18089.8
2006-10-24,1377.38,16780.47,18153.4
2006-10-25,1382.22,16699.3,18157.9
2006-10-26,1389.08,16811.59,18353.7
2006-10-27,1377.34,16669.07,18297.6
2006-10-30,1377.93,16351.84,
2006-10-31,1377.94,16399.39,18324.3
2006-11-01,1367.81,16375.25,18453.7
2006-11-02,1367.34,16350.01,18714.8
2006-11-03,1364.3,,18749.7
2006-11-06,1379.78,16364.75,18936.6
2006-11-07,1382.84,16393.41,18939.3
2006-11-08,1385.72,16215.74,18811.2
2006-11-09,1378.33,16198.57,18952.8
2006-11-10,1380.9,16112.42,18891.1
2006-11-13,1384.42,16022.49,18868.5
2006-11-14,1393.22,16289.54,18878.4
2006-11-15,1396.57,16243.46,19093.0
2006-11-16,1399.76,16163.87,19154.1
2006-11-17,1401.2,16091.73,19182.7
2006-11-20,1400.5,15725.94,18954.6
2006-11-21,1402.81,15734.13,19008.3
2006-11-22,1406.09,15914.23,19250.8
2006-11-24,1400.95,15734.59,19260.3
2006-11-27,1381.96,15885.37,19204.0
2006-11-28,1386.72,15855.25,18639.5
2006-11-29,1399.48,16076.2,18780.9
2006-11-30,1400.63,16274.33,18960.5
2006-12-01,1396.71,16321.78,18690.8
2006-12-04,1409.12,16303.58,18702.7
2006-12-05,1414.76,16265.75,18944.2
2006-12-06,1412.9,16371.28,19026.3
2006-12-07,1407.29,16473.35,18843.0
2006-12-08,1409.84,16417.82,18740.0
2006-12-11,1413.04,16527.99,18924.7
2006-12-12,1411.56,16637.77,18907.2
2006-12-13,1413.21,16692.92,18718.2
2006-12-14,1425.49,16829.19,18919.4
2006-12-15,1427.09,16914.31,19110.7
2006-12-18,1422.48,16962.1,19192.9
2006-12-19,1425.55,16776.88,18964.6
2006-12-20,1423.53,17011.03,19240.1
2006-12-21,1418.3,17047.83,19222.8
2006-12-22,1410.76,17104.96,19320.5
2006-12-26,1416.9,17169.18,
2006-12-27,1426.84,17223.15,19725.7
2006-12-28,1424.73,17224.81,20001.9
2006-12-29,1418.3,17225.83,19964.7
2007-01-03,1416.6,,20413.4
2007-01-04,1418.34,17353.66,20025.6
2007-01-05,1409.71,17091.58,20211.3
2007-01-08,1412.84,,20029.7
2007-01-09,1412.11,17237.76,19898.1
2007-01-10,1414.85,16942.4,19568.3
2007-01-11,1423.82,16838.16,19385.4
2007-01-12,1430.73,17057.0,19613.4
2007-01-16,1431.9,17202.46,20027.9
2007-01-17,1430.62,17261.34,20064.6
2007-01-18,1426.37,17370.92,20277.5
2007-01-19,1430.5,17310.43,20327.7
2007-01-22,1422.95,17424.17,20772.2
2007-01-23,1427.99,17408.57,20769.7
2007-01-24,1440.13,17507.4,20821.1
2007-01-25,1423.9,17458.3,20669.8
2007-01-26,1422.18,17421.92,20281.1
2007-01-29,1420.62,17470.46,20236.7
2007-01-30,1428.82,17490.18,20460.5
2007-01-31,1438.24,17383.41,20106.4
2007-02-01,1445.94,17519.5,20430.2
2007-02-02,1448.39,17547.1,20563.7
2007-02-05,1446.99,17344.8,20455.6
2007-02-06,1448.0,17406.85,20655.2
2007-02-07,1450.02,17292.32,20679.7
2007-02-08,1448.31,17292.48,20735.1
2007-02-09,1438.06,17504.33,20677.7
2007-02-12,1433.37,,20593.4
2007-02-13,1444.26,17621.44,20132.2
2007-02-14,1455.3,17752.64,20209.9
2007-02-15,1456.81,17897.23,20538.4
2007-02-16,1455.54,17875.65,20567.9
2007-02-20,1459.68,17939.11,
2007-02-21,1457.63,17913.21,20651.4
2007-02-22,1456.38,18108.78,20809.2
2007-02-23,1451.19,18188.41,20711.7
2007-02-26,1449.37,18215.34,20507.9
2007-02-27,1399.04,18119.91,20147.9
2007-02-28,1406.82,17604.11,19651.5
2007-03-01,1403.17,17453.5,19346.6
2007-03-02,1387.17,17217.92,19442.0
2007-03-05,1374.12,16642.25,18664.9
2007-03-06,1395.41,16844.5,19058.6
2007-03-07,1391.97,16764.61,18918.6
2007-03-08,1401.89,17090.31,19175.2
2007-03-09,1402.84,17164.03,19134.9
2007-03-12,1406.6,17292.39,19442.4
2007-03-13,1377.95,17178.83,19333.1
2007-03-14,1387.17,16676.89,18836.9
2007-03-15,1392.28,16860.39,18969.4
2007-03-16,1386.95,16744.15,18953.5
2007-03-19,1402.06,17009.55,19266.7
2007-03-20,1410.94,17163.19,19356.9
2007-03-21,1435.04,,19516.4
2007-03-22,1434.54,17419.19,19690.2
2007-03-23,1436.11,17480.6,19692.6
2007-03-26,1437.5,17521.96,19765.8
2007-03-27,1428.61,17365.05,19706.8
2007-03-28,1417.23,17254.73,19553.9
2007-03-29,1422.53,17263.93,19821.8
2007-03-30,1420.86,17287.65,19800.9
2007-04-02,1424.55,17028.41,19809.7
2007-04-03,1437.77,17244.05,20002.7
2007-04-04,1439.37,17544.08,20209.7
2007-04-05,1443.76,17491.41,
2007-04-09,1444.61,17743.75,
2007-04-10,1448.39,17664.68,20347.9
2007-04-11,1438.87,17670.07,20449.4
2007-04-12,1447.8,17540.41,20380.2
2007-04-13,1452.85,17363.94,20341.0
2007-04-16,1468.33,17628.3,20757.5
2007-04-17,1471.48,17527.44,20788.6
2007-04-18,1472.5,17667.33,20777.1
2007-04-19,1470.73,17371.97,20299.7
2007-04-20,1484.35,17452.61,20566.6
2007-04-23,1480.93,17455.36,20556.6
2007-04-24,1480.41,17451.76,20572.8
2007-04-25,1495.42,17236.16,20536.8
2007-04-26,1494.25,17429.16,20667.3
2007-04-27,1494.07,17400.41,20526.5
2007-04-30,1482.37,,20319.0
2007-05-01,1486.3,17274.98,
2007-05-02,1495.92,17394.91,20388.5
2007-05-03,1502.39,,20681.6
2007-05-04,1505.62,,20841.1
2007-05-07,1509.48,17669.83,20896.6
2007-05-08,1507.72,17656.83,20706.3
2007-05-09,1512.58,17748.11,20844.8
2007-05-10,1491.47,17736.96,20746.3
2007-05-11,1505.85,17553.72,20468.2
2007-05-14,1503.15,17677.93,20979.2
2007-05-15,1501.19,17512.98,20868.2
2007-05-16,1514.14,17529.0,20937.2
2007-05-17,1512.75,17498.59,20994.6
2007-05-18,1522.75,17399.58,20904.8
2007-05-21,1525.1,17556.86,20927.8
2007-05-22,1524.12,17680.05,20843.9
2007-05-23,1522.28,17705.11,20799.0
2007-05-24,1507.51,17696.97,
2007-05-25,1515.73,17481.21,20520.7
2007-05-29,1518.11,17672.56,20469.6
2007-05-30,1530.23,17588.25,20293.8
2007-05-31,1530.62,17875.75,20634.5
2007-06-01,1536.34,17958.88,20602.9
2007-06-04,1539.18,17973.41,20729.6
2007-06-05,1530.95,18053.81,20842.2
2007-06-06,1517.38,18040.92,20818.6
2007-06-07,1490.72,18053.38,20800.2
2007-06-08,1507.67,17779.08,20509.2
2007-06-11,1509.12,17834.48,20615.5
2007-06-12,1493.0,17760.91,20636.4
2007-06-13,1515.67,17732.76,20578.8
2007-06-14,1522.97,17842.28,20867.2
2007-06-15,1532.91,17971.49,21017.1
2007-06-18,1531.05,18149.51,21582.9
2007-06-19,1533.7,18163.6,
2007-06-20,1512.84,18211.67,21684.7
2007-06-21,1522.19,18240.3,21954.7
2007-06-22,1502.56,18188.63,21999.9
2007-06-25,1497.74,18087.48,21822.3
2007-06-26,1492.89,18066.1,21803.6
2007-06-27,1506.34,17849.27,21705.6
2007-06-28,1505.71,17932.26,21938.2
2007-06-29,1503.35,18138.35,21772.7
2007-07-02,1519.43,18146.3,
2007-07-03,1524.87,18149.9,22151.1
2007-07-05,1525.4,18221.48,22253.0
2007-07-06,1530.44,18140.93,22531.7
2007-07-09,1531.85,18261.98,22817.4
2007-07-10,1510.12,18252.66,22885.8
2007-07-11,1518.76,18049.5,22607.0
2007-07-12,1547.7,17984.14,22809.0
2007-07-13,1552.5,18238.94,23099.3
2007-07-16,1549.52,,22953.9
2007-07-17,1549.37,18217.26,23057.3
2007-07-18,1546.17,18015.58,22841.9
2007-07-19,1553.08,18116.57,23016.2
2007-07-20,1534.1,18157.92,23291.9
2007-07-23,1541.57,17963.64,23365.6
2007-07-24,1511.04,18002.02,23472.9
2007-07-25,1518.09,17858.41,23362.2
2007-07-26,1482.66,17702.08,23211.7
2007-07-27,1458.95,17283.81,22570.4
2007-07-30,1473.91,17289.3,22739.9
2007-07-31,1455.27,17248.89,23184.9
2007-08-01,1465.81,16870.98,22455.3
2007-08-02,1472.2,16984.1,22443.2
2007-08-03,1433.06,16979.85,22538.4
2007-08-06,1467.67,16914.46,21936.7
2007-08-07,1476.71,16921.76,21908.0
2007-08-08,1497.49,17029.27,22536.7
2007-08-09,1453.09,17170.59,22439.3
2007-08-10,1453.64,16764.08,21792.7
2007-08-13,1452.92,16800.05,21891.1
2007-08-14,1426.54,16844.6,22007.3
2007-08-15,1406.7,16475.6,21375.7
2007-08-16,1411.27,16148.49,20672.4
2007-08-17,1445.94,15273.67,20387.1
2007-08-20,1445.55,15732.48,21595.6
2007-08-21,1447.12,15901.33,21729.3
2007-08-22,1464.07,15900.63,22346.9
2007-08-23,1462.5,16316.32,22967.0
2007-08-24,1479.37,16248.96,22921.9
2007-08-27,1466.79,16301.38,23577.7
2007-08-28,1432.36,16287.49,23363.8
2007-08-29,1463.76,16012.83,23020.6
2007-08-30,1457.64,16153.82,23484.5
2007-08-31,1473.99,16569.08,23984.1
2007-09-04,1489.42,16420.47,23886.1
2007-09-05,1472.29,16158.45,24069.2
2007-09-06,1478.55,16257.0,24050.4
2007-09-07,1453.55,16122.16,23982.6
2007-09-10,1451.7,15764.96,23999.7
2007-09-11,1471.49,15877.66,23952.2
2007-09-12,1471.56,15797.59,24310.1
2007-09-13,1483.95,15821.19,24537.0
2007-09-14,1484.25,16127.41,24898.1
2007-09-17,1476.65,,24599.3
2007-09-18,1519.78,15801.79,24576.8
2007-09-19,1529.03,16381.54,25554.6
2007-09-20,1518.75,16413.78,25701.1
2007-09-21,1525.75,16312.61,25843.8
2007-09-24,1517.73,,26495.2
2007-09-25,1517.21,16401.73,26382.1
2007-09-26,1525.42,16435.74,
2007-09-27,1531.38,16832.22,27065.2
2007-09-28,1526.75,16785.68,27142.5
2007-10-01,1547.04,16845.96,
2007-10-02,1546.63,17046.77,28199.8
2007-10-03,1539.59,17199.89,27479.9
2007-10-04,1542.84,17092.49,26974.0
2007-10-05,1557.59,17065.03,27831.5
2007-10-08,1552.58,,27770.3
2007-10-09,1565.15,17159.9,28228.0
2007-10-10,1562.47,17177.89,28569.3
2007-10-11,1554.41,17458.98,29133.0
2007-10-12,1561.8,17331.16,28838.4
2007-10-15,1548.71,17358.15,29540.8
2007-10-16,1538.53,17137.91,28954.6
2007-10-17,1541.24,16955.31,29298.7
2007-10-18,1540.08,17106.08,29465.1
2007-10-19,1500.63,16814.36,
2007-10-22,1506.33,16438.47,28373.6
2007-10-23,1519.59,16450.58,29376.8
2007-10-24,1515.88,16358.38,29333.5
2007-10-25,1514.4,16284.16,29854.5
2007-10-26,1535.28,16505.63,30405.2
2007-10-29,1540.98,16698.08,31586.9
2007-10-30,1531.02,16651.0,31638.2
2007-10-31,1549.38,16737.63,31352.6
2007-11-01,1508.44,16870.4,31492.9
2007-11-02,1509.65,16517.48,30468.3
2007-11-05,1502.17,16268.91,28942.3
2007-11-06,1520.27,16249.62,29438.1
2007-11-07,1475.62,16096.67,29708.9
2007-11-08,1474.77,15771.57,28760.2
2007-11-09,1453.7,15583.41,28783.4
2007-11-12,1439.18,15197.08,27665.7
2007-11-13,1481.05,15126.62,27803.3
2007-11-14,1470.58,15499.55,29166.0
2007-11-15,1451.15,15396.29,28751.2
2007-11-16,1458.74,15154.61,27614.4
2007-11-19,1433.27,15042.55,27460.2
2007-11-20,1439.7,15211.51,27771.2
2007-11-21,1416.77,14837.66,26618.2
2007-11-23,1440.7,,26541.1
2007-11-26,1407.22,15135.21,27626.6
2007-11-27,1428.23,15222.84,27210.2
2007-11-28,1469.02,15153.78,27371.2
2007-11-29,1469.72,15513.74,28482.5
2007-11-30,1481.14,15680.66,28643.6
2007-12-03,1472.42,15628.96,28658.4
2007-12-04,1462.79,15480.19,28879.6
2007-12-05,1485.01,15608.87,29345.4
2007-12-06,1507.34,15874.08,29558.9
2007-12-07,1504.66,15956.37,28842.5
2007-12-10,1515.96,15924.38,28501.1
2007-12-11,1477.65,16044.71,29226.8
2007-12-12,1486.59,15932.25,28521.1
2007-12-13,1488.41,15536.51,27744.4
2007-12-14,1467.95,15514.5,27563.6
2007-12-17,1445.9,15249.79,26596.6
2007-12-18,1454.98,15207.86,26732.9
2007-12-19,1453.0,15030.5,27029.2
2007-12-20,1460.12,15031.59,27017.1
2007-12-21,1484.46,15257.0,27626.9
2007-12-24,1496.45,,28128.8
2007-12-26,1497.66,15653.54,
2007-12-27,1476.27,15564.69,27842.9
2007-12-28,1478.49,15307.78,27370.6
2007-12-31,1468.36,,27812.7
2008-01-02,1447.16,,27560.5
2008-01-03,1447.16,,26887.3
2008-01-04,1411.63,14691.41,27519.7
2008-01-07,1416.18,14500.54,27179.5
2008-01-08,1390.19,14528.66,27112.9
2008-01-09,1409.13,14599.16,27615.8
2008-01-10,1420.33,14388.11,27230.8
2008-01-11,1401.02,14110.79,26867.0
2008-01-14,1416.25,,26468.1
2008-01-15,1380.95,13972.62,25837.8
2008-01-16,1373.2,13504.5,24450.8
2008-01-17,1333.25,13783.45,25115.0
2008-01-18,1325.19,13861.29,25201.9
2008-01-22,1310.5,12573.04,21757.6
2008-01-23,1338.6,12829.05,24090.2
2008-01-24,1352.07,13092.78,23539.3
2008-01-25,1330.61,13629.16,25122.4
2008-01-28,1353.96,13087.91,24053.6
2008-01-29,1362.3,13478.86,24291.8
2008-01-30,1355.81,13345.03,23653.7
2008-01-31,1378.55,13592.46,23455.7
2008-02-01,1395.42,13497.16,24123.6
2008-02-04,1380.82,13859.7,25032.1
2008-02-05,1336.64,13745.5,24808.7
2008-02-06,1326.45,13099.24,23469.5
2008-02-07,1336.91,13207.15,
2008-02-08,1331.29,13017.24,
2008-02-11,1339.13,,22616.1
2008-02-12,1348.86,13021.96,22921.7
2008-02-13,1367.21,13068.29,23169.6
2008-02-14,1348.86,13626.45,24021.7
2008-02-15,1349.99,13622.55,24148.4
2008-02-19,1348.78,13757.91,24123.2
2008-02-20,1360.03,13310.37,23590.6
2008-02-21,1342.53,13688.28,23623.0
2008-02-22,1353.11,13500.46,23305.0
2008-02-25,1371.8,13914.57,23269.1
2008-02-26,1381.29,13824.71,23714.8
2008-02-27,1380.02,14031.29,24483.8
2008-02-28,1367.68,13925.5,24591.7
2008-02-29,1330.63,13603.01,24331.7
2008-03-03,1331.34,12992.17,23585.0
2008-03-04,1326.75,12992.28,23119.9
2008-03-05,1333.7,12972.05,23114.3
2008-03-06,1304.34,13215.41,23342.7
2008-03-07,1293.37,12782.79,22501.3
2008-03-10,1273.37,12532.12,22705.1
2008-03-11,1320.65,12658.28,22995.3
2008-03-12,1308.77,12861.12,23422.8
2008-03-13,1315.48,12433.44,22301.6
2008-03-14,1288.14,12241.59,22237.1
2008-03-17,1276.6,11787.5,21084.6
2008-03-18,1330.74,11964.16,21384.6
2008-03-19,1298.42,12260.44,21866.9
2008-03-20,1329.51,,21108.2
2008-03-24,1349.88,12480.08,
2008-03-25,1352.99,12745.21,22464.5
2008-03-26,1341.13,12706.62,22617.0
2008-03-27,1325.76,12604.58,22664.2
2008-03-28,1315.22,12820.46,23285.9
2008-03-31,1322.7,12525.54,22849.2
2008-04-01,1370.18,12656.41,23137.5
2008-04-02,1367.53,13189.36,23872.4
2008-04-03,1369.31,13389.9,24264.6
2008-04-04,1370.4,13293.21,
2008-04-07,1372.54,13450.23,24578.8
2008-04-08,1365.54,13250.42,24311.7
2008-04-09,1354.49,13111.88,23984.6
2008-04-10,1360.55,12945.29,24187.1
2008-04-11,1332.83,13323.73,24667.8
2008-04-14,1328.32,12917.5,23811.2
2008-04-15,1334.43,12990.58,23901.3
2008-04-16,1364.71,13146.12,23878.3
2008-04-17,1365.56,13398.29,24259.0
2008-04-18,1390.33,13476.45,24197.8
2008-04-21,1388.17,13696.54,24721.7
2008-04-22,1375.94,13547.82,24939.2
2008-04-23,1379.93,13579.16,25289.2
2008-04-24,1388.82,13540.87,25680.8
2008-04-25,1397.84,13863.46,25516.8
2008-04-28,1396.37,13894.37,25666.3
2008-04-29,1390.94,,25914.2
2008-04-30,1385.59,13849.99,25755.3
2008-05-01,1409.34,13766.86,
2008-05-02,1413.9,14049.25,26241.0
2008-05-05,1407.49,,26183.9
2008-05-06,1418.26,,26262.1
2008-05-07,1392.57,14102.48,25610.2
2008-05-08,1397.68,13943.25,25449.8
2008-05-09,1388.28,13655.33,25063.2
2008-05-12,1403.58,13743.36,
2008-05-13,1403.04,13953.73,25552.8
2008-05-14,1408.66,14118.54,25533.5
2008-05-15,1423.57,14251.74,25513.7
2008-05-16,1425.35,14219.48,25618.8
2008-05-19,1426.63,14269.61,25742.2
2008-05-20,1413.4,14160.08,25169.5
2008-05-21,1390.71,13926.29,25460.3
2008-05-22,1394.35,13978.46,25043.1
2008-05-23,1375.93,14012.2,24714.1
2008-05-27,1385.35,13893.3,24282.0
2008-05-28,1390.84,13709.44,24249.5
2008-05-29,1398.26,14124.46,24384.0
2008-05-30,1400.38,14338.54,24533.1
2008-06-02,1385.67,14440.13,24831.3
2008-06-03,1377.65,14209.16,24375.8
2008-06-04,1377.2,14435.57,24123.2
2008-06-05,1404.05,14341.12,24255.3
2008-06-06,1360.68,14489.44,24402.2
2008-06-09,1361.76,14181.37,
2008-06-10,1358.44,14021.16,23375.5
2008-06-11,1335.49,14183.48,23327.6
2008-06-12,1339.87,13888.59,23023.8
2008-06-13,1360.03,13973.73,22592.3
2008-06-16,1360.14,14354.37,23029.7
2008-06-17,1350.93,14348.37,23058.0
2008-06-18,1337.81,14452.82,23325.8
2008-06-19,1342.83,14130.16,22797.6
2008-06-20,1317.93,13942.08,22745.6
2008-06-23,1318.0,13857.46,22715.0
2008-06-24,1314.29,13849.55,22456.0
2008-06-25,1321.97,13829.91,22635.2
2008-06-26,1283.15,13822.32,22455.7
2008-06-27,1278.38,13544.36,22042.3
2008-06-30,1280.0,13481.37,22102.0
2008-07-01,1284.91,13463.2,
2008-07-02,1261.52,13286.37,21704.4
2008-07-03,1262.9,13265.4,21242.8
2008-07-07,1252.31,13360.04,21913.1
2008-07-08,1273.7,13033.09,21220.8
2008-07-09,1244.69,13052.12,21805.8
2008-07-10,1253.39,13067.21,21821.8
2008-07-11,1239.49,13039.69,22184.6
2008-07-14,1228.3,13010.16,22014.5
2008-07-15,1214.91,12754.55,21174.8
2008-07-16,1245.36,12760.79,21223.5
2008-07-17,1260.32,12887.95,21734.7
2008-07-18,1260.68,12803.7,21874.2
2008-07-21,1260.0,,22532.9
2008-07-22,1277.0,13184.96,22527.5
2008-07-23,1282.19,13312.92,23134.6
2008-07-24,1252.54,13603.3,23087.7
2008-07-25,1257.76,13334.75,22740.7
2008-07-28,1234.37,13353.78,22687.2
2008-07-29,1263.2,13159.45,22258.0
2008-07-30,1284.26,13367.79,22690.6
2008-07-31,1267.38,13376.8,22731.1
2008-08-01,1260.31,13094.58,22862.6
2008-08-04,1249.01,12933.17,22514.9
2008-08-05,1284.88,12914.66,21949.8
2008-08-06,1289.19,13254.88,
2008-08-07,1266.07,13124.99,22104.2
2008-08-08,1296.32,13168.41,21885.2
2008-08-11,1305.32,13430.91,21859.3
2008-08-12,1289.59,13303.59,21640.9
2008-08-13,1285.83,13023.04,21293.3
2008-08-14,1292.93,12956.79,21392.7
2008-08-15,1298.2,13019.41,21160.6
2008-08-18,1278.6,13165.45,20930.7
2008-08-19,1266.69,12865.04,20484.4
2008-08-20,1274.54,12851.69,20931.2
2008-08-21,1277.72,12752.21,20392.1
2008-08-22,1292.2,12666.04,
2008-08-25,1266.84,12878.66,21104.8
2008-08-26,1271.51,12778.71,21056.7
2008-08-27,1281.66,12752.96,21464.7
2008-08-28,1300.68,12768.25,20972.3
2008-08-29,1282.83,13072.87,21261.9
2008-09-02,1277.58,12609.46,21042.5
2008-09-03,1274.98,12689.58,20585.1
2008-09-04,1236.83,12557.66,20389.5
2008-09-05,1242.31,12212.23,19933.3
2008-09-08,1267.79,12624.46,20794.3
2008-09-09,1224.51,12400.65,20491.1
2008-09-10,1232.04,12346.62,19999.8
2008-09-11,1249.05,12102.5,19388.7
2008-09-12,1251.7,12214.76,19352.9
2008-09-15,1192.7,,
2008-09-16,1213.6,11609.72,18300.6
2008-09-17,1156.39,11749.79,17637.2
2008-09-18,1206.51,11489.3,17632.5
2008-09-19,1255.08,11920.86,19327.7
2008-09-22,1207.09,12090.59,19632.2
2008-09-23,1188.22,,18872.8
2008-09-24,1185.87,12115.03,18962.0
2008-09-25,1209.18,12006.53,18934.4
2008-09-26,1213.27,11893.16,18682.1
2008-09-29,1106.42,11743.61,17880.7
2008-09-30,1166.36,11259.86,18016.2
2008-10-01,1161.06,11368.26,
2008-10-02,1114.28,11154.76,18211.1
2008-10-03,1099.23,10938.14,17682.4
2008-10-06,1056.89,10473.09,16803.8
2008-10-07,996.23,10155.9,
2008-10-08,984.94,9203.32,15431.7
2008-10-09,909.92,9157.49,15943.2
2008-10-10,899.22,8276.43,14796.9
2008-10-13,1003.35,,16312.2
2008-10-14,998.01,9447.57,16832.9
2008-10-15,907.84,9547.47,15998.3
2008-10-16,946.43,8458.45,15230.5
2008-10-17,940.55,8693.82,14554.2
2008-10-20,985.4,9005.59,15323.0
2008-10-21,955.05,9306.25,15041.2
2008-10-22,896.78,8674.69,14266.6
2008-10-23,908.11,8460.98,13760.5
2008-10-24,876.77,7649.08,12618.4
2008-10-27,848.92,7162.9,11015.8
2008-10-28,940.51,7621.92,12596.3
2008-10-29,930.09,8211.9,12702.1
2008-10-30,954.09,9029.76,14329.8
2008-10-31,968.75,8576.98,13968.7
2008-11-03,966.3,,14344.4
2008-11-04,1005.75,9114.6,14384.3
2008-11-05,952.77,9521.24,14840.2
2008-11-06,904.88,8899.14,13790.0
2008-11-07,930.99,8583.0,14243.4
2008-11-10,919.21,9081.43,14744.6
2008-11-11,898.95,8809.3,14040.9
2008-11-12,852.3,8695.51,13939.1
2008-11-13,911.29,8238.64,13221.3
2008-11-14,873.29,8462.39,13542.7
2008-11-17,850.75,8522.58,13529.5
2008-11-18,859.12,8328.41,12915.9
2008-11-19,806.58,8273.22,12815.8
2008-11-20,752.44,7703.04,12298.6
2008-11-21,800.03,7910.79,12659.2
2008-11-24,851.81,,12457.9
2008-11-25,857.39,8323.93,12878.6
2008-11-26,887.68,8213.22,13369.5
2008-11-28,896.24,8512.27,13888.2
2008-12-01,816.21,8397.22,14108.8
2008-12-02,848.81,7863.69,13405.8
2008-12-03,870.74,8004.1,13588.7
2008-12-04,845.22,7924.24,13509.8
2008-12-05,876.07,7917.51,13846.1
2008-12-08,909.7,8329.05,15044.9
2008-12-09,888.67,8395.87,14753.2
2008-12-10,899.24,8660.24,15577.7
2008-12-11,873.59,8720.55,15613.9
2008-12-12,879.73,8235.87,14758.4
2008-12-15,868.57,8664.66,15047.0
2008-12-16,913.18,8568.02,15130.2
2008-12-17,904.42,8612.52,15460.5
2008-12-18,885.28,8667.23,15497.8
2008-12-19,887.88,8588.52,15127.5
2008-12-22,871.63,8723.78,14622.4
2008-12-23,863.16,,14220.8
2008-12-24,868.15,8517.1,14184.1
2008-12-26,872.8,8739.52,
2008-12-29,869.42,8747.17,14328.5
2008-12-30,890.64,8859.56,14235.5
2008-12-31,903.25,,14387.5
2009-01-02,931.8,,15042.8
2009-01-05,927.45,9043.12,15563.3
2009-01-06,934.7,9080.84,15509.5
2009-01-07,906.65,9239.24,14987.5
2009-01-08,909.73,8876.42,14415.9
2009-01-09,890.35,8836.8,14377.4
2009-01-12,870.26,,13971.0
2009-01-13,871.79,8413.91,13668.0
2009-01-14,842.62,8438.45,13704.6
2009-01-15,843.74,8023.31,13243.0
2009-01-16,850.12,8230.15,13255.5
2009-01-20,805.22,8065.79,12959.8
2009-01-21,840.24,7901.64,12583.6
2009-01-22,827.5,8051.74,12658.0
2009-01-23,831.95,7745.25,12578.6
2009-01-26,836.57,7682.14,
2009-01-27,845.71,8061.07,
2009-01-28,874.09,8106.29,
2009-01-29,845.14,8251.24,13154.4
2009-01-30,825.88,7994.05,13278.2
2009-02-02,825.44,7873.98,12861.5
2009-02-03,838.51,7825.51,12776.9
2009-02-04,832.23,8038.94,13063.9
2009-02-05,845.85,7949.65,13178.9
2009-02-06,868.6,8076.62,13655.0
2009-02-09,869.89,7969.03,13769.1
2009-02-10,827.16,7945.94,13880.6
2009-02-11,833.74,,13539.2
2009-02-12,835.19,7705.36,13228.3
2009-02-13,826.84,7779.4,13554.7
2009-02-17,789.17,7645.51,12945.4
2009-02-18,788.42,7534.44,13016.0
2009-02-19,778.94,7557.65,13023.4
2009-02-20,770.05,7416.38,12699.2
2009-02-23,743.33,7376.16,13175.1
2009-02-24,773.14,7268.56,12798.5
2009-02-25,764.9,7461.22,13005.1
2009-02-26,752.83,7457.93,12894.9
2009-02-27,735.09,7568.42,12811.6
2009-03-02,700.82,7280.15,12317.5
2009-03-03,696.33,7229.72,12033.9
2009-03-04,712.87,7290.96,12331.2
2009-03-05,682.55,7433.49,12211.2
2009-03-06,683.38,7173.1,11921.5
2009-03-09,676.53,7086.03,11344.6
2009-03-10,719.6,7054.98,11694.0
2009-03-11,721.36,7376.12,11930.7
2009-03-12,750.74,7198.25,12001.5
2009-03-13,756.55,7569.28,12525.8
2009-03-16,753.89,7704.15,12976.7
2009-03-17,778.12,7949.13,12878.1
2009-03-18,794.35,7972.17,13117.2
2009-03-19,784.04,7945.96,13130.9
2009-03-20,768.54,,12833.5
2009-03-23,822.92,8215.53,13447.4
2009-03-24,806.12,8488.3,13910.3
2009-03-25,813.88,8479.99,13622.1
2009-03-26,832.86,8636.33,14109.0
2009-03-27,815.94,8626.97,14119.5
2009-03-30,787.53,8236.08,13456.3
2009-03-31,797.87,8109.53,13576.0
2009-04-01,811.08,8351.91,13519.5
2009-04-02,834.38,8719.78,14522.0
2009-04-03,842.5,8749.84,14545.7
2009-04-06,835.48,8857.93,14998.0
2009-04-07,815.55,8832.85,14929.0
2009-04-08,825.16,8595.01,14474.9
2009-04-09,856.56,8916.06,14901.4
2009-04-13,858.73,8924.43,
2009-04-14,841.5,8842.68,15580.2
2009-04-15,852.06,8742.96,15669.6
2009-04-16,865.3,8755.26,15583.0
2009-04-17,869.6,8907.58,15601.3
2009-04-20,832.39,8924.75,15750.9
2009-04-21,850.08,8711.33,15285.9
2009-04-22,843.55,8727.3,14878.5
2009-04-23,851.92,8847.01,15214.5
2009-04-24,866.23,8707.99,15258.8
2009-04-27,857.51,8726.34,14840.4
2009-04-28,855.16,8493.77,14555.1
2009-04-29,873.64,,14957.0
2009-04-30,872.81,8828.26,15521.0
2009-05-01,877.52,8977.37,
2009-05-04,907.24,,16381.0
2009-05-05,903.8,,16430.1
2009-05-06,919.53,,16834.6
2009-05-07,907.39,9385.7,17217.9
2009-05-08,929.23,9432.83,17389.9
2009-05-11,909.24,9451.98,17087.9
2009-05-12,908.35,9298.61,17153.6
2009-05-13,883.92,9340.49,17059.6
2009-05-14,893.07,9093.73,16541.7
2009-05-15,882.88,9265.02,16790.7
2009-05-18,909.71,9038.69,17022.9
2009-05-19,908.13,9290.29,17544.0
2009-05-20,903.47,9344.64,17475.8
2009-05-21,888.33,9264.15,17199.5
2009-05-22,887.0,9225.81,17062.5
2009-05-26,910.33,9310.81,16991.6
2009-05-27,893.06,9438.77,17885.3
2009-05-28,906.83,9451.39,
2009-05-29,919.14,9522.5,18171.0
2009-06-01,942.87,9677.75,18888.6
2009-06-02,944.74,9704.31,18389.1
2009-06-03,931.76,9741.67,18576.5
2009-06-04,942.46,9668.96,18502.8
2009-06-05,940.09,9768.01,18679.5
2009-06-08,939.14,9865.63,18253.4
2009-06-09,942.43,9786.82,18058.5
2009-06-10,939.15,9991.49,18785.7
2009-06-11,944.89,9981.33,18791.0
2009-06-12,946.21,10135.82,18889.7
2009-06-15,923.72,10039.67,18499.0
2009-06-16,911.97,9752.88,18165.5
2009-06-17,910.71,9840.85,18084.6
2009-06-18,918.37,9703.72,17776.7
2009-06-19,921.23,9786.26,17920.9
2009-06-22,893.04,9826.27,18059.6
2009-06-23,895.1,9549.61,17538.4
2009-06-24,900.94,9590.32,17892.2
2009-06-25,920.26,9796.08,18275.0
2009-06-26,918.9,9877.39,18600.3
2009-06-29,927.23,9783.47,18528.5
2009-06-30,919.32,9958.44,18378.7
2009-07-01,923.33,9939.93,
2009-07-02,896.42,9876.15,18178.1
2009-07-06,898.72,9680.87,17979.4
2009-07-07,881.03,9647.79,17862.3
2009-07-08,879.56,9420.75,17721.1
2009-07-09,882.68,9291.06,17790.6
2009-07-10,879.13,9287.28,17708.4
2009-07-13,901.05,9050.33,17254.6
2009-07-14,905.84,9261.81,17885.7
2009-07-15,932.68,9269.25,18258.7
2009-07-16,940.74,9344.16,18361.9
2009-07-17,940.38,9395.32,18805.7
2009-07-20,951.13,,19502.4
2009-07-21,954.58,9652.02,19501.7
2009-07-22,954.07,9723.16,19248.2
2009-07-23,976.29,9792.94,19817.7
2009-07-24,979.26,9944.55,19982.8
2009-07-27,982.18,10088.66,20251.6
2009-07-28,979.62,10087.26,20624.5
2009-07-29,975.15,10113.24,20135.5
2009-07-30,986.75,10165.21,20234.1
2009-07-31,987.48,10356.83,20573.3
2009-08-03,1002.63,10352.47,20807.3
2009-08-04,1005.65,10375.01,20796.4
2009-08-05,1002.72,10252.53,20494.8
2009-08-06,997.08,10388.09,20899.2
2009-08-07,1010.48,10412.09,20375.4
2009-08-10,1007.1,10524.26,20929.5
2009-08-11,994.35,10585.46,21074.2
2009-08-12,1005.81,10435.0,20435.2
2009-08-13,1012.73,10517.19,20861.3
2009-08-14,1004.09,10597.33,20893.3
2009-08-17,979.73,10268.61,20137.1
2009-08-18,989.67,10284.96,20306.3
2009-08-19,996.46,10204.0,19954.2
2009-08-20,1007.37,10383.41,20328.9
2009-08-21,1026.13,10238.2,20199.0
2009-08-24,1025.57,10581.05,20535.9
2009-08-25,1028.0,10497.36,20435.2
2009-08-26,1028.12,10639.71,20456.3
2009-08-27,1030.98,10473.97,20242.8
2009-08-28,1028.93,10534.14,20098.6
2009-08-31,1020.62,10492.53,19724.2
2009-09-01,998.04,10530.06,19872.3
2009-09-02,994.75,10280.46,19522.0
2009-09-03,1003.24,10214.64,19761.7
2009-09-04,1016.4,10187.11,20318.6
2009-09-08,1025.39,10393.23,21069.8
2009-09-09,1033.37,10312.14,20851.0
2009-09-10,1044.14,10513.67,21069.6
2009-09-11,1042.73,10444.33,21161.4
2009-09-14,1049.34,10202.06,20932.2
2009-09-15,1052.63,10217.62,20866.4
2009-09-16,1068.76,10270.77,21402.9
2009-09-17,1065.49,10443.8,21768.5
2009-09-18,1068.3,10370.54,21623.4
2009-09-21,1064.66,,21472.8
2009-09-22,1071.66,,21701.1
2009-09-23,1060.87,,21595.5
2009-09-24,1050.78,10544.22,21050.7
2009-09-25,1044.38,10265.98,21024.4
2009-09-28,1062.98,10009.52,20588.4
2009-09-29,1060.61,10100.2,21013.2
2009-09-30,1057.08,10133.23,20955.2
2009-10-01,1029.85,9978.64,
2009-10-02,1025.21,9731.87,20375.5
2009-10-05,1040.46,9674.49,20429.1
2009-10-06,1054.72,9691.8,20811.5
2009-10-07,1057.58,9799.6,21241.6
2009-10-08,1065.48,9832.47,21492.9
2009-10-09,1071.49,10016.39,21499.4
2009-10-12,1076.19,,21299.3
2009-10-13,1073.19,10076.56,21467.4
2009-10-14,1092.02,10060.21,21886.5
2009-10-15,1096.56,10238.65,21999.1
2009-10-16,1087.68,10257.56,21929.9
2009-10-19,1097.91,10236.51,22200.5
2009-10-20,1091.06,10336.84,22385.0
2009-10-21,1081.4,10333.39,22318.1
2009-10-22,1092.91,10267.17,22210.5
2009-10-23,1079.6,10282.99,22589.7
2009-10-26,1066.95,10362.62,
2009-10-27,1063.41,10212.46,22169.6
2009-10-28,1042.63,10075.05,21761.6
2009-10-29,1066.11,9891.1,21265.0
2009-10-30,1036.19,10034.74,21752.9
2009-11-02,1042.88,9802.95,21620.2
2009-11-03,1045.41,,21240.1
2009-11-04,1046.5,9844.31,21614.8
2009-11-05,1066.63,9717.44,21479.1
2009-11-06,1069.3,9789.35,21829.7
2009-11-09,1093.08,9808.99,22207.6
2009-11-10,1093.01,9870.73,22268.2
2009-11-11,1098.51,9871.68,22627.2
2009-11-12,1087.24,9804.49,22397.6
2009-11-13,1093.48,9770.31,22553.6
2009-11-16,1109.3,9791.18,22944.0
2009-11-17,1110.32,9729.93,22914.2
2009-11-18,1109.8,9676.8,22840.3
2009-11-19,1094.9,9549.47,22643.2
2009-11-20,1091.38,9497.68,22455.8
2009-11-23,1106.24,,22771.4
2009-11-24,1105.65,9401.58,22423.1
2009-11-25,1110.63,9441.64,22611.8
2009-11-27,1091.49,9081.52,21134.5
2009-11-30,1095.63,9345.55,21821.5
2009-12-01,1108.86,9572.2,22113.2
2009-12-02,1109.24,9608.94,22289.6
2009-12-03,1099.92,9977.67,22553.9
2009-12-04,1105.98,10022.59,22498.2
2009-12-07,1103.25,10167.6,22325.0
2009-12-08,1091.94,10140.47,22060.5
2009-12-09,1095.95,10004.72,21741.8
2009-12-10,1102.35,9862.82,21700.0
2009-12-11,1106.41,10107.87,21902.1
2009-12-14,1114.11,10105.68,22085.8
2009-12-15,1107.93,10083.48,21813.9
2009-12-16,1109.18,10177.41,21611.7
2009-12-17,1096.08,10163.8,21347.6
2009-12-18,1102.47,10142.05,21175.9
2009-12-21,1114.05,10183.47,20948.1
2009-12-22,1118.02,10378.03,21092.0
2009-12-23,1120.59,,21328.7
2009-12-24,1126.48,10536.92,21517.0
2009-12-28,1127.78,10634.23,21480.2
2009-12-29,1126.2,10638.06,21499.4
2009-12-30,1126.42,10546.44,21496.6
2009-12-31,1115.1,,21872.5
2010-01-04,1132.99,10654.79,21823.3
2010-01-05,1136.52,10681.83,22279.6
2010-01-06,1137.14,10731.45,22416.7
2010-01-07,1141.69,10681.66,22269.4
2010-01-08,1144.98,10798.32,22296.8
2010-01-11,1146.98,,22411.5
2010-01-12,1136.22,10879.14,22326.6
2010-01-13,1145.68,10735.03,21748.6
2010-01-14,1148.46,10907.68,21716.9
2010-01-15,1136.03,10982.1,21654.2
2010-01-19,1150.23,10764.9,21678.0
2010-01-20,1138.04,10737.52,21286.2
2010-01-21,1116.48,10868.41,20862.7
2010-01-22,1091.76,10590.55,20726.2
2010-01-25,1096.78,10512.69,20598.6
2010-01-26,1092.17,10325.28,20109.3
2010-01-27,1097.5,10252.08,20033.1
2010-01-28,1084.53,10414.29,20356.4
2010-01-29,1073.87,10198.04,20122.0
2010-02-01,1089.19,10205.02,20243.8
2010-02-02,1103.32,10371.09,20272.2
2010-02-03,1097.28,10404.33,20722.1
2010-02-04,1063.11,10355.98,20341.6
2010-02-05,1066.19,10057.09,19665.1
2010-02-08,1056.74,9951.82,19550.9
2010-02-09,1070.52,9932.9,19790.3
2010-02-10,1068.13,9963.99,19922.2
2010-02-11,1078.47,,20290.7
2010-02-12,1075.51,10092.19,20268.7
2010-02-16,1094.87,10034.25,
2010-02-17,1099.51,10306.83,20534.0
2010-02-18,1106.75,10335.69,20422.2
2010-02-19,1109.17,10123.58,19894.0
2010-02-22,1108.01,10400.47,20377.3
2010-02-23,1094.6,10352.1,20623.0
2010-02-24,1105.24,10198.83,20467.7
2010-02-25,1102.94,10101.96,20399.6
2010-02-26,1104.49,10126.03,20608.7
2010-03-01,1115.71,10172.06,21056.9
2010-03-02,1118.31,10221.84,20906.1
2010-03-03,1118.79,10253.14,20876.8
2010-03-04,1122.97,10145.72,20575.8
2010-03-05,1138.7,10368.96,20788.0
2010-03-08,1138.5,10585.92,21196.9
2010-03-09,1140.45,10567.65,21207.6
2010-03-10,1145.61,10563.92,21208.3
2010-03-11,1150.24,10664.95,21228.2
2010-03-12,1149.99,10751.26,21209.7
2010-03-15,1150.51,10751.98,21079.1
2010-03-16,1159.46,10721.71,21022.9
2010-03-17,1166.21,10846.98,21384.5
2010-03-18,1165.83,10744.03,21330.7
2010-03-19,1159.9,10824.72,21370.8
2010-03-22,1165.81,,20933.2
2010-03-23,1174.17,10774.15,20987.8
2010-03-24,1167.72,10815.03,21008.6
2010-03-25,1165.73,10828.85,20778.6
2010-03-26,1166.59,10996.37,21053.1
2010-03-29,1173.22,10986.47,21237.4
2010-03-30,1173.27,11097.14,21374.8
2010-03-31,1169.43,11089.94,21239.3
2010-04-01,1178.1,11244.4,21537.0
2010-04-05,1187.44,11339.3,
2010-04-06,1189.44,11282.32,
2010-04-07,1182.45,11292.83,21928.8
2010-04-08,1186.44,11168.2,21867.0
2010-04-09,1194.37,11204.34,22208.5
2010-04-12,1196.48,11251.9,22138.2
2010-04-13,1197.3,11161.23,22103.5
2010-04-14,1210.65,11204.9,22121.4
2010-04-15,1211.67,11273.79,22157.8
2010-04-16,1192.13,11102.18,21865.3
2010-04-19,1197.52,10908.77,21405.2
2010-04-20,1207.17,10900.68,21623.4
2010-04-21,1205.94,11090.05,21510.9
2010-04-22,1208.67,10949.09,21454.9
2010-04-23,1217.28,10914.46,21244.5
2010-04-26,1212.05,11165.79,21587.1
2010-04-27,1183.71,11212.66,21261.8
2010-04-28,1191.36,10924.79,20949.4
2010-04-29,1206.78,,20778.9
2010-04-30,1186.69,11057.4,21108.6
2010-05-03,1202.26,,20811.4
2010-05-04,1173.6,,20763.1
2010-05-05,1165.87,,20327.5
2010-05-06,1128.15,10695.69,20133.4
2010-05-07,1110.88,10364.59,19920.3
2010-05-10,1159.73,10530.7,20426.6
2010-05-11,1155.79,10411.1,20146.5
2010-05-12,1171.67,10394.03,20212.5
2010-05-13,1157.44,10620.55,20422.5
2010-05-14,1135.68,10462.51,20145.4
2010-05-17,1136.94,10235.76,19715.2
2010-05-18,1120.8,10242.64,19944.9
2010-05-19,1115.05,10186.84,19579.0
2010-05-20,1071.59,10030.31,19545.8
2010-05-21,1087.69,9784.54,
2010-05-24,1073.65,9758.4,19667.8
2010-05-25,1074.03,9459.89,18985.5
2010-05-26,1067.95,9522.66,19196.4
2010-05-27,1103.06,9639.72,19431.4
2010-05-28,1089.41,9762.98,19766.7
2010-06-01,1070.71,9711.83,19496.9
2010-06-02,1098.38,9603.24,19471.8
2010-06-03,1102.83,9914.19,19786.7
2010-06-04,1064.88,9901.19,19780.1
2010-06-07,1050.47,9520.8,19378.2
2010-06-08,1062.0,9537.94,19487.5
2010-06-09,1055.69,9439.13,19621.2
2010-06-10,1086.84,9542.65,19632.7
2010-06-11,1091.6,9705.25,19872.4
2010-06-14,1089.63,9879.85,20051.9
2010-06-15,1115.23,9887.89,20062.2
2010-06-16,1114.61,10067.15,
2010-06-17,1116.04,9999.4,20138.4
2010-06-18,1117.51,9995.02,20286.7
2010-06-21,1113.2,10238.01,20912.2
2010-06-22,1095.31,10112.89,20819.1
2010-06-23,1092.04,9923.7,20856.6
2010-06-24,1073.69,9928.34,20733.5
2010-06-25,1076.76,9737.48,20690.8
2010-06-28,1074.57,9693.94,20726.7
2010-06-29,1041.24,9570.67,20248.9
2010-06-30,1030.71,9382.64,20129.0
2010-07-01,1027.37,9191.6,
2010-07-02,1022.58,9203.71,19905.3
2010-07-06,1028.06,9338.04,20084.1
2010-07-07,1060.27,9279.65,19857.1
2010-07-08,1070.25,9535.74,20050.6
2010-07-09,1077.96,9585.32,20378.7
2010-07-12,1078.75,9548.11,20467.4
2010-07-13,1095.34,9537.23,20431.1
2010-07-14,1095.17,9795.24,20560.8
2010-07-15,1096.48,9685.53,20255.6
2010-07-16,1064.88,9408.36,20250.2
2010-07-19,1071.25,,20090.9
2010-07-20,1083.48,9300.46,20264.6
2010-07-21,1069.59,9278.83,20487.2
2010-07-22,1093.67,9220.88,20589.7
2010-07-23,1102.66,9430.96,20815.3
2010-07-26,1115.01,9503.66,20839.9
2010-07-27,1113.84,9496.85,20973.4
2010-07-28,1106.13,9753.27,21091.2
2010-07-29,1101.53,9696.02,21093.8
2010-07-30,1101.6,9537.3,21029.8
2010-08-02,1125.86,9570.31,21412.8
2010-08-03,1120.46,9694.01,21457.7
2010-08-04,1127.24,9489.34,21549.88
2010-08-05,1125.81,9653.92,21551.72
2010-08-06,1121.64,9642.12,21678.8
2010-08-09,1127.79,9572.49,21801.59
2010-08-10,1121.06,9551.05,21473.6
2010-08-11,1089.47,9292.85,21294.54
2010-08-12,1083.61,9212.59,21105.71
2010-08-13,1079.25,9253.46,21071.57
2010-08-16,1079.38,9196.67,21112.12
2010-08-17,1092.54,9161.68,21137.43
2010-08-18,1094.16,9240.54,21022.73
2010-08-19,1075.63,9362.68,21072.46
2010-08-20,1071.69,9179.38,20981.82
2010-08-23,1067.36,9116.69,20889.01
2010-08-24,1051.87,8995.14,20658.71
2010-08-25,1055.33,8845.39,20634.98
2010-08-26,1047.22,8906.48,20612.06
2010-08-27,1064.59,8991.06,20597.35
2010-08-30,1048.92,9149.26,20737.22
2010-08-31,1049.33,8824.06,20536.49
2010-09-01,1080.29,8927.02,20623.83
2010-09-02,1090.1,9062.84,20868.92
2010-09-03,1104.51,9114.13,20971.5
2010-09-07,1091.84,9226.0,21401.79
2010-09-08,1098.87,9024.6,21088.86
2010-09-09,1104.18,9098.39,21167.27
2010-09-10,1109.55,9239.17,21257.39
2010-09-13,1121.9,9321.82,21658.35
2010-09-14,1121.1,9299.31,21696.04
2010-09-15,1125.07,9516.56,21725.64
2010-09-16,1124.66,9509.5,21691.45
2010-09-17,1125.59,9626.09,21970.86
2010-09-20,1142.71,,21977.34
2010-09-21,1139.78,9602.11,22002.59
2010-09-22,1134.28,9566.32,22047.71
2010-09-23,1124.83,,
2010-09-24,1148.67,9471.67,22119.43
2010-09-27,1142.16,9603.14,22340.84
2010-09-28,1147.7,9495.76,22109.95
2010-09-29,1144.73,9559.38,22378.67
2010-09-30,1141.2,9369.35,22358.17
2010-10-01,1146.24,9404.23,
2010-10-04,1137.03,9381.06,22618.66
2010-10-05,1160.75,9518.76,22639.14
2010-10-06,1159.97,9691.43,22880.41
2010-10-07,1158.06,9684.81,22884.32
2010-10-08,1165.15,9588.88,22944.18
2010-10-11,1165.32,,23207.31
2010-10-12,1169.77,9388.64,23121.7
2010-10-13,1178.1,9403.51,23457.69
2010-10-14,1173.81,9583.51,23852.17
2010-10-15,1176.19,9500.25,23757.63
2010-10-18,1184.71,9498.49,23469.38
2010-10-19,1165.9,9539.45,23763.73
2010-10-20,1178.17,9381.6,23556.5
2010-10-21,1180.26,9376.48,23649.48
2010-10-22,1183.08,9426.71,23517.54
2010-10-25,1185.62,9401.16,23627.91
2010-10-26,1185.64,9377.38,23601.24
2010-10-27,1182.45,9387.03,23164.58
2010-10-28,1183.78,9366.03,23210.86
2010-10-29,1183.26,9202.45,23096.32
2010-11-01,1184.38,9154.72,23652.94
2010-11-02,1193.57,9159.98,23671.42
2010-11-03,1197.96,,24144.67
2010-11-04,1221.06,9358.78,24535.63
2010-11-05,1225.85,9625.99,24876.82
2010-11-08,1223.25,9732.92,24964.37
2010-11-09,1213.4,9694.49,24710.6
2010-11-10,1218.71,9830.52,24500.61
2010-11-11,1213.54,9861.46,24700.3
2010-11-12,1199.21,9724.81,24222.58
2010-11-15,1197.75,9827.51,24027.18
2010-11-16,1178.34,9797.1,23693.02
2010-11-17,1178.59,9811.66,23214.46
2010-11-18,1196.69,10013.63,23637.39
2010-11-19,1199.73,10022.39,23605.71
2010-11-22,1197.84,10115.19,23524.02
2010-11-23,1180.73,,22896.14
2010-11-24,1198.35,10030.11,23023.86
2010-11-26,1189.4,10039.56,22877.25
2010-11-29,1187.76,10125.99,23166.22
2010-11-30,1180.55,9937.04,23007.99
2010-12-01,1206.07,9988.05,23249.8
2010-12-02,1221.53,10168.52,23448.78
2010-12-03,1224.71,10178.32,23320.52
2010-12-06,1223.12,10167.23,23237.69
2010-12-07,1223.75,10141.1,23428.15
2010-12-08,1228.28,10232.33,23092.52
2010-12-09,1233.0,10285.88,23171.8
2010-12-10,1240.4,10211.95,23162.91
2010-12-13,1240.46,10293.89,23317.61
2010-12-14,1241.59,10316.77,23431.19
2010-12-15,1235.23,10309.78,22975.35
2010-12-16,1242.87,10311.29,22668.78
2010-12-17,1243.91,10303.83,22714.85
2010-12-20,1247.08,10216.41,22639.08
2010-12-21,1254.6,10370.53,22993.86
2010-12-22,1258.84,10346.48,23045.19
2010-12-23,1256.77,,22902.97
2010-12-27,1257.54,10355.99,
2010-12-28,1258.51,10292.63,22621.73
2010-12-29,1259.78,10344.54,22969.3
2010-12-30,1257.88,10228.92,22999.34
2010-12-31,1257.64,,23035.45
2011-01-03,1271.87,,23436.05
2011-01-04,1270.2,10398.1,23668.48
2011-01-05,1276.56,10380.77,23757.82
2011-01-06,1273.85,10529.76,23786.3
2011-01-07,1271.5,10541.04,23686.63
2011-01-10,1269.75,,23527.26
2011-01-11,1274.48,10510.68,23760.34
2011-01-12,1285.96,10512.8,24125.61
2011-01-13,1283.76,10589.76,24238.98
2011-01-14,1293.24,10499.04,24283.23
2011-01-18,1295.02,10518.98,24153.98
2011-01-19,1281.92,10557.1,24419.62
2011-01-20,1280.26,10437.31,24003.7
2011-01-21,1283.35,10274.52,23876.86
2011-01-24,1290.84,10345.11,23801.78
2011-01-25,1291.18,10464.42,23788.83
2011-01-26,1296.63,10401.9,23843.24
2011-01-27,1299.54,10478.66,23779.62
2011-01-28,1276.34,10360.34,23617.02
2011-01-31,1286.12,10237.92,23447.34
2011-02-01,1307.59,10274.5,23482.95
2011-02-02,1304.03,10457.36,23908.96
2011-02-03,1307.1,10431.36,
2011-02-04,1310.87,10543.52,
2011-02-07,1319.05,10592.04,23553.59
2011-02-08,1324.57,10635.98,23484.3
2011-02-09,1320.88,10617.83,23164.03
2011-02-10,1321.87,10605.65,22708.62
2011-02-11,1329.15,,22828.92
2011-02-14,1332.32,10725.54,23121.06
2011-02-15,1328.01,10746.67,22899.78
2011-02-16,1336.32,10808.29,23150.28
2011-02-17,1340.43,10836.64,23301.84
2011-02-18,1343.01,10842.8,23595.24
2011-02-22,1315.44,10664.7,22990.81
2011-02-23,1307.4,10579.1,22906.9
2011-02-24,1306.1,10452.71,22601.04
2011-02-25,1319.88,10526.76,23012.37
2011-02-28,1327.22,10624.09,23338.02
2011-03-01,1306.33,10754.03,23396.42
2011-03-02,1308.44,10492.38,23048.66
2011-03-03,1330.97,10586.02,23122.42
2011-03-04,1321.15,10693.66,23408.86
2011-03-07,1310.13,10505.02,23313.19
2011-03-08,1321.82,10525.19,23711.7
2011-03-09,1320.02,10589.5,23810.11
2011-03-10,1295.11,10434.38,23614.89
2011-03-11,1304.28,10254.43,23249.78
2011-03-14,1296.39,9620.49,23345.88
2011-03-15,1281.87,8605.15,22678.25
2011-03-16,1256.88,9093.72,22700.88
2011-03-17,1273.72,8962.67,22284.43
2011-03-18,1279.21,9206.75,22300.23
2011-03-21,1298.38,,22685.22
2011-03-22,1293.77,9608.32,22857.9
2011-03-23,1297.54,9449.47,22825.4
2011-03-24,1309.66,9435.01,22915.28
2011-03-25,1313.8,9536.13,23158.67
2011-03-28,1310.19,9478.53,23068.19
2011-03-29,1319.44,9459.08,23060.36
2011-03-30,1328.26,9708.79,23451.43
2011-03-31,1325.83,9755.1,23527.52
2011-04-01,1332.41,9708.39,23801.9
2011-04-04,1332.87,9718.89,24150.58
2011-04-05,1332.63,9615.55,
2011-04-06,1335.54,9584.37,24285.05
2011-04-07,1333.51,9590.93,24281.8
2011-04-08,1328.17,9768.08,24396.07
2011-04-11,1324.46,9719.7,24303.07
2011-04-12,1314.16,9555.26,23976.37
2011-04-13,1314.41,9641.18,24135.03
2011-04-14,1314.52,9653.92,24014.0
2011-04-15,1319.68,9591.52,24008.07
2011-04-18,1305.14,9556.65,23830.31
2011-04-19,1312.62,9441.03,23520.62
2011-04-20,1330.36,9606.82,23896.1
2011-04-21,1337.38,9685.77,24138.31
2011-04-25,1335.25,9671.96,
2011-04-26,1347.24,9558.69,24007.38
2011-04-27,1355.66,9691.84,23892.84
2011-04-28,1360.48,9849.74,23805.63
2011-04-29,1363.61,,23720.81
2011-05-02,1361.22,10004.2,
2011-05-03,1356.62,,23633.25
2011-05-04,1347.32,,23323.91
2011-05-05,1335.1,,23259.41
2011-05-06,1340.2,9859.2,23159.14
2011-05-09,1346.29,9794.38,23336.0
2011-05-10,1357.16,9818.76,
2011-05-11,1342.08,9864.26,23291.8
2011-05-12,1348.65,9716.65,23073.76
2011-05-13,1337.77,9648.77,23276.27
2011-05-16,1329.47,9558.3,22960.63
2011-05-17,1328.98,9567.02,22901.08
2011-05-18,1340.68,9662.08,23011.14
2011-05-19,1343.6,9620.82,23163.38
2011-05-20,1333.27,9607.08,23199.39
2011-05-23,1317.37,9460.63,22711.02
2011-05-24,1316.28,9477.17,22730.78
2011-05-25,1320.47,9422.88,22747.28
2011-05-26,1325.69,9562.05,22900.79
2011-05-27,1331.1,9521.94,23118.07
2011-05-31,1345.2,9693.73,23684.13
2011-06-01,1314.55,9719.61,23626.43
2011-06-02,1312.94,9555.04,23253.84
2011-06-03,1300.16,9492.21,22949.56
2011-06-06,1286.17,9380.35,
2011-06-07,1284.94,9442.95,22868.67
2011-06-08,1279.56,9449.46,22661.63
2011-06-09,1289.0,9467.15,22609.83
2011-06-10,1270.98,9514.44,22420.37
2011-06-13,1271.83,9448.21,22508.08
2011-06-14,1287.87,9547.79,22496.0
2011-06-15,1265.42,9574.32,22343.77
2011-06-16,1267.64,9411.28,21953.11
2011-06-17,1271.5,9351.4,21695.26
2011-06-20,1278.36,9354.32,21599.51
2011-06-21,1295.52,9459.66,21850.59
2011-06-22,1287.14,9629.43,21859.97
2011-06-23,1283.5,9596.74,21759.14
2011-06-24,1268.45,9678.71,22171.95
2011-06-27,1280.1,9578.31,22041.77
2011-06-28,1296.67,9648.98,22061.78
2011-06-29,1307.41,9797.26,22061.18
2011-06-30,1320.64,9816.09,22398.1
2011-07-01,1339.67,9868.07,
2011-07-05,1337.88,9972.46,22747.95
2011-07-06,1339.22,10082.48,22517.55
2011-07-07,1353.22,10071.14,22530.18
2011-07-08,1343.8,10137.73,22726.43
2011-07-11,1319.49,10069.53,22347.23
2011-07-12,1313.64,9925.92,21663.16
2011-07-13,1317.72,9963.14,21926.88
2011-07-14,1308.87,9936.12,21940.2
2011-07-15,1316.14,9974.47,21875.38
2011-07-18,1305.44,,21804.75
2011-07-19,1326.73,9889.72,21902.4
2011-07-20,1325.84,10005.9,22003.69
2011-07-21,1343.8,10010.39,21987.29
2011-07-22,1345.02,10132.11,22444.8
2011-07-25,1337.43,10050.01,22293.29
2011-07-26,1331.94,10097.72,22572.08
2011-07-27,1304.89,10047.19,22541.69
2011-07-28,1300.67,9901.35,22570.74
2011-07-29,1292.28,9833.03,22440.25
2011-08-01,1286.94,9965.01,22663.37
2011-08-02,1254.05,9844.59,22421.46
2011-08-03,1260.34,9637.14,21992.72
2011-08-04,1200.07,9659.18,21884.74
2011-08-05,1199.38,9299.88,20946.14
2011-08-08,1119.46,9097.56,20490.57
2011-08-09,1172.53,8944.48,19330.7
2011-08-10,1120.76,9038.74,19783.67
2011-08-11,1172.64,8981.94,19595.14
2011-08-12,1178.81,8963.72,19620.01
2011-08-15,1204.49,9086.41,20260.1
2011-08-16,1192.76,9107.43,20212.08
2011-08-17,1193.89,9057.26,20289.03
2011-08-18,1140.65,8943.76,20016.27
2011-08-19,1123.53,8719.24,19399.92
2011-08-22,1123.82,8628.13,19486.87
2011-08-23,1162.35,8733.01,19875.53
2011-08-24,1177.6,8639.61,19466.79
2011-08-25,1159.27,8772.36,19752.48
2011-08-26,1176.8,8797.78,19582.88
2011-08-29,1210.08,8851.35,19865.11
2011-08-30,1212.92,8953.9,20204.17
2011-08-31,1218.89,8955.2,20534.85
2011-09-01,1204.42,9060.8,20585.33
2011-09-02,1173.97,8950.74,20212.91
2011-09-06,1165.24,8590.57,19710.5
2011-09-07,1198.62,8763.41,20048.0
2011-09-08,1185.9,8793.12,19912.82
2011-09-09,1154.23,8737.66,19866.63
2011-09-12,1162.27,8535.67,19030.54
2011-09-13,1172.87,8616.55,
2011-09-14,1188.68,8518.57,19045.44
2011-09-15,1209.11,8668.86,19181.5
2011-09-16,1216.01,8864.16,19455.31
2011-09-19,1204.09,,18917.95
2011-09-20,1202.09,8721.24,19014.8
2011-09-21,1166.76,8741.16,18824.17
2011-09-22,1129.56,8560.26,17911.95
2011-09-23,1136.43,,17668.83
2011-09-26,1162.95,8374.13,17407.8
2011-09-27,1175.38,8609.95,18130.55
2011-09-28,1151.06,8615.65,18011.06
2011-09-29,1160.4,8701.23,
2011-09-30,1131.42,8700.29,17592.41
2011-10-03,1099.23,8545.48,16822.15
2011-10-04,1123.95,8456.12,16250.27
2011-10-05,1144.03,8382.98,
2011-10-06,1164.97,8522.02,17172.28
2011-10-07,1155.46,8605.62,17707.01
2011-10-10,1194.89,,17711.06
2011-10-11,1195.54,8773.68,18141.59
2011-10-12,1207.25,8738.9,18329.46
2011-10-13,1203.66,8823.25,18757.81
2011-10-14,1224.58,8747.96,18501.79
2011-10-17,1200.86,8879.6,18873.99
2011-10-18,1225.38,8741.91,18076.46
2011-10-19,1209.88,8772.54,18309.22
2011-10-20,1215.39,8682.15,17983.1
2011-10-21,1238.25,8678.89,18025.72
2011-10-24,1254.19,8843.98,18771.82
2011-10-25,1229.05,8762.31,18968.2
2011-10-26,1242.0,8748.47,19066.54
2011-10-27,1284.59,8926.54,19688.7
2011-10-28,1285.09,9050.47,20019.24
2011-10-31,1253.3,8988.39,19864.87
2011-11-01,1218.28,8835.52,19369.96
2011-11-02,1237.9,8640.42,19733.71
2011-11-03,1261.15,,19242.5
2011-11-04,1253.23,8801.4,19842.79
2011-11-07,1261.12,8767.09,19677.89
2011-11-08,1275.92,8655.51,19678.47
2011-11-09,1229.1,8755.44,20004.46
2011-11-10,1239.7,8500.8,18963.89
2011-11-11,1263.85,8514.47,19137.17
2011-11-14,1251.78,8603.7,19508.18
2011-11-15,1257.81,8541.93,19348.44
2011-11-16,1236.91,8463.16,18960.9
2011-11-17,1216.13,8479.63,18817.47
2011-11-18,1215.65,8374.91,18491.23
2011-11-21,1192.98,8348.27,18225.85
2011-11-22,1188.04,8314.74,18251.59
2011-11-23,1161.79,,17864.43
2011-11-25,1158.67,8160.01,17689.48
2011-11-28,1192.55,8287.49,18037.81
2011-11-29,1195.19,8477.82,18256.2
2011-11-30,1246.96,8434.61,17989.35
2011-12-01,1244.58,8597.38,19002.26
2011-12-02,1244.28,8643.75,19040.39
2011-12-05,1257.08,8695.98,19179.69
2011-12-06,1258.47,8575.16,18942.23
2011-12-07,1261.01,8722.17,19240.58
2011-12-08,1234.35,8664.58,19107.81
2011-12-09,1255.19,8536.46,18586.23
2011-12-12,1236.47,8653.82,18575.66
2011-12-13,1225.73,8552.81,18447.17
2011-12-14,1211.82,8519.13,18354.43
2011-12-15,1215.75,8377.37,18026.84
2011-12-16,1219.66,8401.72,18285.39
2011-12-19,1205.35,8296.12,18070.21
2011-12-20,1241.3,8336.48,18080.2
2011-12-21,1243.72,8459.98,18416.45
2011-12-22,1254.0,8395.16,18378.23
2011-12-23,1265.33,,18629.17
2011-12-27,1265.43,8440.56,
2011-12-28,1249.64,8423.62,18518.67
2011-12-29,1263.02,8398.89,18397.92
2011-12-30,1257.6,8455.35,18434.39
2012-01-03,1277.06,,18877.41
2012-01-04,1277.3,8560.11,18727.31
2012-01-05,1281.06,8488.71,18813.41
2012-01-06,1277.81,8390.35,18593.06
2012-01-09,1280.7,,18865.72
2012-01-10,1292.08,8422.26,19004.28
2012-01-11,1292.48,8447.88,19151.94
2012-01-12,1295.5,8385.59,19095.38
2012-01-13,1289.09,8500.02,19204.42
2012-01-17,1293.67,8466.4,19627.75
2012-01-18,1308.04,8550.58,19686.92
2012-01-19,1314.5,8639.68,19942.95
2012-01-20,1315.38,8766.36,20110.37
2012-01-23,1316.0,8765.9,
2012-01-24,1314.65,8785.33,
2012-01-25,1326.06,8883.69,
2012-01-26,1318.43,8849.47,20439.14
2012-01-27,1316.33,8841.22,20501.67
2012-01-30,1313.01,8793.05,20160.41
2012-01-31,1312.41,8802.51,20390.49
2012-02-01,1324.09,8809.79,20333.37
2012-02-02,1325.54,8876.82,20739.45
2012-02-03,1344.9,8831.93,20756.98
2012-02-06,1344.33,8929.2,20709.94
2012-02-07,1347.05,8917.52,20699.19
2012-02-08,1349.96,9015.59,21018.46
2012-02-09,1351.95,9002.24,21010.01
2012-02-10,1342.64,8947.17,20783.86
2012-02-13,1351.77,8999.18,20887.4
2012-02-14,1350.5,9052.07,20917.83
2012-02-15,1343.23,9260.34,21365.23
2012-02-16,1358.04,9238.1,21277.28
2012-02-17,1361.23,9384.17,21491.62
2012-02-21,1362.21,9463.02,21478.72
2012-02-22,1357.66,9554.0,21549.28
2012-02-23,1363.46,9595.57,21380.99
2012-02-24,1365.74,9647.38,21406.86
2012-02-27,1367.59,9633.93,21217.86
2012-02-28,1372.18,9722.52,21568.73
2012-02-29,1365.68,9723.24,21680.08
2012-03-01,1374.09,9707.37,21387.96
2012-03-02,1369.63,9777.03,21562.26
2012-03-05,1364.33,9698.59,21265.31
2012-03-06,1343.36,9637.63,20806.25
2012-03-07,1352.63,9576.06,20627.78
2012-03-08,1365.91,9768.96,20900.73
2012-03-09,1370.87,9929.74,21086.0
2012-03-12,1371.09,9889.86,21134.18
2012-03-13,1395.95,9899.08,21339.7
2012-03-14,1394.28,10050.52,21307.89
2012-03-15,1402.6,10123.28,21353.53
2012-03-16,1404.17,10129.83,21317.85
2012-03-19,1409.75,10141.99,21115.29
2012-03-20,1405.52,,20888.24
2012-03-21,1402.89,10086.49,20856.63
2012-03-22,1392.78,10127.08,20901.56
2012-03-23,1397.11,10011.47,20668.8
2012-03-26,1416.51,10018.24,20668.86
2012-03-27,1412.52,10255.15,21046.91
2012-03-28,1405.54,10182.57,20885.42
2012-03-29,1403.28,10114.79,20609.39
2012-03-30,1408.47,10083.56,20555.58
2012-04-02,1419.04,10109.87,20522.26
2012-04-03,1413.38,10050.39,20790.98
2012-04-04,1398.96,9819.99,
2012-04-05,1398.08,9767.61,20593.0
2012-04-09,1382.2,9546.26,
2012-04-10,1358.59,9538.02,20356.24
2012-04-11,1368.71,9458.74,20140.67
2012-04-12,1387.57,9524.79,20327.32
2012-04-13,1370.26,9637.99,20701.04
2012-04-16,1369.57,9470.64,20610.64
2012-04-17,1390.78,9464.71,20562.31
2012-04-18,1385.14,9667.26,20780.73
2012-04-19,1376.92,9588.38,20995.01
2012-04-20,1378.53,9561.36,21010.64
2012-04-23,1366.94,9542.17,20624.39
2012-04-24,1371.97,9468.04,20677.16
2012-04-25,1390.69,9561.01,20646.29
2012-04-26,1399.98,9561.83,20809.71
2012-04-27,1403.36,9520.89,20741.45
2012-04-30,1397.91,,21094.21
2012-05-01,1405.82,9350.95,
2012-05-02,1402.31,9380.25,21309.08
2012-05-03,1391.57,,21249.53
2012-05-04,1369.1,,21086.0
2012-05-07,1369.58,9119.14,20536.65
2012-05-08,1363.72,9181.65,20484.75
2012-05-09,1354.58,9045.06,20330.64
2012-05-10,1357.99,9009.65,20227.28
2012-05-11,1353.39,8953.31,19964.63
2012-05-14,1338.35,8973.84,19735.04
2012-05-15,1330.66,8900.74,19894.31
2012-05-16,1324.8,8801.17,19259.83
2012-05-17,1304.86,8876.59,19200.93
2012-05-18,1295.22,8611.31,18951.85
2012-05-21,1315.99,8633.89,18922.32
2012-05-22,1316.63,8729.29,19039.15
2012-05-23,1318.86,8556.6,18786.19
2012-05-24,1320.68,8563.38,18666.4
2012-05-25,1317.82,8580.39,18713.41
2012-05-29,1332.42,8657.08,19055.46
2012-05-30,1313.32,8633.19,18690.22
2012-05-31,1310.33,8542.73,18629.52
2012-06-01,1278.04,8440.25,18558.34
2012-06-04,1278.18,8295.63,18185.59
2012-06-05,1285.5,8382.0,18259.03
2012-06-06,1315.13,8533.53,18520.53
2012-06-07,1314.99,8639.72,18678.29
2012-06-08,1325.66,8459.26,18502.34
2012-06-11,1308.93,8624.9,18953.63
2012-06-12,1324.18,8536.72,18872.56
2012-06-13,1314.88,8587.84,19026.52
2012-06-14,1329.1,8568.89,18808.4
2012-06-15,1342.84,8569.32,19233.94
2012-06-18,1344.78,8721.02,19427.81
2012-06-19,1357.98,8655.87,19416.67
2012-06-20,1355.69,8752.31,19518.85
2012-06-21,1325.51,8824.07,19265.07
2012-06-22,1335.02,8798.35,18995.13
2012-06-25,1313.72,8734.62,18901.6
2012-06-26,1319.99,8663.99,18981.84
2012-06-27,1331.85,8730.49,19182.5
2012-06-28,1329.04,8874.11,19025.27
2012-06-29,1362.16,9006.78,19441.46
2012-07-02,1365.51,9003.48,
2012-07-03,1374.02,9066.59,19735.53
2012-07-05,1367.58,9079.8,19809.13
2012-07-06,1354.68,9020.75,19800.64
2012-07-09,1352.46,8896.88,19428.09
2012-07-10,1341.47,8857.73,19396.36
2012-07-11,1341.45,8851.0,19419.87
2012-07-12,1334.76,8720.01,19025.11
2012-07-13,1356.78,8724.12,19092.63
2012-07-16,1353.64,,19121.34
2012-07-17,1363.67,8755.0,19455.33
2012-07-18,1372.78,8726.74,19239.88
2012-07-19,1376.51,8795.55,19559.05
2012-07-20,1362.66,8669.87,19640.8
2012-07-23,1350.52,8508.32,19053.47
2012-07-24,1338.31,8488.09,18903.2
2012-07-25,1337.89,8365.9,18877.33
2012-07-26,1360.02,8443.1,18892.79
2012-07-27,1385.97,8566.64,19274.96
2012-07-30,1385.3,8635.44,19585.4
2012-07-31,1379.32,8695.06,19796.81
2012-08-01,1375.32,8641.85,19820.38
2012-08-02,1365.0,8653.18,19690.2
2012-08-03,1390.99,8555.11,19666.18
2012-08-06,1394.23,8726.29,19998.72
2012-08-07,1401.35,8803.31,20072.55
2012-08-08,1402.22,8881.16,20065.52
2012-08-09,1402.8,8978.6,20269.47
2012-08-10,1405.87,8891.44,20136.12
2012-08-13,1404.11,8885.15,20079.13
2012-08-14,1403.93,8929.88,20291.68
2012-08-15,1405.53,8925.04,20052.29
2012-08-16,1415.51,9092.76,19962.95
2012-08-17,1418.16,9162.5,20116.07
2012-08-20,1418.13,9171.16,20104.27
2012-08-21,1413.17,9156.92,20100.09
2012-08-22,1413.49,9131.74,19887.78
2012-08-23,1402.08,9178.12,20132.24
2012-08-24,1411.13,9070.76,19880.03
2012-08-27,1410.44,9085.39,19798.67
2012-08-28,1409.3,9033.29,19811.8
2012-08-29,1410.49,9069.81,19788.51
2012-08-30,1399.48,8983.78,19552.91
2012-08-31,1406.58,8839.91,19482.57
2012-09-04,1404.94,8775.51,19429.91
2012-09-05,1403.44,8679.82,19145.07
2012-09-06,1432.12,8680.57,19209.3
2012-09-07,1437.92,8871.65,19802.16
2012-09-10,1429.08,8869.37,19827.17
2012-09-11,1433.56,8807.38,19857.88
2012-09-12,1436.56,8959.96,20075.39
2012-09-13,1459.99,8995.15,20047.63
2012-09-14,1465.77,9159.39,20629.78
2012-09-17,1461.19,,20658.11
2012-09-18,1459.32,9123.77,20601.93
2012-09-19,1461.05,9232.21,20841.91
2012-09-20,1460.26,9086.98,20590.92
2012-09-21,1460.15,9110.0,20734.94
2012-09-24,1456.89,9069.29,20694.7
2012-09-25,1441.59,9091.54,20698.68
2012-09-26,1433.32,8906.7,20527.73
2012-09-27,1447.15,8949.87,20762.29
2012-09-28,1440.67,8870.16,20840.38
2012-10-01,1444.49,8796.51,
2012-10-02,1445.75,8786.05,
2012-10-03,1450.99,8746.87,20888.28
2012-10-04,1461.4,8824.59,20907.95
2012-10-05,1460.93,8863.3,21012.38
2012-10-08,1455.88,,20824.56
2012-10-09,1441.48,8769.59,20937.28
2012-10-10,1432.56,8596.23,20919.6
2012-10-11,1432.84,8546.78,20999.05
2012-10-12,1428.59,8534.12,21136.43
2012-10-15,1440.13,8577.93,21148.25
2012-10-16,1454.92,8701.31,21207.07
2012-10-17,1460.91,8806.55,21416.64
2012-10-18,1457.34,8982.86,21518.71
2012-10-19,1433.19,9002.68,21551.76
2012-10-22,1433.82,9010.71,21697.55
2012-10-23,1413.11,9014.25,
2012-10-24,1408.75,8954.3,21763.78
2012-10-25,1412.97,9055.2,21810.23
2012-10-26,1411.94,8933.06,21545.57
2012-10-31,1412.16,8928.29,21641.82
2012-11-01,1427.59,8946.87,21821.87
2012-11-02,1414.2,9051.22,22111.33
2012-11-05,1417.26,9007.44,22006.4
2012-11-06,1428.39,8975.15,21944.43
2012-11-07,1394.53,8972.89,22099.85
2012-11-08,1377.51,8837.15,21566.91
2012-11-09,1379.85,8757.6,21384.38
2012-11-12,1380.03,8676.44,21430.3
2012-11-13,1374.53,8661.05,21188.65
2012-11-14,1355.49,8664.73,21441.99
2012-11-15,1353.33,8829.72,21108.93
2012-11-16,1359.88,9024.16,21159.01
2012-11-19,1386.89,9153.2,21262.06
2012-11-20,1387.81,9142.64,21228.28
2012-11-21,1391.03,9222.52,21524.36
2012-11-23,1409.15,,21913.98
2012-11-26,1406.29,9388.94,21861.81
2012-11-27,1398.94,9423.3,21844.03
2012-11-28,1409.93,9308.35,21708.98
2012-11-29,1415.95,9400.88,21922.89
2012-11-30,1416.18,9446.01,22030.39
2012-12-03,1409.46,9458.18,21767.85
2012-12-04,1407.05,9432.46,21799.97
2012-12-05,1409.28,9468.84,22270.91
2012-12-06,1413.94,9545.16,22249.81
2012-12-07,1418.07,9527.39,22191.17
2012-12-10,1418.55,9533.75,22276.72
2012-12-11,1427.84,9525.32,22323.94
2012-12-12,1428.48,9581.46,22503.35
2012-12-13,1419.45,9742.73,22445.58
2012-12-14,1413.58,9737.56,22605.98
2012-12-17,1430.36,9828.88,22513.61
2012-12-18,1446.79,9923.01,22494.73
2012-12-19,1435.81,10160.4,22623.37
2012-12-20,1443.69,10039.33,22659.78
2012-12-21,1430.15,9940.06,22506.29
2012-12-24,1426.66,,22541.18
2012-12-26,1419.83,10230.36,
2012-12-27,1418.1,10322.98,22619.78
2012-12-28,1402.43,10395.18,22666.59
2012-12-31,1426.19,,22656.92
2013-01-02,1462.42,,23311.98
2013-01-03,1459.37,,23398.6
2013-01-04,1466.47,10688.11,23331.09
2013-01-07,1461.89,10599.01,23329.75
2013-01-08,1457.15,10508.06,23111.19
2013-01-09,1461.02,10578.57,23218.47
2013-01-10,1472.12,10652.64,23354.31
2013-01-11,1472.05,10801.57,23264.07
2013-01-14,1470.68,,23413.26
2013-01-15,1472.34,10879.08,23381.51
2013-01-16,1472.63,10600.44,23356.99
2013-01-17,1480.94,10609.64,23339.76
2013-01-18,1485.98,10913.3,23601.78
2013-01-22,1492.56,10709.93,23658.99
2013-01-23,1494.81,10486.99,23635.1
2013-01-24,1494.82,10620.87,23598.9
2013-01-25,1502.96,10926.65,23580.43
2013-01-28,1500.18,10824.31,23671.88
2013-01-29,1507.84,10866.72,23655.17
2013-01-30,1501.96,11113.95,23822.06
2013-01-31,1498.11,11138.66,23729.53
2013-02-01,1513.17,11191.34,23721.84
2013-02-04,1495.71,11260.35,23685.01
2013-02-05,1511.29,11046.92,23148.53
2013-02-06,1512.12,11463.75,23256.93
2013-02-07,1509.39,11357.07,23177.0
2013-02-08,1517.93,11153.16,23215.16
2013-02-11,1517.01,,
2013-02-12,1519.43,11369.12,
2013-02-13,1520.33,11251.41,
2013-02-14,1521.38,11307.28,23413.25
2013-02-15,1519.79,11173.83,23444.56
2013-02-19,1530.94,11372.34,23143.91
2013-02-20,1511.95,11468.28,23307.41
2013-02-21,1502.42,11309.13,22906.67
2013-02-22,1515.6,11385.94,22782.44
2013-02-25,1487.85,11662.52,22820.08
2013-02-26,1496.94,11398.81,22519.69
2013-02-27,1515.99,11253.97,22577.01
2013-02-28,1514.68,11559.36,23020.27
2013-03-01,1518.2,11606.38,22880.22
2013-03-04,1525.2,11652.29,22537.81
2013-03-05,1539.79,11683.45,22560.5
2013-03-06,1541.46,11932.27,22777.84
2013-03-07,1544.26,11968.08,22771.44
2013-03-08,1551.18,12283.62,23091.95
2013-03-11,1556.22,12349.05,23090.82
2013-03-12,1552.48,12314.81,22890.6
2013-03-13,1554.52,12239.66,22556.65
2013-03-14,1563.23,12381.19,22619.18
2013-03-15,1560.7,12560.95,22533.11
2013-03-18,1552.1,12220.63,22083.36
2013-03-19,1548.34,12468.23,22041.86
2013-03-20,1558.71,,22256.44
2013-03-21,1545.8,12635.69,22225.88
2013-03-22,1556.89,12338.53,22115.3
2013-03-25,1551.69,12546.46,22251.15
2013-03-26,1563.77,12471.62,22311.08
2013-03-27,1562.85,12493.79,22464.82
2013-03-28,1569.19,12335.96,22299.63
2013-04-01,1562.17,12135.02,
2013-04-02,1570.25,12003.43,22367.82
2013-04-03,1553.69,12362.2,22337.49
2013-04-04,1559.98,12634.54,
2013-04-05,1553.28,12833.64,21726.9
2013-04-08,1563.07,13192.59,21718.05
2013-04-09,1568.61,13192.35,21870.34
2013-04-10,1587.73,13288.13,22034.56
2013-04-11,1593.37,13549.16,22101.27
2013-04-12,1588.85,13485.14,22089.05
2013-04-15,1552.36,13275.66,21772.67
2013-04-16,1574.57,13221.44,21672.03
2013-04-17,1552.01,13382.89,21569.67
2013-04-18,1541.61,13220.07,21512.52
2013-04-19,1555.25,13316.48,22013.57
2013-04-22,1562.5,13568.37,22044.37
2013-04-23,1578.78,13529.65,21806.61
2013-04-24,1578.79,13843.46,22183.05
2013-04-25,1585.16,13926.08,22401.24
2013-04-26,1582.24,13884.13,22547.71
2013-04-29,1593.61,,22580.77
2013-04-30,1597.57,13860.86,22737.01
2013-05-01,1582.7,13799.35,
2013-05-02,1597.59,13694.04,22668.3
2013-05-03,1614.42,,22689.96
2013-05-06,1617.5,,22915.09
2013-05-07,1625.96,14180.24,23047.09
2013-05-08,1632.69,14285.69,23244.35
2013-05-09,1626.67,14191.48,23211.48
2013-05-10,1633.7,14607.54,23321.22
2013-05-13,1633.77,14782.21,22989.81
2013-05-14,1650.34,14758.42,22930.28
2013-05-15,1658.78,15096.03,23044.24
2013-05-16,1650.47,15037.24,23082.68
2013-05-17,1667.47,15138.12,
2013-05-20,1666.29,15360.81,23493.03
2013-05-21,1669.16,15381.02,23366.37
2013-05-22,1655.35,15627.26,23261.08
2013-05-23,1650.51,14483.98,22669.68
2013-05-24,1649.6,14612.45,22618.67
2013-05-28,1660.06,14311.98,22924.25
2013-05-29,1648.36,14326.46,22554.93
2013-05-30,1654.41,13589.03,22484.31
2013-05-31,1630.74,13774.54,22392.16
2013-06-03,1640.42,13261.82,22282.19
2013-06-04,1631.38,13533.76,22285.52
2013-06-05,1608.9,13014.87,22069.24
2013-06-06,1622.56,12904.02,21838.43
2013-06-07,1643.38,12877.53,21575.26
2013-06-10,1642.81,13514.2,21615.09
2013-06-11,1626.13,13317.62,21354.66
2013-06-12,1612.52,13289.32,
2013-06-13,1636.36,12445.38,20887.04
2013-06-14,1626.73,12686.52,20969.14
2013-06-17,1639.04,13033.12,21225.9
2013-06-18,1651.81,13007.28,21225.88
2013-06-19,1628.93,13245.22,20986.89
2013-06-20,1588.19,13014.58,20382.87
2013-06-21,1592.43,13230.13,20263.31
2013-06-24,1573.09,13062.78,19813.98
2013-06-25,1588.03,12969.34,19855.72
2013-06-26,1603.26,12834.01,20338.55
2013-06-27,1613.2,13213.55,20440.08
2013-06-28,1606.28,13677.32,20803.29
2013-07-01,1614.96,13852.5,
2013-07-02,1614.08,14098.74,20658.65
2013-07-03,1615.41,14055.56,20147.31
2013-07-05,1631.89,14309.97,20854.67
2013-07-08,1640.46,14109.34,20582.19
2013-07-09,1652.32,14472.9,20683.01
2013-07-10,1652.62,14416.6,20904.56
2013-07-11,1675.02,14472.58,21437.49
2013-07-12,1680.19,14506.25,21277.28
2013-07-15,1682.5,,21303.31
2013-07-16,1676.26,14599.12,21312.38
2013-07-17,1680.91,14615.04,21371.87
2013-07-18,1689.37,14808.5,21345.22
2013-07-19,1692.09,14589.91,21362.42
2013-07-22,1695.53,14658.04,21416.5
2013-07-23,1692.39,14778.51,21915.42
2013-07-24,1685.94,14731.28,21968.93
2013-07-25,1690.25,14562.93,21900.96
2013-07-26,1691.65,14129.98,21968.95
2013-07-29,1685.33,13661.13,21850.15
2013-07-30,1685.96,13869.82,21953.96
2013-07-31,1685.73,13668.32,21883.66
2013-08-01,1706.87,14005.77,22088.79
2013-08-02,1709.67,14466.16,22190.97
2013-08-05,1707.14,14258.04,22222.01
2013-08-06,1697.37,14401.06,21923.7
2013-08-07,1690.91,13824.94,21588.84
2013-08-08,1697.48,13605.56,21655.88
2013-08-09,1691.42,13615.19,21807.56
2013-08-12,1689.47,13519.43,22271.28
2013-08-13,1694.16,13867.0,22541.13
2013-08-14,1685.39,14050.16,
2013-08-15,1661.32,13752.94,22539.25
2013-08-16,1655.83,13650.11,22517.81
2013-08-19,1646.06,13758.13,22463.7
2013-08-20,1652.35,13396.38,21970.29
2013-08-21,1642.8,13424.33,21817.73
2013-08-22,1656.96,13365.17,21895.4
2013-08-23,1663.5,13660.55,21863.51
2013-08-26,1656.78,13636.28,22005.32
2013-08-27,1630.48,13542.37,21874.77
2013-08-28,1634.96,13338.46,21524.65
2013-08-29,1638.17,13459.71,21704.78
2013-08-30,1632.97,13388.86,21731.37
2013-09-03,1639.77,13978.44,22394.58
2013-09-04,1653.08,14053.87,22326.22
2013-09-05,1655.08,14064.82,22597.97
2013-09-06,1655.17,13860.81,22621.22
2013-09-09,1671.71,14205.23,22750.65
2013-09-10,1683.99,14423.36,22976.65
2013-09-11,1689.13,14425.07,22937.14
2013-09-12,1683.42,14387.27,22953.72
2013-09-13,1687.99,14404.67,22915.28
2013-09-16,1697.6,,23252.41
2013-09-17,1704.76,14311.67,23180.52
2013-09-18,1725.52,14505.36,23117.45
2013-09-19,1722.34,14766.18,23502.51
2013-09-20,1709.91,14742.42,
2013-09-23,1701.84,,23371.54
2013-09-24,1697.42,14732.61,23179.04
2013-09-25,1692.77,14620.53,23216.26
2013-09-26,1698.67,14799.12,23125.03
2013-09-27,1691.75,14760.07,23207.04
2013-09-30,1681.55,14455.8,22859.86
2013-10-01,1695.0,14484.72,
2013-10-02,1693.87,14170.49,22984.48
2013-10-03,1678.66,14157.25,23214.4
2013-10-04,1690.5,14024.31,23138.54
2013-10-07,1676.12,13853.32,22971.32
2013-10-08,1655.45,13894.61,23178.85
2013-10-09,1656.4,14037.84,23033.97
2013-10-10,1692.56,14194.71,22951.3
2013-10-11,1703.2,14404.74,23218.32
2013-10-14,1710.14,,
2013-10-15,1698.06,14441.54,23336.52
2013-10-16,1721.54,14467.14,23227.24
2013-10-17,1733.15,14586.51,23094.88
2013-10-18,1744.5,14561.54,23340.1
2013-10-21,1744.66,14693.57,23438.15
2013-10-22,1754.67,14713.25,23315.99
2013-10-23,1746.38,14426.05,22999.95
2013-10-24,1752.07,14486.41,22835.82
2013-10-25,1759.77,14088.19,22698.34
2013-10-28,1762.11,14396.04,22806.58
2013-10-29,1771.95,14325.98,22846.54
2013-10-30,1763.31,14502.35,23304.02
2013-10-31,1756.54,14327.94,23206.37
2013-11-01,1761.64,14201.57,23249.79
2013-11-04,1767.93,,23189.62
2013-11-05,1762.97,14225.37,23038.95
2013-11-06,1770.49,14337.31,23036.94
2013-11-07,1747.15,14228.44,22881.03
2013-11-08,1770.61,14086.8,22744.39
2013-11-11,1771.89,14269.84,23069.85
2013-11-12,1767.69,14588.68,22901.41
2013-11-13,1782.0,14567.16,22463.83
2013-11-14,1790.62,14876.41,22649.15
2013-11-15,1798.18,15165.92,23032.15
2013-11-18,1791.53,15164.3,23660.06
2013-11-19,1787.87,15126.56,23657.81
2013-11-20,1781.37,15076.08,23700.86
2013-11-21,1795.85,15365.6,23580.29
2013-11-22,1804.76,15381.72,23696.28
2013-11-25,1802.48,15619.13,23684.45
2013-11-26,1802.75,15515.24,23681.28
2013-11-27,1807.23,15449.63,23806.35
2013-11-29,1805.81,15661.87,23881.29
2013-12-02,1800.9,15655.07,24038.55
2013-12-03,1795.15,15749.66,23910.47
2013-12-04,1792.81,15407.94,23728.7
2013-12-05,1785.03,15177.49,23712.57
2013-12-06,1805.09,15299.86,23743.1
2013-12-09,1808.37,15650.21,23811.17
2013-12-10,1802.62,15611.31,23744.19
2013-12-11,1782.22,15515.06,23338.24
2013-12-12,1775.5,15341.82,23218.12
2013-12-13,1775.32,15403.11,23245.96
2013-12-16,1786.54,15152.91,23114.66
2013-12-17,1781.0,15278.63,23069.23
2013-12-18,1810.65,15587.8,23143.82
2013-12-19,1809.6,15859.22,22888.75
2013-12-20,1818.32,15870.42,22812.18
2013-12-23,1827.99,,22921.56
2013-12-24,1833.32,15889.33,23179.55
2013-12-26,1842.02,16174.44,
2013-12-27,1841.4,16178.94,23243.24
2013-12-30,1841.07,16291.31,23244.87
2013-12-31,1848.36,,23306.39
2014-01-02,1831.98,,23340.05
2014-01-03,1831.37,,22817.28
2014-01-06,1826.77,15908.88,22684.15
2014-01-07,1837.88,15814.37,22712.78
2014-01-08,1837.49,16121.45,22996.59
2014-01-09,1838.13,15880.33,22787.33
2014-01-10,1842.37,15912.06,22846.25
2014-01-13,1819.2,,22888.76
2014-01-14,1838.88,15422.4,22791.28
2014-01-15,1848.38,15808.73,22902.0
2014-01-16,1845.89,15747.2,22986.41
2014-01-17,1838.7,15734.46,23133.35
2014-01-21,1843.8,15795.96,23033.12
2014-01-22,1844.86,15820.96,23082.25
2014-01-23,1828.46,15695.89,22733.9
2014-01-24,1790.29,15391.56,22450.06
2014-01-27,1781.56,15005.73,21976.1
2014-01-28,1792.5,14980.16,21960.64
2014-01-29,1774.2,15383.91,22141.61
2014-01-30,1794.19,15007.06,22035.42
2014-01-31,1782.59,14914.53,
2014-02-03,1741.89,14619.13,
2014-02-04,1755.2,14008.47,21397.77
2014-02-05,1751.64,14180.38,21269.38
2014-02-06,1773.43,14155.12,21423.13
2014-02-07,1797.02,14462.41,21636.85
2014-02-10,1799.84,14718.34,21579.26
2014-02-11,1819.75,,21962.98
2014-02-12,1819.26,14800.06,22285.79
2014-02-13,1829.83,14534.74,22165.53
2014-02-14,1838.63,14313.03,22298.41
2014-02-18,1840.76,14843.24,22587.72
2014-02-19,1828.75,14766.53,22664.52
2014-02-20,1839.78,14449.18,22394.08
2014-02-21,1836.25,14865.67,22568.24
2014-02-24,1847.61,14837.68,22388.56
2014-02-25,1845.12,15051.6,22317.2
2014-02-26,1845.16,14970.97,22437.44
2014-02-27,1854.29,14923.11,22828.18
2014-02-28,1859.45,14841.07,22836.96
2014-03-03,1845.73,14652.23,22500.67
2014-03-04,1873.91,14721.48,22657.63
2014-03-05,1873.81,14897.63,22579.78
2014-03-06,1877.03,15134.75,22702.97
2014-03-07,1878.04,15274.07,22660.49
2014-03-10,1877.17,15120.14,22264.93
2014-03-11,1867.63,15224.11,22269.61
2014-03-12,1868.2,14830.39,21901.95
2014-03-13,1846.34,14815.98,21756.08
2014-03-14,1841.13,14327.66,21539.49
2014-03-17,1858.83,14277.67,21473.95
2014-03-18,1872.25,14411.27,21583.5
2014-03-19,1860.77,14462.52,21568.69
2014-03-20,1872.01,14224.23,21182.16
2014-03-21,1866.52,,21436.7
2014-03-24,1857.44,14475.3,21846.45
2014-03-25,1865.62,14423.19,21732.32
2014-03-26,1852.56,14477.16,21887.75
2014-03-27,1849.04,14622.89,21834.45
2014-03-28,1857.62,14696.03,22065.53
2014-03-31,1872.34,14827.83,22151.06
2014-04-01,1885.52,14791.99,22448.54
2014-04-02,1890.9,14946.32,22523.94
2014-04-03,1888.77,15071.88,22565.08
2014-04-04,1865.09,15063.77,22510.08
2014-04-07,1845.04,14808.85,22377.15
2014-04-08,1851.96,14606.88,22596.97
2014-04-09,1872.18,14299.69,22843.17
2014-04-10,1833.08,14300.12,23186.96
2014-04-11,1815.69,13960.05,23003.64
2014-04-14,1830.61,13910.16,23038.8
2014-04-15,1842.98,13996.81,22671.26
2014-04-16,1862.31,14417.68,22696.01
2014-04-17,1864.85,14417.53,22760.24
2014-04-21,1871.89,14512.38,
2014-04-22,1879.55,14388.77,22730.68
2014-04-23,1875.39,14546.27,22509.64
2014-04-24,1878.61,14404.99,22562.8
2014-04-25,1863.4,14429.26,22223.53
2014-04-28,1869.43,14288.23,22132.53
2014-04-29,1878.33,,22453.89
2014-04-30,1883.95,14304.11,22133.97
2014-05-01,1883.68,14485.13,
2014-05-02,1881.14,14457.51,22260.67
2014-05-05,1884.66,,21976.33
2014-05-06,1867.72,,
2014-05-07,1878.21,14033.45,21746.26
2014-05-08,1875.63,14163.78,21837.12
2014-05-09,1878.48,14199.59,21862.99
2014-05-12,1896.65,14149.52,22261.61
2014-05-13,1897.45,14425.44,22352.38
2014-05-14,1888.53,14405.76,22582.77
2014-05-15,1870.85,14298.21,22730.86
2014-05-16,1877.86,14096.59,22712.91
2014-05-19,1885.08,14006.44,22704.5
2014-05-20,1872.83,14075.25,22834.68
2014-05-21,1888.03,14042.17,22836.52
2014-05-22,1892.49,14337.79,22953.76
2014-05-23,1900.53,14462.17,22965.86
2014-05-27,1911.91,14636.52,22944.3
2014-05-28,1909.78,14670.95,23080.03
2014-05-29,1920.03,14681.72,23010.14
2014-05-30,1923.57,14632.38,23081.65
2014-06-02,1924.97,14935.92,
2014-06-03,1924.24,15034.25,23291.04
2014-06-04,1927.88,15067.96,23151.71
2014-06-05,1940.46,15079.37,23109.66
2014-06-06,1949.44,15077.24,22951.0
2014-06-09,1951.27,15124.0,23117.47
2014-06-10,1950.79,14994.8,23315.74
2014-06-11,1943.89,15069.48,23257.29
2014-06-12,1930.11,14973.53,23175.02
2014-06-13,1936.16,15097.84,23319.17
2014-06-16,1937.78,14933.29,23300.67
2014-06-17,1941.99,14975.97,23203.59
2014-06-18,1956.98,15115.8,23181.72
2014-06-19,1959.48,15361.16,23167.73
2014-06-20,1962.87,15349.42,23194.06
2014-06-23,1962.61,15369.28,22804.81
2014-06-24,1949.98,15376.24,22880.64
2014-06-25,1959.53,15266.61,22866.7
2014-06-26,1957.22,15308.49,23197.83
2014-06-27,1960.96,15095.0,23221.52
2014-06-30,1960.23,15162.1,23190.72
2014-07-01,1973.32,15326.2,
2014-07-02,1974.62,15369.97,23549.62
2014-07-03,1985.44,15348.29,23531.44
2014-07-07,1977.65,15379.44,23540.92
2014-07-08,1963.71,15314.41,23541.38
2014-07-09,1972.83,15302.65,23176.07
2014-07-10,1964.68,15216.47,23238.99
2014-07-11,1967.57,15164.04,23233.45
2014-07-14,1977.1,15296.82,23346.67
2014-07-15,1973.28,15395.16,23459.96
2014-07-16,1981.57,15379.3,23523.28
2014-07-17,1958.12,15370.26,23520.87
2014-07-18,1978.22,15215.71,23454.79
2014-07-21,1973.63,,23387.14
2014-07-22,1983.53,15343.28,23782.11
2014-07-23,1987.01,15328.56,23971.87
2014-07-24,1987.98,15284.42,24141.5
2014-07-25,1978.34,15457.87,24216.01
2014-07-28,1978.91,15529.4,24428.63
2014-07-29,1969.95,15618.07,24640.53
2014-07-30,1970.07,15646.23,24732.21
2014-07-31,1930.67,15620.77,24756.85
2014-08-01,1925.15,15523.11,24532.43
2014-08-04,1938.99,15474.5,24600.08
2014-08-05,1920.21,15320.31,24648.26
2014-08-06,1920.24,15159.79,24584.13
2014-08-07,1909.57,15232.37,24387.56
2014-08-08,1931.59,14778.37,24331.41
2014-08-11,1936.92,15130.52,24646.02
2014-08-12,1933.75,15161.31,24689.41
2014-08-13,1946.72,15213.63,24890.34
2014-08-14,1955.18,15314.57,24801.36
2014-08-15,1955.06,15318.34,24954.94
2014-08-18,1971.74,15322.6,24955.46
2014-08-19,1981.6,15449.79,25122.95
2014-08-20,1986.51,15454.45,25159.76
2014-08-21,1992.37,15586.2,24994.1
2014-08-22,1988.4,15539.19,25112.23
2014-08-25,1997.92,15613.25,25166.91
2014-08-26,2000.02,15521.22,25074.5
2014-08-27,2000.12,15534.82,24918.75
2014-08-28,1996.74,15459.86,24741.0
2014-08-29,2003.37,15424.59,24742.06
2014-09-02,2002.28,15668.6,24749.02
2014-09-03,2000.72,15728.35,25317.95
2014-09-04,1997.65,15676.18,25297.92
2014-09-05,2007.71,15668.68,25240.15
2014-09-08,2001.54,15705.11,25190.45
2014-09-09,1988.44,15749.15,
2014-09-10,1995.69,15788.78,24705.36
2014-09-11,1997.45,15909.2,24662.64
2014-09-12,1985.54,15948.29,24595.32
2014-09-15,1984.13,,24356.99
2014-09-16,1998.98,15911.53,24136.01
2014-09-17,2001.57,15888.67,24376.41
2014-09-18,2011.36,16067.57,24168.72
2014-09-19,2010.4,16321.17,24306.16
2014-09-22,1994.29,16205.9,23955.49
2014-09-23,1982.77,,23837.07
2014-09-24,1998.3,16167.45,23921.61
2014-09-25,1965.99,16374.14,23768.13
2014-09-26,1982.85,16229.86,23678.41
2014-09-29,1977.8,16310.64,23229.21
2014-09-30,1972.29,16173.52,22932.98
2014-10-01,1946.16,16082.25,
2014-10-02,1946.17,15661.99,
2014-10-03,1967.9,15708.65,23064.56
2014-10-06,1964.82,15890.95,23315.04
2014-10-07,1935.1,15783.83,23422.52
2014-10-08,1968.89,15595.98,23263.33
2014-10-09,1928.21,15478.93,23534.53
2014-10-10,1906.13,15300.55,23088.54
2014-10-13,1874.74,,23143.38
2014-10-14,1877.7,14936.51,23047.97
2014-10-15,1862.49,15073.52,23140.05
2014-10-16,1862.76,14738.38,22900.94
2014-10-17,1886.76,14532.51,23023.21
2014-10-20,1904.01,15111.23,23070.26
2014-10-21,1941.28,14804.28,23088.58
2014-10-22,1927.11,15195.77,23403.97
2014-10-23,1950.82,15138.96,23333.18
2014-10-24,1964.58,15291.64,23302.2
2014-10-27,1961.63,15388.72,23143.23
2014-10-28,1985.05,15329.91,23520.36
2014-10-29,1982.3,15553.91,23819.87
2014-10-30,1994.65,15658.2,23702.04
2014-10-31,2018.05,16413.76,23998.06
2014-11-03,2017.81,,23915.97
2014-11-04,2012.1,16862.47,23845.66
2014-11-05,2023.57,16937.32,23695.62
2014-11-06,2031.21,16792.48,23649.31
2014-11-07,2031.92,16880.38,23550.24
2014-11-10,2038.26,16780.53,23744.7
2014-11-11,2039.68,17124.11,23808.28
2014-11-12,2038.25,17197.05,23938.18
2014-11-13,2039.33,17392.79,24019.94
2014-11-14,2039.82,17490.83,24087.38
2014-11-17,2041.32,16973.8,23797.08
2014-11-18,2051.8,17344.06,23529.17
2014-11-19,2048.72,17288.75,23373.31
2014-11-20,2052.75,17300.86,23349.64
2014-11-21,2063.5,17357.51,23437.12
2014-11-24,2069.41,,23893.14
2014-11-25,2067.03,17407.62,23843.91
2014-11-26,2072.83,17383.58,24111.98
2014-11-28,2067.56,17459.85,23987.45
2014-12-01,2053.44,17590.1,23367.45
2014-12-02,2066.55,17663.22,23654.3
2014-12-03,2074.33,17720.43,23428.62
2014-12-04,2071.92,17887.21,23832.56
2014-12-05,2075.37,17920.45,24002.64
2014-12-08,2060.31,17935.64,24047.67
2014-12-09,2059.82,17813.38,23485.83
2014-12-10,2026.14,17412.58,23524.52
2014-12-11,2035.33,17257.4,23312.54
2014-12-12,2002.33,17371.58,23249.2
2014-12-15,1989.63,17099.4,23027.85
2014-12-16,1972.74,16755.32,22670.5
2014-12-17,2012.89,16819.73,22585.84
2014-12-18,2061.23,17210.05,22832.21
2014-12-19,2070.65,17621.4,23116.63
2014-12-22,2078.54,17635.14,23408.57
2014-12-23,2082.17,,23333.69
2014-12-24,2081.88,17854.23,23349.34
2014-12-26,2088.77,17818.96,
2014-12-29,2090.57,17729.84,23773.18
2014-12-30,2080.35,17450.77,23501.1
2014-12-31,2058.9,,23605.04
2015-01-02,2058.2,,23857.82
2015-01-05,2020.58,17408.71,23721.32
2015-01-06,2002.61,16883.19,23485.41
2015-01-07,2025.9,16885.33,23681.26
2015-01-08,2062.14,17167.1,23835.53
2015-01-09,2044.81,17197.73,23919.95
2015-01-12,2028.26,,24026.46
2015-01-13,2023.03,17087.71,24215.97
2015-01-14,2011.27,16795.96,24112.6
2015-01-15,1992.67,17108.7,24350.91
2015-01-16,2019.42,16864.16,24103.52
2015-01-20,2022.55,17366.3,23951.16
2015-01-21,2032.12,17280.48,24352.58
2015-01-22,2063.15,17329.02,24522.63
2015-01-23,2051.82,17511.75,24850.45
2015-01-26,2057.09,17468.52,24909.9
2015-01-27,2029.55,17768.3,24807.28
2015-01-28,2002.16,17795.73,24861.81
2015-01-29,2021.25,17606.22,24595.85
2015-01-30,1994.99,17674.39,24507.05
2015-02-02,2020.85,17558.04,24484.74
2015-02-03,2050.03,17335.85,24554.78
2015-02-04,2041.51,17678.74,24679.76
2015-02-05,2062.52,17504.62,24765.49
2015-02-06,2055.47,17648.5,24679.39
2015-02-09,2046.74,17711.93,24521.0
2015-02-10,2068.59,17652.68,24528.1
2015-02-11,2068.53,,24315.02
2015-02-12,2088.48,17979.72,24422.15
2015-02-13,2096.99,17913.36,24682.54
2015-02-17,2100.34,17987.09,24784.88
2015-02-18,2099.68,18199.17,24832.08
2015-02-19,2097.45,18264.79,
2015-02-20,2110.3,18332.3,
2015-02-23,2109.66,18466.92,24836.76
2015-02-24,2115.48,18603.48,24750.07
2015-02-25,2113.86,18585.2,24778.28
2015-02-26,2110.74,18785.79,24902.06
2015-02-27,2104.5,18797.94,24823.29
2015-03-02,2117.39,18826.88,24887.44
2015-03-03,2107.78,18815.16,24702.78
2015-03-04,2098.53,18703.6,24465.38
2015-03-05,2101.04,18751.84,24193.04
2015-03-06,2071.26,18971.0,24164.0
2015-03-09,2079.43,18790.55,24123.05
2015-03-10,2044.16,18665.11,23896.98
2015-03-11,2040.24,18723.52,23717.97
2015-03-12,2065.95,18991.11,23797.96
2015-03-13,2053.4,19254.25,23823.21
2015-03-16,2081.19,19246.06,23949.55
2015-03-17,2074.28,19437.0,23901.49
2015-03-18,2099.5,19544.48,24120.08
2015-03-19,2089.27,19476.56,24468.89
2015-03-20,2108.1,19560.22,24375.24
2015-03-23,2104.42,19754.36,24494.51
2015-03-24,2091.5,19713.45,24399.6
2015-03-25,2061.05,19746.2,24528.23
2015-03-26,2056.15,19471.12,24497.08
2015-03-27,2061.02,19285.63,24486.2
2015-03-30,2086.24,19411.4,24855.12
2015-03-31,2067.89,19206.99,24900.89
2015-04-01,2059.69,19034.84,25082.75
2015-04-02,2066.96,19312.79,25275.64
2015-04-06,2080.62,19397.98,
2015-04-07,2076.33,19640.54,
2015-04-08,2081.9,19789.81,26236.86
2015-04-09,2091.18,19937.72,26944.39
2015-04-10,2102.06,19907.63,27272.39
2015-04-13,2092.43,19905.46,28016.34
2015-04-14,2095.84,19908.68,27561.49
2015-04-15,2106.63,19869.76,27618.82
2015-04-16,2104.99,19885.77,27739.71
2015-04-17,2081.18,19652.88,27653.12
2015-04-20,2100.4,19634.49,27094.93
2015-04-21,2097.29,19909.09,27850.49
2015-04-22,2107.96,20133.9,27933.85
2015-04-23,2112.93,20187.65,27827.7
2015-04-24,2117.69,20020.04,28060.98
2015-04-27,2108.92,19983.32,28433.59
2015-04-28,2114.76,20058.95,28442.75
2015-04-29,2106.85,,28400.34
2015-04-30,2085.51,19520.01,28133.0
2015-05-01,2108.29,19531.63,
2015-05-04,2114.49,,28123.82
2015-05-05,2089.46,,27755.54
2015-05-06,2080.15,,27640.91
2015-05-07,2088.0,19291.99,27289.97
2015-05-08,2116.1,19379.19,27577.34
2015-05-11,2105.33,19620.91,27718.2
2015-05-12,2099.12,19624.84,27407.18
2015-05-13,2098.48,19764.72,27249.28
2015-05-14,2121.1,19570.24,27286.55
2015-05-15,2122.73,19732.92,27822.28
2015-05-18,2129.2,19890.27,27591.25
2015-05-19,2127.83,20026.38,27693.54
2015-05-20,2125.85,20196.56,27585.05
2015-05-21,2130.82,20202.87,27523.72
2015-05-22,2126.06,20264.41,27992.83
2015-05-26,2104.2,20437.48,28249.86
2015-05-27,2123.48,20472.58,28081.21
2015-05-28,2120.79,20551.46,27454.31
2015-05-29,2107.39,20563.15,27424.19
2015-06-01,2111.73,20569.87,27597.16
2015-06-02,2109.6,20543.19,27466.72
2015-06-03,2114.07,20473.51,27657.47
2015-06-04,2095.84,20488.19,27551.89
2015-06-05,2092.83,20460.9,27260.16
2015-06-08,2079.28,20457.19,27316.28
2015-06-09,2080.15,20096.3,26989.52
2015-06-10,2105.2,20046.36,26687.64
2015-06-11,2108.86,20382.97,26907.85
2015-06-12,2094.11,20407.08,27280.54
2015-06-15,2084.43,20387.79,26861.81
2015-06-16,2096.29,20257.94,26566.7
2015-06-17,2100.44,20219.27,26753.79
2015-06-18,2121.24,19990.82,26694.66
2015-06-19,2109.99,20174.24,26760.53
2015-06-22,2122.85,20428.19,27080.85
2015-06-23,2124.2,20809.42,27333.46
2015-06-24,2108.58,20868.03,27404.97
2015-06-25,2102.31,20771.4,27145.75
2015-06-26,2101.49,20706.15,26663.87
2015-06-29,2057.64,20109.95,25966.98
2015-06-30,2063.11,20235.73,26250.03
2015-07-01,2077.42,20329.32,
2015-07-02,2076.78,20522.5,26282.32
2015-07-06,2068.76,20112.12,25236.28
2015-07-07,2081.34,20376.59,24975.31
2015-07-08,2046.68,19737.64,23516.56
2015-07-09,2051.31,19855.5,24392.79
2015-07-10,2076.62,19779.83,24901.28
2015-07-13,2099.6,20089.77,25224.01
2015-07-14,2108.95,20385.33,25120.91
2015-07-15,2107.4,20463.33,25055.76
2015-07-16,2124.29,20600.12,25162.78
2015-07-17,2126.64,20650.92,25415.27
2015-07-20,2128.28,,25404.81
2015-07-21,2119.21,20841.97,25536.43
2015-07-22,2114.15,20593.67,25282.62
2015-07-23,2102.15,20683.95,25398.85
2015-07-24,2079.65,20544.53,25128.51
2015-07-27,2067.64,20350.1,24351.96
2015-07-28,2093.25,20328.89,24503.94
2015-07-29,2108.57,20302.91,24619.45
2015-07-30,2108.63,20522.83,24497.98
2015-07-31,2103.84,20585.24,24636.28
2015-08-03,2098.04,20548.11,24411.42
2015-08-04,2093.32,20520.36,24406.12
2015-08-05,2099.84,20614.06,24514.16
2015-08-06,2083.56,20664.44,24375.28
2015-08-07,2077.57,20724.56,24552.47
2015-08-10,2104.18,20808.69,24521.12
2015-08-11,2084.07,20720.75,24498.21
2015-08-12,2086.05,20392.77,23916.02
2015-08-13,2083.39,20595.55,24018.8
2015-08-14,2091.54,20519.45,23991.03
2015-08-17,2102.44,20620.26,23814.65
2015-08-18,2096.92,20554.47,23474.97
2015-08-19,2079.61,20222.63,23167.85
2015-08-20,2035.73,20033.52,22757.47
2015-08-21,1970.89,19435.83,22409.62
2015-08-24,1893.21,18540.68,21251.57
2015-08-25,1867.61,17806.7,21404.96
2015-08-26,1940.51,18376.83,21080.39
2015-08-27,1987.66,18574.44,21838.54
2015-08-28,1988.87,19136.32,21612.39
2015-08-31,1972.18,18890.48,21670.58
2015-09-01,1913.85,18165.69,21185.43
2015-09-02,1948.86,18095.4,20934.94
2015-09-03,1951.13,18182.39,
2015-09-04,1921.22,17792.16,20840.61
2015-09-08,1969.41,17427.08,21259.04
2015-09-09,1942.04,18770.51,22131.31
2015-09-10,1952.29,18299.62,21562.5
2015-09-11,1961.05,18264.22,21504.37
2015-09-14,1953.03,17965.7,21561.9
2015-09-15,1978.09,18026.48,21455.23
2015-09-16,1995.31,18171.6,21966.66
2015-09-17,1990.2,18432.27,21854.63
2015-09-18,1958.03,18070.21,21920.83
2015-09-21,1966.97,,21756.93
2015-09-22,1942.74,,21796.58
2015-09-23,1938.76,,21302.91
2015-09-24,1932.24,17571.83,21095.98
2015-09-25,1931.34,17880.51,21186.32
2015-09-28,1881.77,17645.11,
2015-09-29,1884.09,16930.84,20556.6
2015-09-30,1920.03,17388.15,20846.3
2015-10-01,1923.82,17722.42,
2015-10-02,1951.36,17725.13,21506.09
2015-10-05,1987.05,18005.49,21854.5
2015-10-06,1979.92,18186.1,21831.62
2015-10-07,1995.83,18322.98,22515.76
2015-10-08,2013.43,18141.17,22354.91
2015-10-09,2014.89,18438.67,22458.8
2015-10-12,2017.46,,22730.93
2015-10-13,2003.69,18234.74,22600.46
2015-10-14,1994.24,17891.0,22439.91
2015-10-15,2023.86,18096.9,22888.17
2015-10-16,2033.11,18291.8,23067.37
2015-10-19,2033.66,18131.23,23075.61
2015-10-20,2030.77,18207.15,22989.22
2015-10-21,2018.94,18554.28,
2015-10-22,2052.51,18435.87,22845.37
2015-10-23,2075.15,18825.3,23151.94
2015-10-26,2071.18,18947.12,23116.25
2015-10-27,2065.89,18777.04,23142.73
2015-10-28,2090.35,18903.02,22956.57
2015-10-29,2089.41,18935.71,22819.94
2015-10-30,2079.36,19083.1,22640.04
2015-11-02,2104.05,18683.24,22370.04
2015-11-03,2109.79,,22568.43
2015-11-04,2102.31,18926.91,23053.57
2015-11-05,2099.93,19116.41,23051.04
2015-11-06,2099.2,19265.6,22867.33
2015-11-09,2078.58,19642.74,22726.77
2015-11-10,2081.72,19671.26,22401.7
2015-11-11,2075.0,19691.39,22352.17
2015-11-12,2045.97,19697.77,22888.92
2015-11-13,2023.04,19596.91,22396.14
2015-11-16,2053.19,19393.69,22010.82
2015-11-17,2050.44,19630.63,22264.25
2015-11-18,2083.58,19649.18,22188.26
2015-11-19,2081.24,19859.81,22500.22
2015-11-20,2089.17,19879.81,22754.72
2015-11-23,2086.59,,22665.9
2015-11-24,2089.14,19924.89,22587.63
2015-11-25,2088.87,19847.58,22498.0
2015-11-27,2090.11,19883.94,22068.32
2015-11-30,2080.41,19747.47,21996.42
2015-12-01,2102.63,20012.4,22381.35
2015-12-02,2079.51,19938.13,22479.69
2015-12-03,2049.62,19939.9,22417.01
2015-12-04,2091.69,19504.48,22235.89
2015-12-07,2077.07,19698.15,22203.22
2015-12-08,2063.59,19492.6,21905.13
2015-12-09,2047.62,19301.07,21803.76
2015-12-10,2052.23,19046.55,21704.61
2015-12-11,2012.37,19230.48,21464.05
2015-12-14,2021.94,18883.42,21309.85
2015-12-15,2043.41,18565.9,21274.37
2015-12-16,2073.07,19049.91,21701.21
2015-12-17,2041.89,19353.56,21872.06
2015-12-18,2005.55,18986.8,21755.56
2015-12-21,2021.15,18916.02,21791.68
2015-12-22,2038.97,18886.7,21830.02
2015-12-23,2064.29,,22040.59
2015-12-24,2060.99,18789.69,22138.13
2015-12-28,2056.5,18873.35,21919.62
2015-12-29,2078.36,18982.23,21999.62
2015-12-30,2063.36,19033.71,21882.15
2015-12-31,2043.94,,21914.4
2016-01-04,2012.66,18450.98,21327.12
2016-01-05,2016.71,18374.0,21188.72
2016-01-06,1990.26,18191.32,20980.81
2016-01-07,1943.09,17767.34,20333.34
2016-01-08,1922.03,17697.96,20453.71
2016-01-11,1923.67,,19888.5
2016-01-12,1938.68,17218.96,19711.76
2016-01-13,1890.28,17715.63,19934.88
2016-01-14,1921.84,17240.95,19817.41
2016-01-15,1880.33,17147.11,19520.77
2016-01-19,1881.33,17048.37,19635.81
2016-01-20,1859.33,16416.19,18886.3
2016-01-21,1868.99,16017.26,18552.77
2016-01-22,1906.9,16958.53,19080.51
2016-01-25,1877.08,17110.91,19340.14
2016-01-26,1903.63,16708.9,18860.8
2016-01-27,1882.95,17163.92,19052.45
2016-01-28,1893.36,17041.45,19195.83
2016-01-29,1940.24,17518.3,19683.11
2016-02-01,1939.38,17865.23,19595.5
2016-02-02,1903.03,17750.68,19446.84
2016-02-03,1912.53,17191.25,18991.59
2016-02-04,1915.45,17044.99,19183.09
2016-02-05,1880.05,16819.59,19288.17
2016-02-08,1853.44,17004.3,
2016-02-09,1852.21,16085.44,
2016-02-10,1851.86,15713.39,
2016-02-11,1829.08,,18545.8
2016-02-12,1864.78,14952.61,18319.58
2016-02-16,1895.58,16054.43,19122.08
2016-02-17,1926.82,15836.36,18924.57
2016-02-18,1917.83,16196.8,19363.08
2016-02-19,1917.78,15967.17,19285.5
2016-02-22,1945.5,16111.05,19464.09
2016-02-23,1921.27,16052.05,19414.78
2016-02-24,1929.8,15915.79,19192.45
2016-02-25,1951.7,16140.34,18888.75
2016-02-26,1948.05,16188.41,19364.15
2016-02-29,1932.23,16026.76,19111.93
2016-03-01,1978.35,16085.51,19407.46
2016-03-02,1986.45,16746.55,20003.49
2016-03-03,1993.4,16960.16,19941.76
2016-03-04,1999.99,17014.78,20176.7
2016-03-07,2001.76,16911.32,20159.72
2016-03-08,1979.26,16783.15,20011.58
2016-03-09,1989.26,16642.2,19996.26
2016-03-10,1989.57,16852.35,19984.42
2016-03-11,2022.19,16938.87,20199.6
2016-03-14,2019.64,17233.75,20435.34
2016-03-15,2015.93,17117.07,20288.77
2016-03-16,2027.22,16974.45,20257.7
2016-03-17,2040.59,16936.38,20503.81
2016-03-18,2049.58,16724.81,20671.63
2016-03-21,2051.6,,20684.15
2016-03-22,2049.8,17048.55,20666.75
2016-03-23,2036.71,17000.98,20615.23
2016-03-24,2035.94,16892.33,20345.61
2016-03-28,2037.05,17134.37,
2016-03-29,2055.01,17103.53,20366.3
2016-03-30,2063.95,16878.96,20803.39
2016-03-31,2059.74,16758.67,20776.7
2016-04-01,2072.78,16164.16,20498.92
2016-04-04,2066.13,16123.27,
2016-04-05,2045.17,15732.82,20177.0
2016-04-06,2066.66,15715.36,20206.67
2016-04-07,2041.91,15749.84,20266.05
2016-04-08,2047.6,15821.52,20370.4
2016-04-11,2041.99,15751.13,20440.81
2016-04-12,2061.72,15928.79,20504.44
2016-04-13,2082.42,16381.22,21158.71
2016-04-14,2082.78,16911.05,21337.81
2016-04-15,2080.73,16848.03,21316.47
2016-04-18,2094.34,16275.95,21161.5
2016-04-19,2100.8,16874.44,21436.21
2016-04-20,2102.4,16906.54,21236.31
2016-04-21,2091.48,17363.62,21622.25
2016-04-22,2091.58,17572.49,21467.04
2016-04-25,2087.79,17439.3,21304.44
2016-04-26,2091.7,17353.28,21407.27
2016-04-27,2095.15,17290.49,21361.6
2016-04-28,2075.81,16666.05,21388.03
2016-04-29,2065.3,,21067.05
2016-05-02,2081.43,16147.38,
2016-05-03,2063.37,,20676.94
2016-05-04,2051.12,,20525.83
2016-05-05,2050.63,,20449.82
2016-05-06,2057.14,16106.72,20109.87
2016-05-09,2058.69,16216.03,20156.81
2016-05-10,2084.39,16565.19,20242.68
2016-05-11,2064.46,16579.01,20055.29
2016-05-12,2064.11,16646.34,19915.46
2016-05-13,2046.61,16412.21,19719.29
2016-05-16,2066.66,16466.4,19883.95
2016-05-17,2047.21,16652.8,20118.8
2016-05-18,2047.63,16644.69,19826.41
2016-05-19,2040.04,16646.66,19694.33
2016-05-20,2052.32,16736.35,19852.2
2016-05-23,2048.04,16654.6,19809.03
2016-05-24,2076.06,16498.76,19830.43
2016-05-25,2090.54,16757.35,20368.05
2016-05-26,2090.1,16772.46,20397.11
2016-05-27,2099.06,16834.84,20576.77
2016-05-31,2096.95,17234.98,20815.09
2016-06-01,2099.33,16955.73,20760.98
2016-06-02,2105.26,16562.55,20859.22
2016-06-03,2099.13,16642.23,20947.24
2016-06-06,2109.41,16580.03,21030.22
2016-06-07,2112.13,16675.45,21328.24
2016-06-08,2119.12,16830.92,21297.88
2016-06-09,2115.48,16668.41,
2016-06-10,2096.07,16601.36,21042.64
2016-06-13,2079.06,16019.18,20512.99
2016-06-14,2075.32,15859.0,20387.53
2016-06-15,2071.5,15919.58,20467.52
2016-06-16,2077.99,15434.14,20038.42
2016-06-17,2071.22,15599.66,20169.98
2016-06-20,2083.25,15965.3,20510.2
2016-06-21,2088.9,16169.11,20668.44
2016-06-22,2085.45,16065.72,20795.12
2016-06-23,2113.32,16238.35,20868.34
2016-06-24,2037.41,14952.02,20259.13
2016-06-27,2000.54,15309.21,20227.3
2016-06-28,2036.09,15323.14,20172.46
2016-06-29,2070.77,15566.83,20436.12
2016-06-30,2098.86,15575.92,20794.37
2016-07-01,2102.95,15682.48,
2016-07-05,2088.55,15669.33,20750.72
2016-07-06,2099.73,15378.99,20495.29
2016-07-07,2097.9,15276.24,20706.92
2016-07-08,2129.9,15106.98,20564.17
2016-07-11,2137.16,15708.82,20880.5
2016-07-12,2152.14,16095.65,21224.74
2016-07-13,2152.43,16231.43,21322.37
2016-07-14,2163.75,16385.89,21561.06
2016-07-15,2161.74,16497.85,21659.25
2016-07-18,2166.89,,21803.18
2016-07-19,2163.78,16723.31,21673.2
2016-07-20,2173.02,16681.89,21882.48
2016-07-21,2165.17,16810.22,22000.49
2016-07-22,2175.03,16627.25,21964.27
2016-07-25,2168.48,16620.29,21993.44
2016-07-26,2169.18,16383.04,22129.73
2016-07-27,2166.58,16664.82,22218.99
2016-07-28,2170.06,16476.84,22174.34
2016-07-29,2173.6,16569.27,21891.37
2016-08-01,2170.84,16635.77,22129.14
2016-08-02,2157.03,16391.45,
2016-08-03,2163.79,16083.11,21739.12
2016-08-04,2164.25,16254.89,21832.23
2016-08-05,2182.87,16254.45,22146.09
2016-08-08,2180.89,16650.57,22494.76
2016-08-09,2181.74,16764.97,22465.61
2016-08-10,2175.49,16735.12,22492.43
2016-08-11,2185.79,,22580.55
2016-08-12,2184.05,16919.92,22766.91
2016-08-15,2190.15,16869.56,22932.51
2016-08-16,2178.15,16596.51,22910.84
2016-08-17,2182.22,16745.64,22799.78
2016-08-18,2187.02,16486.01,23023.16
2016-08-19,2183.87,16545.82,22937.22
2016-08-22,2182.64,16598.19,22997.91
2016-08-23,2186.9,16497.36,22998.93
2016-08-24,2175.44,16597.3,22820.78
2016-08-25,2172.47,16555.95,22814.95
2016-08-26,2169.04,16360.71,22909.54
2016-08-29,2180.38,16737.49,22821.34
2016-08-30,2176.12,16725.36,23016.11
2016-08-31,2170.95,16887.4,22976.88
2016-09-01,2170.86,16926.84,23162.34
2016-09-02,2179.98,16925.68,23266.7
2016-09-06,2186.48,17081.98,23787.68
2016-09-07,2186.16,17012.44,23741.81
2016-09-08,2181.3,16958.77,23919.34
2016-09-09,2127.81,16965.76,24099.7
2016-09-12,2159.04,16672.92,23290.6
2016-09-13,2127.02,16729.04,23215.76
2016-09-14,2125.77,16614.24,23190.64
2016-09-15,2147.26,16405.01,23335.59
2016-09-16,2139.16,16519.29,
2016-09-19,2139.12,,23550.45
2016-09-20,2139.76,16492.15,23530.86
2016-09-21,2163.12,16807.62,23669.9
2016-09-22,2177.18,,23759.8
2016-09-23,2164.69,16754.02,23686.48
2016-09-26,2146.1,16544.56,23317.92
2016-09-27,2159.93,16683.93,23571.9
2016-09-28,2171.37,16465.4,23619.65
2016-09-29,2151.13,16693.71,23739.47
2016-09-30,2168.27,16449.84,23297.15
2016-10-03,2161.2,16598.67,23584.43
2016-10-04,2150.49,16735.65,23689.44
2016-10-05,2159.73,16819.24,23788.31
2016-10-06,2160.77,16899.1,23952.5
2016-10-07,2153.74,16860.09,23851.82
2016-10-10,2163.66,,
2016-10-11,2136.73,17024.76,23549.52
2016-10-12,2139.18,16840.0,23407.05
2016-10-13,2132.55,16774.24,23031.3
2016-10-14,2132.98,16856.37,23233.31
2016-10-17,2126.5,16900.12,23037.54
2016-10-18,2139.6,16963.61,23394.39
2016-10-19,2144.29,16998.91,23304.97
2016-10-20,2141.34,17235.5,23374.4
2016-10-21,2141.16,17184.59,
2016-10-24,2151.33,17234.42,23604.08
2016-10-25,2143.16,17365.25,23565.11
2016-10-26,2139.43,17391.84,23325.43
2016-10-27,2133.04,17336.42,23132.35
2016-10-28,2126.41,17446.41,22954.81
2016-10-31,2126.15,17425.02,22934.54
2016-11-01,2111.72,17442.4,23147.07
2016-11-02,2097.94,17134.68,22810.5
2016-11-03,2088.66,,22683.51
2016-11-04,2085.18,16905.36,22642.62
2016-11-07,2131.52,17177.21,22801.4
2016-11-08,2139.56,17171.38,22909.47
2016-11-09,2163.26,16251.54,22415.19
2016-11-10,2167.48,17344.42,22839.11
2016-11-11,2164.45,17374.79,22531.09
2016-11-14,2164.2,17672.62,22222.22
2016-11-15,2180.39,17668.15,22323.91
2016-11-16,2176.94,17862.21,22280.53
2016-11-17,2187.12,17862.63,22262.88
2016-11-18,2181.9,17967.41,22344.21
2016-11-21,2198.18,18106.02,22357.78
2016-11-22,2202.94,18162.94,22678.07
2016-11-23,2204.72,,22676.69
2016-11-25,2213.35,18381.22,22723.45
2016-11-28,2201.72,18356.89,22830.57
2016-11-29,2204.66,18307.04,22737.07
2016-11-30,2198.81,18308.48,22789.77
2016-12-01,2191.08,18513.12,22878.23
2016-12-02,2191.95,18426.08,22564.82
2016-12-05,2204.71,18274.99,22505.55
2016-12-06,2212.23,18360.54,22675.15
2016-12-07,2241.35,18496.69,22800.92
2016-12-08,2246.19,18765.47,22861.84
2016-12-09,2259.53,18996.37,22760.98
2016-12-12,2256.96,19155.03,22433.02
2016-12-13,2271.72,19250.52,22446.7
2016-12-14,2253.28,19253.61,22456.62
2016-12-15,2262.03,19273.79,22059.4
2016-12-16,2258.07,19401.15,22020.75
2016-12-19,2262.53,19391.6,21832.68
2016-12-20,2270.76,19494.53,21729.06
2016-12-21,2265.18,19444.49,21809.8
2016-12-22,2260.96,19427.67,21636.2
2016-12-23,2263.79,,21574.76
2016-12-27,2268.88,19403.06,
2016-12-28,2249.92,19401.72,21754.74
2016-12-29,2249.26,19145.14,21790.91
2016-12-30,2238.83,19114.37,22000.56
2017-01-03,2257.83,,22150.4
2017-01-04,2270.75,19594.16,22134.47
2017-01-05,2269.0,19520.69,22456.69
2017-01-06,2276.98,19454.33,22503.01
2017-01-09,2268.9,,22558.69
2017-01-10,2268.9,19301.44,22744.85
2017-01-11,2275.32,19364.67,22935.35
2017-01-12,2270.44,19134.7,22829.02
2017-01-13,2274.64,19287.28,22937.38
2017-01-17,2267.89,18813.53,22840.97
2017-01-18,2271.89,18894.37,23098.26
2017-01-19,2263.69,19072.25,23049.96
2017-01-20,2271.31,19137.91,22885.91
2017-01-23,2265.2,18891.03,22898.52
2017-01-24,2280.07,18787.99,22949.86
2017-01-25,2298.37,19057.5,23049.12
2017-01-26,2296.68,19402.39,23374.17
2017-01-27,2294.69,19467.4,23360.78
2017-01-30,2280.9,19368.85,
2017-01-31,2278.87,19041.34,
2017-02-01,2279.55,19148.08,23318.39
2017-02-02,2280.85,18914.58,23184.52
2017-02-03,2297.42,18918.2,23129.21
2017-02-06,2292.56,18976.71,23348.24
2017-02-07,2293.08,18910.78,23331.57
2017-02-08,2294.67,19007.6,23485.13
2017-02-09,2307.87,18907.67,23525.14
2017-02-10,2316.1,19378.93,23574.98
2017-02-13,2328.25,19459.15,23710.98
2017-02-14,2337.58,19238.98,23703.01
2017-02-15,2349.25,19437.98,23994.87
2017-02-16,2347.22,19347.53,24107.7
2017-02-17,2351.16,19234.62,24033.74
2017-02-21,2365.38,19381.44,23963.63
2017-02-22,2362.82,19379.87,24201.96
2017-02-23,2363.81,19371.46,24114.86
2017-02-24,2367.34,19283.54,23965.7
2017-02-27,2369.75,19107.47,23925.05
2017-02-28,2363.64,19118.99,23740.73
2017-03-01,2395.96,19393.54,23776.49
2017-03-02,2381.92,19564.8,23728.07
2017-03-03,2383.12,19469.17,23552.72
2017-03-06,2375.31,19379.14,23596.28
2017-03-07,2368.39,19344.15,23681.07
2017-03-08,2362.98,19254.03,23782.27
2017-03-09,2364.87,19318.58,23501.56
2017-03-10,2372.6,19604.61,23568.67
2017-03-13,2373.47,19633.75,23829.67
2017-03-14,2365.45,19609.5,23827.95
2017-03-15,2385.26,19577.38,23792.85
2017-03-16,2381.38,19590.14,24288.28
2017-03-17,2378.25,19521.59,24309.93
2017-03-20,2373.47,,24501.99
2017-03-21,2344.02,19455.88,24593.12
2017-03-22,2348.45,19041.38,24320.41
2017-03-23,2345.96,19085.31,24327.7
2017-03-24,2343.98,19262.53,24358.27
2017-03-27,2341.59,18985.59,24193.7
2017-03-28,2358.57,19202.87,24345.87
2017-03-29,2361.13,19217.48,24392.05
2017-03-30,2368.06,19063.22,24301.09
2017-03-31,2362.72,18909.26,24111.59
2017-04-03,2358.84,18983.23,24261.48
2017-04-04,2360.16,18810.25,
2017-04-05,2352.95,18861.27,24400.8
2017-04-06,2357.49,18597.06,24273.72
2017-04-07,2355.54,18664.63,24267.3
2017-04-10,2357.16,18797.88,24262.18
2017-04-11,2353.78,18747.87,24088.46
2017-04-12,2344.93,18552.61,24313.5
2017-04-13,2328.95,18426.84,24261.66
2017-04-17,2349.01,18355.26,
2017-04-18,2342.19,18418.59,23924.54
2017-04-19,2338.17,18432.2,23825.88
2017-04-20,2355.84,18430.49,24056.98
2017-04-21,2348.69,18620.75,24042.02
2017-04-24,2374.15,18875.88,24139.48
2017-04-25,2388.61,19079.33,24455.94
2017-04-26,2387.45,19289.43,24578.43
2017-04-27,2388.77,19251.87,24698.48
2017-04-28,2384.2,19196.74,24615.13
2017-05-01,2388.33,19310.52,
2017-05-02,2391.17,19445.7,24696.13
2017-05-03,2388.13,,
2017-05-04,2389.52,,24683.88
2017-05-05,2399.29,,24476.35
2017-05-08,2399.38,19895.7,24577.91
2017-05-09,2396.92,19843.0,24889.03
2017-05-10,2399.63,19900.09,25015.42
2017-05-11,2394.44,19961.55,25125.55
2017-05-12,2390.9,19883.9,25156.34
2017-05-15,2402.32,19869.85,25371.59
2017-05-16,2400.67,19919.82,25335.94
2017-05-17,2357.03,19814.88,25293.63
2017-05-18,2365.72,19553.86,25136.52
2017-05-19,2381.73,19590.76,25174.87
2017-05-22,2394.02,19678.28,25391.34
2017-05-23,2398.42,19613.28,25403.15
2017-05-24,2404.39,19742.98,25428.5
2017-05-25,2415.07,19813.13,25630.78
2017-05-26,2415.82,19686.84,25639.27
2017-05-30,2412.91,19677.85,
2017-05-31,2411.8,19650.57,25660.65
2017-06-01,2430.06,19860.03,25809.22
2017-06-02,2439.07,20177.28,25924.05
2017-06-05,2436.1,20170.82,25862.99
2017-06-06,2429.33,19979.9,25997.14
2017-06-07,2433.14,19984.62,25974.16
2017-06-08,2433.79,19909.26,26063.06
2017-06-09,2431.77,20013.26,26030.29
2017-06-12,2429.39,19908.58,25708.04
2017-06-13,2440.35,19898.75,25852.1
2017-06-14,2437.92,19883.52,25875.9
2017-06-15,2432.46,19831.82,25565.34
2017-06-16,2433.15,19943.26,25626.49
2017-06-19,2453.46,20067.75,25924.55
2017-06-20,2437.03,20230.41,25843.04
2017-06-21,2435.61,20138.79,25694.58
2017-06-22,2434.5,20110.51,25674.53
2017-06-23,2438.3,20132.67,25670.05
2017-06-26,2439.07,20153.35,25871.89
2017-06-27,2419.38,20225.09,25839.99
2017-06-28,2440.69,20130.41,25683.5
2017-06-29,2419.7,20220.3,25965.42
2017-06-30,2423.41,20033.43,25764.58
2017-07-03,2429.01,20055.8,25784.17
2017-07-05,2432.54,20081.63,25521.97
2017-07-06,2409.75,19994.06,25465.22
2017-07-07,2425.18,19929.09,25340.85
2017-07-10,2427.43,20080.98,25500.06
2017-07-11,2425.53,20195.48,25877.64
2017-07-12,2443.25,20098.38,26043.64
2017-07-13,2447.83,20099.81,26346.17
2017-07-14,2459.27,20118.86,26389.23
2017-07-17,2459.14,,26470.58
2017-07-18,2460.61,19999.91,26524.94
2017-07-19,2473.83,20020.86,26672.16
2017-07-20,2473.45,20144.59,26740.21
2017-07-21,2472.54,20099.75,26706.09
2017-07-24,2469.91,19975.67,26846.83
2017-07-25,2477.13,19955.2,26852.05
2017-07-26,2477.83,20050.16,26941.02
2017-07-27,2475.42,20079.64,27131.17
2017-07-28,2472.1,19959.84,26979.39
2017-07-31,2470.3,19925.18,27323.99
2017-08-01,2476.35,19985.79,27540.23
2017-08-02,2477.57,20080.04,27607.38
2017-08-03,2472.16,20029.26,27531.01
2017-08-04,2476.83,19952.33,27562.68
2017-08-07,2480.91,20055.89,27690.36
2017-08-08,2474.92,19996.01,27854.91
2017-08-09,2474.02,19738.71,27757.09
2017-08-10,2438.21,19729.74,27444.0
2017-08-11,2441.32,,26883.51
2017-08-14,2465.84,19537.1,27250.23
2017-08-15,2464.61,19753.31,27174.96
2017-08-16,2468.11,19729.28,27409.07
2017-08-17,2430.01,19702.63,27344.22
2017-08-18,2425.55,19470.41,27047.57
2017-08-21,2428.37,19393.13,27154.68
2017-08-22,2452.51,19383.84,27401.67
2017-08-23,2444.04,19434.64,
2017-08-24,2438.97,19353.77,27518.6
2017-08-25,2443.05,19452.61,27848.16
2017-08-28,2444.24,19449.9,27863.29
2017-08-29,2446.3,19362.55,27765.01
2017-08-30,2457.59,19506.54,28094.61
2017-08-31,2471.65,19646.24,27970.3
2017-09-01,2476.55,19691.47,27953.16
2017-09-05,2457.85,19385.81,27741.35
2017-09-06,2465.54,19357.97,27613.76
2017-09-07,2465.1,19396.52,27522.92
2017-09-08,2461.43,19274.82,27668.47
2017-09-11,2488.11,19545.77,27955.13
2017-09-12,2496.48,19776.62,27972.24
2017-09-13,2498.37,19865.82,27894.08
2017-09-14,2495.62,19807.44,27777.2
2017-09-15,2500.23,19909.5,27807.59
2017-09-18,2503.87,,28159.77
2017-09-19,2506.65,20299.38,28051.41
2017-09-20,2508.24,20310.46,28127.8
2017-09-21,2500.6,20347.48,28110.33
2017-09-22,2502.22,20296.45,27880.53
2017-09-25,2496.66,20397.58,27500.34
2017-09-26,2496.84,20330.19,27513.01
2017-09-27,2507.04,20267.05,27642.43
2017-09-28,2510.06,20363.11,27421.6
2017-09-29,2519.36,20356.28,27554.3
2017-10-02,2529.12,20400.78,
2017-10-03,2534.58,20614.07,28173.21
2017-10-04,2537.74,20626.66,28379.18
2017-10-05,2552.07,20628.56,
2017-10-06,2549.33,20690.71,28458.04
2017-10-09,2544.73,,28326.59
2017-10-10,2550.64,20823.51,28490.83
2017-10-11,2555.24,20881.27,28389.57
2017-10-12,2550.93,20954.72,28459.03
2017-10-13,2553.17,21155.18,28476.43
2017-10-16,2557.64,21255.56,28692.8
2017-10-17,2559.36,21336.12,28697.49
2017-10-18,2561.26,21363.05,28711.76
2017-10-19,2562.1,21448.52,28159.09
2017-10-20,2575.21,21457.64,28487.24
2017-10-23,2564.98,21696.65,28305.88
2017-10-24,2569.13,21805.17,28154.97
2017-10-25,2557.15,21707.62,28302.89
2017-10-26,2560.4,21739.78,28202.38
2017-10-27,2581.07,22008.45,28438.85
2017-10-30,2572.83,22011.67,28336.19
2017-10-31,2575.26,22011.61,28245.54
2017-11-01,2579.36,22420.08,28594.06
2017-11-02,2579.85,22539.12,28518.64
2017-11-03,2587.84,,28603.61
2017-11-06,2591.13,22548.35,28596.8
2017-11-07,2590.64,22937.6,28994.34
2017-11-08,2594.38,22913.82,28907.6
2017-11-09,2584.62,22868.71,29136.57
2017-11-10,2582.3,22681.42,29120.92
2017-11-13,2584.84,22380.99,29182.18
2017-11-14,2578.87,22380.01,29152.12
2017-11-15,2564.62,22028.32,28851.69
2017-11-16,2585.64,22351.12,29018.76
2017-11-17,2578.85,22396.8,29199.04
2017-11-20,2582.14,22261.76,29260.31
2017-11-21,2599.03,22416.48,29818.07
2017-11-22,2597.08,22523.15,30003.49
2017-11-24,2602.42,22550.85,29866.32
2017-11-27,2601.42,22495.99,29686.19
2017-11-28,2627.04,22486.24,29680.85
2017-11-29,2626.07,22597.2,29623.83
2017-11-30,2647.58,22724.96,29177.35
2017-12-01,2642.22,22819.03,29074.24
2017-12-04,2639.44,22707.16,29138.28
2017-12-05,2629.57,22622.38,28842.8
2017-12-06,2629.27,22177.04,28224.8
2017-12-07,2636.98,22498.03,28303.19
2017-12-08,2651.5,22811.08,28639.85
2017-12-11,2659.99,22938.73,28965.29
2017-12-12,2664.11,22866.17,28793.88
2017-12-13,2662.85,22758.07,29222.1
2017-12-14,2652.01,22694.45,29166.38
2017-12-15,2675.81,22553.22,28848.11
2017-12-18,2690.16,22901.77,29050.41
2017-12-19,2681.47,22868.0,29253.66
2017-12-20,2679.25,22891.72,29234.09
2017-12-21,2684.57,22866.1,29367.06
2017-12-22,2683.34,22902.76,29578.01
2017-12-26,2680.5,22892.69,
2017-12-27,2682.62,22911.21,29597.66
2017-12-28,2687.54,22783.98,29863.71
2017-12-29,2673.61,22764.94,29919.15
2018-01-02,2695.81,,30515.31
2018-01-03,2713.06,,30560.95
2018-01-04,2723.99,23506.33,30736.48
2018-01-05,2743.15,23714.53,30814.64
2018-01-08,2747.71,,30899.53
2018-01-09,2751.29,23849.99,31011.41
2018-01-10,2748.23,23788.2,31073.72
2018-01-11,2767.56,23710.43,31120.39
2018-01-12,2786.24,23653.82,31412.54
2018-01-16,2776.42,23951.81,31904.75
2018-01-17,2802.56,23868.34,31983.41
2018-01-18,2798.03,23763.37,32121.94
2018-01-19,2810.3,23808.06,32254.89
2018-01-22,2832.97,23816.33,32393.41
2018-01-23,2839.13,24124.15,32930.7
2018-01-24,2837.54,23940.78,32958.69
2018-01-25,2839.25,23669.49,32654.45
2018-01-26,2872.87,23631.88,33154.12
2018-01-29,2853.53,23629.34,32966.89
2018-01-30,2822.43,23291.97,32607.29
2018-01-31,2823.81,23098.29,32887.27
2018-02-01,2821.98,23486.11,32642.09
2018-02-02,2762.13,23274.53,32601.78
2018-02-05,2648.94,22682.08,32245.22
2018-02-06,2695.14,21610.24,30595.42
2018-02-07,2681.66,21645.37,30323.2
2018-02-08,2581.0,21890.86,30451.27
2018-02-09,2619.55,21382.62,29507.42
2018-02-12,2656.0,,29459.63
2018-02-13,2662.94,21244.68,29839.53
2018-02-14,2698.63,21154.17,30515.6
2018-02-15,2731.2,21464.98,31115.43
2018-02-16,2732.22,21720.25,
2018-02-20,2716.26,21925.1,30873.63
2018-02-21,2701.33,21970.81,31431.89
2018-02-22,2703.96,21736.44,30965.68
2018-02-23,2747.3,21892.78,31267.17
2018-02-26,2779.6,22153.63,31498.6
2018-02-27,2744.28,22389.86,31268.66
2018-02-28,2713.83,22068.24,30844.72
2018-03-01,2677.67,21724.47,31044.25
2018-03-02,2691.25,21181.64,30583.45
2018-03-05,2720.94,21042.09,29886.39
2018-03-06,2728.12,21417.76,30510.73
2018-03-07,2726.8,21252.72,30196.92
2018-03-08,2738.97,21368.07,30654.52
2018-03-09,2786.57,21469.2,30996.21
2018-03-12,2783.02,21824.03,31594.33
2018-03-13,2765.31,21968.1,31601.45
2018-03-14,2749.48,21777.29,31435.01
2018-03-15,2747.33,21803.95,31541.1
2018-03-16,2752.01,21676.51,31501.97
2018-03-19,2712.92,21480.9,31513.76
2018-03-20,2716.94,21380.97,31549.93
2018-03-21,2711.93,,31414.52
2018-03-22,2643.69,21591.99,31071.05
2018-03-23,2588.26,20617.86,30309.29
2018-03-26,2658.55,20766.1,30548.77
2018-03-27,2612.62,21317.32,30790.83
2018-03-28,2605.0,21031.31,30022.53
2018-03-29,2640.87,21159.08,30093.38
2018-04-02,2581.88,21388.58,
2018-04-03,2614.45,21292.29,30180.1
2018-04-04,2644.69,21319.55,29518.69
2018-04-05,2662.84,21645.42,
2018-04-06,2604.47,21567.52,29844.94
2018-04-09,2613.16,21678.26,30229.58
2018-04-10,2656.87,21794.32,30728.74
2018-04-11,2642.19,21687.1,30897.71
2018-04-12,2663.99,21660.28,30831.28
2018-04-13,2656.3,21778.74,30808.38
2018-04-16,2677.84,21835.53,30315.59
2018-04-17,2706.39,21847.59,30062.75
2018-04-18,2708.64,22158.2,30284.25
2018-04-19,2693.13,22191.18,30708.44
2018-04-20,2670.14,22162.24,30418.33
2018-04-23,2670.29,22088.04,30254.4
2018-04-24,2634.56,22278.12,30636.24
2018-04-25,2639.4,22215.32,30328.15
2018-04-26,2666.94,22319.61,30007.68
2018-04-27,2669.91,22467.87,30280.67
2018-04-30,2648.05,,30808.45
2018-05-01,2654.8,22508.03,
2018-05-02,2635.67,22472.78,30723.88
2018-05-03,2629.73,,30313.37
2018-05-04,2663.42,,29926.5
2018-05-07,2672.63,22467.16,29994.26
2018-05-08,2671.92,22508.69,30402.81
2018-05-09,2697.79,22408.88,30536.14
2018-05-10,2723.07,22497.18,30809.22
2018-05-11,2727.72,22758.48,31122.06
2018-05-14,2730.13,22865.86,31541.08
2018-05-15,2711.45,22818.02,31152.03
2018-05-16,2722.46,22717.23,31110.2
2018-05-17,2720.13,22838.37,30942.15
2018-05-18,2712.97,22930.36,31047.91
2018-05-21,2733.01,23002.37,31234.35
2018-05-22,2724.44,22960.34,
2018-05-23,2733.29,22689.74,30665.64
2018-05-24,2727.76,22437.01,30760.41
2018-05-25,2721.33,22450.79,30588.04
2018-05-29,2689.86,22358.43,30484.58
2018-05-30,2724.01,22018.52,30056.79
2018-05-31,2705.27,22201.82,30468.56
2018-06-01,2734.62,22171.35,30492.91
2018-06-04,2746.87,22475.94,30997.98
2018-06-05,2748.8,22539.54,31093.45
2018-06-06,2772.35,22625.73,31259.1
2018-06-07,2770.37,22823.26,31512.63
2018-06-08,2779.03,22694.5,30958.21
2018-06-11,2782.0,22804.04,31063.7
2018-06-12,2786.85,22878.35,31103.06
2018-06-13,2775.63,22966.38,30725.15
2018-06-14,2782.49,22738.61,30440.17
2018-06-15,2779.66,22851.75,30309.49
2018-06-18,2773.75,22680.33,
2018-06-19,2762.59,22278.48,29468.15
2018-06-20,2767.32,22555.43,29696.17
2018-06-21,2749.76,22693.04,29296.05
2018-06-22,2754.88,22516.83,29338.7
2018-06-25,2717.07,22338.15,28961.39
2018-06-26,2723.06,22342.0,28881.4
2018-06-27,2699.63,22271.77,28356.26
2018-06-28,2716.31,22270.39,28497.32
2018-06-29,2718.37,22304.51,28955.11
2018-07-02,2726.71,21811.93,
2018-07-03,2713.22,21785.54,28545.57
2018-07-05,2736.61,21546.99,28182.09
2018-07-06,2759.82,21788.14,28315.62
2018-07-09,2784.17,22052.18,28688.5
2018-07-10,2793.84,22196.89,28682.25
2018-07-11,2774.02,21932.21,28311.69
2018-07-12,2798.29,22187.96,28480.83
2018-07-13,2801.31,22597.35,28525.44
2018-07-16,2798.43,,28539.66
2018-07-17,2809.55,22697.36,28181.68
2018-07-18,2815.62,22794.19,28117.42
2018-07-19,2804.49,22764.68,28010.86
2018-07-20,2801.83,22697.88,28224.48
2018-07-23,2806.98,22396.99,28256.12
2018-07-24,2820.4,22510.48,28662.57
2018-07-25,2846.07,22614.25,28920.9
2018-07-26,2837.44,22586.87,28781.14
2018-07-27,2818.82,22712.75,28804.28
2018-07-30,2802.6,22544.84,28733.13
2018-07-31,2816.29,22553.72,28583.01
2018-08-01,2813.36,22746.7,28340.74
2018-08-02,2827.22,22512.53,27714.56
2018-08-03,2840.35,22525.18,27676.32
2018-08-06,2850.4,22507.32,27819.56
2018-08-07,2858.45,22662.74,28248.88
2018-08-08,2857.7,22644.31,28359.14
2018-08-09,2853.58,22598.39,28607.3
2018-08-10,2833.28,22298.08,28366.62
2018-08-13,2821.93,21857.43,27936.57
2018-08-14,2839.96,22356.08,27752.93
2018-08-15,2818.37,22204.22,27323.59
2018-08-16,2840.69,22192.04,27100.06
2018-08-17,2850.13,22270.38,27213.41
2018-08-20,2857.05,22199.0,27598.02
2018-08-21,2862.96,22219.73,27752.79
2018-08-22,2861.82,22362.55,27927.58
2018-08-23,2856.98,22410.82,27790.46
2018-08-24,2874.69,22601.77,27671.87
2018-08-27,2896.74,22799.64,28271.27
2018-08-28,2897.52,22813.47,28351.62
2018-08-29,2914.04,22848.22,28416.44
2018-08-30,2901.13,22869.5,28164.05
2018-08-31,2901.52,22865.15,27888.55
2018-09-04,2896.72,22696.9,27973.34
2018-09-05,2888.6,22580.83,27243.85
2018-09-06,2878.05,22487.94,26974.82
2018-09-07,2871.68,22307.06,26973.47
2018-09-10,2877.13,22373.09,26613.42
2018-09-11,2887.89,22664.69,26422.55
2018-09-12,2888.92,22604.61,26345.04
2018-09-13,2904.18,22821.32,27014.49
2018-09-14,2904.98,23094.67,27286.41
2018-09-17,2888.8,,26932.85
2018-09-18,2904.31,23420.54,27084.66
2018-09-19,2907.95,23672.52,27407.37
2018-09-20,2930.75,23674.93,27477.67
2018-09-21,2929.67,23869.93,27953.58
2018-09-24,2919.37,,27499.39
2018-09-25,2915.56,23940.26,
2018-09-26,2905.97,24033.79,27816.87
2018-09-27,2914.0,23796.74,27715.67
2018-09-28,2913.98,24120.04,27788.52
2018-10-01,2924.59,24245.76,
2018-10-02,2923.43,24270.62,27126.38
2018-10-03,2925.51,24110.96,27091.26
2018-10-04,2901.61,23975.62,26623.87
2018-10-05,2885.57,23783.72,26572.57
2018-10-08,2884.43,,26202.57
2018-10-09,2880.34,23469.39,26172.91
2018-10-10,2785.68,23506.04,26193.07
2018-10-11,2728.37,22590.86,25266.37
2018-10-12,2767.13,22694.66,25801.49
2018-10-15,2750.79,22271.3,25445.06
2018-10-16,2809.92,22549.24,25462.26
2018-10-17,2809.21,22841.12,
2018-10-18,2768.78,22658.16,25454.55
2018-10-19,2767.78,22532.08,25561.4
2018-10-22,2755.88,22614.82,26153.15
2018-10-23,2740.69,22010.78,25346.55
2018-10-24,2656.1,22091.18,25249.78
2018-10-25,2705.57,21268.73,24994.46
2018-10-26,2658.69,21184.6,24717.63
2018-10-29,2641.25,21149.8,24812.04
2018-10-30,2682.63,21457.29,24585.53
2018-10-31,2711.74,21920.46,24979.69
2018-11-01,2740.37,21687.65,25416.0
2018-11-02,2723.06,22243.66,26486.35
2018-11-05,2738.31,21898.99,25934.39
2018-11-06,2755.45,22147.75,26120.96
2018-11-07,2813.89,22085.8,26147.69
2018-11-08,2806.83,22486.92,26227.72
2018-11-09,2781.01,22250.25,25601.92
2018-11-12,2726.22,22269.88,25633.18
2018-11-13,2722.18,21810.52,25792.87
2018-11-14,2701.58,21846.48,25654.43
2018-11-15,2730.2,21803.62,26103.34
2018-11-16,2736.27,21680.34,26183.53
2018-11-19,2690.73,21821.16,26372.0
2018-11-20,2641.89,21583.12,25840.34
2018-11-21,2649.93,21507.54,25971.47
2018-11-23,2632.56,,25927.68
2018-11-26,2673.45,21812.0,26376.18
2018-11-27,2682.17,21952.4,26331.96
2018-11-28,2743.79,22177.02,26682.56
2018-11-29,2737.8,22262.6,26451.03
2018-11-30,2760.17,22351.06,26506.75
2018-12-03,2790.37,22574.76,27182.04
2018-12-04,2700.06,22036.05,27260.44
2018-12-06,2695.95,21501.62,26156.38
2018-12-07,2633.08,21678.68,26063.76
2018-12-10,2637.72,21219.5,25752.38
2018-12-11,2636.78,21148.02,25771.67
2018-12-12,2651.07,21602.75,26186.71
2018-12-13,2650.54,21816.19,26524.35
2018-12-14,2599.95,21374.83,26094.79
2018-12-17,2545.94,21506.88,26087.98
2018-12-18,2546.16,21115.45,25814.25
2018-12-19,2506.96,20987.92,25865.39
2018-12-20,2467.42,20392.58,25623.53
2018-12-21,2416.62,20166.19,25753.42
2018-12-24,2351.1,,25651.38
2018-12-26,2467.7,19327.06,
2018-12-27,2488.83,20077.62,25478.88
2018-12-28,2485.74,20014.77,25504.2
2018-12-31,2506.85,,25845.7
2019-01-02,2510.03,,25130.35
2019-01-03,2447.89,,25064.36
2019-01-04,2531.94,19561.96,25626.03
2019-01-07,2549.69,20038.97,25835.7
2019-01-08,2574.41,20204.04,25875.45
2019-01-09,2584.96,20427.06,26462.32
2019-01-10,2596.64,20163.8,26521.43
2019-01-11,2596.26,20359.7,26667.27
2019-01-14,2582.61,,26298.33
2019-01-15,2610.3,20555.29,26830.29
2019-01-16,2616.1,20442.75,26902.1
2019-01-17,2635.96,20402.27,26755.63
2019-01-18,2670.71,20666.07,27090.81
2019-01-22,2632.9,20622.91,27005.45
2019-01-23,2638.7,20593.72,27008.2
2019-01-24,2642.33,20574.63,27120.98
2019-01-25,2664.76,20773.56,27569.19
2019-01-28,2643.85,20649.0,27576.96
2019-01-29,2640.0,20664.64,27531.68
2019-01-30,2681.05,20556.54,27642.85
2019-01-31,2704.1,20773.49,27942.47
2019-02-01,2706.53,20788.39,27930.74
2019-02-04,2724.87,20883.77,27990.21
2019-02-05,2737.7,20844.45,
2019-02-06,2731.61,20874.06,
2019-02-07,2706.05,20751.28,
2019-02-08,2707.88,20333.17,27946.32
2019-02-11,2709.8,,28143.84
2019-02-12,2744.73,20864.21,28171.33
2019-02-13,2753.03,21144.48,28497.59
2019-02-14,2745.73,21139.71,28432.05
2019-02-15,2775.6,20900.63,27900.84
2019-02-19,2779.76,21302.65,28228.13
2019-02-20,2784.7,21431.49,28514.05
2019-02-21,2774.88,21464.23,28629.92
2019-02-22,2792.67,21425.51,28816.3
2019-02-25,2796.11,21528.23,28959.3
2019-02-26,2793.9,21449.39,28772.06
2019-02-27,2792.38,21556.51,28757.44
2019-02-28,2784.49,21385.16,28633.18
2019-03-01,2803.69,21602.69,28812.17
2019-03-04,2792.81,21822.04,28959.59
2019-03-05,2789.65,21726.28,28961.6
2019-03-06,2771.45,21596.81,29037.6
2019-03-07,2748.93,21456.01,28779.45
2019-03-08,2743.07,21025.56,28228.42
2019-03-11,2783.3,21125.09,28503.3
2019-03-12,2791.52,21503.69,28920.87
2019-03-13,2810.92,21290.24,28807.45
2019-03-14,2808.48,21287.02,28851.39
2019-03-15,2822.48,21450.85,29012.26
2019-03-18,2832.94,21584.5,29409.01
2019-03-19,2832.57,21566.85,29466.28
2019-03-20,2824.23,21608.92,29320.97
2019-03-21,2854.88,,29071.56
2019-03-22,2800.71,21627.34,29113.36
2019-03-25,2798.36,20977.11,28523.35
2019-03-26,2818.46,21428.39,28566.91
2019-03-27,2805.37,21378.73,28728.25
2019-03-28,2815.44,21033.76,28775.21
2019-03-29,2834.4,21205.81,29051.36
2019-04-01,2867.19,21509.03,29562.02
2019-04-02,2867.24,21505.31,29624.67
2019-04-03,2873.4,21713.21,29986.39
2019-04-04,2879.39,21724.95,29936.32
2019-04-05,2892.74,21807.5,
2019-04-08,2895.77,21761.65,30077.15
2019-04-09,2878.2,21802.59,30157.49
2019-04-10,2888.21,21687.57,30119.56
2019-04-11,2888.32,21711.38,29839.45
2019-04-12,2907.41,21870.56,29909.76
2019-04-15,2905.58,22169.11,29810.72
2019-04-16,2907.06,22221.66,30129.87
2019-04-17,2900.45,22277.97,30124.68
2019-04-18,2905.03,22090.12,29963.26
2019-04-22,2907.97,22217.9,
2019-04-23,2933.68,22259.74,29963.24
2019-04-24,2927.25,22200.0,29805.83
2019-04-25,2926.17,22307.58,29549.8
2019-04-26,2939.88,22258.73,29605.01
2019-04-29,2943.03,,29892.81
2019-04-30,2945.83,,29699.11
2019-05-01,2923.73,,
2019-05-02,2917.52,,29944.18
2019-05-03,2945.64,,30081.55
2019-05-06,2932.47,,29209.82
2019-05-07,2884.05,21923.72,29363.02
2019-05-08,2879.42,21602.59,29003.2
2019-05-09,2870.72,21402.13,28311.07
2019-05-10,2881.4,21344.92,28550.24
2019-05-13,2811.87,21191.28,
2019-05-14,2834.41,21067.23,28122.02
2019-05-15,2850.96,21188.56,28268.71
2019-05-16,2876.32,21062.98,28275.07
2019-05-17,2859.53,21250.09,27946.46
2019-05-20,2840.23,21301.73,27787.61
2019-05-21,2864.36,21272.45,27657.24
2019-05-22,2856.27,21283.37,27705.94
2019-05-23,2822.24,21151.14,27267.13
2019-05-24,2826.06,21117.22,27353.93
2019-05-28,2802.39,21260.14,27390.81
2019-05-29,2783.02,21003.37,27235.71
2019-05-30,2788.86,20942.53,27114.88
2019-05-31,2752.06,20601.19,26901.09
2019-06-03,2744.45,20410.88,26893.86
2019-06-04,2803.27,20408.54,26761.52
2019-06-05,2826.15,20776.1,26895.44
2019-06-06,2843.49,20774.04,26965.28
2019-06-07,2873.34,20884.71,
2019-06-10,2886.73,21134.42,27578.64
2019-06-11,2885.72,21204.28,27789.34
2019-06-12,2879.84,21129.72,27308.46
2019-06-13,2891.64,21032.0,27294.71
2019-06-14,2886.98,21116.89,27118.35
2019-06-17,2889.67,21124.0,27227.16
2019-06-18,2917.75,20972.71,27498.77
2019-06-19,2926.46,21333.87,28202.14
2019-06-20,2954.18,21462.86,28550.43
2019-06-21,2950.46,21258.64,28473.71
2019-06-24,2945.35,21285.99,28513.0
2019-06-25,2917.38,21193.81,28185.98
2019-06-26,2913.78,21086.59,28221.98
2019-06-27,2924.92,21338.17,28621.42
2019-06-28,2941.76,21275.92,28542.62
2019-07-01,2964.33,21729.97,
2019-07-02,2973.01,21754.27,28875.56
2019-07-03,2995.82,21638.16,28855.14
2019-07-05,2990.41,21746.38,28774.83
2019-07-08,2975.95,21534.35,28331.69
2019-07-09,2979.63,21565.15,28116.28
2019-07-10,2993.07,21533.48,28204.69
2019-07-11,2999.91,21643.53,28431.8
2019-07-12,3013.77,21685.9,28471.62
2019-07-15,3014.3,,28554.88
2019-07-16,3004.04,21535.25,28619.62
2019-07-17,2984.42,21469.18,28593.17
2019-07-18,2995.11,21046.24,28461.66
2019-07-19,2976.61,21466.99,28765.4
2019-07-22,2985.03,21416.79,28371.26
2019-07-23,3005.47,21620.88,28466.48
2019-07-24,3019.56,21709.57,28524.04
2019-07-25,3003.67,21756.55,28594.3
2019-07-26,3025.86,21658.15,28397.74
2019-07-29,3020.97,21616.8,28106.41
2019-07-30,3013.18,21709.31,28146.5
2019-07-31,2980.38,21521.53,27777.75
2019-08-01,2953.56,21540.99,27565.7
2019-08-02,2932.05,21087.16,26918.58
2019-08-05,2844.74,20720.29,26151.32
2019-08-06,2881.77,20585.31,25976.24
2019-08-07,2883.98,20516.56,25997.03
2019-08-08,2938.09,20593.35,26120.77
2019-08-09,2918.65,20684.82,25939.3
2019-08-12,2882.7,,25824.72
2019-08-13,2926.32,20455.44,25281.3
2019-08-14,2840.6,20655.13,25302.28
2019-08-15,2847.6,20405.65,25495.46
2019-08-16,2888.68,20418.81,25734.22
2019-08-19,2923.65,20563.16,26291.84
2019-08-20,2900.51,20677.22,26231.54
2019-08-21,2924.43,20618.57,26270.04
2019-08-22,2922.95,20628.01,26048.72
2019-08-23,2847.11,20710.91,26179.33
2019-08-26,2878.38,20261.04,25680.33
2019-08-27,2869.16,20456.08,25664.07
2019-08-28,2887.94,20479.42,25615.48
2019-08-29,2924.58,20460.93,25703.5
2019-08-30,2926.46,20704.37,25724.73
2019-09-03,2906.27,20625.16,25527.85
2019-09-04,2937.78,20649.14,26523.23
2019-09-05,2976.0,21085.94,26515.53
2019-09-06,2978.71,21199.57,26690.76
2019-09-09,2978.43,21318.42,26681.4
2019-09-10,2979.39,21392.1,26683.68
2019-09-11,3000.93,21597.76,27159.06
2019-09-12,3009.57,21759.61,27087.63
2019-09-13,3007.39,21988.29,27352.69
2019-09-16,2997.96,,27124.55
2019-09-17,3005.7,22001.32,26790.24
2019-09-18,3006.73,21960.71,26754.12
2019-09-19,3006.79,22044.45,26468.95
2019-09-20,2992.07,22079.09,26435.67
2019-09-23,2991.78,,26222.4
2019-09-24,2966.6,22098.84,26281.0
2019-09-25,2984.87,22020.15,25945.35
2019-09-26,2977.62,22048.24,26041.93
2019-09-27,2961.79,21878.9,25954.81
2019-09-30,2976.74,21755.84,26092.27
2019-10-01,2940.25,21885.24,
2019-10-02,2887.61,21778.61,26042.69
2019-10-03,2910.63,21341.74,26110.31
2019-10-04,2952.01,21410.2,25821.03
2019-10-07,2938.79,21375.25,
2019-10-08,2893.06,21587.78,25893.4
2019-10-09,2919.4,21456.38,25682.81
2019-10-10,2938.13,21551.98,25707.93
2019-10-11,2970.27,21798.87,26308.44
2019-10-14,2966.15,,26521.85
2019-10-15,2995.68,22207.21,26503.93
2019-10-16,2989.69,22472.92,26664.28
2019-10-17,2997.95,22451.86,26848.49
2019-10-18,2986.2,22492.68,26719.58
2019-10-21,3006.72,22548.9,26725.68
2019-10-22,2995.99,,26786.2
2019-10-23,3004.52,22625.38,26566.73
2019-10-24,3010.29,22750.6,26797.95
2019-10-25,3022.55,22799.81,26667.39
2019-10-28,3039.42,22867.27,26891.26
2019-10-29,3036.89,22974.13,26786.76
2019-10-30,3046.77,22843.12,26667.71
2019-10-31,3037.56,22927.04,26906.72
2019-11-01,3066.91,22850.77,27100.76
2019-11-04,3078.27,,27547.3
2019-11-05,3074.62,23251.99,27683.4
2019-11-06,3076.78,23303.82,27688.64
2019-11-07,3085.18,23330.32,27847.23
2019-11-08,3093.08,23391.87,27651.14
2019-11-11,3087.01,23331.84,26926.55
2019-11-12,3091.84,23520.01,27065.28
2019-11-13,3094.04,23319.87,26571.46
2019-11-14,3096.63,23141.55,26323.69
2019-11-15,3120.46,23303.32,26326.66
2019-11-18,3122.03,23416.76,26681.09
2019-11-19,3120.18,23292.65,27093.8
2019-11-20,3108.46,23148.57,26889.61
2019-11-21,3103.54,23038.58,26466.88
2019-11-22,3110.29,23112.88,26595.08
2019-11-25,3133.64,23292.81,26993.04
2019-11-26,3140.52,23373.32,26913.92
2019-11-27,3153.63,23437.77,26954.0
2019-11-29,3140.98,23293.91,26346.49
2019-12-02,3113.87,23529.5,26444.72
2019-12-03,3093.2,23379.81,26391.3
2019-12-04,3112.76,23135.23,26062.56
2019-12-05,3117.43,23300.09,26217.04
2019-12-06,3145.91,23354.4,26498.37
2019-12-09,3135.96,23430.7,26494.73
2019-12-10,3132.52,23410.19,26436.62
2019-12-11,3141.63,23391.86,26645.43
2019-12-12,3168.57,23424.81,26994.14
2019-12-13,3168.8,24023.1,27687.76
2019-12-16,3191.45,23952.35,27508.09
2019-12-17,3192.52,24066.12,27843.71
2019-12-18,3191.14,23934.43,27884.21
2019-12-19,3205.37,23864.85,27800.49
2019-12-20,3221.22,23816.63,27871.35
2019-12-23,3224.01,23821.11,27906.41
2019-12-24,3223.38,23830.58,27864.21
2019-12-26,3239.91,23924.92,
2019-12-27,3240.02,23837.72,28225.42
2019-12-30,3221.29,23656.62,28319.39
2019-12-31,3230.78,,28189.75
2020-01-02,3257.85,,28543.52
2020-01-03,3234.85,,28451.5
2020-01-06,3246.28,23204.86,28226.19
2020-01-07,3237.18,23575.72,28322.06
2020-01-08,3253.05,23204.76,28087.92
2020-01-09,3274.7,23739.87,28561.0
2020-01-10,3265.35,23850.57,28638.2
2020-01-13,3288.13,,28954.94
2020-01-14,3283.15,24025.17,28885.14
2020-01-15,3289.29,23916.58,28773.59
2020-01-16,3316.81,23933.13,28883.04
2020-01-17,3329.62,24041.26,29056.42
2020-01-21,3320.79,23864.56,27985.33
2020-01-22,3321.75,24031.35,28341.04
2020-01-23,3325.54,23795.44,27909.12
2020-01-24,3295.47,23827.18,27949.64
2020-01-27,3243.63,23343.51,
2020-01-28,3276.24,23215.71,
2020-01-29,3273.4,23379.4,27160.63
2020-01-30,3283.66,22977.75,26449.13
2020-01-31,3225.52,23205.18,26312.63
2020-02-03,3248.92,22971.94,26356.98
2020-02-04,3297.59,23084.59,26675.98
2020-02-05,3334.69,23319.56,26786.74
2020-02-06,3345.78,23873.59,27493.7
2020-02-07,3327.71,23827.98,27404.27
2020-02-10,3352.09,23685.98,27241.34
2020-02-11,3357.75,,27583.88
2020-02-12,3379.45,23861.21,27823.66
2020-02-13,3373.94,23827.73,27730.0
2020-02-14,3380.16,23687.59,27815.6
2020-02-18,3370.29,23193.8,27530.2
2020-02-19,3386.15,23400.7,27655.81
2020-02-20,3373.23,23479.15,27609.16
2020-02-21,3337.75,23386.74,27308.81
2020-02-24,3225.89,,26820.88
2020-02-25,3128.21,22605.41,26893.23
2020-02-26,3116.39,22426.19,26696.49
2020-02-27,2978.76,21948.23,26778.62
2020-02-28,2954.22,21142.96,26129.93
2020-03-02,3090.23,21344.08,26291.68
2020-03-03,3003.37,21082.73,26284.82
2020-03-04,3130.12,21100.06,26222.07
2020-03-05,3023.94,21329.12,26767.87
2020-03-06,2972.37,20749.75,26146.67
2020-03-09,2746.56,19698.76,25040.46
2020-03-10,2882.23,19867.12,25392.51
2020-03-11,2741.38,19416.06,25231.61
2020-03-12,2480.64,18559.63,24309.07
2020-03-13,2711.02,17431.05,24032.91
2020-03-16,2386.13,17002.04,23063.57
2020-03-17,2529.19,17011.53,23263.73
2020-03-18,2398.1,16726.55,22291.82
2020-03-19,2409.39,16552.83,21709.13
2020-03-20,2304.92,,22805.07
2020-03-23,2237.4,16887.78,21696.13
2020-03-24,2447.33,18092.35,22663.49
2020-03-25,2475.56,19546.63,23527.19
2020-03-26,2630.07,18664.6,23352.34
2020-03-27,2541.47,19389.43,23484.28
2020-03-30,2626.65,19084.97,23175.11
2020-03-31,2584.59,18917.01,23603.48
2020-04-01,2470.5,18065.41,23085.79
2020-04-02,2526.9,17818.72,23280.06
2020-04-03,2488.65,17820.19,23236.11
2020-04-06,2663.68,18576.3,23749.12
2020-04-07,2659.41,18950.18,24253.29
2020-04-08,2749.98,19353.24,23970.37
2020-04-09,2789.82,19345.77,24300.33
2020-04-13,2761.63,19043.4,
2020-04-14,2846.06,19638.81,24435.4
2020-04-15,2783.36,19550.09,24145.34
2020-04-16,2799.55,19290.2,24006.45
2020-04-17,2874.56,19897.26,24380.0
2020-04-20,2823.16,19669.12,24330.02
2020-04-21,2736.56,19280.78,23793.55
2020-04-22,2799.31,19137.95,23893.36
2020-04-23,2797.8,19429.44,23977.32
2020-04-24,2836.74,19262.0,23831.33
2020-04-27,2878.48,19783.22,24280.14
2020-04-28,2863.39,19771.19,24575.96
2020-04-29,2939.51,,24643.59
2020-04-30,2912.43,20193.69,
2020-05-01,2830.71,19619.35,
2020-05-04,2842.74,,23613.8
2020-05-05,2868.44,,23868.66
2020-05-06,2848.42,,24137.48
2020-05-07,2881.19,19674.77,23980.63
2020-05-08,2929.8,20179.09,24230.17
2020-05-11,2930.19,20390.66,24602.06
2020-05-12,2870.12,20366.48,24245.68
2020-05-13,2820.0,20267.05,24180.3
2020-05-14,2852.5,19914.78,23829.74
2020-05-15,2863.7,20037.47,23797.47
2020-05-18,2953.91,20133.73,23934.77
2020-05-19,2922.94,20433.45,24388.13
2020-05-20,2971.61,20595.15,24399.95
2020-05-21,2948.51,20552.31,24280.03
2020-05-22,2955.45,20388.16,22930.14
2020-05-26,2991.77,21271.17,23384.66
2020-05-27,3036.13,21419.23,23301.36
2020-05-28,3029.73,21916.31,23132.76
2020-05-29,3044.31,21877.89,22961.47
2020-06-01,3055.73,22062.39,23732.52
2020-06-02,3080.82,22325.61,23995.94
2020-06-03,3122.87,22613.76,24325.62
2020-06-04,3112.35,22695.74,24366.3
2020-06-05,3193.93,22863.73,24770.41
2020-06-08,3232.39,23178.1,24776.77
2020-06-09,3207.18,23091.03,25057.22
2020-06-10,3190.14,23124.95,25049.73
2020-06-11,3002.1,22472.91,24480.15
2020-06-12,3041.31,22305.48,24301.38
2020-06-15,3066.59,21530.95,23776.95
2020-06-16,3124.74,22582.21,24344.09
2020-06-17,3113.49,22455.76,24481.41
2020-06-18,3115.34,22355.46,24464.94
2020-06-19,3097.74,22478.79,24643.89
2020-06-22,3117.86,22437.27,24511.34
2020-06-23,3131.29,22549.05,24907.34
2020-06-24,3050.33,22534.32,24781.58
2020-06-25,3083.76,22259.79,
2020-06-26,3009.05,22512.08,24549.99
2020-06-29,3053.24,21995.04,24301.28
2020-06-30,3100.29,22288.14,24427.19
2020-07-01,3115.86,22121.73,
2020-07-02,3130.01,22145.96,25124.19
2020-07-06,3179.72,22714.44,26339.16
2020-07-07,3145.32,22614.69,25975.66
2020-07-08,3169.94,22438.65,26129.18
2020-07-09,3152.05,22529.29,26210.16
2020-07-10,3185.04,22290.81,25727.41
2020-07-13,3155.22,22784.74,25772.12
2020-07-14,3197.52,22587.01,25477.89
2020-07-15,3226.56,22945.5,25481.58
2020-07-16,3215.57,22770.36,24970.69
2020-07-17,3224.73,22696.42,25089.17
2020-07-20,3251.84,22717.48,25057.99
2020-07-21,3257.3,22884.22,25635.66
2020-07-22,3276.02,22751.61,25057.94
2020-07-23,3235.66,,25263.0
2020-07-24,3215.63,,24705.33
2020-07-27,3239.41,22715.85,24603.26
2020-07-28,3218.44,22657.38,24772.76
2020-07-29,3258.44,22397.11,24883.14
2020-07-30,3246.22,22339.23,24710.59
2020-07-31,3271.12,21710.0,24595.35
2020-08-03,3294.61,22195.38,24458.13
2020-08-04,3306.51,22573.66,24946.63
2020-08-05,3327.77,22514.85,25102.54
2020-08-06,3349.16,22418.15,24930.58
2020-08-07,3351.28,22329.94,24531.62
2020-08-10,3360.47,,24377.43
2020-08-11,3333.69,22750.24,24890.68
2020-08-12,3380.35,22843.96,25244.02
2020-08-13,3373.43,23249.61,25230.67
2020-08-14,3372.85,23289.36,25183.01
2020-08-17,3381.99,23096.75,25347.34
2020-08-18,3389.78,23051.08,25367.38
2020-08-19,3374.85,23110.61,25178.91
2020-08-20,3385.51,22880.62,24791.39
2020-08-21,3397.16,22920.3,25113.84
2020-08-24,3431.28,22985.51,25551.58
2020-08-25,3443.62,23296.77,25486.22
2020-08-26,3478.73,23290.86,25491.79
2020-08-27,3484.55,23208.86,25281.15
2020-08-28,3508.01,22882.65,25422.06
2020-08-31,3500.31,23139.76,25177.05
2020-09-01,3526.65,23138.07,25184.85
2020-09-02,3580.84,23247.15,25120.09
2020-09-03,3455.06,23465.53,25007.6
2020-09-04,3426.96,23205.43,24695.45
2020-09-08,3331.84,23274.13,24624.34
2020-09-09,3398.96,23032.54,24468.93
2020-09-10,3339.19,23235.47,24313.54
2020-09-11,3340.97,23406.49,24503.31
2020-09-14,3383.54,23559.3,24640.28
2020-09-15,3401.2,23454.89,24732.76
2020-09-16,3385.49,23475.53,24725.63
2020-09-17,3357.01,23319.37,24340.85
2020-09-18,3319.47,23360.3,24455.41
2020-09-21,3281.06,,23950.69
2020-09-22,3315.57,,23716.85
2020-09-23,3236.92,23346.49,23742.51
2020-09-24,3246.59,23087.82,23311.07
2020-09-25,3298.46,23204.62,23235.42
2020-09-28,3351.6,23511.62,23476.05
2020-09-29,3335.47,23539.1,23275.53
2020-09-30,3363.0,23185.12,23459.05
2020-10-01,3380.8,23185.12,
2020-10-02,3348.42,23029.9,
2020-10-05,3408.6,23312.14,23767.78
2020-10-06,3360.97,23433.73,23980.65
2020-10-07,3419.44,23422.82,24242.86
2020-10-08,3446.83,23647.07,24193.35
2020-10-09,3477.14,23619.69,24119.13
2020-10-12,3534.22,23558.69,24649.68
2020-10-13,3511.93,23601.78,
2020-10-14,3488.67,23626.73,24667.09
2020-10-15,3483.34,23507.23,24158.54
2020-10-16,3483.81,23410.63,24386.79
2020-10-19,3426.92,23671.13,24542.26
2020-10-20,3443.12,23567.04,24569.54
2020-10-21,3435.56,23639.46,24754.42
2020-10-22,3453.49,23474.27,24786.13
2020-10-23,3465.39,23516.59,24918.78
2020-10-26,3400.97,23494.34,
2020-10-27,3390.68,23485.8,24787.19
2020-10-28,3271.03,23418.51,24708.8
2020-10-29,3310.11,23331.94,24586.6
2020-10-30,3269.96,22977.13,24107.42
2020-11-02,3310.24,23295.48,24460.01
2020-11-03,3369.16,,24939.73
2020-11-04,3443.44,23695.23,24886.14
2020-11-05,3510.45,24105.28,25695.92
2020-11-06,3509.44,24325.23,25712.97
2020-11-09,3550.5,24839.84,26016.17
2020-11-10,3545.53,24905.59,26301.48
2020-11-11,3572.66,25349.6,26226.98
2020-11-12,3537.01,25520.88,26169.38
2020-11-13,3585.15,25385.87,26156.86
2020-11-16,3626.91,25906.93,26381.67
2020-11-17,3609.53,26014.62,26415.09
2020-11-18,3567.79,25728.14,26544.29
2020-11-19,3581.87,25634.34,26356.97
2020-11-20,3557.54,25527.37,26451.54
2020-11-23,3577.59,,26486.2
2020-11-24,3635.41,26165.59,26588.2
2020-11-25,3629.65,26296.86,26669.75
2020-11-27,3638.35,26644.71,26894.68
2020-11-30,3621.63,26433.62,26341.49
2020-12-01,3662.45,26787.54,26567.68
2020-12-02,3669.01,26800.98,26532.58
2020-12-03,3666.72,26809.37,26728.5
2020-12-04,3699.12,26751.24,26835.92
2020-12-07,3691.96,26547.44,26506.85
2020-12-08,3702.25,26467.08,26304.56
2020-12-09,3672.82,26817.94,26502.84
2020-12-10,3668.1,26756.24,26410.59
2020-12-11,3663.46,26652.52,26505.87
2020-12-14,3647.49,26732.44,26389.52
2020-12-15,3694.62,26687.84,26207.29
2020-12-16,3701.17,26757.4,26460.29
2020-12-17,3722.48,26806.67,26678.38
2020-12-18,3709.41,26763.39,26498.6
2020-12-21,3694.92,26714.42,26306.68
2020-12-22,3687.26,26436.39,26119.25
2020-12-23,3690.01,26524.79,26343.1
2020-12-24,3703.06,26668.35,26386.56
2020-12-28,3735.36,26854.03,26314.63
2020-12-29,3727.04,27568.15,26568.49
2020-12-30,3732.04,27444.17,27147.11
2020-12-31,3756.07,,27231.13
2021-01-04,3700.65,27258.38,27472.81
2021-01-05,3726.86,27158.63,27649.86
2021-01-06,3748.14,27055.94,27692.3
2021-01-07,3803.79,27490.13,27548.52
2021-01-08,3824.68,28139.03,27878.22
2021-01-11,3799.61,,27908.22
2021-01-12,3801.19,28164.34,28276.75
2021-01-13,3809.84,28456.59,28235.6
2021-01-14,3795.54,28698.26,28496.86
2021-01-15,3768.25,28519.18,28573.86
2021-01-19,3798.91,28633.46,29642.28
2021-01-20,3851.85,28523.26,29962.47
2021-01-21,3853.07,28756.86,29927.76
2021-01-22,3841.47,28631.45,29447.85
2021-01-25,3855.36,28822.29,30159.01
2021-01-26,3849.62,28546.18,29391.26
2021-01-27,3750.77,28635.21,29297.53
2021-01-28,3787.38,28197.42,28550.77
2021-01-29,3714.24,27663.39,28283.71
2021-02-01,3773.86,28091.05,28892.86
2021-02-02,3826.31,28362.17,29248.7
2021-02-03,3830.17,28646.5,29307.46
2021-02-04,3871.74,28341.95,29113.5
2021-02-05,3886.83,28779.19,29288.68
2021-02-08,3915.59,29388.5,29319.47
2021-02-09,3911.23,29505.93,29476.19
2021-02-10,3909.88,29562.93,30038.72
2021-02-11,3916.38,,30173.57
2021-02-12,3934.83,29520.07,
2021-02-16,3932.59,30467.75,30746.66
2021-02-17,3931.33,30292.19,31084.94
2021-02-18,3913.97,30236.09,30595.27
2021-02-19,3906.71,30017.92,30644.73
2021-02-22,3876.5,30156.03,30319.83
2021-02-23,3881.37,,30632.64
2021-02-24,3925.43,29671.7,29718.24
2021-02-25,3829.34,30168.27,30074.17
2021-02-26,3811.15,28966.01,28980.21
2021-03-01,3901.82,29663.5,29452.57
2021-03-02,3870.29,29408.17,29095.86
2021-03-03,3819.72,29559.1,29880.42
2021-03-04,3768.47,28930.11,29236.79
2021-03-05,3841.94,28864.32,29098.29
2021-03-08,3821.35,28743.25,28540.83
2021-03-09,3875.44,29027.94,28773.23
2021-03-10,3898.81,29036.56,28907.52
2021-03-11,3939.34,29211.64,29385.61
2021-03-12,3943.34,29717.83,28739.72
2021-03-15,3968.94,29766.97,28833.76
2021-03-16,3962.71,29921.09,29027.69
2021-03-17,3974.12,29914.33,29034.12
2021-03-18,3915.46,30216.75,29405.72
2021-03-19,3913.1,29792.05,28990.94
2021-03-22,3940.59,29174.15,28885.34
2021-03-23,3910.52,28995.92,28497.38
2021-03-24,3889.14,28405.52,27918.14
2021-03-25,3909.52,28729.88,27899.61
2021-03-26,3974.54,29176.7,28336.43
2021-03-29,3971.09,29384.52,28338.3
2021-03-30,3958.55,29432.7,28577.5
2021-03-31,3972.89,29178.8,28378.35
2021-04-01,4019.87,29388.87,28938.74
2021-04-05,4077.91,30089.25,
2021-04-06,4073.94,29696.63,
2021-04-07,4079.95,29730.79,28674.8
2021-04-08,4097.17,29708.98,29008.07
2021-04-09,4128.8,29768.06,28698.8
2021-04-12,4127.99,29538.73,28453.28
2021-04-13,4141.59,29751.61,28497.25
2021-04-14,4124.66,29620.99,28900.83
2021-04-15,4170.42,29642.69,28793.14
2021-04-16,4185.47,29683.37,28969.71
2021-04-19,4163.26,29685.37,29106.15
2021-04-20,4134.94,29100.38,29135.73
2021-04-21,4173.42,28508.55,28621.92
2021-04-22,4134.98,29188.17,28755.34
2021-04-23,4180.17,29020.63,29078.75
2021-04-26,4187.62,29126.23,28952.83
2021-04-27,4186.72,28991.89,28941.54
2021-04-28,4183.18,29053.97,29071.34
2021-04-29,4211.47,,29303.26
2021-04-30,4181.17,28812.63,28724.88
2021-05-03,4192.66,,28357.54
2021-05-04,4164.66,,28557.14
2021-05-05,4167.59,,28417.98
2021-05-06,4201.62,29331.37,28637.46
2021-05-07,4232.6,29357.82,28610.65
2021-05-10,4188.43,29518.34,28595.66
2021-05-11,4152.1,28608.59,28013.81
2021-05-12,4063.04,28147.51,28231.04
2021-05-13,4112.5,27448.01,27718.67
2021-05-14,4173.85,28084.47,28027.57
2021-05-17,4163.29,27824.83,28194.09
2021-05-18,4127.83,28406.84,28593.81
2021-05-19,4115.68,28044.45,
2021-05-20,4159.12,28098.25,28450.29
2021-05-21,4155.86,28317.83,28458.44
2021-05-24,4197.05,28364.61,28412.26
2021-05-25,4188.13,28553.98,28910.86
2021-05-26,4195.99,28642.19,29166.01
2021-05-27,4200.88,28549.01,29113.2
2021-05-28,4204.11,29149.41,29124.41
2021-06-01,4202.04,28814.34,29468.0
2021-06-02,4208.12,28946.14,29297.62
2021-06-03,4192.85,29058.11,28966.03
2021-06-04,4229.89,28941.52,28918.1
2021-06-07,4226.52,29019.24,28787.28
2021-06-08,4227.26,28963.56,28781.38
2021-06-09,4219.55,28860.8,28742.63
2021-06-10,4239.18,28958.56,28738.88
2021-06-11,4247.44,28948.73,28842.13
2021-06-14,4255.15,29161.8,
2021-06-15,4246.59,29441.3,28638.53
2021-06-16,4223.7,29291.01,28436.84
2021-06-17,4221.86,29018.33,28558.59
2021-06-18,4166.45,28964.08,28801.27
2021-06-21,4224.79,28010.93,28489.0
2021-06-22,4246.44,28884.13,28309.76
2021-06-23,4241.84,28874.89,28817.07
2021-06-24,4266.49,28875.23,28882.46
2021-06-25,4280.7,29066.18,29288.22
2021-06-28,4290.61,29048.02,29268.3
2021-06-29,4291.8,28812.61,28994.1
2021-06-30,4297.5,28791.53,28827.95
2021-07-01,4319.94,28707.04,
2021-07-02,4352.34,28783.28,28310.42
2021-07-06,4343.54,28643.21,28072.86
2021-07-07,4358.13,28366.95,27960.62
2021-07-08,4320.82,28118.03,27153.13
2021-07-09,4369.55,27940.42,27344.54
2021-07-12,4384.63,28569.02,27515.24
2021-07-13,4369.21,28718.24,27963.41
2021-07-14,4374.3,28608.49,27787.46
2021-07-15,4360.03,28279.09,27996.27
2021-07-16,4327.16,28003.08,28004.68
2021-07-19,4258.49,27652.74,27489.78
2021-07-20,4323.06,27388.16,27259.25
2021-07-21,4358.69,27548.0,27224.58
2021-07-22,4367.48,,27723.84
2021-07-23,4411.79,,27321.98
2021-07-26,4422.3,27833.29,26192.32
2021-07-27,4401.46,27970.22,25086.43
2021-07-28,4400.64,27581.66,25473.88
2021-07-29,4419.15,27782.42,26315.32
2021-07-30,4395.26,27283.59,25961.03
2021-08-02,4387.16,27781.02,26235.8
2021-08-03,4423.15,27641.83,26194.82
2021-08-04,4402.66,27584.08,26426.55
2021-08-05,4429.1,27728.12,26204.69
2021-08-06,4436.52,27820.04,26179.4
2021-08-09,4432.35,,26283.4
2021-08-10,4436.75,27888.15,26605.62
2021-08-11,4442.41,28070.51,26660.16
2021-08-12,4460.83,28015.02,26517.82
2021-08-13,4468.0,27977.15,26391.62
2021-08-16,4479.71,27523.19,26181.46
2021-08-17,4448.08,27424.47,25745.87
2021-08-18,4400.27,27585.91,25867.01
2021-08-19,4405.8,27281.17,25316.33
2021-08-20,4441.67,27013.25,24849.72
2021-08-23,4479.53,27494.24,25109.59
2021-08-24,4486.23,27732.1,25727.92
2021-08-25,4496.19,27724.8,25693.95
2021-08-26,4470.0,27742.29,25415.69
2021-08-27,4509.37,27641.14,25407.89
2021-08-30,4528.79,27789.29,25539.54
2021-08-31,4522.68,28089.54,25878.99
2021-09-01,4524.09,28451.02,26028.29
2021-09-02,4536.95,28543.51,26090.43
2021-09-03,4535.43,29128.11,25901.99
2021-09-07,4520.03,29916.14,26353.63
2021-09-08,4514.07,30181.21,26320.93
2021-09-09,4493.28,30008.19,25716.0
2021-09-10,4458.58,30381.84,26205.91
2021-09-13,4468.73,30447.37,25813.81
2021-09-14,4443.05,30670.1,25502.23
2021-09-15,4480.7,30511.71,25033.21
2021-09-16,4473.75,30323.34,24667.85
2021-09-17,4432.99,30500.05,24920.76
2021-09-20,4357.73,,24099.14
2021-09-21,4354.19,29839.71,24221.54
2021-09-22,4395.64,29639.4,
2021-09-23,4448.98,,24510.98
2021-09-24,4455.48,30248.81,24192.16
2021-09-27,4443.11,30240.06,24208.78
2021-09-28,4352.63,30183.96,24500.39
2021-09-29,4359.46,29544.29,24663.5
2021-09-30,4307.54,29452.66,24575.64
2021-10-01,4357.04,28771.07,
2021-10-04,4300.46,28444.89,24036.37
2021-10-05,4345.72,27822.12,24104.15
2021-10-06,4363.55,27528.87,23966.49
2021-10-07,4399.76,27678.21,24701.73
2021-10-08,4391.34,28048.94,24837.85
2021-10-11,4361.19,28498.2,25325.09
2021-10-12,4350.65,28230.61,24962.59
2021-10-13,4363.8,28140.28,
2021-10-14,4438.26,28550.93,
2021-10-15,4471.37,29068.63,25330.96
2021-10-18,4486.46,29025.46,25409.75
2021-10-19,4519.63,29215.52,25787.21
2021-10-20,4536.19,29255.55,26136.02
2021-10-21,4549.78,28708.58,26017.53
2021-10-22,4544.9,28804.85,26126.93
2021-10-25,4566.48,28600.41,26132.03
2021-10-26,4574.79,29106.01,26038.27
2021-10-27,4551.68,29098.24,25628.74
2021-10-28,4596.42,28820.09,25555.73
2021-10-29,4605.38,28892.69,25377.24
2021-11-01,4613.67,29647.08,25154.32
2021-11-02,4630.65,29520.9,25099.67
2021-11-03,4660.57,,25024.75
2021-11-04,4680.06,29794.37,25225.19
2021-11-05,4697.53,29611.57,24870.51
2021-11-08,4701.7,29507.05,24763.77
2021-11-09,4685.25,29285.46,24813.13
2021-11-10,4646.71,29106.78,24996.14
2021-11-11,4649.27,29277.86,25247.99
2021-11-12,4682.85,29609.97,25327.97
2021-11-15,4682.8,29776.8,25390.91
2021-11-16,4700.9,29808.12,25713.78
2021-11-17,4688.67,29688.33,25650.08
2021-11-18,4704.54,29598.66,25319.72
2021-11-19,4697.96,29745.87,25049.97
2021-11-22,4682.94,29774.11,24951.34
2021-11-23,4690.7,,24651.58
2021-11-24,4701.46,29302.66,24685.5
2021-11-26,4594.62,28751.62,24080.52
2021-11-29,4655.27,28283.92,23852.24
2021-11-30,4567.0,27821.76,23475.26
2021-12-01,4513.04,27935.62,23658.92
2021-12-02,4577.1,27753.37,23788.93
2021-12-03,4538.43,28029.57,23766.69
2021-12-06,4591.67,27927.37,23349.38
2021-12-07,4686.75,28455.6,23983.66
2021-12-08,4701.21,28860.62,23996.87
2021-12-09,4667.45,28725.47,24254.86
2021-12-10,4712.02,28437.77,23995.72
2021-12-13,4668.97,28640.49,23954.58
2021-12-14,4634.09,28432.64,23635.95
2021-12-15,4709.85,28459.72,23420.76
2021-12-16,4668.67,29066.32,23475.5
2021-12-17,4620.64,28545.68,23192.63
2021-12-20,4568.02,27937.81,22744.86
2021-12-21,4649.23,28517.59,22971.33
2021-12-22,4696.56,28562.21,23102.33
2021-12-23,4725.79,28798.37,23193.64
2021-12-27,4791.19,28676.46,
2021-12-28,4786.35,29069.16,23280.56
2021-12-29,4793.06,28906.88,23086.54
2021-12-30,4778.73,28791.71,23112.01
2021-12-31,4766.18,,23397.67
2022-01-03,4796.56,,23274.75
2022-01-04,4793.54,29301.79,23289.84
2022-01-05,4700.58,29332.16,22907.25
2022-01-06,4696.05,28487.87,23072.86
2022-01-07,4677.03,28478.56,23493.38
2022-01-10,4670.29,,23746.54
2022-01-11,4713.07,28222.48,23739.06
2022-01-12,4726.35,28765.66,24402.17
2022-01-13,4659.03,28489.13,24429.77
2022-01-14,4662.85,28124.28,24383.32
2022-01-18,4577.11,28257.25,24112.78
2022-01-19,4532.76,27467.23,24127.85
2022-01-20,4482.73,27772.93,24952.35
2022-01-21,4397.94,27522.26,24965.55
2022-01-24,4410.13,27588.37,24656.46
2022-01-25,4356.45,27131.34,24243.61
2022-01-26,4349.93,27011.33,24289.9
2022-01-27,4326.51,26170.3,23807.0
2022-01-28,4431.85,26717.34,23550.08
2022-01-31,4515.55,27001.98,23802.26
2022-02-01,4546.54,27078.48,
2022-02-02,4589.38,27533.6,
2022-02-03,4477.44,27241.31,
2022-02-04,4500.53,27439.99,24573.29
2022-02-07,4483.87,27248.87,24579.55
2022-02-08,4521.54,27284.52,24329.49
2022-02-09,4587.18,27579.87,24829.99
2022-02-10,4504.08,27696.08,24924.35
2022-02-11,4418.64,,24906.66
2022-02-14,4401.67,27079.59,24556.57
2022-02-15,4471.07,26865.19,24355.71
2022-02-16,4475.01,27460.4,24718.9
2022-02-17,4380.26,27232.87,24792.77
2022-02-18,4348.87,27122.07,24327.71
2022-02-22,4304.76,26449.61,23520.0
2022-02-23,4225.5,,23660.28
2022-02-24,4288.7,25970.82,22901.56
2022-02-25,4384.65,26476.5,22767.18
2022-02-28,4373.94,26526.82,22713.02
2022-03-01,4306.26,26844.72,22761.71
2022-03-02,4386.54,26393.03,22343.92
2022-03-03,4363.49,26577.27,22467.34
2022-03-04,4328.87,25985.47,21905.29
2022-03-07,4201.09,25221.41,21057.63
2022-03-08,4170.7,24790.95,20765.87
2022-03-09,4277.88,24717.53,20627.71
2022-03-10,4259.52,25690.4,20890.26
2022-03-11,4204.31,25162.78,20553.79
2022-03-14,4173.11,25307.85,19531.66
2022-03-15,4262.45,25346.48,18415.08
2022-03-16,4357.86,25762.01,20087.5
2022-03-17,4411.67,26652.89,21501.23
2022-03-18,4463.12,26827.43,21412.4
2022-03-21,4461.18,,21221.34
2022-03-22,4511.61,27224.11,21889.28
2022-03-23,4456.24,28040.16,22154.08
2022-03-24,4520.16,28110.39,21945.95
2022-03-25,4543.06,28149.84,21404.88
2022-03-28,4575.52,27943.89,21684.97
2022-03-29,4631.6,28252.42,21927.63
2022-03-30,4602.45,28027.25,22232.03
2022-03-31,4530.41,27821.43,21996.85
2022-04-01,4545.86,27665.98,22039.55
2022-04-04,4582.64,27736.47,22502.31
2022-04-05,4525.12,27787.98,
2022-04-06,4481.15,27350.3,22080.52
2022-04-07,4500.21,26888.57,21808.98
2022-04-08,4488.28,26985.8,21872.01
2022-04-11,4412.53,26821.52,21208.3
2022-04-12,4397.45,26334.98,21319.13
2022-04-13,4446.59,26843.49,21374.37
2022-04-14,4392.59,27172.0,21518.08
2022-04-18,4391.69,26799.71,
2022-04-19,4462.21,26985.09,21027.76
2022-04-20,4459.45,27217.85,20944.67
2022-04-21,4393.66,27553.06,20682.22
2022-04-22,4271.78,27105.26,20638.52
2022-04-25,4296.12,26590.78,19869.34
2022-04-26,4175.2,26700.11,19934.71
2022-04-27,4183.96,26386.63,19946.36
2022-04-28,4287.5,26847.9,20276.17
2022-04-29,4131.93,,21089.39
2022-05-02,4155.38,26818.53,
2022-05-03,4175.48,,21101.89
2022-05-04,4300.17,,20869.52
2022-05-05,4146.87,,20793.4
2022-05-06,4123.34,27003.56,20001.96
2022-05-09,3991.24,26319.34,
2022-05-10,4001.05,26167.1,19633.69
2022-05-11,3935.18,26213.64,19824.57
2022-05-12,3930.08,25748.72,19380.34
2022-05-13,4023.89,26427.65,19898.77
2022-05-16,4008.01,26547.05,19950.21
2022-05-17,4088.85,26659.75,20602.52
2022-05-18,3923.68,26911.2,20644.28
2022-05-19,3900.79,26402.84,20120.68
2022-05-20,3901.36,26739.03,20717.24
2022-05-23,3973.75,27001.52,20470.06
2022-05-24,3941.48,26748.14,20112.1
2022-05-25,3978.73,26677.8,20171.27
2022-05-26,4057.84,26604.84,20116.2
2022-05-27,4158.24,26781.68,20697.36
2022-05-31,4132.15,27279.8,21415.2
2022-06-01,4101.23,27457.89,21294.94
2022-06-02,4176.82,27413.88,21082.13
2022-06-03,4108.54,27761.57,
2022-06-06,4121.43,27915.89,21653.9
2022-06-07,4160.68,27943.95,21531.67
2022-06-08,4115.77,28234.29,22014.59
2022-06-09,4017.82,28246.53,21869.05
2022-06-10,3900.86,27824.29,21806.18
2022-06-13,3749.63,26987.44,21067.58
2022-06-14,3735.48,26629.86,21067.99
2022-06-15,3789.99,26326.16,21308.21
2022-06-16,3666.77,26431.2,20845.43
2022-06-17,3674.84,25963.0,21075.0
2022-06-21,3764.79,26246.31,21559.59
2022-06-22,3759.89,26149.55,21008.34
2022-06-23,3795.73,26171.25,21273.87
2022-06-24,3911.74,26491.97,21719.06
2022-06-27,3900.11,26871.27,22229.52
2022-06-28,3821.55,27049.47,22418.97
2022-06-29,3818.83,26804.6,21996.89
2022-06-30,3785.38,26393.04,21859.79
2022-07-01,3825.33,25935.62,
2022-07-05,3831.39,26423.47,21853.07
2022-07-06,3845.08,26107.65,21586.66
2022-07-07,3902.62,26490.53,21643.58
2022-07-08,3899.38,26517.19,21725.78
2022-07-11,3854.43,26812.3,21124.2
2022-07-12,3818.8,26336.66,20844.74
2022-07-13,3801.78,26478.77,20797.95
2022-07-14,3790.38,26643.39,20751.21
2022-07-15,3863.16,26788.47,20297.72
2022-07-18,3830.85,,20846.18
2022-07-19,3936.69,26961.68,20661.06
2022-07-20,3959.9,27680.26,20890.22
2022-07-21,3998.95,27803.0,20574.63
2022-07-22,3961.63,27914.66,20609.14
2022-07-25,3966.84,27699.25,20562.94
2022-07-26,3921.05,27655.21,20905.88
2022-07-27,4023.61,27715.75,20670.04
2022-07-28,4072.43,27815.48,20622.68
2022-07-29,4130.29,27801.64,20156.51
2022-08-01,4118.63,27993.35,20165.84
2022-08-02,4091.19,27594.73,19689.21
2022-08-03,4155.17,27741.9,19767.09
2022-08-04,4151.94,27932.2,20174.04
2022-08-05,4145.19,28175.87,20201.94
2022-08-08,4140.06,28249.24,20045.77
2022-08-09,4122.47,27999.96,20003.44
2022-08-10,4210.24,27819.33,19610.84
2022-08-11,4207.27,,20082.43
2022-08-12,4280.15,28546.98,20175.62
2022-08-15,4297.14,28871.78,20040.86
2022-08-16,4305.2,28868.91,19830.52
2022-08-17,4274.04,29222.77,19922.45
2022-08-18,4283.74,28942.14,19763.91
2022-08-19,4228.48,28930.33,19773.03
2022-08-22,4137.99,28794.5,19656.98
2022-08-23,4128.73,28452.75,19503.25
2022-08-24,4140.77,28313.47,19268.74
2022-08-25,4199.12,28479.01,19968.38
2022-08-26,4057.66,28641.38,20170.04
2022-08-29,4030.61,27878.96,20023.22
2022-08-30,3986.16,28195.58,19949.03
2022-08-31,3955.0,28091.53,19954.39
2022-09-01,3966.85,27661.47,19597.31
2022-09-02,3924.26,27650.84,19452.09
2022-09-06,3908.19,27626.51,19202.73
2022-09-07,3979.87,27430.3,19044.3
2022-09-08,4006.18,28065.28,18854.62
2022-09-09,4067.36,28214.75,19362.25
2022-09-12,4110.41,28542.11,
2022-09-13,3932.69,28614.63,19326.86
2022-09-14,3946.01,27818.62,18847.1
2022-09-15,3901.35,27875.91,18930.38
2022-09-16,3873.33,27567.65,18761.69
2022-09-19,3899.89,,18565.97
2022-09-20,3855.93,27688.42,18781.42
2022-09-21,3789.93,27313.13,18444.62
2022-09-22,3757.99,27153.83,18147.95
2022-09-23,3693.23,,17933.27
2022-09-26,3655.04,26431.55,17855.14
2022-09-27,3647.29,26571.87,17860.31
2022-09-28,3719.04,26173.98,17250.88
2022-09-29,3640.47,26422.05,17165.87
2022-09-30,3585.62,25937.21,17222.83
2022-10-03,3678.43,26215.79,17079.51
2022-10-04,3790.93,26992.21,
2022-10-05,3783.28,27120.53,18087.97
2022-10-06,3744.52,27311.3,18012.15
2022-10-07,3639.66,27116.11,17740.05
2022-10-10,3612.39,,17216.66
2022-10-11,3588.84,26401.25,16832.36
2022-10-12,3577.03,26396.83,16701.03
2022-10-13,3669.91,26237.42,16389.11
2022-10-14,3583.07,27090.76,16587.69
2022-10-17,3677.95,26775.79,16612.9
2022-10-18,3719.98,27156.14,16914.58
2022-10-19,3695.16,27257.38,16511.28
2022-10-20,3665.78,27006.96,16280.22
2022-10-21,3752.75,26890.58,16211.12
2022-10-24,3797.34,26974.9,15180.69
2022-10-25,3859.11,27250.28,15165.59
2022-10-26,3830.6,27431.84,15317.67
2022-10-27,3807.3,27345.24,15427.94
2022-10-28,3901.06,27105.2,14863.06
2022-10-31,3871.98,27587.46,14687.02
2022-11-01,3856.1,27678.92,15455.27
2022-11-02,3759.69,27663.39,15827.17
2022-11-03,3719.89,,15339.49
2022-11-04,3770.55,27199.74,16161.14
2022-11-07,3806.8,27527.64,16595.91
2022-11-08,3828.11,27872.11,16557.31
2022-11-09,3748.57,27716.43,16358.52
2022-11-10,3956.37,27446.1,16081.04
2022-11-11,3992.93,28263.57,17325.66
2022-11-14,3957.25,27963.47,17619.71
2022-11-15,3991.73,27990.17,18343.12
2022-11-16,3958.79,28028.3,18256.48
2022-11-17,3946.56,27930.57,18045.66
2022-11-18,3965.34,27899.77,17992.54
2022-11-21,3949.94,27944.79,17655.91
2022-11-22,4003.58,28115.74,17424.41
2022-11-23,4027.26,,17523.81
2022-11-25,4026.12,28283.03,17573.58
2022-11-28,3963.94,28162.83,17297.94
2022-11-29,3957.63,28027.84,18204.68
2022-11-30,4080.11,27968.99,18597.23
2022-12-01,4076.57,28226.08,18736.44
2022-12-02,4071.7,27777.9,18675.35
2022-12-05,3998.84,27820.4,19518.29
2022-12-06,3941.26,27885.87,19441.18
2022-12-07,3933.92,27686.4,18814.82
2022-12-08,3963.51,27574.43,19450.23
2022-12-09,3934.38,27901.01,19900.87
2022-12-12,3990.56,27842.33,19463.63
2022-12-13,4019.65,27954.85,19596.2
2022-12-14,3995.32,28156.21,19673.45
2022-12-15,3895.75,28051.7,19368.59
2022-12-16,3852.36,27527.12,19450.67
2022-12-19,3817.66,27237.64,19352.81
2022-12-20,3821.62,26568.03,19094.8
2022-12-21,3878.44,26387.72,19160.49
2022-12-22,3822.39,26507.87,19679.22
2022-12-23,3844.82,26235.25,19593.06
2022-12-27,3829.25,26447.87,
2022-12-28,3783.22,26340.5,19898.91
2022-12-29,3849.28,26093.67,19741.14
2022-12-30,3839.5,26094.5,19781.41
2023-01-03,3824.14,,20145.29
2023-01-04,3852.97,25716.86,20793.11
2023-01-05,3808.1,25820.8,21052.17
2023-01-06,3895.08,25973.85,20991.64
2023-01-09,3892.09,,21388.34
2023-01-10,3919.25,26175.56,21331.46
2023-01-11,3969.61,26446.0,21436.05
2023-01-12,3983.17,26449.82,21514.1
2023-01-13,3999.09,26119.52,21738.66
2023-01-17,3990.97,26138.68,21577.64
2023-01-18,3928.86,26791.12,21678.0
2023-01-19,3898.85,26405.23,21650.98
2023-01-20,3972.61,26553.53,22044.65
2023-01-23,4019.81,26906.04,
2023-01-24,4016.95,27299.19,
2023-01-25,4016.22,27395.01,
2023-01-26,4060.43,27362.75,22566.78
2023-01-27,4070.56,27382.56,22688.9
2023-01-30,4017.77,27433.4,22069.73
2023-01-31,4076.6,27327.11,21842.33
2023-02-01,4119.21,27346.88,22072.18
2023-02-02,4179.76,27402.05,21958.36
2023-02-03,4136.48,27509.46,21660.47
2023-02-06,4111.08,27693.65,21222.16
2023-02-07,4164.0,27685.47,21298.7
2023-02-08,4117.86,27606.46,21283.52
2023-02-09,4081.5,27584.35,21624.36
2023-02-10,4090.46,27670.98,21190.42
2023-02-13,4137.29,27427.32,21164.42
2023-02-14,4136.13,27602.77,21113.76
2023-02-15,4147.6,27501.86,20812.17
2023-02-16,4090.41,27696.44,20987.67
2023-02-17,4079.09,27513.13,20719.81
2023-02-21,3997.34,27473.1,20529.49
2023-02-22,3991.05,27104.32,20423.84
2023-02-23,4012.32,,20351.35
2023-02-24,3970.04,27453.48,20010.04
2023-02-27,3982.24,27423.96,19943.51
2023-02-28,3970.15,27445.56,19785.94
2023-03-01,3951.39,27516.53,20619.71
2023-03-02,3981.35,27498.87,20429.46
2023-03-03,4045.64,27927.47,20567.54
2023-03-06,4048.42,28237.78,20603.19
2023-03-07,3986.37,28309.16,20534.48
2023-03-08,3992.01,28444.19,20051.25
2023-03-09,3918.32,28623.15,19925.74
2023-03-10,3861.59,28143.97,19319.92
2023-03-13,3855.76,27832.96,19695.97
2023-03-14,3919.29,27222.04,19247.96
2023-03-15,3891.93,27229.48,19539.87
2023-03-16,3960.28,27010.61,19203.91
2023-03-17,3916.64,27333.79,19518.59
2023-03-20,3951.57,26945.67,19000.71
2023-03-21,4002.87,,19258.76
2023-03-22,3936.97,27466.61,19591.43
2023-03-23,3948.72,27419.61,20049.64
2023-03-24,3970.99,27385.25,19915.68
2023-03-27,3977.53,27476.87,19567.69
2023-03-28,3971.27,27518.25,19784.65
2023-03-29,4027.81,27883.78,20192.4
2023-03-30,4050.83,27782.93,20309.13
2023-03-31,4109.31,28041.48,20400.11
2023-04-03,4124.51,28188.15,20409.18
2023-04-04,4100.6,28287.42,20274.59
2023-04-05,4090.38,27813.26,
2023-04-06,4105.02,27472.63,20331.2
2023-04-10,4109.11,27633.66,
2023-04-11,4108.94,27923.37,20485.24
2023-04-12,4091.95,28082.7,20309.86
2023-04-13,4146.22,28156.97,20344.48
2023-04-14,4137.64,28493.47,20438.81
2023-04-17,4151.32,28514.78,20782.45
2023-04-18,4154.87,28658.83,20650.51
2023-04-19,4154.52,28606.76,20367.76
2023-04-20,4129.79,28657.57,20396.97
2023-04-21,4133.52,28564.37,20075.73
2023-04-24,4137.04,28593.52,19959.94
2023-04-25,4071.63,28620.07,19617.88
2023-04-26,4055.99,28416.47,19757.27
2023-04-27,4135.35,28457.68,19840.28
2023-04-28,4169.48,28856.44,19894.57
2023-05-01,4167.87,29123.18,
2023-05-02,4119.58,29157.95,19933.81
2023-05-03,4090.75,,19699.16
2023-05-04,4061.22,,19948.73
2023-05-05,4136.25,,20049.31
2023-05-08,4138.12,28949.88,20297.03
2023-05-09,4119.17,29242.82,19867.58
2023-05-10,4137.64,29122.18,19762.2
2023-05-11,4130.62,29126.72,19743.79
2023-05-12,4124.08,29388.3,19627.24
2023-05-15,4136.28,29626.34,19971.13
2023-05-16,4109.9,29842.99,19978.25
2023-05-17,4158.77,30093.59,19560.57
2023-05-18,4198.05,30573.93,19727.25
2023-05-19,4191.98,30808.35,19450.57
2023-05-22,4192.63,31086.82,19678.17
2023-05-23,4145.58,30957.77,19431.25
2023-05-24,4115.24,30682.68,19115.93
2023-05-25,4151.28,30801.13,18746.92
2023-05-26,4205.45,30916.31,
2023-05-30,4205.52,31328.16,18595.78
2023-05-31,4179.83,30887.88,18234.27
2023-06-01,4221.02,31148.01,18216.91
2023-06-02,4282.37,31524.22,18949.94
2023-06-05,4273.79,32217.43,19108.5
2023-06-06,4283.85,32506.78,19099.28
2023-06-07,4267.52,31913.74,19252.0
2023-06-08,4293.93,31641.27,19299.18
2023-06-09,4298.86,32265.17,19389.95
2023-06-12,4338.93,32434.0,19404.31
2023-06-13,4369.01,33018.65,19521.42
2023-06-14,4372.59,33502.42,19408.42
2023-06-15,4425.84,33485.49,19828.92
2023-06-16,4409.59,33706.08,20040.37
2023-06-20,4388.71,33388.91,19607.08
2023-06-21,4365.69,33575.14,19218.35
2023-06-22,4381.89,33264.88,
2023-06-23,4348.33,32781.54,18889.97
2023-06-26,4328.82,32698.81,18794.13
2023-06-27,4378.41,32538.33,19148.13
2023-06-28,4376.86,33193.99,19172.05
2023-06-29,4396.44,33234.14,18934.36
2023-06-30,4450.38,33189.04,18916.43
2023-07-03,4455.59,33753.33,19306.59
2023-07-05,4446.82,33338.7,19110.38
2023-07-06,4411.59,32773.02,18533.05
2023-07-07,4398.95,32388.42,18365.7
2023-07-10,4409.53,32189.73,18479.72
2023-07-11,4439.26,32203.57,18659.83
2023-07-12,4472.16,31943.93,18860.95
2023-07-13,4510.04,32419.33,19350.62
2023-07-14,4505.42,32391.26,19413.78
2023-07-17,4522.79,,
2023-07-18,4554.98,32493.89,19015.72
2023-07-19,4565.72,32896.03,18952.31
2023-07-20,4534.87,32490.52,18928.02
2023-07-21,4536.34,32304.25,19075.26
2023-07-24,4554.64,32700.94,18668.15
2023-07-25,4567.46,32682.51,19434.4
2023-07-26,4566.75,32668.34,19365.14
2023-07-27,4537.41,32891.16,19639.11
2023-07-28,4582.23,32759.23,19916.56
2023-07-31,4588.96,33172.22,20078.94
2023-08-01,4576.73,33476.58,20011.12
2023-08-02,4513.39,32707.69,19517.38
2023-08-03,4501.89,32159.28,19420.87
2023-08-04,4478.03,32192.75,19539.46
2023-08-07,4518.44,32254.56,19537.92
2023-08-08,4499.38,32377.29,19184.17
2023-08-09,4467.71,32204.33,19246.03
2023-08-10,4468.83,32473.65,19248.26
2023-08-11,4464.05,,19075.19
2023-08-14,4489.72,32059.91,18773.55
2023-08-15,4437.86,32238.89,18581.11
2023-08-16,4404.33,31766.82,18329.3
2023-08-17,4370.36,31626.0,18326.63
2023-08-18,4369.71,31450.76,17950.85
2023-08-21,4399.77,31565.64,17623.29
2023-08-22,4387.55,31856.71,17791.01
2023-08-23,4436.01,32010.26,17845.92
2023-08-24,4376.31,32287.21,18212.17
2023-08-25,4405.71,31624.28,17956.38
2023-08-28,4433.31,32169.99,18130.74
2023-08-29,4497.63,32226.97,18484.03
2023-08-30,4514.87,32333.46,18482.86
2023-08-31,4507.66,32619.34,18382.06
2023-09-01,4515.77,32710.62,
2023-09-05,4496.83,33036.76,18456.91
2023-09-06,4465.48,33241.02,18449.98
2023-09-07,4451.14,32991.08,18202.07
2023-09-08,4457.49,32606.84,
2023-09-11,4487.46,32467.76,18096.45
2023-09-12,4461.9,32776.37,18025.89
2023-09-13,4467.44,32706.52,18009.22
2023-09-14,4505.1,33168.1,18047.92
2023-09-15,4450.32,33533.09,18182.89
2023-09-18,4453.53,,17930.55
2023-09-19,4443.95,33242.59,17997.17
2023-09-20,4402.2,33023.78,17885.6
2023-09-21,4330.0,32571.03,17655.41
2023-09-22,4320.06,32402.41,18057.45
2023-09-25,4337.44,32678.62,17729.29
2023-09-26,4273.53,32315.05,17466.9
2023-09-27,4274.51,32371.9,17611.87
2023-09-28,4299.7,31872.52,17373.03
2023-09-29,4288.05,31857.62,17809.66
2023-10-02,4288.39,31759.88,
2023-10-03,4229.45,31237.94,17331.22
2023-10-04,4263.75,30526.88,17195.84
2023-10-05,4258.19,31075.36,17213.87
2023-10-06,4308.5,30994.67,17485.98
2023-10-09,4335.66,,17517.4
2023-10-10,4358.24,31746.53,17664.73
2023-10-11,4376.95,31936.51,17893.1
2023-10-12,4349.61,32494.66,18238.21
2023-10-13,4327.78,32315.99,17813.45
2023-10-16,4373.63,31659.03,17640.36
2023-10-17,4373.2,32040.29,17773.34
2023-10-18,4314.6,32042.25,17732.52
2023-10-19,4278.0,31430.62,17295.89
2023-10-20,4224.16,31259.36,17172.13
2023-10-23,4217.04,30999.55,
2023-10-24,4247.68,31062.35,16991.53
2023-10-25,4186.77,31269.92,17085.33
2023-10-26,4137.23,30601.78,17044.61
2023-10-27,4117.37,30991.69,17398.73
2023-10-30,4166.82,30696.96,17406.36
2023-10-31,4193.8,30858.85,17112.48
2023-11-01,4237.86,31601.65,17101.78
2023-11-02,4317.78,31949.89,17230.59
2023-11-03,4358.34,,17664.12
2023-11-06,4365.98,32708.48,17966.59
2023-11-07,4378.38,32271.82,17670.16
2023-11-08,4382.78,32166.48,17568.46
2023-11-09,4347.35,32646.46,17511.29
2023-11-10,4415.24,32568.11,17203.26
2023-11-13,4411.55,32585.11,17426.21
2023-11-14,4495.7,32695.93,17396.86
2023-11-15,4502.88,33519.7,18079.0
2023-11-16,4508.24,33424.41,17832.82
2023-11-17,4514.02,33585.2,17454.19
2023-11-20,4547.38,33388.03,17778.07
2023-11-21,4538.19,33354.14,17733.89
2023-11-22,4556.62,33451.83,17734.6
2023-11-24,4559.34,33625.53,17559.42
2023-11-27,4550.43,33447.67,17525.06
2023-11-28,4554.89,33408.39,17354.14
2023-11-29,4550.58,33321.22,16993.44
2023-11-30,4567.8,33486.89,17042.88
2023-12-01,4594.63,33431.51,16830.3
2023-12-04,4569.78,33231.27,16646.05
2023-12-05,4567.18,32775.82,16327.86
2023-12-06,4549.34,33445.9,16463.26
2023-12-07,4585.59,32858.31,16345.89
2023-12-08,4604.37,32307.86,16334.37
2023-12-11,4622.44,32791.8,16201.49
2023-12-12,4643.7,32843.7,16374.5
2023-12-13,4707.09,32926.35,16228.75
2023-12-14,4719.55,32686.25,16402.19
2023-12-15,4719.19,32970.55,16792.19
2023-12-18,4740.56,32758.98,16629.23
2023-12-19,4768.37,33219.39,16505.0
2023-12-20,4698.35,33675.94,16613.81
2023-12-21,4746.75,33140.47,16621.13
2023-12-22,4754.63,33169.05,16340.41
2023-12-26,4774.75,33305.85,
2023-12-27,4781.58,33681.24,16624.84
2023-12-28,4783.35,33539.62,17043.53
2023-12-29,4769.83,33464.17,17047.39
2024-01-02,4742.83,,16788.55
2024-01-03,4704.81,,16646.41
2024-01-04,4688.68,33288.29,16645.98
2024-01-05,4697.24,33377.42,16535.33
2024-01-08,4763.54,,16224.45
2024-01-09,4756.5,33763.18,16190.02
2024-01-10,4783.45,34441.72,16097.28
2024-01-11,4780.24,35049.86,16302.04
2024-01-12,4783.83,35577.11,16244.58
2024-01-16,4765.98,35619.18,15865.92
2024-01-17,4739.21,35477.75,15276.9
2024-01-18,4780.94,35466.17,15391.79
2024-01-19,4839.81,35963.27,15308.69
2024-01-22,4850.43,36546.95,14961.18
2024-01-23,4864.6,36517.57,15353.98
2024-01-24,4868.55,36226.48,15899.87
2024-01-25,4894.16,36236.47,16211.96
2024-01-26,4890.97,35751.07,15952.23
2024-01-29,4927.93,36026.94,16077.24
2024-01-30,4924.97,36065.86,15703.45
2024-01-31,4845.65,36286.71,15485.07
2024-02-01,4906.19,36011.46,15566.21
2024-02-02,4958.61,36158.02,15533.56
2024-02-05,4942.81,36354.16,15510.01
2024-02-06,4954.23,36160.66,16136.87
2024-02-07,4995.06,36119.92,16081.89
2024-02-08,4997.91,36863.28,15878.07
2024-02-09,5026.61,36897.42,15746.58
2024-02-12,5021.84,,
2024-02-13,4953.17,37963.97,
2024-02-14,5000.62,37703.32,15879.38
2024-02-15,5029.73,38157.94,15944.63
2024-02-16,5005.57,38487.24,16339.96
2024-02-20,4975.51,38363.61,16247.51
2024-02-21,4981.8,38262.16,16503.1
2024-02-22,5087.03,39098.68,16742.95
2024-02-23,5088.8,,16725.86
2024-02-26,5069.53,39233.71,16634.74
2024-02-27,5078.18,39239.52,16790.8
2024-02-28,5069.76,39208.03,16536.85
2024-02-29,5096.27,39166.19,16511.44
2024-03-01,5137.08,39910.82,16589.44
2024-03-04,5130.95,40109.23,16595.97
2024-03-05,5078.65,40097.63,16162.64
2024-03-06,5104.76,40090.78,16438.09
2024-03-07,5157.36,39598.71,16229.78
2024-03-08,5123.69,39688.94,16353.39
2024-03-11,5117.94,38820.49,16587.57
2024-03-12,5175.27,38797.51,17093.5
2024-03-13,5165.31,38695.97,17082.11
2024-03-14,5150.48,38807.38,16961.66
2024-03-15,5117.09,38707.64,16720.89
2024-03-18,5149.42,39740.44,16737.12
2024-03-19,5178.51,40003.6,16529.48
2024-03-20,5224.62,,16543.07
2024-03-21,5241.53,40815.66,16863.1
2024-03-22,5234.18,40888.43,16499.47
2024-03-25,5218.19,40414.12,16473.64
2024-03-26,5203.58,40398.03,16618.32
2024-03-27,5248.49,40762.73,16392.84
2024-03-28,5254.35,40168.07,16541.42
2024-04-01,5243.77,39803.09,
2024-04-02,5205.81,39838.91,16931.52
2024-04-03,5211.49,39451.85,16725.1
2024-04-04,5147.21,39773.14,
2024-04-05,5204.34,38992.08,16723.92
2024-04-08,5202.39,39347.04,16732.85
2024-04-09,5209.91,39773.13,16828.07
2024-04-10,5160.64,39581.81,17139.17
2024-04-11,5199.06,39442.63,17095.03
2024-04-12,5123.41,39523.55,16721.69
2024-04-15,5061.82,39232.8,16600.46
2024-04-16,5051.41,38471.2,16248.97
2024-04-17,5022.21,37961.8,16251.84
2024-04-18,5011.12,38079.7,16385.87
2024-04-19,4967.23,37068.35,16224.14
2024-04-22,5010.6,37438.61,16511.69
2024-04-23,5070.55,37552.16,16828.93
2024-04-24,5071.63,38460.08,17201.27
2024-04-25,5048.42,37628.48,17284.54
2024-04-26,5099.96,37934.76,17651.15
2024-04-29,5116.17,,17746.91
2024-04-30,5035.69,38405.66,17763.03
2024-05-01,5018.39,38274.05,
2024-05-02,5064.2,38236.07,18207.13
2024-05-03,5127.79,,18475.92
2024-05-06,5180.74,,18578.3
2024-05-07,5187.7,38835.1,18479.37
2024-05-08,5187.67,38202.37,18313.86
2024-05-09,5214.08,38073.98,18537.81
2024-05-10,5222.68,38229.11,18963.68
2024-05-13,5221.42,38179.46,19115.06
2024-05-14,5246.68,38356.06,19073.71
2024-05-15,5308.15,38385.73,
2024-05-16,5297.1,38920.26,19376.53
2024-05-17,5303.27,38787.38,19553.61
2024-05-20,5308.13,39069.68,19636.22
2024-05-21,5321.41,38946.93,19220.62
2024-05-22,5307.01,38617.1,19195.6
2024-05-23,5267.84,39103.22,18868.71
2024-05-24,5304.72,38646.11,18608.94
2024-05-28,5306.04,38855.37,18821.16
2024-05-29,5266.95,38556.87,18477.01
2024-05-30,5235.48,38054.13,18230.19
2024-05-31,5277.51,38487.9,18079.61
2024-06-03,5283.4,38923.03,18403.04
2024-06-04,5291.34,38837.46,18444.11
2024-06-05,5354.03,38490.17,18424.96
2024-06-06,5352.96,38703.51,18476.8
2024-06-07,5346.99,38683.93,18366.95
2024-06-10,5360.79,39038.16,
2024-06-11,5375.32,39134.79,18176.34
2024-06-12,5421.03,38876.71,17937.84
2024-06-13,5433.74,38720.47,18112.63
2024-06-14,5431.6,38814.56,17941.78
2024-06-17,5473.23,38102.44,17936.12
2024-06-18,5487.03,38482.11,17915.55
2024-06-20,5473.17,38633.02,18335.32
2024-06-21,5464.62,38596.47,18028.52
2024-06-24,5447.87,38804.65,18027.71
2024-06-25,5469.3,39173.15,18072.9
2024-06-26,5477.9,39667.07,18089.93
2024-06-27,5482.87,39341.54,17716.47
2024-06-28,5460.48,39583.08,17718.61
2024-07-01,5475.09,39631.06,
2024-07-02,5509.01,40074.69,17769.14
2024-07-03,5537.02,40580.76,17978.57
2024-07-05,5567.19,40912.37,17799.61
2024-07-08,5572.85,40780.7,17524.06
2024-07-09,5576.98,41580.17,17523.23
2024-07-10,5633.91,41831.99,17471.67
2024-07-11,5584.54,42224.02,17832.33
2024-07-12,5615.35,41190.68,18293.38
2024-07-15,5631.22,,18015.94
2024-07-16,5667.2,41275.08,17727.98
2024-07-17,5588.27,41097.69,17739.41
2024-07-18,5544.59,40126.35,17778.41
2024-07-19,5505.0,40063.79,17417.68
2024-07-22,5564.41,39599.0,17635.88
2024-07-23,5555.74,39594.39,17469.36
2024-07-24,5427.13,39154.85,17311.05
2024-07-25,5399.22,37869.51,17004.97
2024-07-26,5459.1,37667.41,17021.31
2024-07-29,5463.54,38468.63,17238.34
2024-07-30,5436.44,38525.95,17002.91
2024-07-31,5522.3,39101.82,17344.6
2024-08-01,5446.68,38126.33,17304.96
2024-08-02,5346.56,35909.7,16945.51
2024-08-05,5186.33,31458.42,16698.36
2024-08-06,5240.03,34675.46,16647.34
2024-08-07,5199.5,35089.62,16877.86
2024-08-08,5319.31,34831.15,16891.83
2024-08-09,5344.16,35025.0,17090.23
2024-08-12,5344.39,,17111.65
2024-08-13,5434.43,36232.51,17174.06
2024-08-14,5455.21,36442.43,17113.36
2024-08-15,5543.22,36726.64,17109.14
2024-08-16,5554.25,38062.67,17430.16
2024-08-19,5608.25,37388.62,17569.57
2024-08-20,5597.12,38062.92,17511.08
2024-08-21,5620.85,37951.8,17391.01
2024-08-22,5570.64,38211.01,17641.0
2024-08-23,5634.61,38364.27,17612.1
2024-08-26,5616.84,38110.22,17798.73
2024-08-27,5625.8,38288.62,17874.67
2024-08-28,5592.18,38371.76,17692.45
2024-08-29,5591.96,38362.53,17786.32
2024-08-30,5648.4,38647.75,17989.07
2024-09-03,5528.93,38686.31,17651.49
2024-09-04,5520.07,37047.61,17457.34
2024-09-05,5503.41,36657.09,17444.3
2024-09-06,5408.42,36391.47,
2024-09-09,5471.05,36215.75,17196.96
2024-09-10,5495.52,36159.16,17234.09
2024-09-11,5554.13,35619.77,17108.71
2024-09-12,5595.76,36833.27,17240.39
2024-09-13,5626.02,36581.76,17369.09
2024-09-16,5633.09,,17422.12
2024-09-17,5634.58,36203.22,17660.02
2024-09-18,5618.26,36380.17,
2024-09-19,5713.64,37155.33,18013.16
2024-09-20,5702.55,37723.91,18258.57
2024-09-23,5718.57,,18247.11
2024-09-24,5732.93,37940.59,19000.56
2024-09-25,5722.26,37870.26,19129.1
2024-09-26,5745.37,38925.63,19924.58
2024-09-27,5738.17,39829.56,20632.3
2024-09-30,5762.48,37919.55,21133.68
2024-10-01,5708.75,38651.97,
2024-10-02,5709.54,37808.76,22443.73
2024-10-03,5699.94,38552.06,22113.51
2024-10-04,5751.07,38635.62,22736.87
2024-10-07,5695.94,39332.74,23099.78
2024-10-08,5751.13,38937.54,20926.79
2024-10-09,5792.04,39277.96,20637.24
2024-10-10,5780.05,39380.89,21251.98
2024-10-11,5815.03,39605.8,
2024-10-14,5859.85,,21092.87
2024-10-15,5815.26,39910.55,20318.79
2024-10-16,5842.47,39180.3,20286.85
2024-10-17,5841.47,38911.19,20079.1
2024-10-18,5864.67,38981.75,20804.11
2024-10-21,5853.98,38954.6,20478.46
2024-10-22,5851.2,38411.96,20498.95
2024-10-23,5797.42,38104.86,20760.15
2024-10-24,5809.86,38143.29,20489.62
2024-10-25,5808.12,37913.92,20590.15
2024-10-28,5823.52,38605.53,20599.36
2024-10-29,5832.92,38903.68,20701.14
2024-10-30,5813.67,39277.39,20380.64
2024-10-31,5705.45,39081.25,20317.33
2024-11-01,5728.8,38053.67,20506.43
2024-11-04,5712.69,,20567.52
2024-11-05,5782.76,38474.9,21006.97
2024-11-06,5929.04,39480.67,20538.38
2024-11-07,5973.1,39381.41,20953.34
2024-11-08,5995.54,39500.37,20728.19
2024-11-11,6001.35,39533.32,20426.93
2024-11-12,5983.99,39376.09,19846.88
2024-11-13,5985.38,38721.66,19823.45
2024-11-14,5949.17,38535.7,19435.81
2024-11-15,5870.62,38642.91,19426.34
2024-11-18,5893.62,38220.85,19576.61
2024-11-19,5916.98,38414.43,19663.67
2024-11-20,5917.11,38352.34,19705.01
2024-11-21,5948.71,38026.17,19601.11
2024-11-22,5969.34,38283.85,19229.97
2024-11-25,5987.37,38780.14,19150.99
2024-11-26,6021.63,38442.0,19159.2
2024-11-27,5998.74,38134.97,19603.13
2024-11-29,6032.38,38208.03,19423.61
2024-12-02,6047.15,38513.02,19550.29
2024-12-03,6049.88,39248.86,19746.32
2024-12-04,6086.49,39276.39,19742.46
2024-12-05,6075.11,39395.6,19560.44
2024-12-06,6090.27,39091.17,19865.85
2024-12-09,6052.85,39160.5,20414.09
2024-12-10,6034.91,39367.58,20311.28
2024-12-11,6084.19,39372.23,20155.05
2024-12-12,6051.25,39849.14,20397.05
2024-12-13,6051.09,39470.44,19971.24
2024-12-16,6074.08,39457.49,19795.49
2024-12-17,6050.61,39364.68,19700.48
2024-12-18,5872.16,39081.71,19864.55
2024-12-19,5867.08,38813.58,19752.51
2024-12-20,5930.85,38701.9,19720.7
2024-12-23,5974.07,39161.34,19883.13
2024-12-24,6040.04,39036.85,20098.29
2024-12-26,6037.59,39568.06,
2024-12-27,5970.84,40281.16,20090.46
2024-12-30,5906.94,39894.54,20041.42
2024-12-31,5881.63,,20059.95
2025-01-02,5868.55,,19623.32
2025-01-03,5942.47,,19760.27
2025-01-06,5975.38,39307.05,19688.29
2025-01-07,5909.03,40083.3,19447.58
2025-01-08,5918.25,39981.06,19279.84
2025-01-10,5827.04,39190.4,19064.29
2025-01-13,5836.22,,18874.14
2025-01-14,5842.91,38474.3,19219.78
2025-01-15,5949.91,38444.58,19286.07
2025-01-16,5937.34,38572.6,19522.89
2025-01-17,5996.66,38451.46,19584.06
2025-01-21,6049.24,39027.98,20106.55
2025-01-22,6086.37,39646.25,19778.77
2025-01-23,6118.71,39958.87,19700.56
2025-01-24,6101.24,39931.98,20066.19
2025-01-27,6012.28,39565.8,20197.77
2025-01-28,6067.7,39016.87,20225.11
2025-01-29,6039.31,39414.78,
2025-01-30,6071.17,39513.97,
2025-01-31,6040.53,39572.49,
2025-02-03,5994.57,38520.09,20217.26
2025-02-04,6037.88,38798.37,20789.96
2025-02-05,6061.48,38831.48,20597.09
2025-02-06,6083.57,39066.53,20891.62
2025-02-07,6025.99,38787.02,21133.54
2025-02-10,6066.44,38801.17,21521.98
2025-02-11,6068.5,,21294.86
2025-02-12,6051.97,38963.7,21857.92
2025-02-13,6115.07,39461.47,21814.37
2025-02-14,6114.63,39149.43,22620.33
2025-02-18,6129.58,39270.4,22976.81
2025-02-19,6144.15,39164.61,22944.24
2025-02-20,6117.52,38678.04,22576.98
2025-02-21,6013.13,38776.94,23477.92
2025-02-24,5983.25,,23341.61
2025-02-25,5955.25,38237.79,23034.02
2025-02-26,5956.06,38142.37,23787.93
2025-02-27,5861.57,38256.17,23718.29
2025-02-28,5954.5,37155.5,22941.32
2025-03-03,5849.72,37785.47,23006.27
2025-03-04,5778.15,37331.18,22941.77
2025-03-05,5842.63,37418.24,23594.21
2025-03-06,5738.52,37704.93,24369.71
2025-03-07,5770.2,36887.17,24231.3
2025-03-10,5614.56,37028.27,23783.49
2025-03-11,5572.07,36793.11,23782.14
2025-03-12,5599.3,36819.09,23600.31
2025-03-13,5521.52,36790.03,23462.65
2025-03-14,5638.94,37053.1,23959.98
2025-03-17,5675.12,37396.52,24145.57
2025-03-18,5614.66,37845.42,24740.57
2025-03-19,5675.29,37751.88,24771.14
2025-03-20,5662.89,,24219.95
2025-03-21,5667.56,37677.06,23689.72
2025-03-24,5767.57,37608.49,23905.56
2025-03-25,5776.65,37780.54,23344.25
2025-03-26,5712.2,38027.29,23483.32
2025-03-27,5693.31,37799.97,23578.8
2025-03-28,5580.94,37120.33,23426.6
2025-03-31,5611.85,35617.56,23119.58
2025-04-01,5633.07,35624.48,23206.84
2025-04-02,5670.97,35725.87,23202.53
2025-04-03,5396.52,34735.93,22849.81
2025-04-04,5074.08,33780.58,
2025-04-07,5062.25,31136.58,19828.3
2025-04-08,4982.77,33012.58,20127.68
2025-04-09,5456.9,31714.03,20264.49
2025-04-10,5268.05,34609.0,20681.78
2025-04-11,5363.36,33585.58,20914.69
2025-04-14,5405.97,33982.36,21417.4
2025-04-15,5396.63,34267.54,21466.27
2025-04-16,5275.7,33920.4,21056.98
2025-04-17,5282.7,34377.6,21395.14
2025-04-21,5158.2,34279.92,
2025-04-22,5287.76,34220.6,21562.32
2025-04-23,5375.86,34868.63,22072.62
2025-04-24,5484.77,35039.15,21909.76
2025-04-25,5525.21,35705.74,21980.74
2025-04-28,5528.75,35839.99,21971.96
2025-04-29,5560.83,,22008.11
2025-04-30,5569.06,36045.38,22119.41
2025-05-01,5604.14,36452.3,
2025-05-02,5686.67,36830.69,22504.68
2025-05-05,5650.38,,
2025-05-06,5606.91,,22662.71
2025-05-07,5631.28,36779.66,22691.88
2025-05-08,5663.94,36928.63,22775.92
2025-05-09,5659.91,37503.33,22867.74
2025-05-12,5844.19,37644.26,23549.46
2025-05-13,5886.55,38183.26,23108.27
2025-05-14,5892.58,38128.13,23640.65
2025-05-15,5916.93,37755.51,23453.16
2025-05-16,5958.38,37753.72,23345.05
2025-05-19,5963.6,37498.63,23332.72
2025-05-20,5940.46,37529.49,23681.48
2025-05-21,5844.61,37298.98,23827.78
2025-05-22,5842.01,36985.87,23544.31
2025-05-23,5802.82,37160.47,23601.26
2025-05-27,5921.54,37724.11,23381.99
2025-05-28,5888.55,37722.4,23258.31
2025-05-29,5912.17,38432.98,23573.38
2025-05-30,5911.69,37965.1,23289.77
2025-06-02,5935.94,37470.67,23157.97
2025-06-03,5970.37,37446.81,23512.49
2025-06-04,5970.81,37747.45,23654.03
2025-06-05,5939.3,37554.49,23906.97
2025-06-06,6000.36,37741.61,23792.54
2025-06-09,6005.88,38088.57,24181.43
2025-06-10,6038.81,38211.51,24162.87
2025-06-11,6022.24,38421.19,24366.94
2025-06-12,6045.26,38173.09,24035.38
2025-06-13,5976.97,37834.25,23892.56
2025-06-16,6033.11,38311.33,24060.99
2025-06-17,5982.72,38536.74,23980.3
2025-06-18,5980.87,38885.15,23710.69
2025-06-20,5967.84,38403.23,23530.48
2025-06-23,6025.17,38354.09,23689.13
2025-06-24,6092.18,38790.56,24177.07
2025-06-25,6092.16,38942.07,24474.67
2025-06-26,6141.02,39584.58,24325.4
2025-06-27,6173.07,40150.79,24284.15
2025-06-30,6204.95,40487.39,24072.28
2025-07-01,6198.01,39986.33,
2025-07-02,6227.42,39762.48,24221.41
2025-07-03,6279.35,39785.9,24069.94
2025-07-07,6229.98,39587.68,23887.83
2025-07-08,6225.52,39688.81,24148.07
2025-07-09,6263.26,39821.28,23892.32
2025-07-10,6280.46,39646.36,24028.37
2025-07-11,6259.75,39569.68,24139.57
2025-07-14,6268.56,39459.62,24203.32
2025-07-15,6243.76,39678.02,24590.12
2025-07-16,6263.7,39663.4,24517.76
2025-07-17,6297.36,39901.19,24498.95
2025-07-18,6296.79,39819.11,24825.66
2025-07-21,6305.6,,24994.14
2025-07-22,6309.62,39774.92,25130.03
2025-07-23,6358.91,41171.32,25538.07
2025-07-24,6363.35,41826.34,25667.18
2025-07-25,6388.64,41456.23,25388.35
2025-07-28,6389.77,40998.27,25562.13
2025-07-29,6370.86,40674.55,25524.45
2025-07-30,6362.9,40654.7,25176.93
2025-07-31,6339.39,41069.82,24773.33
2025-08-01,6238.01,40799.6,24507.81
2025-08-04,6329.94,40290.7,24733.45
2025-08-05,6299.19,40549.54,24902.53
2025-08-06,6345.06,40794.86,24910.63
2025-08-07,6340.0,41059.15,25081.63
2025-08-08,6389.45,41820.48,24858.82
2025-08-11,6373.45,,24906.81
2025-08-12,6445.76,42718.17,24969.68
2025-08-13,6466.58,43274.67,25613.67
2025-08-14,6468.54,42649.26,25519.32
2025-08-15,6449.8,43378.31,25270.07
2025-08-18,6449.15,43714.31,25176.85
2025-08-19,6411.37,43546.29,25122.9
2025-08-20,6395.78,42888.55,25165.94
2025-08-21,6370.17,42610.17,25104.61
2025-08-22,6466.91,42633.29,25339.14
2025-08-25,6439.32,42807.82,25829.91
2025-08-26,6465.94,42394.4,25524.92
2025-08-27,6481.4,42520.27,25201.76
2025-08-28,6501.86,42828.79,24998.82
2025-08-29,6460.26,42718.47,25077.62
2025-09-02,6415.54,42310.49,25496.55
2025-09-03,6448.26,41938.89,25343.43
2025-09-04,6502.08,42580.27,25058.51
2025-09-05,6481.5,43018.75,25417.98
2025-09-08,6495.15,43643.81,25633.91
2025-09-09,6512.61,43459.29,25938.13
2025-09-10,6532.04,43837.67,26200.26
2025-09-11,6587.47,44372.5,26086.32
2025-09-12,6584.29,44768.12,26388.16
2025-09-15,6615.28,,26446.56
2025-09-16,6606.76,44902.27,26438.51
2025-09-17,6600.35,44790.38,26908.39
2025-09-18,6631.96,45303.43,26544.85
2025-09-19,6664.36,45045.81,26545.1
2025-09-22,6693.75,45493.66,26344.14
2025-09-23,6656.92,,26159.12
2025-09-24,6637.97,45630.31,26518.65
2025-09-25,6604.72,45754.93,26484.68
2025-09-26,6643.7,45354.99,26128.2
2025-09-29,6661.21,45043.75,26622.88
2025-09-30,6688.46,44932.63,26855.56
2025-10-01,6711.2,44550.85,
2025-10-02,6715.35,44936.73,27287.12
2025-10-03,6715.79,45769.5,27140.92
2025-10-06,6740.28,47944.76,26957.77
2025-10-07,6714.59,47950.88,
2025-10-08,6753.72,47734.99,26829.46
2025-10-09,6735.11,48580.44,26752.59
2025-10-10,6552.51,48088.8,26290.32
2025-10-13,6654.72,,25889.48
2025-10-14,6644.31,46847.32,25441.35
2025-10-15,6671.06,47672.67,25910.6
2025-10-16,6629.07,48277.74,25888.51
2025-10-17,6664.01,47582.15,25247.1
2025-10-20,6735.13,49185.5,25858.83
2025-10-21,6735.35,49316.06,26027.55
2025-10-22,6699.4,49307.79,25781.77
2025-10-23,6738.44,48641.61,25967.98
2025-10-24,6791.69,49299.65,26160.15
2025-10-27,6875.16,50512.32,26433.7
2025-10-28,6890.89,50219.18,26346.14
2025-10-29,6890.59,51307.65,
2025-10-30,6822.34,51325.61,26282.69
2025-10-31,6840.2,52411.34,25906.65
2025-11-03,6851.97,,26158.36
2025-11-04,6771.55,51497.2,25952.4
2025-11-05,6796.29,50212.27,25935.41
2025-11-06,6720.32,50883.68,26485.9
2025-11-07,6728.8,50276.37,26241.83
2025-11-10,6832.43,50911.76,26649.06
2025-11-11,6846.61,50842.93,26696.41
2025-11-12,6850.92,51063.31,26922.73
2025-11-13,6737.49,51281.83,27073.03
2025-11-14,6734.11,50376.53,26572.46
2025-11-17,6672.41,50323.91,26384.28
2025-11-18,6617.32,48702.98,25930.03
2025-11-19,6642.16,48537.7,25830.65
2025-11-20,6538.76,49823.94,25835.57
2025-11-21,6602.99,48625.88,25220.02
2025-11-24,6705.12,,25716.5
2025-11-25,6765.88,48659.52,25894.55
2025-11-26,6812.61,49559.07,25928.08
2025-11-28,6849.09,50253.91,25858.89
2025-12-01,6812.63,49303.28,26033.26
2025-12-02,6829.37,49303.45,26095.05
2025-12-03,6849.72,49864.68,25760.73
2025-12-04,6857.12,51028.42,25935.9
2025-12-05,6870.4,50491.87,26085.08
2025-12-08,6846.51,50581.94,25765.36
2025-12-09,6840.51,50655.1,25434.23
2025-12-10,6886.68,50602.8,25540.78
2025-12-11,6901.0,50148.82,25530.51
2025-12-12,6827.41,50836.55,25976.79
2025-12-15,6816.51,50168.11,25628.88
2025-12-16,6800.26,49383.29,25235.41
2025-12-17,6721.43,49512.28,25468.78
2025-12-18,6774.76,49001.5,25498.13
2025-12-19,6834.5,49507.21,25690.53
2025-12-22,6878.49,50402.39,25801.77
2025-12-23,6909.79,50412.87,25774.14
2025-12-24,6932.05,50344.1,25818.93
2025-12-26,6929.94,50750.39,
2025-12-29,6905.74,50526.92,25635.23
2025-12-30,6896.24,50339.48,25854.6
2025-12-31,6845.5,,25630.54
2026-01-02,6858.47,,26338.47
2026-01-05,6902.05,51832.8,26347.24
2026-01-06,6944.82,52518.08,26710.45
2026-01-07,6920.93,51961.98,26458.95
2026-01-08,6921.46,51117.26,26149.31
2026-01-09,6966.28,51939.89,26231.79
2026-01-12,6977.27,,26608.48
2026-01-13,6963.74,53549.16,26848.47
2026-01-14,6926.6,54341.23,26999.81
2026-01-15,6944.47,54110.5,26923.62
2026-01-16,6940.01,53936.17,26844.96
2026-01-20,6796.86,52991.1,26487.51
2026-01-21,6875.62,52774.64,26585.06
2026-01-22,6913.35,53688.89,26629.96
2026-01-23,6915.61,53846.87,26749.51
2026-01-26,6950.23,52885.25,26765.52
2026-01-27,6978.6,53333.54,27126.95
2026-01-28,6978.03,53358.71,27826.91
2026-01-29,6969.01,53375.6,27968.09
2026-01-30,6939.03,53322.85,27387.11
2026-02-02,6976.44,52655.18,26775.57
2026-02-03,6917.81,54720.66,26834.77
2026-02-04,6882.72,54293.36,26847.32
2026-02-05,6798.4,53818.04,26885.24
2026-02-06,6932.3,54253.68,26559.95
2026-02-09,6964.82,56363.94,27027.16
2026-02-10,6941.81,57650.54,27183.15
2026-02-11,6941.47,,27266.38
2026-02-12,6832.76,57639.84,27032.54
2026-02-13,6836.17,56941.97,26567.12
2026-02-17,6843.22,56566.49,
2026-02-18,6881.31,57143.84,
2026-02-19,6861.89,57467.83,
2026-02-20,6909.51,56825.7,26413.35
2026-02-23,6837.75,,27081.91
2026-02-24,6890.07,57321.09,26590.32
2026-02-25,6946.13,58583.12,26765.72
2026-02-26,6908.86,58753.39,26381.02
2026-02-27,6878.88,58850.27,26630.54
2026-03-02,6881.62,58057.24,26059.85
2026-03-03,6816.63,56279.05,25768.08
2026-03-04,6869.5,54245.54,25249.48
2026-03-05,6830.71,55278.06,25321.34
2026-03-06,6740.02,55620.84,25757.29
2026-03-09,6795.99,52728.72,25408.46
2000-01-17,,19437.23,15574.6
2000-02-21,,19587.36,16322.4
2000-04-21,,18252.68,
2000-05-29,,16245.44,13975.1
2000-07-04,,17470.15,16235.8
2000-09-04,,16688.21,17726.2
2000-12-25,,13931.61,
2001-01-15,,13506.23,15293.8
2001-02-19,,13119.59,15491.0
2001-04-13,,13385.72,
2001-05-28,,13737.77,13739.1
2001-07-04,,12629.02,13207.5
2001-09-03,,10409.68,10902.6
2001-09-11,,10292.95,10417.4
2001-09-12,,9610.1,9493.62
2001-09-13,,9613.09,9569.21
2001-09-14,,10008.89,9655.45
2001-11-22,,10696.82,11253.3
2001-12-25,,10254.81,
2002-01-21,,10280.25,11000.2
2002-02-18,,10093.25,11002.8
2002-03-29,,11024.94,
2002-05-27,,11976.35,11564.7
2002-07-04,,10632.81,10765.6
2002-09-02,,9521.63,9896.98
2002-11-28,,9176.78,10147.8
2002-12-25,,8501.14,
2003-01-20,,8558.82,9552.02
2003-02-17,,8771.89,9383.68
2003-04-18,,7874.51,
2003-05-26,,8227.32,9492.71
2003-07-04,,9547.73,9636.81
2003-09-01,,10670.18,10903.4
2003-11-27,,10163.38,12076.0
2003-12-25,,10365.35,
2004-01-19,,11036.33,13253.3
2004-02-16,,10548.72,13831.5
2004-04-09,,11897.51,
2004-05-31,,11236.37,12198.2
2004-06-11,,11526.82,12396.4
2004-07-05,,11541.71,12252.1
2004-09-06,,11244.37,13104.3
2004-11-25,,10900.34,13926.6
2004-12-24,,11365.48,14194.9
2005-01-17,,11487.1,13621.7
2005-02-21,,11651.02,14111.7
2005-03-25,,11761.1,
2005-05-30,,11266.33,13845.1
2005-07-04,,11651.55,14177.9
2005-09-05,,12634.88,15227.8
2005-11-24,,14742.58,15084.4
2005-12-26,,16107.66,
2006-01-16,,16268.03,15777.7
2006-02-20,,15437.92,15598.7
2006-04-14,,17233.82,
2006-05-29,,15915.67,15963.8
2006-07-04,,15638.5,16369.0
2006-09-04,,16358.07,17513.9
2006-12-25,,17092.89,
2007-01-15,,17209.91,20068.6
2007-02-19,,17940.08,
2007-04-06,,17484.77,
2007-05-28,,17587.58,20529.8
2007-07-04,,18168.72,22218.6
2007-09-03,,16524.92,23904.1
2007-11-22,,14888.76,26004.9
2007-12-25,,15552.58,
2008-01-21,,13325.94,23818.8
2008-02-18,,13635.4,23759.2
2008-03-21,,12482.57,
2008-05-26,,13690.19,24127.3
2008-07-04,,13237.88,21423.8
2008-09-01,,12834.17,20906.3
2008-11-27,,8373.39,13552.1
2008-12-25,,8599.5,
2009-01-19,,8256.85,13340.0
2009-02-16,,7750.17,13455.9
2009-04-10,,8964.11,
2009-05-25,,9347.0,17121.8
2009-07-03,,9816.07,18203.4
2009-09-07,,10320.94,20629.3
2009-11-26,,9383.24,22210.4
2009-12-25,,10494.71,
2010-01-18,,10855.08,21460.0
2010-02-15,,10013.3,
2010-04-02,,11286.09,
2010-05-31,,9768.7,19765.2
2010-07-05,,9266.78,19842.2
2010-09-06,,9301.32,21355.77
2010-11-25,,10079.76,23054.68
2010-12-24,,10279.19,22833.8
2011-01-17,,10502.86,24156.97
2011-02-21,,10857.53,23485.42
2011-04-22,,9682.21,
2011-05-30,,9504.97,23184.32
2011-07-04,,9965.09,22770.47
2011-09-05,,8784.46,19616.4
2011-11-24,,8165.18,17935.1
2011-12-26,,8479.34,
2012-01-16,,8378.36,19012.2
2012-02-20,,9485.09,21424.79
2012-04-06,,9688.45,
2012-05-28,,8593.15,18800.99
2012-07-04,,9104.17,19709.75
2012-09-03,,8783.89,19559.21
2012-10-29,,8929.34,21511.05
2012-10-30,,8841.98,21428.58
2012-11-22,,9366.8,21743.2
2012-12-25,,10080.12,
2013-01-21,,10747.74,23590.91
2013-02-18,,11407.87,23381.94
2013-03-29,,12397.91,
2013-05-27,,14142.65,22686.05
2013-07-04,,14018.93,20468.67
2013-09-02,,13572.92,22175.34
2013-11-28,,15727.12,23789.09
2013-12-25,,16009.99,
2014-01-20,,15641.68,22928.95
2014-02-17,,14393.11,22535.94
2014-04-18,,14516.27,
2014-05-26,,14602.52,22963.18
2014-07-04,,15437.13,23546.36
2014-09-01,,15476.6,24752.09
2014-11-27,,17248.5,24004.28
2014-12-25,,17808.75,
2015-01-19,,17014.29,23738.49
2015-02-16,,18004.77,24726.53
2015-04-03,,19435.08,
2015-05-25,,20413.77,
2015-07-03,,20539.79,26064.11
2015-09-07,,17860.47,20583.52
2015-11-26,,19944.41,22488.94
2015-12-25,,18769.06,
2016-01-18,,16955.57,19237.45
2016-02-15,,16022.58,18918.14
2016-03-25,,17002.75,
2016-05-30,,17068.02,20629.39
2016-07-04,,15775.8,21059.2
2016-09-05,,17037.63,23649.55
2016-11-24,,18333.41,22608.49
2016-12-26,,19396.64,
2017-01-16,,19095.24,22718.15
2017-02-20,,19251.08,24146.08
2017-04-14,,18335.63,
2017-05-29,,19682.57,25701.63
2017-07-04,,20032.35,25389.01
2017-09-04,,19508.25,27740.26
2017-12-25,,22939.18,
2018-01-15,,23714.88,31338.87
2018-02-19,,22149.21,
2018-03-30,,21454.3,
2018-05-28,,22481.09,30792.26
2018-07-04,,21717.04,28241.67
2018-09-03,,22707.38,27712.54
2018-11-22,,21646.55,26019.41
2018-12-05,,21919.33,26819.68
2018-12-25,,19155.74,
2019-01-21,,20719.33,27196.54
2019-02-18,,21281.85,28347.01
2019-04-19,,22200.56,
2019-05-27,,21182.58,27288.09
2019-07-04,,21702.45,28795.77
2019-09-02,,20620.19,25626.55
2019-11-28,,23409.14,26893.73
2019-12-25,,23782.87,
2020-01-20,,24083.51,28795.91
2020-02-17,,23523.24,27959.6
2020-04-10,,19498.5,
2020-05-25,,20741.65,22952.24
2020-07-03,,22306.48,25373.12
2020-09-07,,23089.95,24589.65
2020-11-26,,26537.31,26819.45
2020-12-25,,26656.61,
2021-01-18,,28242.21,28862.77
2021-02-15,,30084.15,
2021-04-02,,29854.0,
2021-05-31,,28860.08,29151.8
2021-07-05,,28598.19,28143.5
2021-09-06,,29659.89,26163.63
2021-11-25,,29499.28,24740.16
2021-12-24,,28782.59,23223.76
2022-01-17,,28333.52,24218.03
2022-02-21,,26910.87,24170.07
2022-04-15,,27093.19,
2022-05-30,,27369.43,21123.93
2022-06-20,,25771.22,21163.91
2022-07-04,,26153.81,21830.35
2022-09-05,,27619.61,19225.7
2022-11-24,,28383.09,17660.9
2022-12-26,,26405.87,
2023-01-16,,25822.32,21746.72
2023-02-20,,27531.94,20886.96
2023-04-07,,27518.31,
2023-05-29,,31233.54,18551.11
2023-06-19,,33370.42,19912.89
2023-07-04,,33422.52,19415.68
2023-09-04,,32939.18,18844.16
2023-12-25,,33254.03,
2024-01-15,,35901.79,16216.33
2024-02-19,,38470.38,16155.61
2024-03-29,,40369.44,
2024-05-27,,38900.02,18827.35
2024-06-19,,38570.76,18430.39
2024-07-04,,40913.65,18028.28
2024-09-02,,38700.87,17691.97
2024-11-28,,38349.06,19366.96
2024-12-25,,39130.43,
2025-01-09,,39605.09,19240.89
2025-01-20,,38902.5,19925.81
2025-02-17,,39174.25,22616.23
2025-04-18,,34730.28,
2025-05-26,,37531.53,23282.33
2025-06-19,,38488.34,23237.74
2025-07-04,,39810.88,23916.06
2025-09-01,,42188.79,25617.42
2025-11-27,,50167.1,25945.93
2025-12-25,,50407.79,
2026-01-19,,53583.57,26563.9
2026-02-16,,56806.41,26705.94
2000-11-23,,,14563.5
2006-11-23,,,19265.3
2007-01-02,,,20310.2
2017-11-23,,,29707.94
2023-11-23,,,17910.84
