id,date,date_source,date_missing_reason,source,symbol,title,url,text
814d6fd5a3c681c6014fdf33a4a9b88a,,,missing_from_api_payload,CSE,ATL.N0000,Softlogic Life surpasses Rs. 40 Bn GWP in FY25,,Softlogic Life surpasses Rs. 40 Bn GWP in FY25
ef3cc6a3dfe7699a1376fae7827548ed,,,missing_from_api_payload,CSE,ATL.N0000,Softlogic Life to introduce AI powered “Health with Face Recognition Health Score”,,Softlogic Life to introduce AI powered “Health with Face Recognition Health Score”
52005dd8a0f6dd8b0bba4269956f4dfd,,,missing_from_api_payload,CSE,ATL.N0000,Softlogic Life amongst top five innovations at Microsoft Global Hackathon 2024 – First for Sri Lanka,,Softlogic Life amongst top five innovations at Microsoft Global Hackathon 2024 – First for Sri Lanka
05c530fa1b74c51baca0aaa2cd4ef2b3,,,missing_from_api_payload,CSE,ATL.N0000,"Softlogic Life posts Rs. 22 Bn GWP, grows PAT to 67%, pays claims of Rs. 10.9 Bn",,"Softlogic Life posts Rs. 22 Bn GWP, grows PAT to 67%, pays claims of Rs. 10.9 Bn"
5fc69753ae2995f7b31e80394780350d,,,missing_from_api_payload,CSE,ATL.N0000,Softlogic Life introduces Sri Lanka’s first AI-powered Annual Report Analyser,,Softlogic Life introduces Sri Lanka’s first AI-powered Annual Report Analyser
ed97672d0f732d8ceeeb79b01f1475d2,,,missing_from_api_payload,CSE,ATL.N0000,Softlogic Life posts impressive Rs. 26 b GWP for FY2023,,Softlogic Life posts impressive Rs. 26 b GWP for FY2023
ae28bfc4311964138699ce413ee81dad,,,missing_from_api_payload,CSE,ATL.N0000,Softlogic Life signs MoU with University of Moratuwa,,Softlogic Life signs MoU with University of Moratuwa
9346cbda7386d8aed455fd3d6596f6d0,,,missing_from_api_payload,CSE,ATL.N0000,Softlogic Life among the Top 3 overall awards for 3rd time at CA TAGS Awards 2023,,Softlogic Life among the Top 3 overall awards for 3rd time at CA TAGS Awards 2023
e30ab1441dd3912a2a6702068ea3ff18,,,missing_from_api_payload,CSE,ATL.N0000,Softlogic Life passes decade of excellence in financial reporting,,Softlogic Life passes decade of excellence in financial reporting
33bc058ad35df56ba0f2174784ade374,,,missing_from_api_payload,CSE,ATL.N0000,Softlogic Life showcases impressive growth; plans beyond 2023 at investor forum,,Softlogic Life showcases impressive growth; plans beyond 2023 at investor forum
54cd0f1060e9393b0a72017bb21c03dc,,,missing_from_api_payload,CSE,ATL.N0000,Softlogic Life records industry highest MDRT achievers for 2022,,Softlogic Life records industry highest MDRT achievers for 2022
0c2f32c172e34ce3a573d0339507a150,,,missing_from_api_payload,CSE,ATL.N0000,"Softlogic Life’s posts Rs. 23 Bn GWP for FY22, PAT to Rs. 2.7 Bn",,"Softlogic Life’s posts Rs. 23 Bn GWP for FY22, PAT to Rs. 2.7 Bn"
e54557292317292ae6d49ea536764297,,,missing_from_api_payload,CSE,ATL.N0000,Softlogic Invest first investment brand to win at Dragons of Asia Awards 2022,,Softlogic Invest first investment brand to win at Dragons of Asia Awards 2022
e71b35f95c0fc3ceb5ca6d58efaeffc4,,,missing_from_api_payload,CSE,ATL.N0000,Softlogic Life honoured with Sri Lanka’s Best Campaign at Dragons of Asia 2022,,Softlogic Life honoured with Sri Lanka’s Best Campaign at Dragons of Asia 2022
28fe39ce9d893bdf84f5d5b587d2f880,,,missing_from_api_payload,CSE,ATL.N0000,Softlogic Life is now Sri Lanka’s 2nd largest life insurer,,Softlogic Life is now Sri Lanka’s 2nd largest life insurer
f6a74edfe2d04aa9dbcfafb28bdae2e3,,,missing_from_api_payload,CSE,ATL.N0000,Softlogic Life produces top 5 finalist for ‘Insurance Agent of the Year’ Award,,Softlogic Life produces top 5 finalist for ‘Insurance Agent of the Year’ Award
cff5123f2f43e3281392cfb319135332,,,missing_from_api_payload,CSE,CTHR.N0000, Sunshine Holdings delivers robust performance in 1H FY26,, Sunshine Holdings delivers robust performance in 1H FY26
fbf6cbc1ec0b6f558909c60a1b00b613,,,missing_from_api_payload,CSE,CTHR.N0000,Sunshine Holdings ups top-line growth by 11.6% in 1Q,,Sunshine Holdings ups top-line growth by 11.6% in 1Q
87d4c04319678f375c33a50c5de254f6,,,missing_from_api_payload,CSE,CTHR.N0000,Sunshine Holdings celebrates employee excellence at SUN Awards 2025,,Sunshine Holdings celebrates employee excellence at SUN Awards 2025
cbdd57601478e36dd14be5fa3a3edac1,,,missing_from_api_payload,CSE,CTHR.N0000,Sunshine Holdings delivers steady FY25 results with 7% topline growth,,Sunshine Holdings delivers steady FY25 results with 7% topline growth
638c7641cb540d380d0c1b3e52a10618,,,missing_from_api_payload,CSE,CTHR.N0000,Sunshine Holdings celebrates employee excellence and growth during “Spotlight 2024”,,Sunshine Holdings celebrates employee excellence and growth during “Spotlight 2024”
6eef6dc4cc6d9d97ebfbd086bbd98e67,,,missing_from_api_payload,CSE,CTHR.N0000,Sunshine Holdings among Asia’s Best Large Workplaces by Great Place to Work,,Sunshine Holdings among Asia’s Best Large Workplaces by Great Place to Work
28b7c24e49ffa23210a0e195186da692,,,missing_from_api_payload,CSE,CTHR.N0000,Sunshine Healthcare Lanka attracts $ 10 m FDI from IFC,,Sunshine Healthcare Lanka attracts $ 10 m FDI from IFC
9636c5f972c418b987e4068f482c7c45,,,missing_from_api_payload,CSE,CTHR.N0000,"Sunshine Holdings consolidated revenue hits Rs.14.2 bn, up 6.5%",,"Sunshine Holdings consolidated revenue hits Rs.14.2 bn, up 6.5%"
7db3853e3be30547dd67e16bd9938fd1,,,missing_from_api_payload,CSE,CTHR.N0000,Sunshine Holdings revenue up by record 7% to Rs.55.5 Bn.,,Sunshine Holdings revenue up by record 7% to Rs.55.5 Bn.
4bdbf587bacc24ce67c4d65215493e07,,,missing_from_api_payload,CSE,CTHR.N0000,"Sunshine Holdings posts Rs. 42.4 bn revenue, up 9.9%",,"Sunshine Holdings posts Rs. 42.4 bn revenue, up 9.9%"
a5bba06977f51ceb700c2931fb546eef,,,missing_from_api_payload,CSE,CTHR.N0000,Sunshine Holdings delivers robust performance in 1H,,Sunshine Holdings delivers robust performance in 1H
7edfa8edd10b23c9a22e5ab06169b940,,,missing_from_api_payload,CSE,CTHR.N0000,Sunshine Holdings posts consolidated revenue of Rs.13.4 Bn,,Sunshine Holdings posts consolidated revenue of Rs.13.4 Bn
734187ba2c98c266ffb33d4a9e741995,,,missing_from_api_payload,CSE,CTHR.N0000,"Sunshine Holdings post Group revenue of Rs. 51.9 Bn, increase of 61.3% over 2022",,"Sunshine Holdings post Group revenue of Rs. 51.9 Bn, increase of 61.3% over 2022"
2a3e65354d5440d02d1a6d7a0b506690,,,missing_from_api_payload,CSE,CTHR.N0000,Sunshine Holdings appoints top professional Reyaz Mihular to its Board,,Sunshine Holdings appoints top professional Reyaz Mihular to its Board
d750f08fef4188f9d1c821b41a0ce788,,,missing_from_api_payload,CSE,CTHR.N0000,Sunshine Holdings 9M revenue up by 60% to Rs. 38.6 Bn,,Sunshine Holdings 9M revenue up by 60% to Rs. 38.6 Bn
96f5da2032bf072375ac3e1dfe106353,,,missing_from_api_payload,CSE,CTHR.N0000,Sunshine Holdings PAT increases by 28.2% YoY to Rs. 3.2 Bn.,,Sunshine Holdings PAT increases by 28.2% YoY to Rs. 3.2 Bn.
57f546d7a93519fc76a5beb1df49ca22,,,missing_from_api_payload,CSE,CTHR.N0000,Tyeab Akbarally joins Sunshine Holdings Board,,Tyeab Akbarally joins Sunshine Holdings Board
bdb1fda566a69ddfcb94ebc38a60540d,,,missing_from_api_payload,CSE,CTHR.N0000,Sunshine Healthcare appoints T. Sayandhan as CEO of Lina Manufacturing,,Sunshine Healthcare appoints T. Sayandhan as CEO of Lina Manufacturing
2de8e40d00f26fcd00bba80c48630a53,,,missing_from_api_payload,CSE,CTHR.N0000,Sunshine Holdings records 59% top-line growth in 1Q despite macro challenges,,Sunshine Holdings records 59% top-line growth in 1Q despite macro challenges
0c009a6d2b27e98b59c0192d2a556a3f,,,missing_from_api_payload,CSE,CTHR.N0000,Sunshine Holdings joins ‘Manudam Mehewara’ emergency relief initiative,,Sunshine Holdings joins ‘Manudam Mehewara’ emergency relief initiative
d6222eaebc4980b85eff1832f85a6911,,,missing_from_api_payload,CSE,CTHR.N0000,Sunshine Holdings Joins ‘Manudam Mehewara’ emergency relief initiative driven by corporate Sri Lanka,,Sunshine Holdings Joins ‘Manudam Mehewara’ emergency relief initiative driven by corporate Sri Lanka
e2ff44470438eb73ba60470f01ce0a9c,,,missing_from_api_payload,CSE,CTHR.N0000,Sunshine Holdings delivers robust FY22 results amidst unprecedented economic challenges,,Sunshine Holdings delivers robust FY22 results amidst unprecedented economic challenges
027159d221ddf6a836f1e4198aef64b5,,,missing_from_api_payload,CSE,CTHR.N0000,COMBank ex-MD Renganathan joins Sunshine Holdings board,,COMBank ex-MD Renganathan joins Sunshine Holdings board
cb02c3546c7e42496fcba2a6e7a04dc7,,,missing_from_api_payload,CSE,CTHR.N0000,CFA Capital Market Awards recognise Sunshine Investor Relations,,CFA Capital Market Awards recognise Sunshine Investor Relations
331615ad253bd99901d4858d4daab67a,,,missing_from_api_payload,CSE,CTHR.N0000,Fitch affirms Sunshine Holdings at ‘AA+(lka)’; Outlook Stable,,Fitch affirms Sunshine Holdings at ‘AA+(lka)’; Outlook Stable
3afb3e321abc8a19088d5e5a5d1d4424,,,missing_from_api_payload,CSE,CTHR.N0000,Sunshine Holdings appoints capital markets expert Ruvini Fernando to Board of Directors,,Sunshine Holdings appoints capital markets expert Ruvini Fernando to Board of Directors
ad977fff2a0210f98993f4c0361b1e05,,,missing_from_api_payload,CSE,CINS.X0000,CDB shines at ACCA Sri Lanka Sustainability Reporting Awards,,CDB shines at ACCA Sri Lanka Sustainability Reporting Awards
866502010c527a2aa16393296e7a3d18,,,missing_from_api_payload,CSE,CINS.X0000,Citizens Development Business at ‘BBB(lka),,Citizens Development Business at ‘BBB(lka)
65582df59c71a5bef8fa6f16698f4fc9,,,missing_from_api_payload,CSE,CINS.X0000,CDB steps into 29th year continuing ‘Empowering Aspirations’ of Sri Lankans,,CDB steps into 29th year continuing ‘Empowering Aspirations’ of Sri Lankans
e86b8e06c0fec9ccb66aab75428b543d,,,missing_from_api_payload,CSE,CINS.X0000,CDB trumphs at Digital Trust Awards as ‘Technology Resilient Company of the Year’,,CDB trumphs at Digital Trust Awards as ‘Technology Resilient Company of the Year’
e27612177acf994cf57650e9d98597ea,,,missing_from_api_payload,CSE,CINS.X0000,CDB posts 55% PAT growth of Rs. 2.5 Bn in 23/24,,CDB posts 55% PAT growth of Rs. 2.5 Bn in 23/24
e9f206621c555babd5cf11cb1afe7795,,,missing_from_api_payload,CSE,CINS.X0000,CDB wins ‘Best Project Sustainability Award 2023’ for ‘Act Early for Autism’ Project,,CDB wins ‘Best Project Sustainability Award 2023’ for ‘Act Early for Autism’ Project
57c442a7a4f1d7aca632dd2fe1633936,,,missing_from_api_payload,CSE,CINS.X0000,IFC to support CDB expand climate finance product offerings,,IFC to support CDB expand climate finance product offerings
49edb4fafafbc9a71d4c196d5fb07be0,,,missing_from_api_payload,CSE,CINS.X0000,CDB in collaboration with IFC conducts series of capacity building programmes,,CDB in collaboration with IFC conducts series of capacity building programmes
d568ca1372d3ebd87d83c63f5182e390,,,missing_from_api_payload,CSE,CINS.X0000,"CDB, SLACD unveil Autism Intervention Centre in Southern Province",,"CDB, SLACD unveil Autism Intervention Centre in Southern Province"
22ae6ef6f7ef2230bfdf655c3f714fdd,,,missing_from_api_payload,CSE,CINS.X0000, Team CDB showcases extraordinary leadership triumphing at National Sales Awards,, Team CDB showcases extraordinary leadership triumphing at National Sales Awards
e2189f6519aa24ec3c465ef108a0842a,,,missing_from_api_payload,CSE,CINS.X0000,CDB wins Most Innovative Company of the Year Award at Dare to Dream Awards 2023 Sri Lanka Edition,,CDB wins Most Innovative Company of the Year Award at Dare to Dream Awards 2023 Sri Lanka Edition
ea6392cec8adf28c83b09cc1b56cd69f,,,missing_from_api_payload,CSE,CINS.X0000,CDB among Ten Best Corporate Citizens for fifth consecutive year,,CDB among Ten Best Corporate Citizens for fifth consecutive year
4232038f174cc9eba176cd886dfe3ca6,,,missing_from_api_payload,CSE,CINS.X0000,CDB marks ‘Int’l Coastal Clean-Up Day’,,CDB marks ‘Int’l Coastal Clean-Up Day’
6c72046a7855cb0fc98675c72f6282a8,,,missing_from_api_payload,CSE,CINS.X0000,CDB clinches metal at SLASSCOM’S National Ingenuity Awards,,CDB clinches metal at SLASSCOM’S National Ingenuity Awards
deeeca4488abd0c43e9a57454459cb7b,,,missing_from_api_payload,CSE,CINS.X0000,CDB presents ‘Glocalization of HRM Practices for Business Resilience’,,CDB presents ‘Glocalization of HRM Practices for Business Resilience’
a3fdc854bda1e36cf07e762ae520abbf,,,missing_from_api_payload,CSE,CINS.X0000,CDB SMB Friday empowers women entrepreneurs in Sri Lanka in collaboration with patpat.lk,,CDB SMB Friday empowers women entrepreneurs in Sri Lanka in collaboration with patpat.lk
341d144d14409b9403017836e5020c76,,,missing_from_api_payload,CSE,CINS.X0000,CDB SMB Friday empowers women entrepreneurs with patpat.lk,,CDB SMB Friday empowers women entrepreneurs with patpat.lk
ef7ca50176a2b7810d1cef75d51b0486,,,missing_from_api_payload,CSE,CINS.X0000,CDB shines at National Business Excellence Award,,CDB shines at National Business Excellence Award
6d5e1fb0b311b33ded2254842d2149e7,,,missing_from_api_payload,CSE,CINS.X0000,CDB’s HR practices ‘Go Green’ for better future,,CDB’s HR practices ‘Go Green’ for better future
c5a54bf3cdb0d8dd50763460722203e5,,,missing_from_api_payload,CSE,CLND.N0000,LOLC Holdings joins FTSE Frontier 50 Index,,LOLC Holdings joins FTSE Frontier 50 Index
dfa5ba8774f187d5f271e457888e68e8,,,missing_from_api_payload,CSE,CLND.N0000,"Sundararaj appointed to LOLC Holdings, Brown and Co., Boards",,"Sundararaj appointed to LOLC Holdings, Brown and Co., Boards"
71a094f398f262503905ccbbd1db04d3,,,missing_from_api_payload,CSE,CLND.N0000,LOLC Divi Saviya launches Rs. 1 Bn third phase,,LOLC Divi Saviya launches Rs. 1 Bn third phase
9ed8ab35b8bc13a29b0a917804465ff8,,,missing_from_api_payload,CSE,CLND.N0000,"LOLC, emerges among Lanka’s ‘Most Admired Companies’",,"LOLC, emerges among Lanka’s ‘Most Admired Companies’"
22c56b38425bb05f0cdc9fe5e5a54d28,,,missing_from_api_payload,CSE,CLND.N0000,LOLC clinches ‘People’s Financial Services Brand of the Year’ at SLIM-Kantar,,LOLC clinches ‘People’s Financial Services Brand of the Year’ at SLIM-Kantar
ce9480f11000c6761a9999453b43947f,,,missing_from_api_payload,CSE,CLND.N0000,LOLC launches ‘Divi Saviya’ for next generation,,LOLC launches ‘Divi Saviya’ for next generation
91b3d15202e7235f3265b5c721531fc5,,,missing_from_api_payload,CSE,CLND.N0000,LOLC venture into another humanitarian effort through DiviSaviya,,LOLC venture into another humanitarian effort through DiviSaviya
db60b6ed53926590a0f6601a415afcf4,,,missing_from_api_payload,CSE,CLND.N0000,LOLC Divi Saviya – reaches 100 days humanitarian efforts,,LOLC Divi Saviya – reaches 100 days humanitarian efforts
287eccdc17a9f74d75a548aa37871175,,,missing_from_api_payload,CSE,CLND.N0000,LOLC provides immediate critical relief worth Rs.500 mn under ‘Divi Saviya’ project,,LOLC provides immediate critical relief worth Rs.500 mn under ‘Divi Saviya’ project
e0205251bff2d6ad4f6a263794b5fada,,,missing_from_api_payload,CSE,CLND.N0000,LOLC Group records historic profitability Records Rs. 77.8 bn PAT for FY 21-22,,LOLC Group records historic profitability Records Rs. 77.8 bn PAT for FY 21-22
ceef76c5ef2cb17b1f20ee484b950506,,,missing_from_api_payload,CSE,CLND.N0000,Sri Lanka LOLC Holdings net up 440-pct in March,,Sri Lanka LOLC Holdings net up 440-pct in March
29ba36f95e8959e1962c0067206be110,,,missing_from_api_payload,CSE,CLND.N0000,LOLC launches an island-wide humanitarian program,,LOLC launches an island-wide humanitarian program
c45b757cea39ec020c0e9edb56bcc560,,,missing_from_api_payload,CSE,COMD.N0000,Tea Smallholder Factories June profits up,,Tea Smallholder Factories June profits up
cf2f89a31406dafbb3a3b44ca7bd2725,,,missing_from_api_payload,CSE,DIMO.N0000,"HNB Assurance clinches Gold, standing tall among global brands",,"HNB Assurance clinches Gold, standing tall among global brands"
e2702a69ada04955191b8055b82767dc,,,missing_from_api_payload,CSE,DIMO.N0000,HNB Assurance records Q3 GWP growth of 38%,,HNB Assurance records Q3 GWP growth of 38%
1dccd08c04a9d836e93e1014b831bd77,,,missing_from_api_payload,CSE,DIMO.N0000,HNB Assurance hosts ‘Int’l Partnership Awards’ in Malaysia,,HNB Assurance hosts ‘Int’l Partnership Awards’ in Malaysia
24672d5ed2ec57a930f319ebcc2f03ac,,,missing_from_api_payload,CSE,DIMO.N0000,HNB Assurance crowned Best Life Insurance Company by Global Brands magazine,,HNB Assurance crowned Best Life Insurance Company by Global Brands magazine
ee47156bdca5c24bc76ef301bc82e5f7,,,missing_from_api_payload,CSE,DIMO.N0000,HNB Assurance recognised as Most Outstanding Mom-Inclusive Workplaces,,HNB Assurance recognised as Most Outstanding Mom-Inclusive Workplaces
1c7dd01b2158b2ed7660daf7261f995d,,,missing_from_api_payload,CSE,DIMO.N0000,HNB Assurance celebrates record breaking surge in MDRT Qualifiers,,HNB Assurance celebrates record breaking surge in MDRT Qualifiers
4cd02e0c97a0a0310801a8a544932daf,,,missing_from_api_payload,CSE,DIMO.N0000,HNB Assurance Group powers ahead with 21% GWP growth in 2024,,HNB Assurance Group powers ahead with 21% GWP growth in 2024
a95cde246c5886c2edb17f7da3db1cac,,,missing_from_api_payload,CSE,DIMO.N0000,HNB Assurance recognises Partnership Channel,,HNB Assurance recognises Partnership Channel
09f53be18965d75d86fb8e3a995116ff,,,missing_from_api_payload,CSE,DIMO.N0000,HNB Assurance climbs 13 places on LMD 100 rankings,,HNB Assurance climbs 13 places on LMD 100 rankings
b603039271abc4df3acc4fe1188b23e3,,,missing_from_api_payload,CSE,DIMO.N0000,HNB Assurance wins Gold at International ARC Awards,,HNB Assurance wins Gold at International ARC Awards
690dc0262c0da3b8bed1a49148fada3b,,,missing_from_api_payload,CSE,DIMO.N0000,HNB Assurance celebrates Customer Service Week with commitment to ‘Go Above and Beyond’,,HNB Assurance celebrates Customer Service Week with commitment to ‘Go Above and Beyond’
8f3a92667c1f90ae3aeba04b7cba5cef,,,missing_from_api_payload,CSE,DIMO.N0000,HNB Assurance appoints Prof. Ananda Jayawardane as Non-Executive/Non-Independent Director,,HNB Assurance appoints Prof. Ananda Jayawardane as Non-Executive/Non-Independent Director
8412bbf820889e7c1cf5d01080c0dd35,,,missing_from_api_payload,CSE,DIMO.N0000,HNB Assurance recognised as ‘Sri Lanka’s Most Outstanding Women Friendly Workplace’,,HNB Assurance recognised as ‘Sri Lanka’s Most Outstanding Women Friendly Workplace’
0945e5a98f03703e64bb298fad866c10,,,missing_from_api_payload,CSE,DIMO.N0000,HNB Assurance Group records 20% 1H growth in GWP,,HNB Assurance Group records 20% 1H growth in GWP
0f735251164b78328e857183397fef13,,,missing_from_api_payload,CSE,DIMO.N0000,HNB Assurance partners BSL to support FEO Sri Lanka’s Habitat Restoration programme,,HNB Assurance partners BSL to support FEO Sri Lanka’s Habitat Restoration programme
1fe50771f90f878c32785ff47134c7b2,,,missing_from_api_payload,CSE,DIMO.N0000,HNB Assurance surpasses Int’l benchmarks with outstanding ‘Employee Net Promoter Score’,,HNB Assurance surpasses Int’l benchmarks with outstanding ‘Employee Net Promoter Score’
4920c28d5569de4cd508aa3971a1b70b,,,missing_from_api_payload,CSE,DIMO.N0000,HNB Assurance finalist at Mob-Ex and The Drum Awards,,HNB Assurance finalist at Mob-Ex and The Drum Awards
687f4493b4819b313bad952fd504d5af,,,missing_from_api_payload,CSE,DIMO.N0000,"HNB Assurance partners Cargills Bank, offers tailor-made insurance solutions",,"HNB Assurance partners Cargills Bank, offers tailor-made insurance solutions"
cefe89c8731528bac6ef24f92dc03bf5,,,missing_from_api_payload,CSE,DIMO.N0000,HNB Assurance wins ‘Gold’ at National Quality and Productivity Convention,,HNB Assurance wins ‘Gold’ at National Quality and Productivity Convention
b363e65cb36216719e948ee0d6b6bb5c,,,missing_from_api_payload,CSE,DIMO.N0000,HNB Assurance Group makes strong start to 2024 with Rs. 3.3 Bn GWP,,HNB Assurance Group makes strong start to 2024 with Rs. 3.3 Bn GWP
1281ac24fbcd15e5cde8f012474164ea,,,missing_from_api_payload,CSE,DIMO.N0000,HNBA continues dominance as best life bancassurance provider for fourth consecutive year,,HNBA continues dominance as best life bancassurance provider for fourth consecutive year
1a758b38261cbea1776e41b2543a618f,,,missing_from_api_payload,CSE,DIMO.N0000,"HNB General Insurance, Hatton National Bank renew Adhishtana partnership",,"HNB General Insurance, Hatton National Bank renew Adhishtana partnership"
3ecae1b41a4730f07cc722e84af2e9c9,,,missing_from_api_payload,CSE,DIMO.N0000,HNB Assurance group surpasses 20% growth again,,HNB Assurance group surpasses 20% growth again
02bb7030d88fcacecedd92da97c260d2,,,missing_from_api_payload,CSE,DIMO.N0000,"HNB Assurance celebrates record-breaking 203 MDRT qualifiers, including 20 COTs and 5 TOTs",,"HNB Assurance celebrates record-breaking 203 MDRT qualifiers, including 20 COTs and 5 TOTs"
1221052c84241a2a8121ef0048da2a51,,,missing_from_api_payload,CSE,DIMO.N0000,"HNB Assurance celebrates MDRT qualifiers, including COTs and TOTs",,"HNB Assurance celebrates MDRT qualifiers, including COTs and TOTs"
0ccc09a4af43a7a1cf6aeb009e0a7423,,,missing_from_api_payload,CSE,DIMO.N0000,HNB Assurance celebrates success at Partnership Life,,HNB Assurance celebrates success at Partnership Life
3fbb73adc3a5ba43d9a976a8857ffa99,,,missing_from_api_payload,CSE,DIMO.N0000,HNB Assurance Advisor Distribution Management Channel celebrates outstanding performance,,HNB Assurance Advisor Distribution Management Channel celebrates outstanding performance
269ae9b22bb6b353a270f46e2c5a9894,,,missing_from_api_payload,CSE,DIMO.N0000,HNB Assurance appoints two Independent Non-Executive Directors,,HNB Assurance appoints two Independent Non-Executive Directors
eec8c4015a63b31ab26fc5c27eab9153,,,missing_from_api_payload,CSE,DIMO.N0000,HNBA’s 2022 Annual Report Honored with Silver at SAFA Awards,,HNBA’s 2022 Annual Report Honored with Silver at SAFA Awards
24eb4a4419c5c4f0500cacc01ac8570c,,,missing_from_api_payload,CSE,DIMO.N0000,HNB Assurance crowned ‘Best Life Insurance Company in Sri Lanka’ by ICC,,HNB Assurance crowned ‘Best Life Insurance Company in Sri Lanka’ by ICC
80ec5a4099c70e6e08f414b54432044b,,,missing_from_api_payload,CSE,DIMO.N0000,HNB Assurance announces two new Independent Non-Executive Directors,,HNB Assurance announces two new Independent Non-Executive Directors
a6138f73c65b29e716a858d4d4369caf,,,missing_from_api_payload,CSE,DIMO.N0000,HNB Assurance celebrates annual staff conference,,HNB Assurance celebrates annual staff conference
1282866433b90db473068551ebf27885,,,missing_from_api_payload,CSE,DIMO.N0000,HNB Assurance secures Bronze at Dragons of Asia 2023 for ‘New Product Launch’,,HNB Assurance secures Bronze at Dragons of Asia 2023 for ‘New Product Launch’
6a33225ce502a1a2b3974797c6561c45,,,missing_from_api_payload,CSE,DIMO.N0000,HNB Assurance Annual Report bags ‘Best of Sri Lanka’ award,,HNB Assurance Annual Report bags ‘Best of Sri Lanka’ award
48e32cfedd2bcde3db72d56566b90a0f,,,missing_from_api_payload,CSE,DIMO.N0000,HNB Assurance bags “Best of Sri Lanka” award at world’s largest annual report competition,,HNB Assurance bags “Best of Sri Lanka” award at world’s largest annual report competition
f61e9c789a069f74c175d9186d47e096,,,missing_from_api_payload,CSE,DIMO.N0000,HNB General Insurance’s MotorGuard ‘03 in 01’ promotion campaign launched,,HNB General Insurance’s MotorGuard ‘03 in 01’ promotion campaign launched
372c82306323434fe8a2797722b2562e,,,missing_from_api_payload,CSE,DIMO.N0000,HNB General Insurance honoured as Most Customer-Centric Brand,,HNB General Insurance honoured as Most Customer-Centric Brand
ccdf47a945f8cf7587d7229590e0fa40,,,missing_from_api_payload,CSE,DIMO.N0000,HNB Assurance’s Insurance Distribution initiative garners global recognition,,HNB Assurance’s Insurance Distribution initiative garners global recognition
af84331f1637d0c038e25ab292c5080d,,,missing_from_api_payload,CSE,DIMO.N0000,HNBA Group records robust 1H results with 22% growth in GWP,,HNBA Group records robust 1H results with 22% growth in GWP
1a2e30cba628de610a61d1fd52bd45e8,,,missing_from_api_payload,CSE,DIMO.N0000,HNB Assurance joins ranks of MDRT’s Top 100 Global Companies,,HNB Assurance joins ranks of MDRT’s Top 100 Global Companies
953b582f5d51c5e0924502467019a321,,,missing_from_api_payload,CSE,DIMO.N0000,HNB Assurance ranked ‘MDRT’s Top 100 Global Companies’,,HNB Assurance ranked ‘MDRT’s Top 100 Global Companies’
b768fab1c92c716b2e74a1d832669ae3,,,missing_from_api_payload,CSE,DIMO.N0000,HNBA and HNBGI unveils redesigned websites,,HNBA and HNBGI unveils redesigned websites
8e92ddf815f7c3af12b26dbb2efbd386,,,missing_from_api_payload,CSE,DIMO.N0000,HNBGI amongst ‘Most Loved General Insurance Brands’ by LMD magazine,,HNBGI amongst ‘Most Loved General Insurance Brands’ by LMD magazine
9f5e39cb0d59095855e7e68869922738,,,missing_from_api_payload,CSE,DIMO.N0000,CFA Society Sri Lanka and HNB Assurance join forces to provide exclusive group insurance policies,,CFA Society Sri Lanka and HNB Assurance join forces to provide exclusive group insurance policies
3d91250a493ddf87fa810d6a11c448c5,,,missing_from_api_payload,CSE,DIMO.N0000,"HNBA holds Sales Convention, felicitates best achievers",,"HNBA holds Sales Convention, felicitates best achievers"
c2e3356ddacb8592868ab08bb0245894,,,missing_from_api_payload,CSE,DIMO.N0000, HNBA Group records 30% GWP growth in Q1,, HNBA Group records 30% GWP growth in Q1
c768c942045d9f7a34747064021f220f,,,missing_from_api_payload,CSE,DIMO.N0000,"HNBA, HNBGI honoured at ‘Great Manager Award 2022’",,"HNBA, HNBGI honoured at ‘Great Manager Award 2022’"
68d813794ac6a72ee7d4d37967a4394d,,,missing_from_api_payload,CSE,DIMO.N0000, HNBGI end 2022 with 21% jump in GWP over last year,, HNBGI end 2022 with 21% jump in GWP over last year
147222663ae7339fc3cb650b7cf8405e,,,missing_from_api_payload,CSE,DIMO.N0000,"HNBA records Impressive 26% GWP, 30% New business growth in 2022",,"HNBA records Impressive 26% GWP, 30% New business growth in 2022"
04a83a9c44bdafc63ed826fa81ecfc4e,,,missing_from_api_payload,CSE,DIMO.N0000,HNB Assurance and HNB General Insurance jointly launch ‘Liya Harasara 2023’,,HNB Assurance and HNB General Insurance jointly launch ‘Liya Harasara 2023’
0277df117cf626ef998b5af914ff5046,,,missing_from_api_payload,CSE,DIMO.N0000,HNBA records impressive 26% GWP and 30% new business growth in 2022,,HNBA records impressive 26% GWP and 30% new business growth in 2022
9d93fb2f9b104f9704460121cb66403b,,,missing_from_api_payload,CSE,DIMO.N0000,HNB Assurance named ‘Best Life Bancassurance Provider in Sri Lanka’ for 3rd consecutive year,,HNB Assurance named ‘Best Life Bancassurance Provider in Sri Lanka’ for 3rd consecutive year
2e0a7012f4cf64001171757bc4794760,,,missing_from_api_payload,CSE,DIMO.N0000,HNB Assurance and HNB General Insurance join SL Institute of Directors,,HNB Assurance and HNB General Insurance join SL Institute of Directors
16c2b0ad92b7fe06bb680da4e00be756,,,missing_from_api_payload,CSE,DIMO.N0000,HNB Assurance produces phenomenal 194 MDRT qualifiers,,HNB Assurance produces phenomenal 194 MDRT qualifiers
39706c15abfb8f4b24cdd85e8f8c4e1b,,,missing_from_api_payload,CSE,DIMO.N0000,HNB Assurance wins Gold; HNB General Insurance Silver at CNCI Achiever Awards 2022,,HNB Assurance wins Gold; HNB General Insurance Silver at CNCI Achiever Awards 2022
cb0b6943a6ceb5af4962315855f5fdcd,,,missing_from_api_payload,CSE,DIMO.N0000,HNBA and HNBGI herald New Year whilst surpassing Rs.15 b in Group GWP,,HNBA and HNBGI herald New Year whilst surpassing Rs.15 b in Group GWP
3aebc3033781470c63679568bc8216ca,,,missing_from_api_payload,CSE,DIMO.N0000,HNBA Group records impressive 3Q results,,HNBA Group records impressive 3Q results
e2460cd59abf9efd23f49dd0616768d7,,,missing_from_api_payload,CSE,DIMO.N0000,"HNBA, HNBGI provides insurance cover to Commonwealth Medalist Nethmi Ahinsa",,"HNBA, HNBGI provides insurance cover to Commonwealth Medalist Nethmi Ahinsa"
168e0c129d77a9190376482ed2eece43,,,missing_from_api_payload,CSE,DIMO.N0000,HNB Assurance launches SupremeHealth Unlimited,,HNB Assurance launches SupremeHealth Unlimited
dee984f1d45b40f63f0d621396982c31,,,missing_from_api_payload,CSE,DIMO.N0000,HNB Assurance launches SupremeHealth Unlimited,,HNB Assurance launches SupremeHealth Unlimited
761ec289f27c9c8d6ddf8216390d5ed8,,,missing_from_api_payload,CSE,DIMO.N0000,"HNB Assurance, HNB General Insurance partners Lean Six Sigma",,"HNB Assurance, HNB General Insurance partners Lean Six Sigma"
dda8a4f5ef032348857292f434b72403,,,missing_from_api_payload,CSE,DIMO.N0000,HNB Assurance becomes the only Sri Lankan insurance company in 70 Best Workplaces in Asia™ 2022,,HNB Assurance becomes the only Sri Lankan insurance company in 70 Best Workplaces in Asia™ 2022
5bd4ac31a88a09ac2ca1f811e7d567ea,,,missing_from_api_payload,CSE,DIMO.N0000,HNBA felicitates outstanding performers at Bancassurance Awards,,HNBA felicitates outstanding performers at Bancassurance Awards
7f5e888427ed8ce8d68e3c10da5cd3f5,,,missing_from_api_payload,CSE,DIMO.N0000,HNBA crowns top performers at Sales Convention 2021,,HNBA crowns top performers at Sales Convention 2021
d0df98a00610a652548c01232a07596e,,,missing_from_api_payload,CSE,DIMO.N0000,HNBA recognizes ‘Top Performers’ at sales convention 2021,,HNBA recognizes ‘Top Performers’ at sales convention 2021
12c0d26908b042a4f91457fc334bf0e6,,,missing_from_api_payload,CSE,DIMO.N0000,HNB Assurance hits 37% GWP growth during 1H - 2022,,HNB Assurance hits 37% GWP growth during 1H - 2022
a4dd558cd7e1782cfb0b6636b741bb14,,,missing_from_api_payload,CSE,DIMO.N0000,HNB Assurance Group records 31% Growth in GWP during 1H of 2022,,HNB Assurance Group records 31% Growth in GWP during 1H of 2022
ea56ac0f4c323fd91b591a4ea75800da,,,missing_from_api_payload,CSE,DIMO.N0000,HNB Assurance awarded ‘Best Digital Marketing Insurance Brand - Sri Lanka 2022’,,HNB Assurance awarded ‘Best Digital Marketing Insurance Brand - Sri Lanka 2022’
ec10d1f23d7222b5a205b1a826cfa389,,,missing_from_api_payload,CSE,DIMO.N0000,HNB Assurance recognized among Sri Lanka’s 50 Best Workplaces by Great Place to Work,,HNB Assurance recognized among Sri Lanka’s 50 Best Workplaces by Great Place to Work
f2901398e1b8e7f86edfb632c87ea3b2,,,missing_from_api_payload,CSE,DIMO.N0000,HNB Assurance partners DOK Solutions,,HNB Assurance partners DOK Solutions
8a319dcb919f30cdb7bc91e295b6dd3f,,,missing_from_api_payload,CSE,DIMO.N0000,HNB Assurance to upgrade its co-System with AETINS-KGiSL,,HNB Assurance to upgrade its co-System with AETINS-KGiSL
3ce4d80ad75e8b68cbb0868e9520e91e,,,missing_from_api_payload,CSE,DIMO.N0000,HNB Assurance wins ‘Best Life Insurance Company of the Year’ - Special Recognition Award in Kolkata,,HNB Assurance wins ‘Best Life Insurance Company of the Year’ - Special Recognition Award in Kolkata
3b859741430dcc0e6bd07870493beb52,,,missing_from_api_payload,CSE,DIMO.N0000,"HNB Assurance records GWP growth of 41%, HNB General Insurance GWP grows by 24% in 1Q22:",,"HNB Assurance records GWP growth of 41%, HNB General Insurance GWP grows by 24% in 1Q22:"
077913dd607c0f78b8e1b10c97fa3236,,,missing_from_api_payload,CSE,DIMO.N0000,HNB Assurance awarded ‘Best Bancassurance Provider in Sri Lanka’,,HNB Assurance awarded ‘Best Bancassurance Provider in Sri Lanka’
87743b5c5eb9ccb2f1b1600fd44840ca,,,missing_from_api_payload,CSE,DIMO.N0000,HNB Assurance and HNB General Insurance Launches the 10th Edition of Liya Harasara,,HNB Assurance and HNB General Insurance Launches the 10th Edition of Liya Harasara
a698ba0720ad365736269e685280f3bc,,,missing_from_api_payload,CSE,DIMO.N0000,HNB Assurance records 29% growth in FY21,,HNB Assurance records 29% growth in FY21
43f4841d3b70be816de2408ff2bffcc9,,,missing_from_api_payload,CSE,STAF.N0000,Vidullanka’s Matara solar power plant adds another 3 MW of clean energy to national grid,,Vidullanka’s Matara solar power plant adds another 3 MW of clean energy to national grid
56d81431d67b7bd5683f7e59a38899fb,,,missing_from_api_payload,CSE,STAF.N0000,Vidullanka secures ‘Gold’ at Presidential Environment Awards,,Vidullanka secures ‘Gold’ at Presidential Environment Awards
fbe357aebed8b158e985c76eac1633af,,,missing_from_api_payload,CSE,STAF.N0000,Vidullanka receives ISO 9001:2015 for domestic hydro and solar segments,,Vidullanka receives ISO 9001:2015 for domestic hydro and solar segments
8890fbb78df7ab2d1746a7ede60dfc60,,,missing_from_api_payload,CSE,STAF.N0000,Vidullanka receives ISO 9001:2015 for domestic hydro and solar segments,,Vidullanka receives ISO 9001:2015 for domestic hydro and solar segments
55990f228e1cdaeb782ea34f5a3ff842,,,missing_from_api_payload,CSE,STAF.N0000,Vidullanka’s nine month profit tops Rs. 1 b mark,,Vidullanka’s nine month profit tops Rs. 1 b mark
4e5aed73a1e21d2af60a2b4883f7392a,,,missing_from_api_payload,CSE,STAF.N0000,Vidullanka wraps up 1Q with Rs. 232 m after tax profit,,Vidullanka wraps up 1Q with Rs. 232 m after tax profit
a485d9c987ca17dd64b7ae3ac01cb12d,,,missing_from_api_payload,CSE,STAF.N0000,Vidullanka commissions 2 MW Ground Mounted Solar Power Plant in Horana,,Vidullanka commissions 2 MW Ground Mounted Solar Power Plant in Horana
0583f29bade902230709ba1ebc9d512c,,,missing_from_api_payload,CSE,STAF.N0000,   Vidullanka PLC wins Gold at Presidential Environment Awards,,   Vidullanka PLC wins Gold at Presidential Environment Awards
d25c172f517e5e7cbc194ad3e35c7f22,,,missing_from_api_payload,CSE,STAF.N0000,Vidullanka to improve hydropower operations in Rwanda,,Vidullanka to improve hydropower operations in Rwanda
0dc7f31830c634a928581287344b5c6d,,,missing_from_api_payload,CSE,STAF.N0000,"Vidullanka, Windforce, HiEnergy jointly commission 10 MW Vavunathivu Solar Power plant to national grid",,"Vidullanka, Windforce, HiEnergy jointly commission 10 MW Vavunathivu Solar Power plant to national grid"
d4ee47abea71ec473f94f4a69e4f1eee,,,missing_from_api_payload,CSE,STAF.N0000,Vidullanka goes with alternative approaches to build resilience in face the current crisis,,Vidullanka goes with alternative approaches to build resilience in face the current crisis
f8beeccd18e1ae44441c06ffdc55f7ec,,,missing_from_api_payload,CSE,STAF.N0000,Vidullanka reports Rs. 870 m PAT in FY22,,Vidullanka reports Rs. 870 m PAT in FY22
b3f1f54c05494733b51fae8e078f2f74,,,missing_from_api_payload,CSE,ECL.N0000,Roshan Dissanayake receives ‘Chairman’s Award’ at CTC awards ceremony,,Roshan Dissanayake receives ‘Chairman’s Award’ at CTC awards ceremony
544262395fb082d20a1fa4fd8e86ccce,,,missing_from_api_payload,CSE,ECL.N0000,CTC appoints Fariyha Subhani as Managing Director,,CTC appoints Fariyha Subhani as Managing Director
a61e80fe7139caa5e20d6c321829d7b0,,,missing_from_api_payload,CSE,ECL.N0000,Harin joins CTC Board,,Harin joins CTC Board
98838db89deec50e6ce131403159326b,,,missing_from_api_payload,CSE,ECL.N0000,CTC honours excellence at annual Distributors Awards ceremony,,CTC honours excellence at annual Distributors Awards ceremony
3f6b6903da92ccb174a62494c41b7e5b,,,missing_from_api_payload,CSE,ECL.N0000,CTC recognises top performers at Pinnacle Awards 2022,,CTC recognises top performers at Pinnacle Awards 2022
1c28476f455bc6e894de8c95a2a9fe77,,,missing_from_api_payload,CSE,ECL.N0000,"Ceylon Tobacco 2Q topline up, profit down",,"Ceylon Tobacco 2Q topline up, profit down"
83d7a79bae5e0bfe20ec1b9f1b218150,,,missing_from_api_payload,CSE,ECL.N0000,Ceylon Tobacco Company PLC: Fags ignite bottom-line boost,,Ceylon Tobacco Company PLC: Fags ignite bottom-line boost
8badd1e606dc9ca1490934473340926c,,,missing_from_api_payload,CSE,ECL.N0000,Kushan D’Alwis appointed Board Director of Ceylon Tobacco Company,,Kushan D’Alwis appointed Board Director of Ceylon Tobacco Company
46eb08350aa4c9f6e33f8853ae2f8221,,,missing_from_api_payload,CSE,EAST.N0000,Hayleys Fabric wins Gold at Western Province Entrepreneur Awards 2025,,Hayleys Fabric wins Gold at Western Province Entrepreneur Awards 2025
1cfa30891d02ad7d8735221c1fff9704,,,missing_from_api_payload,CSE,EAST.N0000,Hayleys Fabric receives prestigious ZDHC Torchbearer Award,,Hayleys Fabric receives prestigious ZDHC Torchbearer Award
d6b64264a54cf793681e637df9aa5a0d,,,missing_from_api_payload,CSE,EAST.N0000,Hayleys Fabric becomes first Sri Lankan company featured in ‘Global Organic Textile Standard’ case study,,Hayleys Fabric becomes first Sri Lankan company featured in ‘Global Organic Textile Standard’ case study
1ad665924c7af4d26cf94414b14fedc7,,,missing_from_api_payload,CSE,EAST.N0000,Hayleys Fabric wins Gold at Presidential Environmental Awards,,Hayleys Fabric wins Gold at Presidential Environmental Awards
86141a76fae4fcecb1aff6ba9c5b6f48,,,missing_from_api_payload,CSE,EAST.N0000,Hayleys Fabric celebrates triple triumph at ISPO Textrends Spring/Summer 2026,,Hayleys Fabric celebrates triple triumph at ISPO Textrends Spring/Summer 2026
faca1366d83e85cf063b2e7d3b9391aa,,,missing_from_api_payload,CSE,EAST.N0000,First Capital upgrades Hayleys Fabric PLC’s earnings target for FY24 to LKR 2.6bn,,First Capital upgrades Hayleys Fabric PLC’s earnings target for FY24 to LKR 2.6bn
509bfaba46153da9949e75da2d00170f,,,missing_from_api_payload,CSE,EAST.N0000,Hayleys Fabric strengthens biodiversity regeneration efforts,,Hayleys Fabric strengthens biodiversity regeneration efforts
e0041e1c31ef98e0ace2a16ec6464726,,,missing_from_api_payload,CSE,EAST.N0000,Hayleys Fabric ‘WARNA by Mahogany’ listed at ISPO Textrends 2024,,Hayleys Fabric ‘WARNA by Mahogany’ listed at ISPO Textrends 2024
7741044228c25d077b1c55d8ca5d65b7,,,missing_from_api_payload,CSE,EAST.N0000,"Hayleys Fabric surpasses global giants, wins new UK Sustainable Impact Award",,"Hayleys Fabric surpasses global giants, wins new UK Sustainable Impact Award"
cfbaaaf8036fbc05f69de9ac40889837,,,missing_from_api_payload,CSE,EAST.N0000,"Hayleys Fabric scores with organic, eco-friendly dye",,"Hayleys Fabric scores with organic, eco-friendly dye"
a9f3f539561443aaf39b6bdde56d624c,,,missing_from_api_payload,CSE,EAST.N0000,Hayleys Fabric natural mahogany dye listed on Top 10 innovations for ISPO Textrends 2024,,Hayleys Fabric natural mahogany dye listed on Top 10 innovations for ISPO Textrends 2024
27e77a1ffc543b515e28681fb1fe2360,,,missing_from_api_payload,CSE,EAST.N0000,Hayleys Fabric looks to move to higher-end textile manufacturing,,Hayleys Fabric looks to move to higher-end textile manufacturing
7fe0de3133c7a8ffcd961ce9c300225d,,,missing_from_api_payload,CSE,EAST.N0000,Hayleys Fabric drives biodiversity regeneration with Diyathuru Uyana Wetlands Park,,Hayleys Fabric drives biodiversity regeneration with Diyathuru Uyana Wetlands Park
81b8df807d6b70d795e62b701400563b,,,missing_from_api_payload,CSE,EAST.N0000,South Asia Textiles on par with global standards in employee safety and environmental sustainability    ,,South Asia Textiles on par with global standards in employee safety and environmental sustainability    
04b391f4004242a59699d24ea4bf2c49,,,missing_from_api_payload,CSE,EMER.N0000,"PMF Finance reinforces financial position, partners DFCC Bank supports SMEs",,"PMF Finance reinforces financial position, partners DFCC Bank supports SMEs"
3580efdebbe60e5a043e63539fdf62e6,,,missing_from_api_payload,CSE,EMER.N0000,PMF Finance 6 month profits soars 500%,,PMF Finance 6 month profits soars 500%
bb74cf6048174f95ab9a237b097c0c1c,,,missing_from_api_payload,CSE,EMER.N0000,PMF Finance welcomes new Independent Non-Executive Directors to Board ,,PMF Finance welcomes new Independent Non-Executive Directors to Board 
9195597edc836cb61c03429c6cbb3a2e,,,missing_from_api_payload,CSE,EMER.N0000,PMF Finance appoints Prof. Ajith Medis as Chief Executive Officer,,PMF Finance appoints Prof. Ajith Medis as Chief Executive Officer
06aa5d6490c05186ffed1ac8643a4ab0,,,missing_from_api_payload,CSE,EMER.N0000,PMF Finance strengthens financial foundation with backing from Commercial Bank,,PMF Finance strengthens financial foundation with backing from Commercial Bank
a47f3aae0f7439062441617090f7fb83,,,missing_from_api_payload,CSE,EMER.N0000,People’s Merchant Finance opens branch in Chilaw,,People’s Merchant Finance opens branch in Chilaw
4a7dd63b51b9de4ab6d2001815926230,,,missing_from_api_payload,CSE,EMER.N0000,Terrance Kumara new CEO at PMF Finance,,Terrance Kumara new CEO at PMF Finance
63da07ae20ad73532bc346d386e2d936,,,missing_from_api_payload,CSE,EMER.N0000,People’s Merchant Finance appoints Terrance Kumara as Deputy CEO,,People’s Merchant Finance appoints Terrance Kumara as Deputy CEO
6212efa9aa69f934568a9a4f7c3e4b3b,,,missing_from_api_payload,CSE,EMER.N0000,People’s Merchant Finance posts Rs. 201 m record profit in FY22,,People’s Merchant Finance posts Rs. 201 m record profit in FY22
6ac30ee3eb4ed0292d96ea691412b936,,,missing_from_api_payload,CSE,LAMB.N0000,"Dialog launches Sri Lanka’s largest 5G network, connecting over 1.5 m subscribers",,"Dialog launches Sri Lanka’s largest 5G network, connecting over 1.5 m subscribers"
4b7d724041d54ea188f85679f2c42744,,,missing_from_api_payload,CSE,LAMB.N0000,"Dialog Enterprise, LK Domain Registry strengthen partnership",,"Dialog Enterprise, LK Domain Registry strengthen partnership"
e8f5869c4b5da1e40fac576ec75fe932,,,missing_from_api_payload,CSE,LAMB.N0000,"Dialog records strong FY 2024, Core Revenue growth up 10% to Rs. 151.3 Bn, EBITDA Rs. 66.3 Bn",,"Dialog records strong FY 2024, Core Revenue growth up 10% to Rs. 151.3 Bn, EBITDA Rs. 66.3 Bn"
015a9d7003ca6e3eebb454271492052b,,,missing_from_api_payload,CSE,LAMB.N0000,"Posts Net Profit of Rs. 4.5 Billion for Q3, up 100% QoQ",,"Posts Net Profit of Rs. 4.5 Billion for Q3, up 100% QoQ"
a288af38d408e8f23207ee17f65a1ab3,,,missing_from_api_payload,CSE,LAMB.N0000,Dialog unveils region’s first independently verified SLFRS -compliant sustainability report,,Dialog unveils region’s first independently verified SLFRS -compliant sustainability report
e0a2d5a035793da98bca12e2c03c2a5e,,,missing_from_api_payload,CSE,LAMB.N0000,Dialog launches ‘Trilingual Sayuru App’ to support SKL fishing communities,,Dialog launches ‘Trilingual Sayuru App’ to support SKL fishing communities
d37a7b2872194002f539e407d5c86490,,,missing_from_api_payload,CSE,LAMB.N0000,Dialog enhances accessibility for deaf community with ‘DeafTawk Services’,,Dialog enhances accessibility for deaf community with ‘DeafTawk Services’
42659e4c7c0e0cace0bf27ae0c130c70,,,missing_from_api_payload,CSE,LAMB.N0000,Dialog Axiata completes acquisition of Airtel Lanka and initiates amalgamation,,Dialog Axiata completes acquisition of Airtel Lanka and initiates amalgamation
3323f9b26f0b5713a53fde0d799641b1,,,missing_from_api_payload,CSE,LAMB.N0000,"Dialog takes personalisation to new heights with AI-driven greeting cards, powered by Star Points",,"Dialog takes personalisation to new heights with AI-driven greeting cards, powered by Star Points"
e93c25e7f45034f012cd3fc99dad88c0,,,missing_from_api_payload,CSE,LAMB.N0000,Dialog named Sri Lanka’s ‘Most Loved Service and Telco Brand’ by LMD Brands Annual,,Dialog named Sri Lanka’s ‘Most Loved Service and Telco Brand’ by LMD Brands Annual
66b466d83c3f6d037a272b31d8904327,,,missing_from_api_payload,CSE,LAMB.N0000,Dialog Axiata renews pledge to ‘GSMA’s Connected Women Commitment Initiative’ empowers digital inclusion,,Dialog Axiata renews pledge to ‘GSMA’s Connected Women Commitment Initiative’ empowers digital inclusion
26618cf22fce247a917345ebfdc36b9f,,,missing_from_api_payload,CSE,LAMB.N0000,Dialog Enterprise partners UTECH Technologies for Industry Transformation’,,Dialog Enterprise partners UTECH Technologies for Industry Transformation’
7ba99522e7ec6b3f3c663ff8055df7b6,,,missing_from_api_payload,CSE,LAMB.N0000,Dialog Axiata renews pledge to GSMA’s Connected Women Commitment Initiative to empower digital inclusion,,Dialog Axiata renews pledge to GSMA’s Connected Women Commitment Initiative to empower digital inclusion
be3098be9b2165305437c8fa7b2e84d8,,,missing_from_api_payload,CSE,LAMB.N0000,Dialog Axiata recognised as ‘Most Significant FDI Contributor’ by BOI,,Dialog Axiata recognised as ‘Most Significant FDI Contributor’ by BOI
bac10d4c558943cf39038f6480414f83,,,missing_from_api_payload,CSE,LAMB.N0000,"Dialog, Axiata Group and Bharti Airtel sign definitive agreement to merge opps in SL",,"Dialog, Axiata Group and Bharti Airtel sign definitive agreement to merge opps in SL"
fbe15e38ec321830494fe8edababb431,,,missing_from_api_payload,CSE,LAMB.N0000,Dialog honoured with ‘General Services Category’ at ACCA Awards,,Dialog honoured with ‘General Services Category’ at ACCA Awards
107c054bfab311db2d2794fae70c31bc,,,missing_from_api_payload,CSE,LAMB.N0000,"Dialog Enterprise partner CTM360, presents DRP platform",,"Dialog Enterprise partner CTM360, presents DRP platform"
63a371059ca3ddb87480e1fefeeb99e3,,,missing_from_api_payload,CSE,LAMB.N0000,Dialog returns to positive NPAT in FY 2023,,Dialog returns to positive NPAT in FY 2023
40d28f4266d578ad8bb90234778209c2,,,missing_from_api_payload,CSE,LAMB.N0000,Dialog Axiata unveils smart home devices powered by Dialog Smart Home App,,Dialog Axiata unveils smart home devices powered by Dialog Smart Home App
2e3d05e5c6e5d75f25b75dcd6c66e667,,,missing_from_api_payload,CSE,LAMB.N0000,"Dialog Television launches ‘Hits Now’, elevating Sri Lanka’s television experience",,"Dialog Television launches ‘Hits Now’, elevating Sri Lanka’s television experience"
0dd3beb260cff3b4a5efe5d34dffc385,,,missing_from_api_payload,CSE,LAMB.N0000,"Dialog’s Yeheli/Thozhi relaunches website, empowers women in Sri Lanka",,"Dialog’s Yeheli/Thozhi relaunches website, empowers women in Sri Lanka"
716b97349ffab3f2544f0f6953415f6f,,,missing_from_api_payload,CSE,LAMB.N0000,Dialog Axiata Strengthens its Commitment to Data Security & Privacy with ISO 27701,,Dialog Axiata Strengthens its Commitment to Data Security & Privacy with ISO 27701
0c1dddf7a987461cb6ea9299bd6dbb40,,,missing_from_api_payload,CSE,LAMB.N0000,Dialog Expands 5G Roaming Over 50 Countries with 100 Partners,,Dialog Expands 5G Roaming Over 50 Countries with 100 Partners
e831687929cb2e1c8f93b85b944f8fc1,,,missing_from_api_payload,CSE,LAMB.N0000,Dialog Elevates Home Broadband Postpaid Experience with More Data & Data Roll Over,,Dialog Elevates Home Broadband Postpaid Experience with More Data & Data Roll Over
34f5295792645fd1680ceefba3f47721,,,missing_from_api_payload,CSE,LAMB.N0000,Dialog announces strategic partners for ground-breaking national Innovation Challenge,,Dialog announces strategic partners for ground-breaking national Innovation Challenge
4fa47fc86c656ef26638e7020d4d81d0,,,missing_from_api_payload,CSE,LAMB.N0000,Dialog Axiata first telco in South Asia to adopt SASB & GSMA Standards,,Dialog Axiata first telco in South Asia to adopt SASB & GSMA Standards
42a3e5775379820bcf5d71bc7b616f79,,,missing_from_api_payload,CSE,LAMB.N0000,Dialog Axiata successfully trials Voice over 5G service for the first time in Sri Lanka,,Dialog Axiata successfully trials Voice over 5G service for the first time in Sri Lanka
02abd09f0fa0d63dc9f771d09e1ef67c,,,missing_from_api_payload,CSE,LAMB.N0000,Dialog’s Innovation Challenge invites all innovators to create Sri Lanka’s digital Future,,Dialog’s Innovation Challenge invites all innovators to create Sri Lanka’s digital Future
7c8a9f5c783ac60ac9047bd5e313f8e8,,,missing_from_api_payload,CSE,LAMB.N0000,"Dialog profitability improves in 1H, revenue recorded at Rs 97.7 Bn up 20% YTD",,"Dialog profitability improves in 1H, revenue recorded at Rs 97.7 Bn up 20% YTD"
ced77f5e78c1e95c6adaad83a2a15724,,,missing_from_api_payload,CSE,LAMB.N0000,Dialog Axiata ranked ‘Sri Lanka’s Most Valuable Brand’ by Brand Finance,,Dialog Axiata ranked ‘Sri Lanka’s Most Valuable Brand’ by Brand Finance
d1a0269609c50af3c646a35e606f7215,,,missing_from_api_payload,CSE,LAMB.N0000,Dialog Enterprise enables digital transformation of MBSL,,Dialog Enterprise enables digital transformation of MBSL
7740067da6d0547ad143065c3a2eb4a8,,,missing_from_api_payload,CSE,LAMB.N0000,Dialog’s Govi Mithuru Nidhanaya 2021/22 rewards subscribers in island-wide competition,,Dialog’s Govi Mithuru Nidhanaya 2021/22 rewards subscribers in island-wide competition
b24a22788d8bda8ff521b14311a1bbb2,,,missing_from_api_payload,CSE,LAMB.N0000,Dialog Axiata partners JICA to drive social development projects in Sri Lanka,,Dialog Axiata partners JICA to drive social development projects in Sri Lanka
a060f27c655c5426946d1449af351d10,,,missing_from_api_payload,CSE,LAMB.N0000,Dialog Axiata awarded Forrester’s Customer-Obsessed Enterprise Award for Asia Pacific region,,Dialog Axiata awarded Forrester’s Customer-Obsessed Enterprise Award for Asia Pacific region
b07ee2a4198cd33066990ff71623d6aa,,,missing_from_api_payload,CSE,LAMB.N0000,Dialog first in SL to conduct Wi-Fi 6 5G trials via drones,,Dialog first in SL to conduct Wi-Fi 6 5G trials via drones
a98d0c1e0d9381b0c66bfe98004e9555,,,missing_from_api_payload,CSE,LAMB.N0000,Dialog and Airtel ring merger plans,,Dialog and Airtel ring merger plans
e63777d232d89d5885de8b3357030f1b,,,missing_from_api_payload,CSE,LAMB.N0000,Dialog Axiata partners SLIIT to host ‘Industry Symposium 2023’,,Dialog Axiata partners SLIIT to host ‘Industry Symposium 2023’
a9012586b0ff437b1c1286ef800ddca9,,,missing_from_api_payload,CSE,LAMB.N0000,Sri Lankans vote Dialog as Telecommunication Brand of the Year for 12th consecutive year,,Sri Lankans vote Dialog as Telecommunication Brand of the Year for 12th consecutive year
0a5f4198d7e01d47d6c92e760b758c34,,,missing_from_api_payload,CSE,LAMB.N0000,Dialog Axiata claims top honours at e-Swabhimani Awards,,Dialog Axiata claims top honours at e-Swabhimani Awards
46f5893475a8b86d2c943db7430f5cde,,,missing_from_api_payload,CSE,LAMB.N0000,Dialog for the first time introduces ‘WiFi 6’ - Next-Gen WiFi Standard,,Dialog for the first time introduces ‘WiFi 6’ - Next-Gen WiFi Standard
a955b2d64b92251dff9e78bde4190e74,,,missing_from_api_payload,CSE,LAMB.N0000,Dialog Axiata awarded winner of ACCA Sustainability Reporting Awards 2022,,Dialog Axiata awarded winner of ACCA Sustainability Reporting Awards 2022
a622e3602cb69b540eda08bf501712a7,,,missing_from_api_payload,CSE,LAMB.N0000,Dialog partners SLIM to launch ‘SLIM Dialog Brand Week 2023’,,Dialog partners SLIM to launch ‘SLIM Dialog Brand Week 2023’
9f47e506f5e10ea4d87a0984fad12d76,,,missing_from_api_payload,CSE,LAMB.N0000,Dialog launches Lanka’s first fully immersive Metaverse,,Dialog launches Lanka’s first fully immersive Metaverse
7a677e0d4df2d40e8532cd58fdb5fad1,,,missing_from_api_payload,CSE,LAMB.N0000,Dialog conducts South Asia’s first successful mmWave 5G Trial,,Dialog conducts South Asia’s first successful mmWave 5G Trial
439227717421d2764772cc402742e9a2,,,missing_from_api_payload,CSE,LAMB.N0000,"Dialog Axiata Appoints Dr Sharmini Coorey as an Independent, Non-executive Director",,"Dialog Axiata Appoints Dr Sharmini Coorey as an Independent, Non-executive Director"
aeb6a42b1b6809ccca5de71d612c15bb,,,missing_from_api_payload,CSE,LAMB.N0000,Dialog in partnership with Sampath Bank launches Tourist Fuel Pass,,Dialog in partnership with Sampath Bank launches Tourist Fuel Pass
3ef8aca8343f9f4bcbeab2e58cfcbd46,,,missing_from_api_payload,CSE,LAMB.N0000,Dialog Enterprise unveils fuel-monitoring system harnessing IoT,,Dialog Enterprise unveils fuel-monitoring system harnessing IoT
0b2a2f90d55929566219d836b0ea4d71,,,missing_from_api_payload,CSE,LAMB.N0000,Dialog Axiata Group invests USD 152.4 mn in Sri Lanka,,Dialog Axiata Group invests USD 152.4 mn in Sri Lanka
1a31a8591132a39186330f96d73a4d07,,,missing_from_api_payload,CSE,LAMB.N0000,Dialog to invest US $ 113mn for network expansion,,Dialog to invest US $ 113mn for network expansion
2b8aa1e8c93fe83c190f702ce85f656c,,,missing_from_api_payload,CSE,LAMB.N0000,Dialog Fibre connects Prestige Tower with Fibre Optic Technology,,Dialog Fibre connects Prestige Tower with Fibre Optic Technology
f73b7bd82b2d2514672da117c89218ba,,,missing_from_api_payload,CSE,LAMB.N0000,Dialog Enterprise unveils a cutting-edge fuel-monitoring system,,Dialog Enterprise unveils a cutting-edge fuel-monitoring system
17f9f03d707b4eafbea108eadf038104,,,missing_from_api_payload,CSE,LAMB.N0000,Dialog’s Govi Mithuru partners TRI to extend advisory services on tea cultivation,,Dialog’s Govi Mithuru partners TRI to extend advisory services on tea cultivation
557170da1e68a128a010894eef2fbe3f,,,missing_from_api_payload,CSE,LAMB.N0000,Dialog Axiata extends its support to the Sri Dalada Perahera for the 16th consecutive year,,Dialog Axiata extends its support to the Sri Dalada Perahera for the 16th consecutive year
3e0f98f74a6cd2e3d7cdc2d409a9695e,,,missing_from_api_payload,CSE,LAMB.N0000,Dialog Axiata records Rs. 81.6 bn for 1H 2022,,Dialog Axiata records Rs. 81.6 bn for 1H 2022
cd6e5b1e279a13f3151d78f26612e96f,,,missing_from_api_payload,CSE,LAMB.N0000,Dialog Network Services certified as ‘Great Workplace’,,Dialog Network Services certified as ‘Great Workplace’
7f8b7423d9bee3cc30ef2b8af11ce1bb,,,missing_from_api_payload,CSE,LAMB.N0000,Dialog Axiata partners Sampath Bank to launch revolutionary eZ Banking service,,Dialog Axiata partners Sampath Bank to launch revolutionary eZ Banking service
6a18245807b03762cc0f798aefdbd19d,,,missing_from_api_payload,CSE,LAMB.N0000,IFC provides US$ 150 mn funding package to Dialog Axiata,,IFC provides US$ 150 mn funding package to Dialog Axiata
fb97ad29a7d9cbd1cbbbb77495954781,,,missing_from_api_payload,CSE,LAMB.N0000,Dialog Axiata in partnership with Doc990 donate critical medical consumables to Lady Ridgeway Hospital,,Dialog Axiata in partnership with Doc990 donate critical medical consumables to Lady Ridgeway Hospital
ac068a3d1afb14523a4e1658aebbd418,,,missing_from_api_payload,CSE,LAMB.N0000,"Dialog partners OnMobile, launches Mobile Cloud Gaming Platform ONMO",,"Dialog partners OnMobile, launches Mobile Cloud Gaming Platform ONMO"
1503a4457e1af354efb808058fa4c9fb,,,missing_from_api_payload,CSE,LAMB.N0000,Dialog support via Google Assistant,,Dialog support via Google Assistant
9a96304b4a14e9c3b4f37d197b9e441a,,,missing_from_api_payload,CSE,LAMB.N0000,Dialog Axiata Ranked Sri Lanka’s Most Valuable Brand by Brand Finance for the 4th Consecutive Year,,Dialog Axiata Ranked Sri Lanka’s Most Valuable Brand by Brand Finance for the 4th Consecutive Year
d7d6d939bd57f54319a9ee76d7dbd1b2,,,missing_from_api_payload,CSE,LAMB.N0000,Dialog Axiata ranked SL’s Most Valuable Brand for fourth consecutive year,,Dialog Axiata ranked SL’s Most Valuable Brand for fourth consecutive year
0cc7aa2274c4099a8234e22ddc5b1adc,,,missing_from_api_payload,CSE,LAMB.N0000,Dialog commissions Tower in Ambagahapelessa under ‘Sew Desatama Dialog’ initiative,,Dialog commissions Tower in Ambagahapelessa under ‘Sew Desatama Dialog’ initiative
878fa96f6b9189d5ef003e0d4bc81b96,,,missing_from_api_payload,CSE,LAMB.N0000,"Dialog hosts ‘Google I/O Extended in Metaverse’, first for South Asia",,"Dialog hosts ‘Google I/O Extended in Metaverse’, first for South Asia"
7f7f0f9338678665323c94cb1ed9e7e0,,,missing_from_api_payload,CSE,LAMB.N0000,Dialog Smart Home Enables Seamless Home Automation via Range of Intuitive Solutions ,,Dialog Smart Home Enables Seamless Home Automation via Range of Intuitive Solutions 
b998a6f3cd1649238f668ec54cc25a46,,,missing_from_api_payload,CSE,LAMB.N0000,"Dialog grows 16% in Q1, forex flips NPAT to negative Rs.15.8 bn",,"Dialog grows 16% in Q1, forex flips NPAT to negative Rs.15.8 bn"
5fb81ab0114fd8f8ef37292b6e55a9be,,,missing_from_api_payload,CSE,LAMB.N0000,"Dialog Fibre signs agreement with Capital Heights, connects Fibre Optic Technology",,"Dialog Fibre signs agreement with Capital Heights, connects Fibre Optic Technology"
ab5269217a433e91bf88571eff52047a,,,missing_from_api_payload,CSE,LAMB.N0000,Statement on national crisis issued by Dialog Axiata PLC,,Statement on national crisis issued by Dialog Axiata PLC
18a88254d6028284adc0085307815ddd,,,missing_from_api_payload,CSE,LAMB.N0000,"Dialog partners Department of Fisheries, Meteorological Department with tri-lingual ‘Sayuru’",,"Dialog partners Department of Fisheries, Meteorological Department with tri-lingual ‘Sayuru’"
baedd99957a959761257680ed5f796a2,,,missing_from_api_payload,CSE,LAMB.N0000,Dialog improves connectivity to villages via ‘Sew Desatama Dialog’,,Dialog improves connectivity to villages via ‘Sew Desatama Dialog’
295c541a2b518e6aa945ce2c7f385fa5,,,missing_from_api_payload,CSE,LAMB.N0000,Sri Lankans vote Dialog as the Telecommunication Brand and Service Brand of the Year,,Sri Lankans vote Dialog as the Telecommunication Brand and Service Brand of the Year
b0c3afe150889a9f878952ae83394165,,,missing_from_api_payload,CSE,LAMB.N0000,Dialog first in South Asia to trial 5G Standalone Network (SA),,Dialog first in South Asia to trial 5G Standalone Network (SA)
88126b7b9a878532d5eca13255eaa8a3,,,missing_from_api_payload,CSE,LAMB.N0000,Havelock City gets unparalleled connectivity with Dialog Fibre,,Havelock City gets unparalleled connectivity with Dialog Fibre
cc74e5bde957cf2b158805c6b4429962,,,missing_from_api_payload,CSE,LAMB.N0000,"Dialog Enterprise, Gateway College host ‘InnovaThon 2021’",,"Dialog Enterprise, Gateway College host ‘InnovaThon 2021’"
583de72064b109aab2cc6b783aa350a4,,,missing_from_api_payload,CSE,LAMB.N0000,Dialog Axiata powers ‘Aya’ national empowerment initiative on Women’s Day,,Dialog Axiata powers ‘Aya’ national empowerment initiative on Women’s Day
9fd5fdf0c7c5e93e1e020c7f12328e26,,,missing_from_api_payload,CSE,LVEN.N0000,Seylan Bank donates Rs. 50 m to ‘Rebuilding Sri Lanka’ Fund,,Seylan Bank donates Rs. 50 m to ‘Rebuilding Sri Lanka’ Fund
a6ca0bcff572b0782aa980aaa7426ecb,,,missing_from_api_payload,CSE,LVEN.N0000,"Seylan Bank records LKR 8.33 Bn PAT by Q3, 2025",,"Seylan Bank records LKR 8.33 Bn PAT by Q3, 2025"
188f799e450a3508a70aa946e3ec3983,,,missing_from_api_payload,CSE,LVEN.N0000,Seylan Bank secures three awards at LankaPay Technnovation Awards,,Seylan Bank secures three awards at LankaPay Technnovation Awards
da15e00768508b687602d9f49fafc6fc,,,missing_from_api_payload,CSE,LVEN.N0000,Seylan Bank builds 280th ‘Seylan Pahasara’ library,,Seylan Bank builds 280th ‘Seylan Pahasara’ library
ca269067a5e33f9f72913cf4694080d2,,,missing_from_api_payload,CSE,LVEN.N0000,Seylan Bank’s sales team triumphs at SLIM Awards,,Seylan Bank’s sales team triumphs at SLIM Awards
b2039601f531c096e3e906129e06bfea,,,missing_from_api_payload,CSE,LVEN.N0000,Seylan Bank staff contributes Rs.7.7 Mn to Children’s ward of Apeksha Hospital,,Seylan Bank staff contributes Rs.7.7 Mn to Children’s ward of Apeksha Hospital
801d5f840f7591339e796f5eb9746d19,,,missing_from_api_payload,CSE,LVEN.N0000,Seylan Cards launches exclusive X’mas campaign,,Seylan Cards launches exclusive X’mas campaign
3ab8c1f2501f9b6b151ec40cc7e063c4,,,missing_from_api_payload,CSE,LVEN.N0000,Seylan Bank re-launches Affinity Credit Card for Rotarians,,Seylan Bank re-launches Affinity Credit Card for Rotarians
a13ba544d909ebdd40d4998f3dadd04b,,,missing_from_api_payload,CSE,LVEN.N0000,Seylan Bank records Rs. 6.59 Bn. PAT,,Seylan Bank records Rs. 6.59 Bn. PAT
714b310204cba47efa951a0290a8a432,,,missing_from_api_payload,CSE,LVEN.N0000,Seylan Bank reaffirms partnership with National Chamber of Exporters,,Seylan Bank reaffirms partnership with National Chamber of Exporters
779155a1a1d4c0d065c065ea6374c154,,,missing_from_api_payload,CSE,LVEN.N0000,Seylan Bank re-launches Factoring Financial Services,,Seylan Bank re-launches Factoring Financial Services
c602ec1c030c6362b7abde0104be287e,,,missing_from_api_payload,CSE,LVEN.N0000,Seylan Bank records LKR 4.56 Bn PAT in 1H 2024,,Seylan Bank records LKR 4.56 Bn PAT in 1H 2024
bf3ca6c63fcba7f95eab1532f2bde5c6,,,missing_from_api_payload,CSE,LVEN.N0000,"Seylan Bank, Hayleys Solar join to empower customers",,"Seylan Bank, Hayleys Solar join to empower customers"
521550cedfd3adf0e2cb30eb2c2737ae,,,missing_from_api_payload,CSE,LVEN.N0000,Seylan Bank appoints Justice Buwaneka Aluwihare as Chairman,,Seylan Bank appoints Justice Buwaneka Aluwihare as Chairman
29d32ca8d53705a0603be4994365de1b,,,missing_from_api_payload,CSE,LVEN.N0000,Seylan Bank records strong performance with PAT of Rs. 6.2 bn. Up by 33%,,Seylan Bank records strong performance with PAT of Rs. 6.2 bn. Up by 33%
0cdfbf34eece1a3d7931d9d0b665217e,,,missing_from_api_payload,CSE,LVEN.N0000,"Seylan Bank inks deal with Emojot, provides QR-based customer feedback",,"Seylan Bank inks deal with Emojot, provides QR-based customer feedback"
8fe0dc2ca079f0d5e53ec1d040b508e0,,,missing_from_api_payload,CSE,LVEN.N0000,Seylan Bank introduces Sri Lanka’s first ‘Signfluencer’,,Seylan Bank introduces Sri Lanka’s first ‘Signfluencer’
7188d7e7570f77c6a37ee0a7d602dd94,,,missing_from_api_payload,CSE,LVEN.N0000,Seylan Bank elevates SME exporters,,Seylan Bank elevates SME exporters
cec7db34b61d2679bab80aabfec2580f,,,missing_from_api_payload,CSE,LVEN.N0000,Seylan Bank PAT surges 79% to Rs. 4.49 Bn for 9 months of 2023,,Seylan Bank PAT surges 79% to Rs. 4.49 Bn for 9 months of 2023
acf80120ab1d9869fe2ec2820229d988,,,missing_from_api_payload,CSE,LVEN.N0000,Seylan Credit Cards secures ‘Accelerator Award’ at Daraz Awards,,Seylan Credit Cards secures ‘Accelerator Award’ at Daraz Awards
9cc8ec30f17398384c9cd4abcfe63983,,,missing_from_api_payload,CSE,LVEN.N0000,Seylan Credit Cards and Union Assurance partner,,Seylan Credit Cards and Union Assurance partner
57201e5b72a6c08e22835f74610ef5c4,,,missing_from_api_payload,CSE,LVEN.N0000,Seylan Bank inks deal with National Chamber of Exporters to empower Export Sector,,Seylan Bank inks deal with National Chamber of Exporters to empower Export Sector
241243a7e5e243b7b067b01a86e60479,,,missing_from_api_payload,CSE,LVEN.N0000,"Seylan Cards partners Orient Insurance, provides special discounts for Cardholders",,"Seylan Cards partners Orient Insurance, provides special discounts for Cardholders"
a2ee3693a922ca7da7b7201938cd864f,,,missing_from_api_payload,CSE,LVEN.N0000,Seylan Bank joins Affiniti Innovations’ elite clientele with Affiniti Collect Plus Integration,,Seylan Bank joins Affiniti Innovations’ elite clientele with Affiniti Collect Plus Integration
694052f8cdf62cca67ae17ac99224ddf,,,missing_from_api_payload,CSE,LVEN.N0000,Seylan Business Banking Solutions offers growth of Lankan enterprises,,Seylan Business Banking Solutions offers growth of Lankan enterprises
6db5ed61673febf12da1418764058a6c,,,missing_from_api_payload,CSE,LVEN.N0000,Seylan Bank partners National Industry Exhibition 2023 to empower Sri Lankan industries and SMEs,,Seylan Bank partners National Industry Exhibition 2023 to empower Sri Lankan industries and SMEs
dbb79af7eec440267e9ef17bc465b169,,,missing_from_api_payload,CSE,LVEN.N0000,Seylan Bank records PBT of LKR 1.7 Bn for Q1,,Seylan Bank records PBT of LKR 1.7 Bn for Q1
16a2376ee89f90c8cdbf3975c5134e9e,,,missing_from_api_payload,CSE,LVEN.N0000,Seylan Cards unveils incredible deals for cardholders,,Seylan Cards unveils incredible deals for cardholders
150e19db25f80626bc8462ff50d42348,,,missing_from_api_payload,CSE,LVEN.N0000,"Seylan Bank partners Bhasha Lanka, direct debut payment for Helakuru",,"Seylan Bank partners Bhasha Lanka, direct debut payment for Helakuru"
157e02415a5d1a9e28b6c7c744226a93,,,missing_from_api_payload,CSE,LVEN.N0000, Seylan Bank achieves its 225th milestone in empowering students through ‘Seylan Pahasara’ island-wide Library Project,, Seylan Bank achieves its 225th milestone in empowering students through ‘Seylan Pahasara’ island-wide Library Project
9c026dad460e8ed19a8ab4275e4ad0e4,,,missing_from_api_payload,CSE,LVEN.N0000,Make essential celebrations feel special with Seylan Cards this Avurudu season,,Make essential celebrations feel special with Seylan Cards this Avurudu season
b2da727d6a0293ea87def5a28a1f883d,,,missing_from_api_payload,CSE,LVEN.N0000,Seylan Bank celebrates 35th anniversary,,Seylan Bank celebrates 35th anniversary
e135ddf611101cf76e1052f65e01475b,,,missing_from_api_payload,CSE,LVEN.N0000,Seylan Bank opens INR Nostro account to catalyse Indo-Lanka trade,,Seylan Bank opens INR Nostro account to catalyse Indo-Lanka trade
3500f0f0876619ba1179e526cdf64690,,,missing_from_api_payload,CSE,LVEN.N0000,Seylan Tikiri enriches young minds with WNPS ‘Wild Kids’ project,,Seylan Tikiri enriches young minds with WNPS ‘Wild Kids’ project
2f85863d9a631ec59b6b762c80f5b59e,,,missing_from_api_payload,CSE,LVEN.N0000,Seylan Bank 2022 Net Interest Income up 72%,,Seylan Bank 2022 Net Interest Income up 72%
17096917c47a2c97a7ff9e152a28339f,,,missing_from_api_payload,CSE,LVEN.N0000,Seylan Bank encourages Remittances with ‘Ethera Kasi Methera Vasi Season 02’ Offers chances to win prizes worth 10 million,,Seylan Bank encourages Remittances with ‘Ethera Kasi Methera Vasi Season 02’ Offers chances to win prizes worth 10 million
ede854041ab99d1c2057630cf3825a97,,,missing_from_api_payload,CSE,LVEN.N0000,Seylan Empowers Cardholders to ‘GO GREEN’ with 0% Easy Payment Plans for solar Energy ,,Seylan Empowers Cardholders to ‘GO GREEN’ with 0% Easy Payment Plans for solar Energy 
c13b0dd0da11aef6bf4681f1314ac85b,,,missing_from_api_payload,CSE,LVEN.N0000,Seylan enables site-wide discounts on Daraz.lk for Cardholders,,Seylan enables site-wide discounts on Daraz.lk for Cardholders
a57986d28e158d3fe9c04435348bcd38,,,missing_from_api_payload,CSE,LVEN.N0000,Seylan Bank’s Tikiri Gift Voucher Scheme gives kids a wider choice of rewards for saving,,Seylan Bank’s Tikiri Gift Voucher Scheme gives kids a wider choice of rewards for saving
a42e07fd34fa515f4ea950687333cfe4,,,missing_from_api_payload,CSE,LVEN.N0000,One lucky Seylan World Mastercard Cardholder wins Omega timepiece worth over Rs. 2 Mn,,One lucky Seylan World Mastercard Cardholder wins Omega timepiece worth over Rs. 2 Mn
39e4cf640529148ea5711d6d1480d79f,,,missing_from_api_payload,CSE,LVEN.N0000,Seylan Credit Cards offers Easy Payment Plans for all of life’s essentials,,Seylan Credit Cards offers Easy Payment Plans for all of life’s essentials
430c674370d18b6ed1af344938f52d6b,,,missing_from_api_payload,CSE,LVEN.N0000,Seylan Bank wins three awards at SLIM DIGIS 2.2,,Seylan Bank wins three awards at SLIM DIGIS 2.2
f3f597fb74b4699a89eb7b8297843ce7,,,missing_from_api_payload,CSE,LVEN.N0000,Seylan ranked No. 1 at LMD’s Customer Survey,,Seylan ranked No. 1 at LMD’s Customer Survey
1f2c99de64e9f5aaa19ff0456850016f,,,missing_from_api_payload,CSE,LVEN.N0000,Seylan Bank guides SMEs towards expanding footprint in export sector,,Seylan Bank guides SMEs towards expanding footprint in export sector
eb1de22c4d4e90c5f5ce85a1bd66179c,,,missing_from_api_payload,CSE,LVEN.N0000,Seylan Bank secures Silver Award at Dragons of Asia 2022,,Seylan Bank secures Silver Award at Dragons of Asia 2022
7d5488197ae52300bb7ffb7156070b8d,,,missing_from_api_payload,CSE,LVEN.N0000,Online convenience further enhanced with revamped Seylan Mobile Banking App,,Online convenience further enhanced with revamped Seylan Mobile Banking App
1468b07c7711463cec2e6c346737561c,,,missing_from_api_payload,CSE,LVEN.N0000,Seylan Bank revives iconic ‘Uncle Albert’ to encourage remittances through official channels,,Seylan Bank revives iconic ‘Uncle Albert’ to encourage remittances through official channels
227b6e9ffed415c5394791c0c1bff33b,,,missing_from_api_payload,CSE,LVEN.N0000,Seylan Bank appoints Sunjeevani Kotakadeniya and Averil Ludowyke to the Board,,Seylan Bank appoints Sunjeevani Kotakadeniya and Averil Ludowyke to the Board
1e6cf0ea95328c6c3ca6875b06ea2af6,,,missing_from_api_payload,CSE,LVEN.N0000,Seylan Bank sets its sights on developing Tea Smallholders via ADB credit line,,Seylan Bank sets its sights on developing Tea Smallholders via ADB credit line
a801da1c134698f925a99a19f959ad7c,,,missing_from_api_payload,CSE,LVEN.N0000,Seylan Bank relocates Ratnapura branch,,Seylan Bank relocates Ratnapura branch
2239d4ae1f4537471770aef1ae9f698f,,,missing_from_api_payload,CSE,LVEN.N0000,Seylan Bank appoints Sunjeevani Kotakadeniya and Averil Ludowyke to the Board of Directors,,Seylan Bank appoints Sunjeevani Kotakadeniya and Averil Ludowyke to the Board of Directors
dc1c578630eb5b061fb1017631c34ea3,,,missing_from_api_payload,CSE,LVEN.N0000,Seylan Accelerate’ account holders to enjoy exclusive discounts on higher education,,Seylan Accelerate’ account holders to enjoy exclusive discounts on higher education
9aefe1517e4235fb8d9635e58fd35fb3,,,missing_from_api_payload,CSE,LVEN.N0000, Seylan Harasara to bring more benefits to Senior Citizens,, Seylan Harasara to bring more benefits to Senior Citizens
184fdd1b20f5bff6c6a3d227f200e4da,,,missing_from_api_payload,CSE,LVEN.N0000,Seylan Bank partners Kedella Art of Living 2022 as Title Partner and Official Banker for the 10th Consecutive Year,,Seylan Bank partners Kedella Art of Living 2022 as Title Partner and Official Banker for the 10th Consecutive Year
2f9d345d474089d20963b7ccfa02517a,,,missing_from_api_payload,CSE,LVEN.N0000,Seylan Bank continues to empower local SMEs in exploring global market opportunities,,Seylan Bank continues to empower local SMEs in exploring global market opportunities
699d9ac43b3814075efc810d1ea0f2b1,,,missing_from_api_payload,CSE,LVEN.N0000,Seylan Bank Appoints Ramesh Jayasekara as Deputy Chief Executive Officer (DCEO) Seylan Bank PLC,,Seylan Bank Appoints Ramesh Jayasekara as Deputy Chief Executive Officer (DCEO) Seylan Bank PLC
63919cc17a56538af8b4ddc10889d58c,,,missing_from_api_payload,CSE,LVEN.N0000,"Seylan Cards partners KOKO to enable Buy Now, Pay Later Easy Payment Schemes",,"Seylan Cards partners KOKO to enable Buy Now, Pay Later Easy Payment Schemes"
fe558468ca8300ac0e8c5f97d588455f,,,missing_from_api_payload,CSE,LVEN.N0000,"Seylan Cards partners KOKO to enable Buy Now, Pay Later Easy Payment Schemes",,"Seylan Cards partners KOKO to enable Buy Now, Pay Later Easy Payment Schemes"
6ce6875840eed32199ef5b63cf2b6dc9,,,missing_from_api_payload,CSE,LVEN.N0000,SME businesses in Puttalam enriched by Seylan Bank and CCC workshop,,SME businesses in Puttalam enriched by Seylan Bank and CCC workshop
38acada3a8c00c22af65d217ce00db70,,,missing_from_api_payload,CSE,LVEN.N0000,Seylan Bank recognized as’Category Accelerator’ at Daraz Partner Performance Awards,,Seylan Bank recognized as’Category Accelerator’ at Daraz Partner Performance Awards
49f2f7caec8b2c7a4a57295eb533ae75,,,missing_from_api_payload,CSE,LVEN.N0000,Seylan empowers ‘Cycle to Work’ movement with 0% Easy Payment Plans,,Seylan empowers ‘Cycle to Work’ movement with 0% Easy Payment Plans
71f53b4c884eef3da0b8e1408e375aa3,,,missing_from_api_payload,CSE,LVEN.N0000,Seylan enables Easy Payment Plans for Solar Energy in partnership with Hayleys Solar,,Seylan enables Easy Payment Plans for Solar Energy in partnership with Hayleys Solar
ee08037815406a5c3ea0274f6388b6a1,,,missing_from_api_payload,CSE,LVEN.N0000,Convenient settlement of Asiri Hospital Bills with Seylan Credit Cards,,Convenient settlement of Asiri Hospital Bills with Seylan Credit Cards
30c21cd441c4d853a8fc94fba266e2b8,,,missing_from_api_payload,CSE,LVEN.N0000,Seylan Bank encourages home cultivation among staff with free seed distribution,,Seylan Bank encourages home cultivation among staff with free seed distribution
c051c552c7513eb932fb82e4c58e8f1c,,,missing_from_api_payload,CSE,LVEN.N0000,Ex-DFCC CEO Lakshman Silva joins Seylan Bank Board as Independent Non-Executive Director,,Ex-DFCC CEO Lakshman Silva joins Seylan Bank Board as Independent Non-Executive Director
619bbfc16ab6a8a15baa42744397a86f,,,missing_from_api_payload,CSE,LVEN.N0000,Seylan Cards Light Up GLOMARK Online with Happy Hour,,Seylan Cards Light Up GLOMARK Online with Happy Hour
3f99ba642b29c7bdf41d03db05e05e79,,,missing_from_api_payload,CSE,LVEN.N0000,Seylan expands accreditation of Lean Six Sigma Yellow Belts,,Seylan expands accreditation of Lean Six Sigma Yellow Belts
c5170a462da89c2b49295ef14f9332a0,,,missing_from_api_payload,CSE,LVEN.N0000,"Seylan Bank, treating export industry as a national obligation",,"Seylan Bank, treating export industry as a national obligation"
8bcf86a6c8c046d79069a5d5cff18365,,,missing_from_api_payload,CSE,LVEN.N0000,Seylan Tikiri Kids watch Exclusive Jurassic World screening,,Seylan Tikiri Kids watch Exclusive Jurassic World screening
82339632974048135437c59d6b9015e6,,,missing_from_api_payload,CSE,LVEN.N0000,Seylan Bank takes the lead to promote LANKA QR beyond Western Province ,,Seylan Bank takes the lead to promote LANKA QR beyond Western Province 
6c24830dea50bf3c9d5ab8fa8464274d,,,missing_from_api_payload,CSE,LVEN.N0000,Seylan Cards to ease Insurance Payments with Easy Payment Plans ,,Seylan Cards to ease Insurance Payments with Easy Payment Plans 
d457ee8f888c72f04b80a012792d35bc,,,missing_from_api_payload,CSE,LVEN.N0000,Seylan Bank Enables a Smooth Ride for Rhoda Extends banking facility and network partnership to Sri Lanka’s first electric smart bicycle,,Seylan Bank Enables a Smooth Ride for Rhoda Extends banking facility and network partnership to Sri Lanka’s first electric smart bicycle
482076cc6d5998a856755ce0b2e65790,,,missing_from_api_payload,CSE,LVEN.N0000,Seylan Tikiri Partnership with WNPS Wild Kids opens doors for children to create strong appreciation of nature,,Seylan Tikiri Partnership with WNPS Wild Kids opens doors for children to create strong appreciation of nature
ed4d4b7b7b8f5aa42c03480e6d51a0c6,,,missing_from_api_payload,CSE,LVEN.N0000,Seylan Bank 1Q profits flat amid higher provisions and slower growth ,,Seylan Bank 1Q profits flat amid higher provisions and slower growth 
1b3717dfb99fde72b16a7eeee96b92e5,,,missing_from_api_payload,CSE,LVEN.N0000,Seylan Bank Upgrades Online Transaction Security for All Cards,,Seylan Bank Upgrades Online Transaction Security for All Cards
bc23a7dc645ef21fefaf33fcdebbbfbb,,,missing_from_api_payload,CSE,LVEN.N0000,Seylan Bank provides Covid Protection Sheets to three wheelers in the North and East ,,Seylan Bank provides Covid Protection Sheets to three wheelers in the North and East 
646c127744e2fa507869108ceedc573f,,,missing_from_api_payload,CSE,LVEN.N0000,"Seylan Cards, the Essential Card with Essential Savings for Avurudu this year",,"Seylan Cards, the Essential Card with Essential Savings for Avurudu this year"
c5131df8c94b57f559176300ddf64ec2,,,missing_from_api_payload,CSE,LVEN.N0000,Seylan makes sweeping statement at National Sales Congress Awards 2020,,Seylan makes sweeping statement at National Sales Congress Awards 2020
802aced54410ab569a9b7bd587cd717f,,,missing_from_api_payload,CSE,LVEN.N0000,Seylan Bank recognized at ACCA Sri Lanka Sustainability Reporting Awards ,,Seylan Bank recognized at ACCA Sri Lanka Sustainability Reporting Awards 
df686d7b852160a6c9e75d431e92f0f7,,,missing_from_api_payload,CSE,LVEN.N0000,Seylan Bank partners Department of Pensions to offer Life Certificates through Biometric Authentication,,Seylan Bank partners Department of Pensions to offer Life Certificates through Biometric Authentication
18a0acd797ab00044cb842e368836dd6,,,missing_from_api_payload,CSE,LVEN.N0000,Seylan Bank partners Kedella Construction Expo 2022 as Title Partner and Banker for the 9th consecutive year ,,Seylan Bank partners Kedella Construction Expo 2022 as Title Partner and Banker for the 9th consecutive year 
6be71093f2f128c1a6b9d0160a88094d,,,missing_from_api_payload,CSE,LVEN.N0000,Seylan Bank records Rs. 4.6 bn PAT for FY 2021,,Seylan Bank records Rs. 4.6 bn PAT for FY 2021
daf325979c787b499d5355624b2e4854,,,missing_from_api_payload,CSE,LVEN.N0000,Seylan Bank revives partnership with National Chamber of Exporters,,Seylan Bank revives partnership with National Chamber of Exporters
dee9aca5a18144dc7875830e7268351f,,,missing_from_api_payload,CSE,LVEN.N0000,Seylan Bank Partners with the Department of Pensions to offer Life Certificates through Biometric Authentication,,Seylan Bank Partners with the Department of Pensions to offer Life Certificates through Biometric Authentication
a103ed4e265f75852000f1a8565ee949,,,missing_from_api_payload,CSE,LDEV.N0000,"Hunas Holdings and BCC Corporation Japan ink deal, revolutionise Hospitality Industry",,"Hunas Holdings and BCC Corporation Japan ink deal, revolutionise Hospitality Industry"
a5b98bd655ee3db1ad82e7bf7ad8592a,,,missing_from_api_payload,CSE,LDEV.N0000,Tokyo Stock Exchange highlights Hunas Holdings’ ties with visionary hotelier Adrian Zecha and Sophia Holdings,,Tokyo Stock Exchange highlights Hunas Holdings’ ties with visionary hotelier Adrian Zecha and Sophia Holdings
4a58f1ec484cb1acb7c720456700e145,,,missing_from_api_payload,CSE,MASK.N0000,Pan Asia Bank posts Rs.4 Bn PAT for second consecutive year,,Pan Asia Bank posts Rs.4 Bn PAT for second consecutive year
125b27e29cea6930dc10b83ec85f53cf,,,missing_from_api_payload,CSE,MASK.N0000,Pan Asia Banking Corporation’s 1Q PAT up 180%,,Pan Asia Banking Corporation’s 1Q PAT up 180%
caf978c7e54cdb37a433bfee8820d482,,,missing_from_api_payload,CSE,MASK.N0000,Pan Asia Bank amongst top twenty ‘Best Companies at Best Management Practices Company Awards’,,Pan Asia Bank amongst top twenty ‘Best Companies at Best Management Practices Company Awards’
a57d4d06e4638776bf817d1fda1b9307,,,missing_from_api_payload,CSE,MASK.N0000,Pan Asia Bank achieves ISO 27001:2022 for Information Security Management System,,Pan Asia Bank achieves ISO 27001:2022 for Information Security Management System
d385d44a0cb12a7b8ae0a8d79f7a0448,,,missing_from_api_payload,CSE,MASK.N0000,Pan Asia Bank posts PAT of over 4.1 bn for FY 2024,,Pan Asia Bank posts PAT of over 4.1 bn for FY 2024
0890c69b2e4668a42bfd87774da60142,,,missing_from_api_payload,CSE,MASK.N0000,Pan Asia Bank participates at CBSL’s ‘Digital Payments Campaign’,,Pan Asia Bank participates at CBSL’s ‘Digital Payments Campaign’
3d051516e09c7e88d99c5173e1e7d3ee,,,missing_from_api_payload,CSE,MASK.N0000,Pan Asia Bank strengthens financial management skills of SME entrepreneurs,,Pan Asia Bank strengthens financial management skills of SME entrepreneurs
f837ae8caa859429d501076ad01b4a6d,,,missing_from_api_payload,CSE,MASK.N0000,Pan Asia Bank posts Rs. 2.22 Bn PAT,,Pan Asia Bank posts Rs. 2.22 Bn PAT
6f3a35a82d1280f750d7ef773b1df7b8,,,missing_from_api_payload,CSE,MASK.N0000,Pan Asia Bank expands digital zones in Kurunegala and Dambulla,,Pan Asia Bank expands digital zones in Kurunegala and Dambulla
cd44a437c19c908b2447e15da92033e8,,,missing_from_api_payload,CSE,MASK.N0000,Pan Asia Bank launches ‘SME Re- Energizer’ loan,,Pan Asia Bank launches ‘SME Re- Energizer’ loan
85f3a55e44067b4854dd4ac63c251797,,,missing_from_api_payload,CSE,MASK.N0000,Pan Asia Bank launches ‘SME Re-Energizer’ loan at 7% to uplift SMEs with easy access to finance ,,Pan Asia Bank launches ‘SME Re-Energizer’ loan at 7% to uplift SMEs with easy access to finance 
df0409e2e32ddfa19cc019c12ac89cf2,,,missing_from_api_payload,CSE,MASK.N0000,"Pan Asia Bank posts steady performance in 1H with PBT of Rs. 1,996 mn, up 32%",,"Pan Asia Bank posts steady performance in 1H with PBT of Rs. 1,996 mn, up 32%"
ed4fe3eb6f881eb00df46f647448e3ae,,,missing_from_api_payload,CSE,MASK.N0000,Pan Asia Bank wins Int’l technology recognition at ‘Infosys Finacle Innovation Awards’,,Pan Asia Bank wins Int’l technology recognition at ‘Infosys Finacle Innovation Awards’
65b2f4d2cad84d8cf01379dffd5cec15,,,missing_from_api_payload,CSE,MASK.N0000,Pan Asia Bank holds SME Hoteliers workshop in Ella with NCCSL,,Pan Asia Bank holds SME Hoteliers workshop in Ella with NCCSL
ef0c076f898467d0526e7520a30ac09a,,,missing_from_api_payload,CSE,MASK.N0000,Pan Asia Bank and NCCSL sign MoU aimed at fostering SME development,,Pan Asia Bank and NCCSL sign MoU aimed at fostering SME development
90a23744d81e66a782afeb1232466eaf,,,missing_from_api_payload,CSE,MASK.N0000,Pan Asia Bank honoured with Great Managers in 2023 by Colombo Leadership Academy,,Pan Asia Bank honoured with Great Managers in 2023 by Colombo Leadership Academy
a067057b91f2626cda797367cf273709,,,missing_from_api_payload,CSE,MASK.N0000,"Pan Asia Bank posts PAT of Rs. 363 Mn, up by 12% in 1Q 2024",,"Pan Asia Bank posts PAT of Rs. 363 Mn, up by 12% in 1Q 2024"
33ea507b4c8c0adf4b27ec1aebc9a768,,,missing_from_api_payload,CSE,MASK.N0000,Pan Asia Bank partners AIA Insurance to bring world-class protection health and investment coverage to valued customers,,Pan Asia Bank partners AIA Insurance to bring world-class protection health and investment coverage to valued customers
86d8e88df1044feee345654b96088b4a,,,missing_from_api_payload,CSE,MASK.N0000,"Pan Asia Bank PBT increases by 258% to Rs. 2,328 Mn",,"Pan Asia Bank PBT increases by 258% to Rs. 2,328 Mn"
aeccc16142587e0ce95e26afc424d740,,,missing_from_api_payload,CSE,MASK.N0000,Pan Asia Bank and CPM Sri Lanka partner to empower 500 entrepreneurs across country,,Pan Asia Bank and CPM Sri Lanka partner to empower 500 entrepreneurs across country
7c06d029d61b5487bcaf3a5fcab5d544,,,missing_from_api_payload,CSE,MASK.N0000,Pan Asia Bank customers to receive next-level experience with new onboarding platform by Linear Six,,Pan Asia Bank customers to receive next-level experience with new onboarding platform by Linear Six
499d6f63c7bccdf973d2a215170f26c5,,,missing_from_api_payload,CSE,MASK.N0000,Pan Asia Internet Banking platform receives response from outstation customers,,Pan Asia Internet Banking platform receives response from outstation customers
504d949aa459b6573e012e7d11988507,,,missing_from_api_payload,CSE,MASK.N0000,"Pan Asia Bank PTP up by 238% to 2,117 Mn in 9-month period – 2023",,"Pan Asia Bank PTP up by 238% to 2,117 Mn in 9-month period – 2023"
bfe4774b78ad0e1f46739be75c126fe7,,,missing_from_api_payload,CSE,MASK.N0000,Pan Asia Bank partners Juniper Real Estate for investment opportunities in ‘Rock City-Kurunegala’,,Pan Asia Bank partners Juniper Real Estate for investment opportunities in ‘Rock City-Kurunegala’
da0b6f08e7fb0a5d846a03fb81ee1dfa,,,missing_from_api_payload,CSE,MASK.N0000,Pan Asia Bank partners Master Card to launch special credit card for pensioners,,Pan Asia Bank partners Master Card to launch special credit card for pensioners
4c0e65191779a0e4b73b8a8bd76da93c,,,missing_from_api_payload,CSE,MASK.N0000,Aravinda Perera assumes duties as Chairman of Pan Asia Bank,,Aravinda Perera assumes duties as Chairman of Pan Asia Bank
19c051c4600630c1926ddf5786cd38a7,,,missing_from_api_payload,CSE,MASK.N0000,Pan Asia Bank certified by LankaPay for payments to Department of Commerce,,Pan Asia Bank certified by LankaPay for payments to Department of Commerce
3b820fa43a73b8b67e2d12c587d2c274,,,missing_from_api_payload,CSE,MASK.N0000,Aravinda Perera to Chair PABC,,Aravinda Perera to Chair PABC
4f7d6fdb31249033a582375ed73aecd1,,,missing_from_api_payload,CSE,MASK.N0000,"“Pan Asia Bank posts PAT of Rs. 926 Mn, up by 179%",,"“Pan Asia Bank posts PAT of Rs. 926 Mn, up by 179%"
a8283701d69f5900fdd0ab0a8cbf6596,,,missing_from_api_payload,CSE,MASK.N0000,Pan Asia Bank empowers SMEs with vital financial management skills for economic recovery,,Pan Asia Bank empowers SMEs with vital financial management skills for economic recovery
c86a5f88322e0e2485aabd07327f237f,,,missing_from_api_payload,CSE,MASK.N0000,"Pan Asia Bank establishes INR account in partnership with Standard Chartered Bank, India",,"Pan Asia Bank establishes INR account in partnership with Standard Chartered Bank, India"
61d8d0a1ebc4d02db2b7b8e679d6194d,,,missing_from_api_payload,CSE,MASK.N0000,Pan Asia Bank’s 1Q Profit After Tax soars by 50% to Rs. 324 m,,Pan Asia Bank’s 1Q Profit After Tax soars by 50% to Rs. 324 m
f9a1b8d76c36f1feb19bf22a07941522,,,missing_from_api_payload,CSE,MASK.N0000,Pan Asia Bank crowned with Gold at Effies,,Pan Asia Bank crowned with Gold at Effies
2433ea82d266484b85632f7bc2efea0c,,,missing_from_api_payload,CSE,MASK.N0000,Pan Asia Bank posts compelling performance in 2022 while looking ahead with optimism,,Pan Asia Bank posts compelling performance in 2022 while looking ahead with optimism
1f7c7d23acccb443434067cc792e509d,,,missing_from_api_payload,CSE,MASK.N0000,Pan Asia Bank’s total assets reach Rs. 208 Bn up by 10%,,Pan Asia Bank’s total assets reach Rs. 208 Bn up by 10%
e0595b9dcb5c61d322d815da3a1538fd,,,missing_from_api_payload,CSE,MASK.N0000,Pan Asia Bank partners Amana Takaful Life to serve customer,,Pan Asia Bank partners Amana Takaful Life to serve customer
1d580abab9ee9717c7f8e26f1be2601a,,,missing_from_api_payload,CSE,MASK.N0000,Pan Asia Bank enhances customer-centric skills of credit card team in partnership with Mastercard,,Pan Asia Bank enhances customer-centric skills of credit card team in partnership with Mastercard
f5487716ae913ab45e95c9c2a4285e0f,,,missing_from_api_payload,CSE,MASK.N0000,PABC COO Naleen Edirisinghe becomes CEO,,PABC COO Naleen Edirisinghe becomes CEO
4acef819482d2e9233501be6c9044f6f,,,missing_from_api_payload,CSE,MASK.N0000,PABC announces Naleen as CEO-designate from 1 January 2023,,PABC announces Naleen as CEO-designate from 1 January 2023
c63676da5c056eea2b227a0b9b19b3f8,,,missing_from_api_payload,CSE,MASK.N0000,Banking for tourists from ‘The Mein Schiff 5’ from Pan Asia Bank,,Banking for tourists from ‘The Mein Schiff 5’ from Pan Asia Bank
7252f23d06653f9410882f7b43970a10,,,missing_from_api_payload,CSE,MASK.N0000,"Pan Asia Bank increases interest income by 11% to Rs. 7,433.6 Mn.",,"Pan Asia Bank increases interest income by 11% to Rs. 7,433.6 Mn."
a2ce79791e1b394a21474bb301672cfa,,,missing_from_api_payload,CSE,MASK.N0000,Pan Asia Bank bestowed with ‘Employee ESG Program of the Year Sri Lanka 2022’ at the Global Banking and Finance Awards,,Pan Asia Bank bestowed with ‘Employee ESG Program of the Year Sri Lanka 2022’ at the Global Banking and Finance Awards
384da84250d3276fd9d16e000a104c54,,,missing_from_api_payload,CSE,MASK.N0000,Pan Asia Bank wins ‘Employee ESG Program of the Year Sri Lanka 2022’ at Global Banking and Finance Awards,,Pan Asia Bank wins ‘Employee ESG Program of the Year Sri Lanka 2022’ at Global Banking and Finance Awards
dfafe395bdb444bed75b28233ff3e679,,,missing_from_api_payload,CSE,MASK.N0000,Pan Asia Bank MD Nimal Tillekeratne wins ‘Banking CEO of the Year Sri Lanka 2022’,,Pan Asia Bank MD Nimal Tillekeratne wins ‘Banking CEO of the Year Sri Lanka 2022’
6726bf84ca62d1f3bd85130179629728,,,missing_from_api_payload,CSE,MASK.N0000,Pan Asia Bank partners Union Assurance to extend protection and healthcare to valued customers,,Pan Asia Bank partners Union Assurance to extend protection and healthcare to valued customers
801815de9287a6ec1e98489b3e5dc6a8,,,missing_from_api_payload,CSE,MASK.N0000,Pan Asia Bank upgrades customer security with Epic Lanka’s access control server solution,,Pan Asia Bank upgrades customer security with Epic Lanka’s access control server solution
963f1b022895f757ee59d26a6a02e635,,,missing_from_api_payload,CSE,MASK.N0000,Pan Asia Bank ties up with world’s 3rd largest money transfer platform Ria,,Pan Asia Bank ties up with world’s 3rd largest money transfer platform Ria
49cabf8e11452c32e8a99ebaffccc060,,,missing_from_api_payload,CSE,MASK.N0000,Pan Asia Bank relocates Ja-Ela branch,,Pan Asia Bank relocates Ja-Ela branch
ddbef3554154dafe28dbe56d59597443,,,missing_from_api_payload,CSE,MASK.N0000,Pan Asia Bank strengthens growth trajectory with appointment of Naleen Edirisinghe as COO,,Pan Asia Bank strengthens growth trajectory with appointment of Naleen Edirisinghe as COO
19a9d6f5a7567bbb5c74549d39ae5a60,,,missing_from_api_payload,CSE,MASK.N0000,Pan Asia Bank’s 1Q profit takes hit from massive impairment charges,,Pan Asia Bank’s 1Q profit takes hit from massive impairment charges
09a224bdf83bcb54cdc199ca2c6905f6,,,missing_from_api_payload,CSE,MASK.N0000,Pan Asia Bank shines at 2021 National Business Excellence Awards,,Pan Asia Bank shines at 2021 National Business Excellence Awards
871d6b2183a75b3b9cf8fc170960ae22,,,missing_from_api_payload,CSE,MASK.N0000,Pan Asia Bank bags 2 at 2021 National Business Excellence Awards,,Pan Asia Bank bags 2 at 2021 National Business Excellence Awards
995913bc75b953b9ac9c9659b5353970,,,missing_from_api_payload,CSE,MASK.N0000,Pan Asia Bank partners with Ideal Motors to finance 100% SL-assembled Mahindra & Mahindra vehicles,,Pan Asia Bank partners with Ideal Motors to finance 100% SL-assembled Mahindra & Mahindra vehicles
8af19fc5fdc90e59c3099933b919b91d,,,missing_from_api_payload,CSE,MASK.N0000,Pan Asia Bank achieves Rs. 3 bn PAT in 2021 - up by 50%,,Pan Asia Bank achieves Rs. 3 bn PAT in 2021 - up by 50%
d69dd7bf18c154e9258d5a28fb1dafdd,,,missing_from_api_payload,CSE,OSEA.N0000,Nations Trust Bank posts Rs 4Bn PAT in 1Q 2025,,Nations Trust Bank posts Rs 4Bn PAT in 1Q 2025
511216e28fb664591c6deda67ee29c29,,,missing_from_api_payload,CSE,OSEA.N0000,Nations Trust Bank appoints Independent Non-Executive Directors to Board,,Nations Trust Bank appoints Independent Non-Executive Directors to Board
c284a809e48c02e9ec0dbc0b739c1de8,,,missing_from_api_payload,CSE,OSEA.N0000,Nations Trust Bank posts Rs. 17 Bn PAT,,Nations Trust Bank posts Rs. 17 Bn PAT
0bf5b88f5efec76fe5743523072e8d21,,,missing_from_api_payload,CSE,OSEA.N0000,Nations Trust Bank winners of ‘We Transfer More than Money’ win tickets to visit loved ones,,Nations Trust Bank winners of ‘We Transfer More than Money’ win tickets to visit loved ones
b7a73c658bf649da32f162720c8e583c,,,missing_from_api_payload,CSE,OSEA.N0000,Nations Trust Bank demonstrates steady performance in FY23,,Nations Trust Bank demonstrates steady performance in FY23
d002b656ce07fea5837278580f3b3017,,,missing_from_api_payload,CSE,OSEA.N0000,Deepal Akuretiyagama appointed Chief Operating Officer of Nations Trust Bank,,Deepal Akuretiyagama appointed Chief Operating Officer of Nations Trust Bank
b4e12709b584adadb1a06bf13b7f4222,,,missing_from_api_payload,CSE,OSEA.N0000,Nations Trust Bank American Express partners Gourmet Galle,,Nations Trust Bank American Express partners Gourmet Galle
a574b45b685bb93cc753b6613a2b2a7b,,,missing_from_api_payload,CSE,OSEA.N0000,NTB concludes Nations Business Advisory series,,NTB concludes Nations Business Advisory series
647e1a1d29ff0bea9806dd1c79646a19,,,missing_from_api_payload,CSE,OSEA.N0000,"Nations Trust Bank records PAT of Rs. 9.4 Bn, up 78%",,"Nations Trust Bank records PAT of Rs. 9.4 Bn, up 78%"
7396465ec55cc59f19d65d8d68911171,,,missing_from_api_payload,CSE,OSEA.N0000,NTB celebrates two decades of successful global partnership with AMEX,,NTB celebrates two decades of successful global partnership with AMEX
6d663a0c8254a6acdfc1a506672bc1b1,,,missing_from_api_payload,CSE,OSEA.N0000,Nations Trust Bank hosts 5th Business Advisory Forum in Ella,,Nations Trust Bank hosts 5th Business Advisory Forum in Ella
e6fe012e346e5b7420876990d4112cf4,,,missing_from_api_payload,CSE,OSEA.N0000,Nations Trust Bank posts PAT of LKR 6.1 Bn,,Nations Trust Bank posts PAT of LKR 6.1 Bn
cd48845db42de73a71bd55f18a452835,,,missing_from_api_payload,CSE,OSEA.N0000,"NTB delivers strong 1Q, further strengthening capital adequacy and liquidity",,"NTB delivers strong 1Q, further strengthening capital adequacy and liquidity"
5cf85127c85905b06120a90f02406ef7,,,missing_from_api_payload,CSE,OSEA.N0000,Nations Trust Bank enhances remittance services to connect families with loved ones overseas,,Nations Trust Bank enhances remittance services to connect families with loved ones overseas
0bb9018e08fb61e6482e7b41e4aaaa59,,,missing_from_api_payload,CSE,OSEA.N0000,Sherin Cader assumes duties as NTB Chairperson,,Sherin Cader assumes duties as NTB Chairperson
0d0131afb34b6298ded44cf69f7a1f50,,,missing_from_api_payload,CSE,OSEA.N0000,Nations Trust Bank together with Singer expands to over 500 locations for remittance services,,Nations Trust Bank together with Singer expands to over 500 locations for remittance services
edc912f9dddeaf4c81e460b00d6e611a,,,missing_from_api_payload,CSE,OSEA.N0000,Nations Trust Bank wins gold for Lean Six Sigma at National Quality and Productivity Awards,,Nations Trust Bank wins gold for Lean Six Sigma at National Quality and Productivity Awards
777e85c4dc0b849f6af77bee2b78deae,,,missing_from_api_payload,CSE,OSEA.N0000, Nations Trust Bank bags multiple accolades for digital banking innovation at FITIS Digital Excellence Awards 2023,, Nations Trust Bank bags multiple accolades for digital banking innovation at FITIS Digital Excellence Awards 2023
6e1cf53103d85950b1484665b8b8d8b3,,,missing_from_api_payload,CSE,OSEA.N0000,Nations Trust Bank bags multiple accolades at FITIS Digital Excellence Awards 2023,,Nations Trust Bank bags multiple accolades at FITIS Digital Excellence Awards 2023
6f07e20fea22ddde87a53765fecaad6b,,,missing_from_api_payload,CSE,OSEA.N0000,"NTB posts record financial performance, further strengthening capital adequacy and stability",,"NTB posts record financial performance, further strengthening capital adequacy and stability"
d348d6506d8c9c1a3416f91eba1ae0da,,,missing_from_api_payload,CSE,OSEA.N0000,Nations Trust Bank unveils digital banking for customer convenience,,Nations Trust Bank unveils digital banking for customer convenience
a628752beccbad137ab86f0709a68ef0,,,missing_from_api_payload,CSE,OSEA.N0000,"Nations Trust Bank’s Life Calendar and Notebook to give back life to nature, A green gift from your banking partner",,"Nations Trust Bank’s Life Calendar and Notebook to give back life to nature, A green gift from your banking partner"
d8f4f4b06a8812d0b895fc486e1dedad,,,missing_from_api_payload,CSE,OSEA.N0000,Consumer insights drive Nations Trust Bank’s digital banking upgrade,,Consumer insights drive Nations Trust Bank’s digital banking upgrade
313e0e4c7d4efe5a5c241f851e82777a,,,missing_from_api_payload,CSE,OSEA.N0000,Nations Trust Bank posts PAT of Rs. 5.2 Bn.,,Nations Trust Bank posts PAT of Rs. 5.2 Bn.
46cbf7879f8dbbd040c2f9e7ab3e88ae,,,missing_from_api_payload,CSE,OSEA.N0000,Nations Trust Bank presents a suite of convenience driven digital banking and financial solutions,,Nations Trust Bank presents a suite of convenience driven digital banking and financial solutions
51a0b904f63e2c9f01a171d6ec42804e,,,missing_from_api_payload,CSE,OSEA.N0000,Nations Trust Bank gears up to celebrate Customer Service Week 2022,,Nations Trust Bank gears up to celebrate Customer Service Week 2022
66c86d05193ac20b14b06da553a7d8e4,,,missing_from_api_payload,CSE,OSEA.N0000,Nations Trust Bank expands physical touchpoints,,Nations Trust Bank expands physical touchpoints
c13f37ecdbc3f6b7522a83c5de5b38f6,,,missing_from_api_payload,CSE,OSEA.N0000,Nations Trust Bank expands physical touchpoints with new cash deposits and withdrawal machines at Keells outlets,,Nations Trust Bank expands physical touchpoints with new cash deposits and withdrawal machines at Keells outlets
855692b996003fadfcaf3da9cb003a42,,,missing_from_api_payload,CSE,OSEA.N0000,NTB records steady performance in 1H amidst challenges,,NTB records steady performance in 1H amidst challenges
75a0627c1439624c1302467c491bfca5,,,missing_from_api_payload,CSE,OSEA.N0000,"Nations Trust Bank American Express, FriMi recognised by Daraz",,"Nations Trust Bank American Express, FriMi recognised by Daraz"
6ec97f7c341612e4f21f741b013b3b23,,,missing_from_api_payload,CSE,OSEA.N0000,FriMi marks five years of revolutionising fintech industry,,FriMi marks five years of revolutionising fintech industry
85b3c225da5d6c02c0f01cdd7dac5f06,,,missing_from_api_payload,CSE,OSEA.N0000,Nations Trust Bank partners MMCA,,Nations Trust Bank partners MMCA
3e68cfc139eb83480cddf81cd1f4ceb2,,,missing_from_api_payload,CSE,OSEA.N0000,Allianz Lanka partners NTB for Bancassurance,,Allianz Lanka partners NTB for Bancassurance
7c3395772197279487daa29f35f5e019,,,missing_from_api_payload,CSE,OSEA.N0000,FriMi rewards users with Samsung Galaxy Watch4 devices,,FriMi rewards users with Samsung Galaxy Watch4 devices
6bd2194f0c3f2f7ccff99928db6b3911,,,missing_from_api_payload,CSE,OSEA.N0000,Nations Trust Bank partners Keells Food Donation Card Programme,,Nations Trust Bank partners Keells Food Donation Card Programme
f1bf9439727a58c4d4fdb6edebe5b235,,,missing_from_api_payload,CSE,OSEA.N0000,Nations Trust Bank installs CRM at Keells Miriswatta,,Nations Trust Bank installs CRM at Keells Miriswatta
1512b959acde7bc6a5785fbe8c8919d7,,,missing_from_api_payload,CSE,OSEA.N0000,Sanjeev Jha appointed Non-Executive Director at Nations Trust Bank,,Sanjeev Jha appointed Non-Executive Director at Nations Trust Bank
3910005c6f5560d7b8c52cbca86740a5,,,missing_from_api_payload,CSE,OSEA.N0000,Nations Trust Bank records 4% growth in PBT YOY to Rs. 2.6 bn,,Nations Trust Bank records 4% growth in PBT YOY to Rs. 2.6 bn
905ef4188d072805ce089e9590b0f87e,,,missing_from_api_payload,CSE,OSEA.N0000,Nations Trust Bank at the forefront of digitalisation,,Nations Trust Bank at the forefront of digitalisation
fda12861689792ddcf731f8b23e5193f,,,missing_from_api_payload,CSE,OSEA.N0000,Hemantha Gunetilleke to head Nations Trust Bank,,Hemantha Gunetilleke to head Nations Trust Bank
985bfa9ec30db3e4b04656466fb1419c,,,missing_from_api_payload,CSE,OSEA.N0000,Nations Trust Bank enables LankaSign Digital Signatures with LankaPay,,Nations Trust Bank enables LankaSign Digital Signatures with LankaPay
135e952c73422c809e16e2e778a7da26,,,missing_from_api_payload,CSE,OSEA.N0000,Nations Trust Bank records strong performance in 2021 amid volatile conditions,,Nations Trust Bank records strong performance in 2021 amid volatile conditions
1cf9d4e57aa4e63ccea6f40ae771211d,,,missing_from_api_payload,CSE,OSEA.N0000,Nations Trust Bank expands Digital Banking Services with CRM at Keells Hokandara,,Nations Trust Bank expands Digital Banking Services with CRM at Keells Hokandara
638326c314228da78597232c8f154ab5,,,missing_from_api_payload,CSE,OSEA.N0000,Nations Trust Bank Expands Digital Banking Services with CRM at Keells – Hokandara,,Nations Trust Bank Expands Digital Banking Services with CRM at Keells – Hokandara
8de0c4a15d4b09b5f7199fcd92f50863,,,missing_from_api_payload,CSE,OSEA.N0000,Priyantha Talwatte gives notice; Hemantha new NTB CEO from April,,Priyantha Talwatte gives notice; Hemantha new NTB CEO from April
15ed2c7c6e2ac96db5797405640910cc,,,missing_from_api_payload,CSE,OSEA.N0000,Nations Trust Bank plants saplings across Hiyare Rainforest,,Nations Trust Bank plants saplings across Hiyare Rainforest
d1bc89752ce715ed97745a42d09a72b8,,,missing_from_api_payload,CSE,PARA.N0000,Nestlé Lanka partners Chakra Suthra’s ‘Trash2Cash’ initiative,,Nestlé Lanka partners Chakra Suthra’s ‘Trash2Cash’ initiative
77a9b206596b258e7b48a43c092bbc85,,,missing_from_api_payload,CSE,PARA.N0000,"Nestlé Lanka registers net profit of Rs. 6,076 Mn in 2022",,"Nestlé Lanka registers net profit of Rs. 6,076 Mn in 2022"
81e2f3fc39710a7b84d92a1ae7c5e815,,,missing_from_api_payload,CSE,PARA.N0000,Nestlé invests Rs. 1 Bn in biomass boiler project,,Nestlé invests Rs. 1 Bn in biomass boiler project
8cfefd1529edc178677e7eaa9d8f2f14,,,missing_from_api_payload,CSE,PARA.N0000,Nestlé Professional fosters Sri Lanka’s talented chefs via Nestlé Golden Chefs’ Hat Competition,,Nestlé Professional fosters Sri Lanka’s talented chefs via Nestlé Golden Chefs’ Hat Competition
c32aaf559ac147d2b18b21d6daaa6184,,,missing_from_api_payload,CSE,PARA.N0000,Nestlé Lanka receives carbon footprint verification for upstream coconut value chain,,Nestlé Lanka receives carbon footprint verification for upstream coconut value chain
bdc860a38d2ead8f759cf161a92f5812,,,missing_from_api_payload,CSE,PARA.N0000,Nestlé Lanka invests Rs. 2 Bn on Kurunegala factory expansion,,Nestlé Lanka invests Rs. 2 Bn on Kurunegala factory expansion
789851e96894f6af9ab0181bc7e0a8fe,,,missing_from_api_payload,CSE,PARA.N0000,Nestlé Lanka recognised at Sri Lanka National Quality Awards by SLSI,,Nestlé Lanka recognised at Sri Lanka National Quality Awards by SLSI
551aa7db73b9288f2825255e1fa96982,,,missing_from_api_payload,CSE,PARA.N0000,Nestlé Lanka supports its stakeholders during this challenging time,,Nestlé Lanka supports its stakeholders during this challenging time
80812c6c8825da76cefc798559b16229,,,missing_from_api_payload,CSE,PARA.N0000,Nestlé Lanka supports stakeholders during challenging times,,Nestlé Lanka supports stakeholders during challenging times
c0db51d283f617745507d11c5140e994,,,missing_from_api_payload,CSE,PARA.N0000,"Nestlé Lanka’s Distribution Center marks 4,000 days of safe operations",,"Nestlé Lanka’s Distribution Center marks 4,000 days of safe operations"
68bb60de11d6ccf4633d72f497d8c106,,,missing_from_api_payload,CSE,PARA.N0000,Nestlé Lanka recognized as ‘Most Respected Food and Beverage Entity’,,Nestlé Lanka recognized as ‘Most Respected Food and Beverage Entity’
9bffb49f49fdfcbe7d838acbba5bb004,,,missing_from_api_payload,CSE,PARA.N0000,"Nestlé Lanka, P&S Bakers helps tackle plastic pollution in SL",,"Nestlé Lanka, P&S Bakers helps tackle plastic pollution in SL"
b19fa96e83451d6dbc0ffdbfb2147773,,,missing_from_api_payload,CSE,PARA.N0000,Nestlé accredited as Sri Lanka’s Most Valuable Food and Beverage Brand in 2022,,Nestlé accredited as Sri Lanka’s Most Valuable Food and Beverage Brand in 2022
452bf7cb8db86eeea80ffb17a99f08ce,,,missing_from_api_payload,CSE,PARA.N0000,Nestlé accredited Sri Lanka’s Most Valuable Food and Beverage Brand,,Nestlé accredited Sri Lanka’s Most Valuable Food and Beverage Brand
f5f980c2557fdeacb2417802183bd06e,,,missing_from_api_payload,CSE,CSD.N0000,Hayleys posts 53% Y0Y growth in PBT to Rs. 22.52 bn in first 9 months,,Hayleys posts 53% Y0Y growth in PBT to Rs. 22.52 bn in first 9 months
933b28b8cbe0d383a0c325a0d8aea4cb,,,missing_from_api_payload,CSE,CSD.N0000,Hayleys records 78% growth in PBT to Rs. 12.73 Bn,,Hayleys records 78% growth in PBT to Rs. 12.73 Bn
343f43268e7e46d1270a968458ced875,,,missing_from_api_payload,CSE,CSD.N0000,Hayleys ranked No. 1 in LMD 100 for 2023/24,,Hayleys ranked No. 1 in LMD 100 for 2023/24
1a08e04cc9b05f22f4b1195e2aa1c915,,,missing_from_api_payload,CSE,CSD.N0000,Hayleys triumphs with Gold at TAGS Awards,,Hayleys triumphs with Gold at TAGS Awards
51b6219181b5cf9f68e215d602b1f5df,,,missing_from_api_payload,CSE,CSD.N0000,Pan Asia Bank’s Internet Banking platform receives overwhelming response from outstation customers,,Pan Asia Bank’s Internet Banking platform receives overwhelming response from outstation customers
d3da19020544d5935d6ad849fb0a0d0e,,,missing_from_api_payload,CSE,CSD.N0000,Hayleys Group CFO Milinda Hewagama appointed to UN Global Compact Network Sri Lanka Board,,Hayleys Group CFO Milinda Hewagama appointed to UN Global Compact Network Sri Lanka Board
aa164b86ff55d6cc5a37917164025d4a,,,missing_from_api_payload,CSE,CSD.N0000,Pivotal time to reset socio-economic model for prosperity: Hayleys Chief,,Pivotal time to reset socio-economic model for prosperity: Hayleys Chief
b5531a779fdca30884c42a29f42c2626,,,missing_from_api_payload,CSE,CSD.N0000,"Hayleys to invest over Rs 1Bn in infrastructure, machinery, other crops and solar energy",,"Hayleys to invest over Rs 1Bn in infrastructure, machinery, other crops and solar energy"
3a94a8f72254812254001726f9a1724f,,,missing_from_api_payload,CSE,CSD.N0000,Hayleys surpasses best ever result in 9 months,,Hayleys surpasses best ever result in 9 months
faaf126f846afb82992d6a4e6cd065a2,,,missing_from_api_payload,CSE,CSD.N0000,Advantis Projects Speeds Ahead with the Delivery of Sri Lanka’s Largest Tunnel Boring Machines,,Advantis Projects Speeds Ahead with the Delivery of Sri Lanka’s Largest Tunnel Boring Machines
22a6d3cfb1e013c33a6f396325980be5,,,missing_from_api_payload,CSE,CSD.N0000,Hayleys wins 14 awards including coveted ‘Overall Excellence in Corporate Reporting’ at CA Sri Lanka TAGS Awards 2022,,Hayleys wins 14 awards including coveted ‘Overall Excellence in Corporate Reporting’ at CA Sri Lanka TAGS Awards 2022
6510913cf65a8d59bb8787ef1786076c,,,missing_from_api_payload,CSE,CSD.N0000,Hayleys wins overall excellence in corporate reporting at CA Sri Lanka’s TAGS Awards 2022,,Hayleys wins overall excellence in corporate reporting at CA Sri Lanka’s TAGS Awards 2022
362a07fd378123fda055b37d5f26eb22,,,missing_from_api_payload,CSE,CSD.N0000,Hayleys Solar introduces ‘PV-DG’ solution to help businesses with solar rooftops to optimise fuel usage and reduce costs,,Hayleys Solar introduces ‘PV-DG’ solution to help businesses with solar rooftops to optimise fuel usage and reduce costs
960b2f64d3539461d99ca1de5be67f04,,,missing_from_api_payload,CSE,CSD.N0000,Hayleys Aventura introduces Eco-One: newest weapon in plastic pollution battle,,Hayleys Aventura introduces Eco-One: newest weapon in plastic pollution battle
bb7a7071da85a7ef9b83ac6885db2f5d,,,missing_from_api_payload,CSE,CSD.N0000,"Hayleys Chairman’s Awards recognises inspiring teams’ driving exports, social impact and innovation",,"Hayleys Chairman’s Awards recognises inspiring teams’ driving exports, social impact and innovation"
1cf5531e23ea6ada5154a058452444d2,,,missing_from_api_payload,CSE,CSD.N0000, Advantis Ideastorm Champions League: Hayleys Advantis honours employees for innovation excellence,, Advantis Ideastorm Champions League: Hayleys Advantis honours employees for innovation excellence
d50d3da33d0163876b21cba677fd05e7,,,missing_from_api_payload,CSE,CSD.N0000,Hayleys among first in South Asia to sign up as regional GRI Charter Member,,Hayleys among first in South Asia to sign up as regional GRI Charter Member
696c7fc7b95adbf6eb4fc4d6a69403c2,,,missing_from_api_payload,CSE,SINS.N0000,Asiri Hospital first off the block at Port City with $ 100 m investment,,Asiri Hospital first off the block at Port City with $ 100 m investment
ddf72c15502f332f9a4f9c5c8943baf5,,,missing_from_api_payload,CSE,CRL.N0000,Singer Finance commemorates 20 years of driving prosperity,,Singer Finance commemorates 20 years of driving prosperity
eb79f59f2bf9df66b929d6a0fd91a35e,,,missing_from_api_payload,CSE,CRL.N0000,Singer Finance marks two years of empowering SMEs with first QR-based mobile money collection service,,Singer Finance marks two years of empowering SMEs with first QR-based mobile money collection service
ef2af5dc42024d23c924914fb8531e2e,,,missing_from_api_payload,CSE,CFLB.N0000,Browns Hotels to unveil Ayurvedic Retreat in Sigiriya,,Browns Hotels to unveil Ayurvedic Retreat in Sigiriya
fca4bd115e510a6d9e1ce92b5b521423,,,missing_from_api_payload,CSE,CFLB.N0000,Browns Hotels & Resorts bags 10 booking.com Traveller Review Awards 2023,,Browns Hotels & Resorts bags 10 booking.com Traveller Review Awards 2023
9592120da8c93579cb663b273cc7f583,,,missing_from_api_payload,CSE,CFLB.N0000,Browns Hotels & Resorts wins 2022 TripAdvisor Travelers’ Choice Award,,Browns Hotels & Resorts wins 2022 TripAdvisor Travelers’ Choice Award
1ac262706d027f814ec805c6fccc4a64,,,missing_from_api_payload,CSE,CFLB.N0000,Browns Hotels and Resorts launches humanitarian relief programme,,Browns Hotels and Resorts launches humanitarian relief programme
da688531c9a37f0459eca354463c4c8c,,,missing_from_api_payload,CSE,NEH.N0000,Asia Capital and Japanese investors reach amicable settlement,,Asia Capital and Japanese investors reach amicable settlement
f0d5de2e25ab0b0797ecbd455a1246df,,,missing_from_api_payload,CSE,NEH.N0000,Asia Capital PLC receives Rs. 783 Mn from Japanese investors Agrees to settlement after three-year dispute,,Asia Capital PLC receives Rs. 783 Mn from Japanese investors Agrees to settlement after three-year dispute
c60f33ea706c32dd788b05d87c6c4fd2,,,missing_from_api_payload,CSE,UDPL.N0000,Cinnamon Life opening to act as catalyst for MICE tourism,,Cinnamon Life opening to act as catalyst for MICE tourism
