id,date,source,title,excerpt,url,text,symbol,vader_score,finbert_label
253407,2026-04-28 10:45:27,LBO,"Emerald Clothing Steps into Acquiring Selected HelaFactories, Safeguarding Jobs and Sri Lanka’s Export Base","Emerald Clothing (Pvt) Ltd has stepped in to secure the continuity of key operations previously run by Hela Clothing (Private) Limited, in a move aimed at stabilizing exports and safeguarding employment. The intervention comes as Hela faces liquidity constraints. Emerald Clothing said it has implemented an operational transition to ensure that manufacturing output and selected […]",https://www.lankabusinessonline.com/2026/04/28/emerald-clothing-steps-into-acquiring-selected-helafactories-safeguarding-jobs-and-sri-lankas-export-base/,"Emerald Clothing Steps into Acquiring Selected HelaFactories, Safeguarding Jobs and Sri Lanka’s Export Base Emerald Clothing (Pvt) Ltd has stepped in to secure the continuity of key operations previously run by Hela Clothing (Private) Limited, in a move aimed at stabilizing exports and safeguarding employment. The intervention comes as Hela faces liquidity constraints. Emerald Clothing said it has implemented an operational transition to ensure that manufacturing output and selected […]",,0.743,positive
253402,2026-04-28 08:39:59,LBO,"IFC and WindForce PLC Partner on Sri Lanka’s First Large‑Scale Solar Project to Lower Power Costs, Strengthen Energy Security","The International Finance Corporation (IFC), a member of the World Bank Group, announced a partnership with WindForce PLC to develop Sri Lanka’s first utility‑scale 100‑megawatt (MW) solar power facility, a landmark project that will accelerate the country’s energy transition, strengthen energy security, lower electricity costs and create thousands of jobs. The project will generate around […]",https://www.lankabusinessonline.com/2026/04/28/ifc-and-windforce-plc-partner-on-sri-lankas-first-large-scale-solar-project-to-lower-power-costs-strengthen-energy-security/,"IFC and WindForce PLC Partner on Sri Lanka’s First Large‑Scale Solar Project to Lower Power Costs, Strengthen Energy Security The International Finance Corporation (IFC), a member of the World Bank Group, announced a partnership with WindForce PLC to develop Sri Lanka’s first utility‑scale 100‑megawatt (MW) solar power facility, a landmark project that will accelerate the country’s energy transition, strengthen energy security, lower electricity costs and create thousands of jobs. The project will generate around […]",,0.8934,positive
253398,2026-04-28 06:30:13,LBO,ADB Fact-Finding Mission Visits EDB to Review Progress of National Export Development Plan,"The Sri Lanka Export Development Board (EDB), in collaboration with the Asian Development Bank (ADB), is making significant progress in the formulation of the National Export Development Plan (NEDP) for the period 2026–2030. This strategic initiative is designed to position Sri Lanka on a path of sustained export-led economic growth, aligned with the Government’s national […]",https://www.lankabusinessonline.com/2026/04/28/adb-fact-finding-mission-visits-edb-to-review-progress-of-national-export-development-plan/,"ADB Fact-Finding Mission Visits EDB to Review Progress of National Export Development Plan The Sri Lanka Export Development Board (EDB), in collaboration with the Asian Development Bank (ADB), is making significant progress in the formulation of the National Export Development Plan (NEDP) for the period 2026–2030. This strategic initiative is designed to position Sri Lanka on a path of sustained export-led economic growth, aligned with the Government’s national […]",,0.8402,positive
253393,2026-04-28 06:19:57,LBO,Why software outsourcing is essential for emerging startups today,"As one of the top offshore software development companies in Sri Lanka, EFutures, thanks to its established position in the space, has also obtained a front-row seat of trends as they ebb and flow, through the years.  The startups of yesteryear were comparatively simpler; begin with minimal investments from your garage, and focus on quality […]",https://www.lankabusinessonline.com/2026/04/28/why-software-outsourcing-is-essential-for-emerging-startups-today/,"Why software outsourcing is essential for emerging startups today As one of the top offshore software development companies in Sri Lanka, EFutures, thanks to its established position in the space, has also obtained a front-row seat of trends as they ebb and flow, through the years.  The startups of yesteryear were comparatively simpler; begin with minimal investments from your garage, and focus on quality […]",,0.5719,positive
253388,2026-04-27 07:06:25,LBO,CEPA:Twenty-Five years of not looking away,"by Rebecca Jayatissa, Communications Professional – CEPA As the Centre for Poverty Analysis marks a quarter century of work, Sri Lanka has cause to reflect on what independent research has meant for the country’s most vulnerable communities. In May 2001, nine professionals working on poverty-related issues in Sri Lanka came together around a shared conviction: […]",https://www.lankabusinessonline.com/2026/04/27/cepatwenty-five-years-of-not-looking-away/,"CEPA:Twenty-Five years of not looking away by Rebecca Jayatissa, Communications Professional – CEPA As the Centre for Poverty Analysis marks a quarter century of work, Sri Lanka has cause to reflect on what independent research has meant for the country’s most vulnerable communities. In May 2001, nine professionals working on poverty-related issues in Sri Lanka came together around a shared conviction: […]",,-0.4754,negative
253384,2026-04-23 10:42:39,LBO,Emerging Asia Could Face Increased Food-Cost Pressures: Fitch Ratings,"Emerging markets in Asia would see rising cost pressure across agribusiness and food supply chains if a prolonged US-Iran war pushes fertiliser supply disruption deeper into the planting season, Fitch Ratings says. For these sectors, reduced fertiliser availability and higher prices would raise production costs, discourage application rates and weaken crop yields, which would lead […]",https://www.lankabusinessonline.com/2026/04/23/emerging-asia-could-face-increased-food-cost-pressures/,"Emerging Asia Could Face Increased Food-Cost Pressures: Fitch Ratings Emerging markets in Asia would see rising cost pressure across agribusiness and food supply chains if a prolonged US-Iran war pushes fertiliser supply disruption deeper into the planting season, Fitch Ratings says. For these sectors, reduced fertiliser availability and higher prices would raise production costs, discourage application rates and weaken crop yields, which would lead […]",,-0.9246,negative
253367,2026-04-23 09:35:56,LBO,Sri Lanka’s Export Performance Remains Steady with Strong Q1 2026 Growth,"Sri Lanka’s total exports, including both merchandise and services, reached US$ 1,467.31 million in March 2026, reflecting a year-on-year decline of 5.2 % compared to March 2025. However, on a month-on-month basis, exports increased by 9.0% compared to February 2026 (US$ 1,346.2 million), indicating a recovery in export momentum during the month. According to provisional […]",https://www.lankabusinessonline.com/2026/04/23/sri-lankas-export-performance-remains-steady-with-strong-q1-2026-growth/,"Sri Lanka’s Export Performance Remains Steady with Strong Q1 2026 Growth Sri Lanka’s total exports, including both merchandise and services, reached US$ 1,467.31 million in March 2026, reflecting a year-on-year decline of 5.2 % compared to March 2025. However, on a month-on-month basis, exports increased by 9.0% compared to February 2026 (US$ 1,346.2 million), indicating a recovery in export momentum during the month. According to provisional […]",,0.8126,positive
253364,2026-04-23 06:26:54,LBO,HIP Sets New Container Throughput Record with MSC Vessel,"Hambantota International Port (HIP) successfully handled container vessel MSC Marie Leslie, marking one of its highest-volume vessel calls to date. The achievement further strengthens the port’s position as an emerging hub for containerised cargo in the region. The vessel, operated by Mediterranean Shipping Company (MSC), was berthed at HIP from 11 to 15 April 2026. […]",https://www.lankabusinessonline.com/2026/04/23/hip-sets-new-container-throughput-record-with-msc-vessel/,"HIP Sets New Container Throughput Record with MSC Vessel Hambantota International Port (HIP) successfully handled container vessel MSC Marie Leslie, marking one of its highest-volume vessel calls to date. The achievement further strengthens the port’s position as an emerging hub for containerised cargo in the region. The vessel, operated by Mediterranean Shipping Company (MSC), was berthed at HIP from 11 to 15 April 2026. […]",,0.7351,positive
253361,2026-04-22 07:28:30,LBO,Vice President of India visits Sri Lanka to strengthen bilateral ties,"The Vice President of India Shri C. P. Radhakrishnan undertook an official visit to Sri Lanka from 19 to 20 April 2026. The visit took place in the backdrop of intensified high-level engagement between the two countries, including the visit of President Anura Kumara Disanayaka to India in December 2024, the visit of Prime Minister […]",https://www.lankabusinessonline.com/2026/04/22/vice-president-of-india-visits-sri-lanka-to-strengthen-bilateral-ties/,"Vice President of India visits Sri Lanka to strengthen bilateral ties The Vice President of India Shri C. P. Radhakrishnan undertook an official visit to Sri Lanka from 19 to 20 April 2026. The visit took place in the backdrop of intensified high-level engagement between the two countries, including the visit of President Anura Kumara Disanayaka to India in December 2024, the visit of Prime Minister […]",,0.6486,positive
253356,2026-04-22 06:18:50,LBO,"Petrol, Pressure and Public Sentiment: Sri Lanka’s Fuel Crisis Through the Lens of Real Conversation","Over 64,000 engagements. More than 3,100 online results. 853 unique voices. Nearly 30 per cent of conversations running negative. Talkwalker captured the full arc of Sri Lanka’s National Fuel Pass conversation as it unfolded and what it reveals about public trust, economic anxiety, and the cost of getting policy wrong should matter to every institution […]",https://www.lankabusinessonline.com/2026/04/22/petrol-pressure-and-public-sentiment-sri-lankas-fuel-crisis-through-the-lens-of-real-conversation/,"Petrol, Pressure and Public Sentiment: Sri Lanka’s Fuel Crisis Through the Lens of Real Conversation Over 64,000 engagements. More than 3,100 online results. 853 unique voices. Nearly 30 per cent of conversations running negative. Talkwalker captured the full arc of Sri Lanka’s National Fuel Pass conversation as it unfolded and what it reveals about public trust, economic anxiety, and the cost of getting policy wrong should matter to every institution […]",,-0.8689,negative
253353,2026-04-22 06:13:54,LBO,Inadequate LPG Price Hike Compels the Vulnerable to Subsidize the Wealthy: Advocata Institute,"While Advocata Institute welcomes the recent Liquefied Petroleum Gas (LPG) price increase by Litro Gas Lanka, it remains inadequate and indirectly forces Sri Lanka’s vulnerable segments to subsidize wealthier LPG consumers. This inequity arises because the retail price remains below cost-reflective levels despite the price revision. In April 2026, Saudi Aramco’s Asia-Pacific benchmark rose sharply, […]",https://www.lankabusinessonline.com/2026/04/22/inadequate-lpg-price-hike-compels-the-vulnerable-to-subsidize-the-wealthy-advocata-institute/,"Inadequate LPG Price Hike Compels the Vulnerable to Subsidize the Wealthy: Advocata Institute While Advocata Institute welcomes the recent Liquefied Petroleum Gas (LPG) price increase by Litro Gas Lanka, it remains inadequate and indirectly forces Sri Lanka’s vulnerable segments to subsidize wealthier LPG consumers. This inequity arises because the retail price remains below cost-reflective levels despite the price revision. In April 2026, Saudi Aramco’s Asia-Pacific benchmark rose sharply, […]",,0.3612,positive
253350,2026-04-21 10:10:18,LBO,Central Bank Releases  the Annual Economic Review for the Year 2025,"The Annual Economic Review 2025, the publication in accordance with Section 80 of the Central Bank of Sri Lanka Act, No. 16 of 2023, was presented to His Excellency Anura Kumara Dissanayake, the President and the Minister of Finance, Planning and Economic Development, by Dr. P Nandalal Weerasinghe, the Governor of the Central Bank of […]",https://www.lankabusinessonline.com/2026/04/21/central-bank-releases-the-annual-economic-review-for-the-year-2025/,"Central Bank Releases  the Annual Economic Review for the Year 2025 The Annual Economic Review 2025, the publication in accordance with Section 80 of the Central Bank of Sri Lanka Act, No. 16 of 2023, was presented to His Excellency Anura Kumara Dissanayake, the President and the Minister of Finance, Planning and Economic Development, by Dr. P Nandalal Weerasinghe, the Governor of the Central Bank of […]",,0.5423,positive
253347,2026-04-21 06:38:07,LBO,Sri Lanka Receives 2.6 mn USD from Japan for Two New projects to Strengthen Climate Resilience & Gender Equality,"The Government of Japan through its Japanese Supplementary Budget (JSB) has reaffirmed its commitment to supporting Sri Lanka’s development journey by announcing two new projects, aimed at fostering climate resilience in vulnerable communities and advancing gender equality. These initiatives, together with the Government of Sri Lanka and implemented in partnership with the United Nations Development […]",https://www.lankabusinessonline.com/2026/04/21/sri-lanka-receives-2-6-mn-usd-from-japan-for-two-new-projects-to-strengthen-climate-resilience-gender-equality/,"Sri Lanka Receives 2.6 mn USD from Japan for Two New projects to Strengthen Climate Resilience & Gender Equality The Government of Japan through its Japanese Supplementary Budget (JSB) has reaffirmed its commitment to supporting Sri Lanka’s development journey by announcing two new projects, aimed at fostering climate resilience in vulnerable communities and advancing gender equality. These initiatives, together with the Government of Sri Lanka and implemented in partnership with the United Nations Development […]",,0.8271,positive
253344,2026-04-19 08:31:22,LBO,VIDEO: BYD – The biggest scam of the car industry ?,"For 100 years, the global car industry belonged to Germany, Japan, and the United States. In three years, BYD turned it into a bloodbath. Mercedes down 28%. Porsche lost 92% of its profits in a single year. Volkswagen cutting 50,000 jobs. Stellantis posting a $26 billion loss — its worst in history. And behind every […]",https://www.lankabusinessonline.com/2026/04/19/video-byd-the-biggest-scam-of-the-car-industry/,"VIDEO: BYD – The biggest scam of the car industry ? For 100 years, the global car industry belonged to Germany, Japan, and the United States. In three years, BYD turned it into a bloodbath. Mercedes down 28%. Porsche lost 92% of its profits in a single year. Volkswagen cutting 50,000 jobs. Stellantis posting a $26 billion loss — its worst in history. And behind every […]",,-0.802,negative
253341,2026-04-18 16:40:49,LBO,"Sri Lanka ratifies the ILO Convention on Violence and Harassment Convention, 2019 (No. 190)","On 16 April 2026, the Democratic Socialist Republic of Sri Lanka deposited the instrument of ratification of the Violence and Harassment Convention, 2019 (No. 190) with the International Labour Office. Sri Lanka is the 55th Member State of the International Labour Organization to ratify Convention No.190 In depositing the instrument of ratification, the Permanent Representative of […]",https://www.lankabusinessonline.com/2026/04/18/sri-lanka-ratifies-the-ilo-convention-on-violence-and-harassment-convention-2019-no-190/,"Sri Lanka ratifies the ILO Convention on Violence and Harassment Convention, 2019 (No. 190) On 16 April 2026, the Democratic Socialist Republic of Sri Lanka deposited the instrument of ratification of the Violence and Harassment Convention, 2019 (No. 190) with the International Labour Office. Sri Lanka is the 55th Member State of the International Labour Organization to ratify Convention No.190 In depositing the instrument of ratification, the Permanent Representative of […]",,-0.9451,negative
253339,2026-04-17 19:41:06,LBO,CBSL Orders Forensic Audit into NDB Fraud Case,"The Central Bank of Sri Lanka (CBSL) announced that it is closely monitoring developments at National Development Bank PLC (NDB) following the disclosure of an internal fraud. CBSL confirmed that NDB, in consultation with the regulator, is finalizing arrangements to engage a leading international firm to conduct a comprehensive forensic audit. The audit will not […]",https://www.lankabusinessonline.com/2026/04/17/cbsl-orders-forensic-audit-into-ndb-fraud-case/,"CBSL Orders Forensic Audit into NDB Fraud Case The Central Bank of Sri Lanka (CBSL) announced that it is closely monitoring developments at National Development Bank PLC (NDB) following the disclosure of an internal fraud. CBSL confirmed that NDB, in consultation with the regulator, is finalizing arrangements to engage a leading international firm to conduct a comprehensive forensic audit. The audit will not […]",,-0.6369,negative
253334,2026-04-17 10:35:24,LBO,"Coal Imports, Plant Efficiency in Focus as Presidential Commission Begins Work","President Anura Kumara Dissanayake has appointed a Special Presidential Commission to investigate alleged irregularities in Sri Lanka’s coal importation and coal-based power generation, in a move that signals tighter scrutiny of a critical and often contentious sector. The Commission, established under the Special Presidential Commissions of Inquiry Act, will examine activities spanning from the inception […]",https://www.lankabusinessonline.com/2026/04/17/coal-imports-plant-efficiency-in-focus-as-presidential-commission-begins-work/,"Coal Imports, Plant Efficiency in Focus as Presidential Commission Begins Work President Anura Kumara Dissanayake has appointed a Special Presidential Commission to investigate alleged irregularities in Sri Lanka’s coal importation and coal-based power generation, in a move that signals tighter scrutiny of a critical and often contentious sector. The Commission, established under the Special Presidential Commissions of Inquiry Act, will examine activities spanning from the inception […]",,0.5267,positive
253332,2026-04-17 10:26:10,LBO,Energy Minister and Secretary Resign Amid Coal Supply Investigation,"In a significant development for the energy sector, Minister of Energy, Engineer Kumara Jayakody, has tendered his resignation from his ministerial post. Simultaneously, Professor K.T.M. Udayanga Hemapala, Secretary to the Ministry of Energy, has also stepped down. Minister Jayakody stated that his decision was driven by the need to ensure independence and impartiality in upcoming […]",https://www.lankabusinessonline.com/2026/04/17/energy-minister-and-secretary-resign-amid-coal-supply-investigation/,"Energy Minister and Secretary Resign Amid Coal Supply Investigation In a significant development for the energy sector, Minister of Energy, Engineer Kumara Jayakody, has tendered his resignation from his ministerial post. Simultaneously, Professor K.T.M. Udayanga Hemapala, Secretary to the Ministry of Energy, has also stepped down. Minister Jayakody stated that his decision was driven by the need to ensure independence and impartiality in upcoming […]",,0.7717,positive
253330,2026-04-17 06:38:30,LBO,Vice President of India Shri C. P. Radhakrishnan to undertake an official visit to Sri Lanka,"The Vice President of India Shri C. P. Radhakrishnan is scheduled to undertake an official visit to Sri Lanka from 19 to 20 April 2026. During this visit, Vice President Radhakrishnan will hold bilateral discussions with President Anura Kumara Disanayake and Prime Minister Dr. Harini Amarasuriya in a continuation of the recent high-level diplomatic engagements which reinforce the longstanding ties […]",https://www.lankabusinessonline.com/2026/04/17/vice-president-of-india-shri-c-p-radhakrishnan-to-undertake-an-official-visit-to-sri-lanka/,"Vice President of India Shri C. P. Radhakrishnan to undertake an official visit to Sri Lanka The Vice President of India Shri C. P. Radhakrishnan is scheduled to undertake an official visit to Sri Lanka from 19 to 20 April 2026. During this visit, Vice President Radhakrishnan will hold bilateral discussions with President Anura Kumara Disanayake and Prime Minister Dr. Harini Amarasuriya in a continuation of the recent high-level diplomatic engagements which reinforce the longstanding ties […]",,0.1531,positive
253327,2026-04-17 04:25:06,LBO,"Middle East military escalation could cost Asia-Pacific up to US$299 billion, UNDP","Years of human development gains across Asia and the Pacific are under pressure as the impacts of the recent military escalation in the Middle East ripple through economies and households, despite a temporary ceasefire. As the situation remains fluid, a current preliminary analysis by UNDP examines how heightened volatility, transmitted through energy, trade, and labour […]",https://www.lankabusinessonline.com/2026/04/17/middle-east-military-escalation-could-cost-asia-pacific-up-to-us299-billion-undp/,"Middle East military escalation could cost Asia-Pacific up to US$299 billion, UNDP Years of human development gains across Asia and the Pacific are under pressure as the impacts of the recent military escalation in the Middle East ripple through economies and households, despite a temporary ceasefire. As the situation remains fluid, a current preliminary analysis by UNDP examines how heightened volatility, transmitted through energy, trade, and labour […]",,0.3182,positive
253324,2026-04-16 06:57:59,LBO,New CSE Branch Brings Galle Direct Access to Capital Market,"The Colombo Stock Exchange (CSE) officially opened its Galle Branch to the public, further strengthening its countrywide presence. The branch was inaugurated by Chairman of the Securities and Exchange Commission of Sri Lanka (SEC) Senior Professor D.B.P.H Dissabandara, Chairman of CSE Mr. Dimuthu Abeyesekera and Chief Executive Officer of CSE Mr. Rajeeva Bandaranaike in the […]",https://www.lankabusinessonline.com/2026/04/16/new-cse-branch-brings-galle-direct-access-to-capital-market/,"New CSE Branch Brings Galle Direct Access to Capital Market The Colombo Stock Exchange (CSE) officially opened its Galle Branch to the public, further strengthening its countrywide presence. The branch was inaugurated by Chairman of the Securities and Exchange Commission of Sri Lanka (SEC) Senior Professor D.B.P.H Dissabandara, Chairman of CSE Mr. Dimuthu Abeyesekera and Chief Executive Officer of CSE Mr. Rajeeva Bandaranaike in the […]",,0.6597,positive
253321,2026-04-15 06:16:46,LBO,Mahindra Ideal Finance Ltd Celebrates Debenture Listing at the Colombo Stock Exchange,"Mahindra Ideal Finance Ltd (MIFL) recently marked the official listing of its inaugural debentures and debut listing on the Colombo Stock Exchange (CSE) with a bell ringing and market opening ceremony held at the CSE trading floor, symbolising a key milestone in the company’s capital market journey and its commitment to transparency and strong governance.The […]",https://www.lankabusinessonline.com/2026/04/15/mahindra-ideal-finance-ltd-celebrates-debenture-listing-at-the-colombo-stock-exchange/,"Mahindra Ideal Finance Ltd Celebrates Debenture Listing at the Colombo Stock Exchange Mahindra Ideal Finance Ltd (MIFL) recently marked the official listing of its inaugural debentures and debut listing on the Colombo Stock Exchange (CSE) with a bell ringing and market opening ceremony held at the CSE trading floor, symbolising a key milestone in the company’s capital market journey and its commitment to transparency and strong governance.The […]",,0.9468,positive
253318,2026-04-12 08:10:49,LBO,"HIP Receives First LPG Vessel of 2026, Discharges 7,000 MT Consigned to Laugfs Gas","Hambantota International Port (HIP) welcomed its first liquefied petroleum gas (LPG) shipment of 2026 with the arrival of the vessel ANDOVER on April 4. The tanker, arriving from Argentina, discharged approximately 7,000 metric tonnes of LPG consigned to Laugfs Gas. The consignment is sufficient to supply an estimated 570,000 domestic households, reinforcing HIP’s role in […]",https://www.lankabusinessonline.com/2026/04/12/hip-receives-first-lpg-vessel-of-2026-discharges-7000-mt-consigned-to-laugfs-gas/,"HIP Receives First LPG Vessel of 2026, Discharges 7,000 MT Consigned to Laugfs Gas Hambantota International Port (HIP) welcomed its first liquefied petroleum gas (LPG) shipment of 2026 with the arrival of the vessel ANDOVER on April 4. The tanker, arriving from Argentina, discharged approximately 7,000 metric tonnes of LPG consigned to Laugfs Gas. The consignment is sufficient to supply an estimated 570,000 domestic households, reinforcing HIP’s role in […]",,0.34,positive
253316,2026-04-12 06:55:49,LBO,PUCSL Excludes Coal Quality Costs from Tariff Revisions,"The Public Utilities Commission of Sri Lanka (PUCSL) has announced that additional costs arising from coal quality will not be factored into future electricity tariff revisions. In its latest decision, the Commission emphasized that only reasonable costs directly related to the generation, transmission, and distribution of electricity will be considered when revising tariffs. PUCSL clarified […]",https://www.lankabusinessonline.com/2026/04/12/pucsl-excludes-coal-quality-costs-from-tariff-revisions/,"PUCSL Excludes Coal Quality Costs from Tariff Revisions The Public Utilities Commission of Sri Lanka (PUCSL) has announced that additional costs arising from coal quality will not be factored into future electricity tariff revisions. In its latest decision, the Commission emphasized that only reasonable costs directly related to the generation, transmission, and distribution of electricity will be considered when revising tariffs. PUCSL clarified […]",,0.0,neutral
253314,2026-04-10 18:48:22,LBO,NDB continues to operate with capital & liquidity levels well above minimum regulatory requirements: CBSL,"The Central Bank of Sri Lanka (CBSL) says it has been closely monitoring developments at National Development Bank PLC (NDB) following the recent disclosure of an internal fraud. According to CBSL, assessments carried out so far show that NDB continues to operate with capital and liquidity levels well above the minimum regulatory requirements. The incident […]",https://www.lankabusinessonline.com/2026/04/10/ndb-continues-to-operate-with-capital-liquidity-levels-well-above-minimum-regulatory-requirements-cbsl/,"NDB continues to operate with capital & liquidity levels well above minimum regulatory requirements: CBSL The Central Bank of Sri Lanka (CBSL) says it has been closely monitoring developments at National Development Bank PLC (NDB) following the recent disclosure of an internal fraud. According to CBSL, assessments carried out so far show that NDB continues to operate with capital and liquidity levels well above the minimum regulatory requirements. The incident […]",,-0.1531,negative
253310,2026-04-10 11:53:16,LBO,Fitch Downgrades National Development Bank’s National Rating to ‘A-(lka)’; Outlook Negative,Fitch Ratings has downgraded National Development Bank PLC’s (NDB) National Long-Term Rating to ‘A-(lka)’ from ‘A(lka)’. The Outlook is Negative. Fitch has also downgraded the rating assigned to NDB’s Basel III-compliant subordinated debentures to ‘BBB(lka)’ from ‘BBB+(lka)’. Key Rating Drivers Fraud Elevates Credit Profile Risks: The downgrade reflects NDB’s weakened credit profile relative to that […],https://www.lankabusinessonline.com/2026/04/10/fitch-downgrades-national-development-banks-national-rating-to-a-lka-outlook-negative/,Fitch Downgrades National Development Bank’s National Rating to ‘A-(lka)’; Outlook Negative Fitch Ratings has downgraded National Development Bank PLC’s (NDB) National Long-Term Rating to ‘A-(lka)’ from ‘A(lka)’. The Outlook is Negative. Fitch has also downgraded the rating assigned to NDB’s Basel III-compliant subordinated debentures to ‘BBB(lka)’ from ‘BBB+(lka)’. Key Rating Drivers Fraud Elevates Credit Profile Risks: The downgrade reflects NDB’s weakened credit profile relative to that […],,-0.886,negative
253307,2026-04-10 08:31:56,LBO,"IMF warns Middle East shock could hit Sri Lanka growth, backs targeted relief as tariffs rise","The International Monetary Fund has warned that escalating geopolitical tensions in the Middle East pose a significant risk to Sri Lanka’s economic recovery, even as authorities move ahead with price reforms and fiscal adjustments. The IMF said the evolving crisis could impact key external sectors including exports, remittances, tourism and connectivity, describing it as one […]",https://www.lankabusinessonline.com/2026/04/10/imf-warns-middle-east-shock-could-hit-sri-lanka-growth-backs-targeted-relief-as-tariffs-rise/,"IMF warns Middle East shock could hit Sri Lanka growth, backs targeted relief as tariffs rise The International Monetary Fund has warned that escalating geopolitical tensions in the Middle East pose a significant risk to Sri Lanka’s economic recovery, even as authorities move ahead with price reforms and fiscal adjustments. The IMF said the evolving crisis could impact key external sectors including exports, remittances, tourism and connectivity, describing it as one […]",,-0.7717,negative
253305,2026-04-10 08:21:03,LBO,"Middle East conflict threatens Sri Lanka recovery as inflation, tourism and reserves come under pressure","Sri Lanka’s economic recovery is facing renewed pressure as the escalating Middle East conflict begins to feed through to inflation, tourism, and external balances, the Asian Development Bank (ADB) said. The island entered 2026 from a position of relative strength, recording 5.0 percent growth in 2025, supported by broad-based expansion across services, industry, and agriculture. […]",https://www.lankabusinessonline.com/2026/04/10/middle-east-conflict-threatens-sri-lanka-recovery-as-inflation-tourism-and-reserves-come-under-pressure/,"Middle East conflict threatens Sri Lanka recovery as inflation, tourism and reserves come under pressure Sri Lanka’s economic recovery is facing renewed pressure as the escalating Middle East conflict begins to feed through to inflation, tourism, and external balances, the Asian Development Bank (ADB) said. The island entered 2026 from a position of relative strength, recording 5.0 percent growth in 2025, supported by broad-based expansion across services, industry, and agriculture. […]",,-0.3612,negative
253301,2026-04-10 08:10:45,LBO,"Sri Lanka faces renewed economic risks despite recovery momentum, ADB says","Sri Lanka’s economic recovery is expected to continue into 2026, but fresh global and domestic risks are beginning to test its stability, according to the latest Asian Development Outlook (April 2026) by the Asian Development Bank (ADB). The report notes that while the country has moved past its worst crisis phase, growth is likely to […]",https://www.lankabusinessonline.com/2026/04/10/sri-lanka-faces-renewed-economic-risks-despite-recovery-momentum-adb-says/,"Sri Lanka faces renewed economic risks despite recovery momentum, ADB says Sri Lanka’s economic recovery is expected to continue into 2026, but fresh global and domestic risks are beginning to test its stability, according to the latest Asian Development Outlook (April 2026) by the Asian Development Bank (ADB). The report notes that while the country has moved past its worst crisis phase, growth is likely to […]",,-0.8793,negative
253296,2026-04-09 12:11:03,LBO,Committee on Public Finance Raises NDB Bank Fraud with Central Bank,"The Committee on Public Finance (CoPF) met on 07th April 2026 under the chairmanship of Hon Member of Parliament Dr. Harsha de Silva. The Governor of the Central Bank of Sri Lanka (CBSL) Dr. Nandalal Weerasinghe, along with members of the Governing Board, the Monetary Policy Board, and senior officials, attended the meeting as part […]",https://www.lankabusinessonline.com/2026/04/09/committee-on-public-finance-raises-ndb-bank-fraud-with-central-bank/,"Committee on Public Finance Raises NDB Bank Fraud with Central Bank The Committee on Public Finance (CoPF) met on 07th April 2026 under the chairmanship of Hon Member of Parliament Dr. Harsha de Silva. The Governor of the Central Bank of Sri Lanka (CBSL) Dr. Nandalal Weerasinghe, along with members of the Governing Board, the Monetary Policy Board, and senior officials, attended the meeting as part […]",,-0.5859,negative
253294,2026-04-09 06:05:34,LBO,IMF Staff Reaches Staff-Level Agreement on the Combined Fifth and Sixth Reviews under Sri Lanka’s EFF Arrangement,"An International Monetary Fund (IMF) mission team led by Mr. Evan Papageorgiou visited Sri Lanka from March 26 to April 9, 2026, to discuss recent macroeconomic developments and progress in implementing economic and financial policies under the Extended Fund Facility (EFF) arrangement. At the end of the mission, Mr. Papageorgiou issued the following statement: “IMF […]",https://www.lankabusinessonline.com/2026/04/09/imf-staff-reaches-staff-level-agreement-on-the-combined-fifth-and-sixth-reviews-under-sri-lankas-eff-arrangement/,"IMF Staff Reaches Staff-Level Agreement on the Combined Fifth and Sixth Reviews under Sri Lanka’s EFF Arrangement An International Monetary Fund (IMF) mission team led by Mr. Evan Papageorgiou visited Sri Lanka from March 26 to April 9, 2026, to discuss recent macroeconomic developments and progress in implementing economic and financial policies under the Extended Fund Facility (EFF) arrangement. At the end of the mission, Mr. Papageorgiou issued the following statement: “IMF […]",,0.7351,positive
253285,2026-04-08 13:59:57,LBO,Kaspersky detects 14 million local malware incidents in Sri Lanka in 2025,"Sri Lanka experienced 14,960,244 local malware incidents on user computers during 2025, with 37.4% of users in the country attacked by threats spread through removable USB drives, CDs, DVDs and other offline methods, according to the latest Kaspersky Security Bulletin. This places Sri Lanka in the 48th position worldwide for local threat exposure. The data […]",https://www.lankabusinessonline.com/2026/04/08/kaspersky-detects-14-million-local-malware-incidents-in-sri-lanka-in-2025/,"Kaspersky detects 14 million local malware incidents in Sri Lanka in 2025 Sri Lanka experienced 14,960,244 local malware incidents on user computers during 2025, with 37.4% of users in the country attacked by threats spread through removable USB drives, CDs, DVDs and other offline methods, according to the latest Kaspersky Security Bulletin. This places Sri Lanka in the 48th position worldwide for local threat exposure. The data […]",,-0.8074,negative
253282,2026-04-08 13:44:04,LBO,Ceylon Chamber of Commerce Announces Leadership Transition; Shiran Fernando Appointed Secretary General/CEO,"The Ceylon Chamber of Commerce announces a planned and orderly leadership transition, underscoring its commitment to strong governance, leadership continuity, and long-term institutional stability. Accordingly, Mr. Shiran Fernando has been appointed Secretary General and Chief Executive Officer, effective 8th May 2026, succeeding Mr. Buwanekabahu Perera, who will conclude a three-year tenure at the helm of […]",https://www.lankabusinessonline.com/2026/04/08/ceylon-chamber-of-commerce-announces-leadership-transition-shiran-fernando-appointed-secretary-general-ceo/,"Ceylon Chamber of Commerce Announces Leadership Transition; Shiran Fernando Appointed Secretary General/CEO The Ceylon Chamber of Commerce announces a planned and orderly leadership transition, underscoring its commitment to strong governance, leadership continuity, and long-term institutional stability. Accordingly, Mr. Shiran Fernando has been appointed Secretary General and Chief Executive Officer, effective 8th May 2026, succeeding Mr. Buwanekabahu Perera, who will conclude a three-year tenure at the helm of […]",,0.9042,positive
253278,2026-04-08 06:42:43,LBO,Huawei IP Summit 2026 highlights AI-driven enterprise Datacom networks amidSri Lanka’s 5G evolution and Pre-Wi-Fi 8 advancements,"Huawei recently hosted its Intelligent IP Summit 2026 in Sri Lanka, bringing together industry leaders and technology experts to explore the future of enterprise data communication (Datacom) networks, as organisations navigate rapid disruptions driven by AI and the expansion of 5G. The summit underscored the growing importance of enterprise networks as the foundation of digital […]",https://www.lankabusinessonline.com/2026/04/08/huawei-ip-summit-2026-highlights-ai-driven-enterprise-datacom-networks-amidsri-lankas-5g-evolution-and-pre-wi-fi-8-advancements/,"Huawei IP Summit 2026 highlights AI-driven enterprise Datacom networks amidSri Lanka’s 5G evolution and Pre-Wi-Fi 8 advancements Huawei recently hosted its Intelligent IP Summit 2026 in Sri Lanka, bringing together industry leaders and technology experts to explore the future of enterprise data communication (Datacom) networks, as organisations navigate rapid disruptions driven by AI and the expansion of 5G. The summit underscored the growing importance of enterprise networks as the foundation of digital […]",,0.5859,positive
253274,2026-04-08 06:35:06,LBO,Sri Lanka’s first 100-pct enewable energy recycling center in plantation sector unveiled by the Coca-Cola Foundation,"The first zero-emission Material Collection and Processing Facility in Sri Lanka was officially inaugurated under the SWYFT Project. This initiative is funded by The Coca-Cola Foundation (TCCF), implemented by Janathakshan, with Neptune Recyclers serving as the recycling partner, in collaboration with Talawakelle Plantation. The Somerset ECO Material Collection & Processing Center was officially opened on […]",https://www.lankabusinessonline.com/2026/04/08/sri-lankas-first-100-pct-enewable-energy-recycling-center-in-plantation-sector-unveiled-by-the-coca-cola-foundation/,"Sri Lanka’s first 100-pct enewable energy recycling center in plantation sector unveiled by the Coca-Cola Foundation The first zero-emission Material Collection and Processing Facility in Sri Lanka was officially inaugurated under the SWYFT Project. This initiative is funded by The Coca-Cola Foundation (TCCF), implemented by Janathakshan, with Neptune Recyclers serving as the recycling partner, in collaboration with Talawakelle Plantation. The Somerset ECO Material Collection & Processing Center was officially opened on […]",,0.2732,positive
253268,2026-04-08 06:29:18,LBO,Kenilworth Estate: Crafting premium Ceylon tea through innovation and heritage,"Since 1947, when its current factory rose from the site of an earlier 1942 structure, Kenilworth Tea Estate has crafted teas renowned for their long, wiry, well-twisted leaves; blacker, cleaner, and meticulously rolled through an extended 2.5-hour Orthodox process that yields a coppery-bright infusion with creamy, full-bodied strength, woody frankness, and subtle citrus notes. Perched […]",https://www.lankabusinessonline.com/2026/04/08/kenilworth-estate-crafting-premium-ceylon-tea-through-innovation-and-heritage/,"Kenilworth Estate: Crafting premium Ceylon tea through innovation and heritage Since 1947, when its current factory rose from the site of an earlier 1942 structure, Kenilworth Tea Estate has crafted teas renowned for their long, wiry, well-twisted leaves; blacker, cleaner, and meticulously rolled through an extended 2.5-hour Orthodox process that yields a coppery-bright infusion with creamy, full-bodied strength, woody frankness, and subtle citrus notes. Perched […]",,0.7783,positive
253266,2026-04-07 10:28:30,LBO,International Solar Alliance Operationalises Country Partnership Strategy Through High-Level SL Mission,"The International Solar Alliance (ISA) is undertaking a high-level mission to Sri Lanka from6 to 9 April 2026, led by Director General Mr Ashish Khanna, to advance the operationalisation of the ISA–Sri Lanka Country Partnership Strategy (CPS) and accelerate the country’s solar deployment agenda. The mission focuses on four key outcomes: formal endorsement of the […]",https://www.lankabusinessonline.com/2026/04/07/international-solar-alliance-operationalises-country-partnership-strategy-through-high-level-sl-mission/,"International Solar Alliance Operationalises Country Partnership Strategy Through High-Level SL Mission The International Solar Alliance (ISA) is undertaking a high-level mission to Sri Lanka from6 to 9 April 2026, led by Director General Mr Ashish Khanna, to advance the operationalisation of the ISA–Sri Lanka Country Partnership Strategy (CPS) and accelerate the country’s solar deployment agenda. The mission focuses on four key outcomes: formal endorsement of the […]",,0.3182,positive
253261,2026-04-06 13:37:04,LBO,Fitch Publishes ‘A(lka)’ Rating on WindForce’s Proposed Debentures,Fitch Ratings has published the National Long-Term Rating of ‘A(lka)’ on WindForce PLC’s proposed senior unsecured redeemable debentures of up to LKR4 billion. The notes are rated one notch below WindForce’s National Long-Term Rating (A+(lka)/Stable) due to increasing structural subordination from secured debt at operating subsidiaries used to fund its capacity expansion. WindForce’s rating reflects […],https://www.lankabusinessonline.com/2026/04/06/fitch-publishes-alka-rating-on-windforces-proposed-debentures/,Fitch Publishes ‘A(lka)’ Rating on WindForce’s Proposed Debentures Fitch Ratings has published the National Long-Term Rating of ‘A(lka)’ on WindForce PLC’s proposed senior unsecured redeemable debentures of up to LKR4 billion. The notes are rated one notch below WindForce’s National Long-Term Rating (A+(lka)/Stable) due to increasing structural subordination from secured debt at operating subsidiaries used to fund its capacity expansion. WindForce’s rating reflects […],,-0.34,negative
253259,2026-04-06 08:06:46,LBO,NDB Reports Internal Fraud to CBSL; Customer Accounts Unaffected,The Central Bank of Sri Lanka (CBSL) stated that the National Development Bank PLC (NDB) has informed CBSL of an internal fraud that could result in a significant financial loss. CBSL further noted that NDB has confirmed no customer accounts or deposits have been affected by this incident. Central Bank said it has carried out […],https://www.lankabusinessonline.com/2026/04/06/ndb-reports-internal-fraud-to-cbsl-customer-accounts-unaffected/,NDB Reports Internal Fraud to CBSL; Customer Accounts Unaffected The Central Bank of Sri Lanka (CBSL) stated that the National Development Bank PLC (NDB) has informed CBSL of an internal fraud that could result in a significant financial loss. CBSL further noted that NDB has confirmed no customer accounts or deposits have been affected by this incident. Central Bank said it has carried out […],,-0.8979,negative
253256,2026-04-05 06:52:05,LBO,HIP Expands Capacity as Middle East Crisis Drives Surge in Shipping Volumes,"Hambantota International Port (HIP) has significantly expanded its operational capacity in response to a sharp surge in global shipping volumes triggered by the ongoing crisis in the Middle East, reinforcing its position as a key alternative hub along the East–West shipping corridor. The port has doubled its Roll-on/Roll-off (RoRo) yard capacity and increased its container […]",https://www.lankabusinessonline.com/2026/04/05/hip-expands-capacity-as-middle-east-crisis-drives-surge-in-shipping-volumes/,"HIP Expands Capacity as Middle East Crisis Drives Surge in Shipping Volumes Hambantota International Port (HIP) has significantly expanded its operational capacity in response to a sharp surge in global shipping volumes triggered by the ongoing crisis in the Middle East, reinforcing its position as a key alternative hub along the East–West shipping corridor. The port has doubled its Roll-on/Roll-off (RoRo) yard capacity and increased its container […]",,-0.7717,negative
253249,2026-04-03 09:58:43,LBO,TONIK launches “Island Daughters”  A storytelling series honouring women who carried Sri Lanka to the world,"This International Women’s Month, TONIK invites Sri Lanka to see itself differently. Not just as an island shaped by land and history — but by its women. Through Island Daughters, a new storytelling series, TONIK shines a light on the women whose voices, creativity, and courage have carried Sri Lanka’s story far beyond its shores. […]",https://www.lankabusinessonline.com/2026/04/03/tonik-launches-island-daughters-a-storytelling-series-honouring-women-who-carried-sri-lanka-to-the-world/,"TONIK launches “Island Daughters”  A storytelling series honouring women who carried Sri Lanka to the world This International Women’s Month, TONIK invites Sri Lanka to see itself differently. Not just as an island shaped by land and history — but by its women. Through Island Daughters, a new storytelling series, TONIK shines a light on the women whose voices, creativity, and courage have carried Sri Lanka’s story far beyond its shores. […]",,0.8674,positive
253242,2026-04-03 09:51:42,LBO,Chevron Lanka exceeds LKR 4Bn in earnings for first time,"Chevron Lubricants Lanka PLC (“Chevron Lanka”) (LLUB), a listed entity in the Colombo Securities Exchange (“CSE”), notched up record earnings in 2025, the highest ever in its 32-year history of operations in Sri Lanka. Earnings surpassed the LKR 4 billion milestone for the first time, on a topline of LKR 24.39 billion based on the […]",https://www.lankabusinessonline.com/2026/04/03/chevron-lanka-exceeds-lkr-4bn-in-earnings-for-first-time/,"Chevron Lanka exceeds LKR 4Bn in earnings for first time Chevron Lubricants Lanka PLC (“Chevron Lanka”) (LLUB), a listed entity in the Colombo Securities Exchange (“CSE”), notched up record earnings in 2025, the highest ever in its 32-year history of operations in Sri Lanka. Earnings surpassed the LKR 4 billion milestone for the first time, on a topline of LKR 24.39 billion based on the […]",,0.296,positive
253239,2026-04-03 09:46:27,LBO,IASL launches revamped website to better serve Sri Lanka’s insurance ecosystem,"The Insurance Association of Sri Lanka (IASL) announced the launch of its newly revamped official website at www.iasl.lk, reinforcing the Association’s commitment to transparency, accessibility, and industry leadership in an increasingly digital landscape. The redesigned platform reflects IASL’s recognition that improving its digitalisation standards is centralto its mandate. As Sri Lanka’s insurance industry navigates accelerating […]",https://www.lankabusinessonline.com/2026/04/03/iasl-launches-revamped-website-to-better-serve-sri-lankas-insurance-ecosystem/,"IASL launches revamped website to better serve Sri Lanka’s insurance ecosystem The Insurance Association of Sri Lanka (IASL) announced the launch of its newly revamped official website at www.iasl.lk, reinforcing the Association’s commitment to transparency, accessibility, and industry leadership in an increasingly digital landscape. The redesigned platform reflects IASL’s recognition that improving its digitalisation standards is centralto its mandate. As Sri Lanka’s insurance industry navigates accelerating […]",,0.8074,positive
253235,2026-04-03 09:39:48,LBO,Sri Lanka’s apparel sector gains competitive edge under UK’s DCTS scheme,"The United Kingdom’s revised Developing Countries Trading Scheme (DCTS), effective fromJanuary 2026, presents a clear opportunity for Sri Lanka’s apparel sector. It is particularlysignificant for small and medium-sized exporters, offering them a stronger footing in a keymarket. The real strength of the revised scheme lies in its practicality. By easing rules of origin andallowing greater […]",https://www.lankabusinessonline.com/2026/04/03/sri-lankas-apparel-sector-gains-competitive-edge-under-uks-dcts-scheme/,"Sri Lanka’s apparel sector gains competitive edge under UK’s DCTS scheme The United Kingdom’s revised Developing Countries Trading Scheme (DCTS), effective fromJanuary 2026, presents a clear opportunity for Sri Lanka’s apparel sector. It is particularlysignificant for small and medium-sized exporters, offering them a stronger footing in a keymarket. The real strength of the revised scheme lies in its practicality. By easing rules of origin andallowing greater […]",,0.9633,positive
253232,2026-04-03 07:34:56,LBO,Sri Lanka Eyes Stronger Energy Ties as Moscow Meetings Deepen Cooperation,"The Minister of Transport, Highways and Urban Development and Leader of the House of Parliament of Sri Lanka, Bimal Rathnayake, undertook an official visit to Moscow, where he engaged in a series of high-level meetings aimed at strengthening bilateral cooperation and exploring new avenues of partnership between Sri Lanka and the Russian Federation. During the […]",https://www.lankabusinessonline.com/2026/04/03/sri-lanka-eyes-stronger-energy-ties-as-moscow-meetings-deepen-cooperation/,"Sri Lanka Eyes Stronger Energy Ties as Moscow Meetings Deepen Cooperation The Minister of Transport, Highways and Urban Development and Leader of the House of Parliament of Sri Lanka, Bimal Rathnayake, undertook an official visit to Moscow, where he engaged in a series of high-level meetings aimed at strengthening bilateral cooperation and exploring new avenues of partnership between Sri Lanka and the Russian Federation. During the […]",,0.8625,positive
253229,2026-04-03 07:21:14,LBO,EDB and CPC Meets Sri Lankan Exporters on Fuel Distribution,"The Sri Lanka Export Development Board (EDB) recently convened a high-level meeting between the Ceylon Petroleum Corporation (CPC) and a broad cross-section of Sri Lanka’s export industry to discuss the current fuel distribution mechanism and its impact on the export sector. Held at the CPC Head Office, the meeting was convened at the initiative of […]",https://www.lankabusinessonline.com/2026/04/03/edb-and-cpc-meets-sri-lankan-exporters-on-fuel-distribution/,"EDB and CPC Meets Sri Lankan Exporters on Fuel Distribution The Sri Lanka Export Development Board (EDB) recently convened a high-level meeting between the Ceylon Petroleum Corporation (CPC) and a broad cross-section of Sri Lanka’s export industry to discuss the current fuel distribution mechanism and its impact on the export sector. Held at the CPC Head Office, the meeting was convened at the initiative of […]",,0.0,neutral
253226,2026-04-03 07:17:38,LBO,"Sri Lanka and World Bank Group Launch New Partnership to Create Jobs, Attract Private Investment","The World Bank Group and the Government of Sri Lanka today launched a new five-year Country Partnership Framework (CPF) to support Sri Lanka’s continued recovery, help achieve its 7% medium-term economic growth target, and support job creation. “We are committed to building on the continued macroeconomic stability, strengthened governance and revenue-based fiscal consolidation that we have already […]",https://www.lankabusinessonline.com/2026/04/03/sri-lanka-and-world-bank-group-launch-new-partnership-to-create-jobs-attract-private-investment/,"Sri Lanka and World Bank Group Launch New Partnership to Create Jobs, Attract Private Investment The World Bank Group and the Government of Sri Lanka today launched a new five-year Country Partnership Framework (CPF) to support Sri Lanka’s continued recovery, help achieve its 7% medium-term economic growth target, and support job creation. “We are committed to building on the continued macroeconomic stability, strengthened governance and revenue-based fiscal consolidation that we have already […]",,0.9628,positive
253217,2026-04-02 12:34:09,LBO,The Grey Tsunami: Ceylinco Life sounds the alarm on Sri Lanka’s retirement readiness gap,"Sri Lanka is getting older, fast. By 2042, one in four Sri Lankans will be above the age of 60. That is not a distant projection. It is sixteen years away. And by most measures, this country is unprepared for what it means, not at a policy level, and certainly not at the level of […]",https://www.lankabusinessonline.com/2026/04/02/the-grey-tsunami-ceylinco-life-sounds-the-alarm-on-sri-lankas-retirement-readiness-gap/,"The Grey Tsunami: Ceylinco Life sounds the alarm on Sri Lanka’s retirement readiness gap Sri Lanka is getting older, fast. By 2042, one in four Sri Lankans will be above the age of 60. That is not a distant projection. It is sixteen years away. And by most measures, this country is unprepared for what it means, not at a policy level, and certainly not at the level of […]",,0.296,positive
253213,2026-04-02 06:39:48,LBO,"Min of Justice launches management information system to enhance efficiency, transparency, and accountability","The Ministry of Justice and National Integration today officially launched its new Management Information System (MIS) and revamped website, marking a significant milestone in ongoing efforts to modernize Sri Lanka’s justice sector and strengthen institutional efficiency, transparency, and accountability. The MIS was developed as an initiative of the Support to Justice Sector Project (JURE), funded […]",https://www.lankabusinessonline.com/2026/04/02/min-of-justice-launches-management-information-system-to-enhance-efficiency-transparency-and-accountability/,"Min of Justice launches management information system to enhance efficiency, transparency, and accountability The Ministry of Justice and National Integration today officially launched its new Management Information System (MIS) and revamped website, marking a significant milestone in ongoing efforts to modernize Sri Lanka’s justice sector and strengthen institutional efficiency, transparency, and accountability. The MIS was developed as an initiative of the Support to Justice Sector Project (JURE), funded […]",,0.9747,positive
253211,2026-03-31 09:19:55,LBO,Ceylon Chamber Highlights Importance of Balanced Tax Policy in Inland Revenue (Amendment) Bill 2026,"The Ceylon Chamber of Commerce, through its Tax Steering Committee, has actively engaged with stakeholders on the proposed Inland Revenue (Amendment) Bill of 2026, recognising its potential implications for businesses and the broader economy. While acknowledging the importance of updating the tax framework, the Chamber’s efforts have focused on assessing the impact of the proposed […]",https://www.lankabusinessonline.com/2026/03/31/ceylon-chamber-highlights-importance-of-balanced-tax-policy-in-inland-revenue-amendment-bill-2026/,"Ceylon Chamber Highlights Importance of Balanced Tax Policy in Inland Revenue (Amendment) Bill 2026 The Ceylon Chamber of Commerce, through its Tax Steering Committee, has actively engaged with stakeholders on the proposed Inland Revenue (Amendment) Bill of 2026, recognising its potential implications for businesses and the broader economy. While acknowledging the importance of updating the tax framework, the Chamber’s efforts have focused on assessing the impact of the proposed […]",,0.891,positive
253208,2026-03-29 08:53:38,LBO,Supreme Court held its first-ever paperless hearing; leads digital transformation with e-Filing initiative,The Supreme Court of Sri Lanka has marked a significant milestone in its digital transformation with the implementation of its e-Filing Portal under the e-Courts Project. This initiative reflects the Court’s ongoing commitment to modernizing Judicial processes and enhancing the delivery of Justice through the use of technology. The e-Filing Portal was officially opened to […],https://www.lankabusinessonline.com/2026/03/29/supreme-court-held-its-first-ever-paperless-hearing-leads-digital-transformation-with-e-filing-initiative/,Supreme Court held its first-ever paperless hearing; leads digital transformation with e-Filing initiative The Supreme Court of Sri Lanka has marked a significant milestone in its digital transformation with the implementation of its e-Filing Portal under the e-Courts Project. This initiative reflects the Court’s ongoing commitment to modernizing Judicial processes and enhancing the delivery of Justice through the use of technology. The e-Filing Portal was officially opened to […],,0.9325,positive
253205,2026-03-29 06:57:10,LBO,Hambantota Intl Port Invests USD 108 Mn in New Cranes; Expands Container Terminal Capacity To 2 Mn TEU,"Hambantota International Port Group (HIPG) has signed an agreement to invest USD 108 million in new container handling equipment, marking a major expansion of its container terminal capacity and reinforcing Sri Lanka’s position as an emerging logistics hub in the Indian Ocean. The agreement, signed at a ceremony held at the Hilton Colombo on March […]",https://www.lankabusinessonline.com/2026/03/29/hambantota-intl-port-invests-usd-108-mn-in-new-cranes-expands-container-terminal-capacity-to-2-mn-teu/,"Hambantota Intl Port Invests USD 108 Mn in New Cranes; Expands Container Terminal Capacity To 2 Mn TEU Hambantota International Port Group (HIPG) has signed an agreement to invest USD 108 million in new container handling equipment, marking a major expansion of its container terminal capacity and reinforcing Sri Lanka’s position as an emerging logistics hub in the Indian Ocean. The agreement, signed at a ceremony held at the Hilton Colombo on March […]",,0.7783,positive
253202,2026-03-26 17:27:20,LBO,"Russian delegation in Sri Lanka for energy talks; signals fuel supply, fertilizer support, refinery interest","The Ministry of Energy said it is taking all necessary measures to ensure uninterrupted and reliable energy supplies amid disruptions linked to the ongoing conflict in the Middle East. As part of efforts to secure petroleum and coal, a high-level delegation from Russia—a major global energy supplier and longstanding ally—arrived in Sri Lanka on Thursday. […]",https://www.lankabusinessonline.com/2026/03/26/russian-delegation-in-sri-lanka-for-energy-talks-signals-fuel-supply-fertilizer-support-refinery-interest/,"Russian delegation in Sri Lanka for energy talks; signals fuel supply, fertilizer support, refinery interest The Ministry of Energy said it is taking all necessary measures to ensure uninterrupted and reliable energy supplies amid disruptions linked to the ongoing conflict in the Middle East. As part of efforts to secure petroleum and coal, a high-level delegation from Russia—a major global energy supplier and longstanding ally—arrived in Sri Lanka on Thursday. […]",,0.9132,positive
253199,2026-03-26 08:21:52,LBO,Rs. 952 Million Recovered from Decades-Old Court Productions in Landmark Cleanup,"For decades, Magistrates’ Courts and High Courts across Sri Lanka were overwhelmed with vast quantities of case productions, items seized by the police and other government authorities in connection with legal proceedings. Once taken into custody, these items were invariably handed over to the courts, which were then responsible for their safekeeping. The range of […]",https://www.lankabusinessonline.com/2026/03/26/rs-952-million-recovered-from-decades-old-court-productions-in-landmark-cleanup/,"Rs. 952 Million Recovered from Decades-Old Court Productions in Landmark Cleanup For decades, Magistrates’ Courts and High Courts across Sri Lanka were overwhelmed with vast quantities of case productions, items seized by the police and other government authorities in connection with legal proceedings. Once taken into custody, these items were invariably handed over to the courts, which were then responsible for their safekeeping. The range of […]",,0.6908,positive
253196,2026-03-26 08:11:29,LBO,"Sri Lanka’s Total Export Earnings Hit $1.4 Billion in February, Up 4.22% YoY","Sri Lanka’s total exports, including both merchandise and services, reached US$ 1,401.78 million in February 2026, reflecting a notable year-on-year growth of 4.22% compared to February 2025. According to provisional data from Sri Lanka Customs, along with estimated figures for Gems & Jewellery and Petroleum Products, merchandise exports for February 2026 increased by 1.32% to […]",https://www.lankabusinessonline.com/2026/03/26/sri-lankas-total-export-earnings-hit-1-4-billion-in-february-up-4-22-yoy/,"Sri Lanka’s Total Export Earnings Hit $1.4 Billion in February, Up 4.22% YoY Sri Lanka’s total exports, including both merchandise and services, reached US$ 1,401.78 million in February 2026, reflecting a notable year-on-year growth of 4.22% compared to February 2025. According to provisional data from Sri Lanka Customs, along with estimated figures for Gems & Jewellery and Petroleum Products, merchandise exports for February 2026 increased by 1.32% to […]",,0.6249,positive
253194,2026-03-24 07:42:51,LBO,Middle East Conflict: The Impact on Migration and Remittances in Sri Lanka,"Bilesha Weeraratne, Research Fellow, Institute of Policy Studies of Sri Lanka With the ongoing conflict in the Middle East (ME), Sri Lanka finds itself at a particularly vulnerable juncture as it carefully navigates a fragile economic recovery. Labour migration offers jobs to counteract the lack of opportunities within the economy. Related micro-level remittances prevent households […]",https://www.lankabusinessonline.com/2026/03/24/middle-east-conflict-the-impact-on-migration-and-remittances-in-sri-lanka/,"Middle East Conflict: The Impact on Migration and Remittances in Sri Lanka Bilesha Weeraratne, Research Fellow, Institute of Policy Studies of Sri Lanka With the ongoing conflict in the Middle East (ME), Sri Lanka finds itself at a particularly vulnerable juncture as it carefully navigates a fragile economic recovery. Labour migration offers jobs to counteract the lack of opportunities within the economy. Related micro-level remittances prevent households […]",,-0.5984,negative
253192,2026-03-23 10:26:59,LBO,Iran Pledges Oil Support to Sri Lanka as Colombo Seeks Alternative Supplies,"The Ambassador of Iran to Sri Lanka today reaffirmed Tehran’s willingness to support Colombo with energy supplies, even as Sri Lanka turns to other markets amid ongoing global tensions and sanctions-related constraints. At a press briefing, the ambassador was asked whether Iran would step in to assist Sri Lanka in the event of an oil […]",https://www.lankabusinessonline.com/2026/03/23/iran-pledges-oil-support-to-sri-lanka-as-colombo-seeks-alternative-supplies/,"Iran Pledges Oil Support to Sri Lanka as Colombo Seeks Alternative Supplies The Ambassador of Iran to Sri Lanka today reaffirmed Tehran’s willingness to support Colombo with energy supplies, even as Sri Lanka turns to other markets amid ongoing global tensions and sanctions-related constraints. At a press briefing, the ambassador was asked whether Iran would step in to assist Sri Lanka in the event of an oil […]",,0.7096,positive
252590,2026-03-23 07:21:29,LBO,"Opinion: Oil, Inflation and the QR System","By M. Rizwan Muzzammil Recent unrest in the Middle East has raised concerns that Sri Lanka may face a shortage of oil supply. Because oil plays such a central role in the economy—powering transportation, construction, electricity generation, and many other activities—many observers expect that such a shortage will inevitably lead to inflation. This expectation is […]",https://www.lankabusinessonline.com/2026/03/23/opinion-oil-inflation-and-the-qr-system/,"Opinion: Oil, Inflation and the QR System By M. Rizwan Muzzammil Recent unrest in the Middle East has raised concerns that Sri Lanka may face a shortage of oil supply. Because oil plays such a central role in the economy—powering transportation, construction, electricity generation, and many other activities—many observers expect that such a shortage will inevitably lead to inflation. This expectation is […]",,-0.25,negative
252586,2026-03-23 07:16:55,LBO,SEC and CSE Strengthen Role of Auditors of Watchlist Companies,"The Securities and Exchange Commission of Sri Lanka (SEC) and the Colombo Stock Exchange (CSE) jointly organized an awareness session recently, for auditors of companies which are currently on the CSE Watchlist. The session focused on enhancing awareness of enforcement actions and timelines, reducing prolonged Watchlist durations, and fostering a more coordinated regulatory approach among […]",https://www.lankabusinessonline.com/2026/03/23/sec-and-cse-strengthen-role-of-auditors-of-watchlist-companies/,"SEC and CSE Strengthen Role of Auditors of Watchlist Companies The Securities and Exchange Commission of Sri Lanka (SEC) and the Colombo Stock Exchange (CSE) jointly organized an awareness session recently, for auditors of companies which are currently on the CSE Watchlist. The session focused on enhancing awareness of enforcement actions and timelines, reducing prolonged Watchlist durations, and fostering a more coordinated regulatory approach among […]",,0.7269,positive
252012,2026-03-22 11:23:14,LBO,NDB’s GSS+ Bond Issuance Breaks New Ground with Record LKR. 16 Bn Raised,"National Development Bank PLC (NDB) commemorated raising LKR. 16 bn with its first ever issuance of BASEL III compliant GSS+ (Green, Social, Sustainable & Sustainability Linked) bonds and the country’s largest issuance of GSS+ bonds to date by way of a market opening ceremony conducted on the trading floor of the Colombo Stock Exchange (CSE) […]",https://www.lankabusinessonline.com/2026/03/22/ndbs-gss-bond-issuance-breaks-new-ground-with-record-lkr-16-bn-raised/,"NDB’s GSS+ Bond Issuance Breaks New Ground with Record LKR. 16 Bn Raised National Development Bank PLC (NDB) commemorated raising LKR. 16 bn with its first ever issuance of BASEL III compliant GSS+ (Green, Social, Sustainable & Sustainability Linked) bonds and the country’s largest issuance of GSS+ bonds to date by way of a market opening ceremony conducted on the trading floor of the Colombo Stock Exchange (CSE) […]",,0.0,neutral
252010,2026-03-22 07:24:06,LBO,Uber and PickMe urge Government to allocate higher fuel quotas,"The country’s leading app-based platforms, Uber and PickMe, have urged the government for support to keep Sri Lanka moving in light of the latest fuel constraints. Highlighting the critical role played by ride-hailing and delivery platforms in helping people access transport, food and essential services, the platforms have jointly asked for higher fuel quotas for […]",https://www.lankabusinessonline.com/2026/03/22/uber-and-pickme-urge-government-to-allocate-higher-fuel-quotas/,"Uber and PickMe urge Government to allocate higher fuel quotas The country’s leading app-based platforms, Uber and PickMe, have urged the government for support to keep Sri Lanka moving in light of the latest fuel constraints. Highlighting the critical role played by ride-hailing and delivery platforms in helping people access transport, food and essential services, the platforms have jointly asked for higher fuel quotas for […]",,0.6124,positive
252008,2026-03-21 09:45:51,LBO,Sri Lanka and Brazil Successfully agree to elevate Bilateral Trade to USD 1 Billion,"The Second Round of Bilateral Political Consultations between Sri Lanka and Brazil were held on 20th March, 2026 at the Ministry of Foreign Affairs, Foreign Employment and Tourism in Colombo, marking an important step in further strengthening the longstanding and friendly relations between the two countries. The meeting was co-chaired by Secretary to the Ministry, Aruni […]",https://www.lankabusinessonline.com/2026/03/21/sri-lanka-and-brazil-successfully-agree-to-elevate-bilateral-trade-to-usd-1-billion/,"Sri Lanka and Brazil Successfully agree to elevate Bilateral Trade to USD 1 Billion The Second Round of Bilateral Political Consultations between Sri Lanka and Brazil were held on 20th March, 2026 at the Ministry of Foreign Affairs, Foreign Employment and Tourism in Colombo, marking an important step in further strengthening the longstanding and friendly relations between the two countries. The meeting was co-chaired by Secretary to the Ministry, Aruni […]",,0.9169,positive
251924,2026-03-20 08:55:58,LBO,Oil Equilibrium: Why Global Energy Prices Could Redefine Sri Lanka’s Economic Future,"By Dr. Gayan Gunewardana (MBA, CIMA/CGMA, FRM/ GAP, AIB) & Y.K Sajani Harishchandra (MBA, ACA) 1. Introduction: When Oil Moves, Economies Shift In the modern global economy, oil is more than a commodity; it is a macroeconomic force that shapes inflation, trade balances, fiscal stability, and the pace of global growth. For Sri Lanka, the […]",https://www.lankabusinessonline.com/2026/03/20/oil-equilibrium-why-global-energy-prices-could-redefine-sri-lankas-economic-future/,"Oil Equilibrium: Why Global Energy Prices Could Redefine Sri Lanka’s Economic Future By Dr. Gayan Gunewardana (MBA, CIMA/CGMA, FRM/ GAP, AIB) & Y.K Sajani Harishchandra (MBA, ACA) 1. Introduction: When Oil Moves, Economies Shift In the modern global economy, oil is more than a commodity; it is a macroeconomic force that shapes inflation, trade balances, fiscal stability, and the pace of global growth. For Sri Lanka, the […]",,0.5719,positive
251908,2026-03-20 06:04:43,LBO,"To reach US$8 billion, Sri Lanka apparel must grow differently","By Felix Fernando, Chairman, Joint Apparel Association Forum (JAAF)  Sri Lanka’s apparel industry has earned its place in the global market through consistency, trust,and a strong reputation for ethical manufacturing. Over many years, we have shown that Sri Lanka can deliver quality, compliance, and reliability at a level that global brands value. That foundation remains […]",https://www.lankabusinessonline.com/2026/03/20/to-reach-us8-billion-sri-lanka-apparel-must-grow-differently/,"To reach US$8 billion, Sri Lanka apparel must grow differently By Felix Fernando, Chairman, Joint Apparel Association Forum (JAAF)  Sri Lanka’s apparel industry has earned its place in the global market through consistency, trust,and a strong reputation for ethical manufacturing. Over many years, we have shown that Sri Lanka can deliver quality, compliance, and reliability at a level that global brands value. That foundation remains […]",,0.8442,positive
251901,2026-03-20 05:47:17,LBO,Import Price Shocks of the Hormuz Crisis 2026: How Will This Affect Sri Lanka?,"Dr Asanka Wijesinghe, Research Fellow, Institute of Policy Studies of Sri Lanka The closure of the Strait of Hormuz has unsettled global energy markets. According to the International Energy Agency (IEA), 20 Mn barrels of crude oil products were transported through the Strait in 2025, which accounted for a quarter of the world’s daily energy […]",https://www.lankabusinessonline.com/2026/03/20/import-price-shocks-of-the-hormuz-crisis-2026-how-will-this-affect-sri-lanka/,"Import Price Shocks of the Hormuz Crisis 2026: How Will This Affect Sri Lanka? Dr Asanka Wijesinghe, Research Fellow, Institute of Policy Studies of Sri Lanka The closure of the Strait of Hormuz has unsettled global energy markets. According to the International Energy Agency (IEA), 20 Mn barrels of crude oil products were transported through the Strait in 2025, which accounted for a quarter of the world’s daily energy […]",,-0.8126,negative
251899,2026-03-20 05:39:58,LBO,IMF Team Set to Visit Colombo for Crucial Dual Review,"The International Monetary Fund (IMF) has confirmed that a staff team led by Mission Chief Evan Papageorgiou will visit Colombo from March 26 to April 9, 2026. This mission is designed to facilitate high-level discussions with Sri Lankan authorities regarding the nation’s ongoing economic recovery and policy trajectory. The visit marks a critical juncture for […]",https://www.lankabusinessonline.com/2026/03/20/imf-team-set-to-visit-colombo-for-crucial-dual-review/,"IMF Team Set to Visit Colombo for Crucial Dual Review The International Monetary Fund (IMF) has confirmed that a staff team led by Mission Chief Evan Papageorgiou will visit Colombo from March 26 to April 9, 2026. This mission is designed to facilitate high-level discussions with Sri Lankan authorities regarding the nation’s ongoing economic recovery and policy trajectory. The visit marks a critical juncture for […]",,-0.3182,negative
251827,2026-03-19 09:13:51,LBO,Banks to maintain uninterrupted services; SLBA urges public to use digital channels,"The Sri Lanka Banks’ Association (SLBA) has assured the public that banks will continue to operate on all five weekdays as an essential service, despite the temporary measures introduced to conserve fuel and energy resources. Accordingly, banks will remain open from Monday to Friday, including Wednesdays, with operations on Wednesdays limited to the hours of […]",https://www.lankabusinessonline.com/2026/03/19/banks-to-maintain-uninterrupted-services-slba-urges-public-to-use-digital-channels/,"Banks to maintain uninterrupted services; SLBA urges public to use digital channels The Sri Lanka Banks’ Association (SLBA) has assured the public that banks will continue to operate on all five weekdays as an essential service, despite the temporary measures introduced to conserve fuel and energy resources. Accordingly, banks will remain open from Monday to Friday, including Wednesdays, with operations on Wednesdays limited to the hours of […]",,0.4019,positive
251825,2026-03-19 07:53:31,LBO,VIDEO: Petrodollar Under Threat? Iran’s Petro-Yuan Oil Plan Via Hormuz | Explained,"Iran may be considering a dramatic economic counterstrike in the escalating US-Iran conflict — targeting the very foundation of Washington’s global financial power: the petrodollar system. Reports suggest Tehran could allow oil tankers to pass through the Strait of Hormuz only if transactions are settled in Chinese yuan, a move that could challenge decades of […]",https://www.lankabusinessonline.com/2026/03/19/video-petrodollar-under-threat-irans-petro-yuan-oil-plan-via-hormuz-explained/,"VIDEO: Petrodollar Under Threat? Iran’s Petro-Yuan Oil Plan Via Hormuz | Explained Iran may be considering a dramatic economic counterstrike in the escalating US-Iran conflict — targeting the very foundation of Washington’s global financial power: the petrodollar system. Reports suggest Tehran could allow oil tankers to pass through the Strait of Hormuz only if transactions are settled in Chinese yuan, a move that could challenge decades of […]",,-0.5423,negative
251821,2026-03-19 04:37:30,LBO,EDB Chairman Announces Fast-Track Fuel Supply for Exporters Amid Fuel Shortage,"In a critical response to Sri Lanka’s escalating fuel shortages driven by Middle East tensions and QR rationing, Export Development Board (EDB) Chairman Mangala Wijesinghe has highlighted a priority program to ensure exporters receive their essential fuel stocks without delay. Treating the export sector as the nation’s top priority, this government-backed initiative aims to shield […]",https://www.lankabusinessonline.com/2026/03/19/edb-chairman-announces-fast-track-fuel-supply-for-exporters-amid-fuel-shortage/,"EDB Chairman Announces Fast-Track Fuel Supply for Exporters Amid Fuel Shortage In a critical response to Sri Lanka’s escalating fuel shortages driven by Middle East tensions and QR rationing, Export Development Board (EDB) Chairman Mangala Wijesinghe has highlighted a priority program to ensure exporters receive their essential fuel stocks without delay. Treating the export sector as the nation’s top priority, this government-backed initiative aims to shield […]",,-0.3045,negative
251815,2026-03-17 19:08:05,LBO,Sri Lanka’s Economy Hits 5% Growth in 2025; 4.8% Expansion in Q4,"The Department of Census and Statistics (DCS) of Sri Lanka has reported a 5.0% GDP growth rate for 2025, with the economy expanding to Rs. 13,128,577 million at constant prices. This positive momentum was supported by a final fourth-quarter growth rate of 4.8%. In nominal terms, the GDP at current prices rose by 8.8% to […]",https://www.lankabusinessonline.com/2026/03/17/sri-lankas-economy-hits-5-growth-in-2025-4-8-expansion-in-q4/,"Sri Lanka’s Economy Hits 5% Growth in 2025; 4.8% Expansion in Q4 The Department of Census and Statistics (DCS) of Sri Lanka has reported a 5.0% GDP growth rate for 2025, with the economy expanding to Rs. 13,128,577 million at constant prices. This positive momentum was supported by a final fourth-quarter growth rate of 4.8%. In nominal terms, the GDP at current prices rose by 8.8% to […]",,0.9239,positive
251811,2026-03-17 11:27:57,LBO,"Macrofinancial Strength Drives Credit Surge in 2025, But Risks Loom: CBSL","Sri Lanka’s macrofinancial conditions strengthened throughout 2025, fueling a major expansion in credit despite persistent external vulnerabilities. According to recent year-end data, the financial sector has shifted its focus heavily toward the private sector, supported by a broad-based recovery and accommodative monetary policy. The banking sector saw credit growth accelerate to 21.4% year-on-year by the […]",https://www.lankabusinessonline.com/2026/03/17/macrofinancial-strength-drives-credit-surge-in-2025-but-risks-loom-cbsl/,"Macrofinancial Strength Drives Credit Surge in 2025, But Risks Loom: CBSL Sri Lanka’s macrofinancial conditions strengthened throughout 2025, fueling a major expansion in credit despite persistent external vulnerabilities. According to recent year-end data, the financial sector has shifted its focus heavily toward the private sector, supported by a broad-based recovery and accommodative monetary policy. The banking sector saw credit growth accelerate to 21.4% year-on-year by the […]",,0.9502,positive
251804,2026-03-17 02:31:02,LBO,"World Wildlife Day 2026: From rescue to rewilding, Kalo’s journey continues","He arrived at the Elephant Transit Home in Udawalawe on March 23, 2024, barely eightmonths old. Kalo had spent an unknown number of days trapped at the bottom of anabandoned well near Galenbidunuwewa in Sri Lanka’s Anuradhapura District, separatedfrom the herd he had lost. When wildlife officers from the Department of WildlifeConservation pulled him out, […]",https://www.lankabusinessonline.com/2026/03/17/world-wildlife-day-2026-from-rescue-to-rewilding-kalos-journey-continues/,"World Wildlife Day 2026: From rescue to rewilding, Kalo’s journey continues He arrived at the Elephant Transit Home in Udawalawe on March 23, 2024, barely eightmonths old. Kalo had spent an unknown number of days trapped at the bottom of anabandoned well near Galenbidunuwewa in Sri Lanka’s Anuradhapura District, separatedfrom the herd he had lost. When wildlife officers from the Department of WildlifeConservation pulled him out, […]",,-0.0,neutral
251802,2026-03-16 11:30:51,LBO,Ceylon Chamber Urges Measures to Safeguard Economic Stability Amid Global Uncertainty,"The evolving global situation and the escalating conflict in the Middle East requires coordinated measures to safeguard economic stability. The Ceylon Chamber remains ready to work with the Government in addressing potential economic risks and has outlined detailed policy recommendations. The Chamber, in its submission of 11 March 2026, recommended a number of policy measures […]",https://www.lankabusinessonline.com/2026/03/16/ceylon-chamber-urges-measures-to-safeguard-economic-stability-amid-global-uncertainty/,"Ceylon Chamber Urges Measures to Safeguard Economic Stability Amid Global Uncertainty The evolving global situation and the escalating conflict in the Middle East requires coordinated measures to safeguard economic stability. The Ceylon Chamber remains ready to work with the Government in addressing potential economic risks and has outlined detailed policy recommendations. The Chamber, in its submission of 11 March 2026, recommended a number of policy measures […]",,0.4588,positive
251797,2026-03-16 07:52:35,LBO,"Sri Lanka advocates for immediate de-escalation of tensions in the Middle East and West Asia, and calls for global peace","Sri Lanka is deeply concerned by the rapidly escalating situation in the Middle East and West Asia, which poses a direct threat to the civilian population. We are saddened by the tragic loss of civilian life and condemn any attacks against civilians and civilian infrastructure. Sri Lanka underscores that the protection of civilians on all […]",https://www.lankabusinessonline.com/2026/03/16/sri-lanka-advocates-for-immediate-de-escalation-of-tensions-in-the-middle-east-and-west-asia-and-calls-for-global-peace/,"Sri Lanka advocates for immediate de-escalation of tensions in the Middle East and West Asia, and calls for global peace Sri Lanka is deeply concerned by the rapidly escalating situation in the Middle East and West Asia, which poses a direct threat to the civilian population. We are saddened by the tragic loss of civilian life and condemn any attacks against civilians and civilian infrastructure. Sri Lanka underscores that the protection of civilians on all […]",,-0.9413,negative
251795,2026-03-16 06:33:53,LBO,Sri Lanka and Indonesia Further Strengthen Defence Cooperation,"On 12 March 2026, Ambassador-designate of Sri Lanka to Indonesia Sashikala Premawardhane paid a courtesy call on Secretary General of the Ministry of Defence of the Republic of Indonesia, Lieutenant General Tri Budi Utomo, and discussed avenues to further strengthen defence and security cooperation between Sri Lanka and Indonesia. The discussion focused on the early […]",https://www.lankabusinessonline.com/2026/03/16/sri-lanka-and-indonesia-further-strengthen-defence-cooperation/,"Sri Lanka and Indonesia Further Strengthen Defence Cooperation On 12 March 2026, Ambassador-designate of Sri Lanka to Indonesia Sashikala Premawardhane paid a courtesy call on Secretary General of the Ministry of Defence of the Republic of Indonesia, Lieutenant General Tri Budi Utomo, and discussed avenues to further strengthen defence and security cooperation between Sri Lanka and Indonesia. The discussion focused on the early […]",,0.9062,positive
251787,2026-03-15 14:03:17,LBO,Sri Lanka Reintroduces Fuel Rationing via QR Amid Supply Disruptions,"The Ministry of Energy has announced the immediate reintroduction of the National Fuel Pass (QR code) system, effective from 6:00 AM on March 15, 2026. The decision follows a surge in domestic demand and ongoing disruptions to Middle Eastern supply routes caused by regional conflict. Government officials stated the move is necessary to manage existing […]",https://www.lankabusinessonline.com/2026/03/15/sri-lanka-reintroduces-fuel-rationing-via-qr-amid-supply-disruptions/,"Sri Lanka Reintroduces Fuel Rationing via QR Amid Supply Disruptions The Ministry of Energy has announced the immediate reintroduction of the National Fuel Pass (QR code) system, effective from 6:00 AM on March 15, 2026. The decision follows a surge in domestic demand and ongoing disruptions to Middle Eastern supply routes caused by regional conflict. Government officials stated the move is necessary to manage existing […]",,-0.34,negative
251784,2026-03-15 13:50:21,LBO,PickMe calls for higher fuel allocations to ride-hailing and taxi services,"PickMe has called for higher fuel allocations to ride-hailing and taxi services during rationing periods, arguing that shared mobility maximises scarce resources, sustains daily economic activity, and protects driver livelihoods. Sri Lanka faces renewed global uncertainty over energy supplies. While not a repeat of the recent fuel crisis, the situation highlights the need for efficient […]",https://www.lankabusinessonline.com/2026/03/15/pickme-urges-review-of-taxi-and-ride-hailing-fuel-quotas/,"PickMe calls for higher fuel allocations to ride-hailing and taxi services PickMe has called for higher fuel allocations to ride-hailing and taxi services during rationing periods, arguing that shared mobility maximises scarce resources, sustains daily economic activity, and protects driver livelihoods. Sri Lanka faces renewed global uncertainty over energy supplies. While not a repeat of the recent fuel crisis, the situation highlights the need for efficient […]",,0.0,neutral
251776,2026-03-13 10:14:52,LBO,Caltex Abimani strengthens the next generation of women in STEM,"Chevron Lubricants Lanka PLC, in collaboration with the Ceylon German Technical Training Institute, proudly launched Caltex Abimani Women in STEM, a corporate social responsibility initiative designed to empower young Sri Lankan women pursuing education in science, technology, engineering and mathematics (STEM). The initiative highlights Chevron’s commitment to diversity and inclusion. The program supports deserving students […]",https://www.lankabusinessonline.com/2026/03/13/caltex-abimani-strengthens-the-next-generation-of-women-in-stem/,"Caltex Abimani strengthens the next generation of women in STEM Chevron Lubricants Lanka PLC, in collaboration with the Ceylon German Technical Training Institute, proudly launched Caltex Abimani Women in STEM, a corporate social responsibility initiative designed to empower young Sri Lankan women pursuing education in science, technology, engineering and mathematics (STEM). The initiative highlights Chevron’s commitment to diversity and inclusion. The program supports deserving students […]",,0.9042,positive
251768,2026-03-13 08:08:01,LBO,Fortune GP Farms strengthens poultry sector performance through global collaboration,"Reinforcing its commitment to advancing measurable production standards across Sri Lanka’s poultry value chain, G P Farms Lanka Limited, which is a joint-venture between Bairaha Farms PLC and Crysbro group, recently conducted a two-day technical workshop/seminar in collaboration with global breeding leader Cobb Vantress. The programme brought together technical specialists from Cobb Vantress operations in […]",https://www.lankabusinessonline.com/2026/03/13/fortune-gp-farms-strengthens-poultry-sector-performance-through-global-collaboration/,"Fortune GP Farms strengthens poultry sector performance through global collaboration Reinforcing its commitment to advancing measurable production standards across Sri Lanka’s poultry value chain, G P Farms Lanka Limited, which is a joint-venture between Bairaha Farms PLC and Crysbro group, recently conducted a two-day technical workshop/seminar in collaboration with global breeding leader Cobb Vantress. The programme brought together technical specialists from Cobb Vantress operations in […]",,0.7269,positive
251766,2026-03-12 13:52:24,LBO,Protecting Public Interest: Why Mid Month Revisions & Targeted Welfare are Vital to Defeating Fuel Hoarding,"Advocata’s opinion on recent fuel price hike We commend the Government’s decisive move to revise fuel prices mid-month without prior notice. This action protected consumers from artificial scarcity and market manipulation. By breaking the traditional end of month cycle, the Government removed incentives for hoarding by both consumers and retailers. Had the Government waited until […]",https://www.lankabusinessonline.com/2026/03/12/protecting-public-interest-why-mid-month-revisions-targeted-welfare-are-vital-to-defeating-fuel-hoarding/,"Protecting Public Interest: Why Mid Month Revisions & Targeted Welfare are Vital to Defeating Fuel Hoarding Advocata’s opinion on recent fuel price hike We commend the Government’s decisive move to revise fuel prices mid-month without prior notice. This action protected consumers from artificial scarcity and market manipulation. By breaking the traditional end of month cycle, the Government removed incentives for hoarding by both consumers and retailers. Had the Government waited until […]",,0.8555,positive
251764,2026-03-12 06:07:58,LBO,World Growth to Continue at Steady Pace if Oil Price Shock Short-Lived,"Global economic growth should be steady this year provided the current oil price shock is not prolonged, Fitch Ratings says in its latest March 2026 Global Economic Outlook (GEO). The world economy has held up well despite a succession of geopolitical and US policy shocks. World growth was 2.7% last year, close to its long-run […]",https://www.lankabusinessonline.com/2026/03/12/world-growth-to-continue-at-steady-pace-if-oil-price-shock-short-lived/,"World Growth to Continue at Steady Pace if Oil Price Shock Short-Lived Global economic growth should be steady this year provided the current oil price shock is not prolonged, Fitch Ratings says in its latest March 2026 Global Economic Outlook (GEO). The world economy has held up well despite a succession of geopolitical and US policy shocks. World growth was 2.7% last year, close to its long-run […]",,0.1301,positive
251761,2026-03-12 06:03:58,LBO,Sri Lanka Among First Countries Globally to Advance Large-scale Biodiversity Action with Kunming Biodiversity Fund Project,"Sri Lanka has been endorsed for a project under the Kunming Biodiversity Fund (KBF), positioning the country among the first globally to move into large-scale implementation of the Kunming-Montreal Global Biodiversity Framework. The milestone marks a significant step in translating global biodiversity commitments into coordinated national action. The KBF project proposal was formally signed by […]",https://www.lankabusinessonline.com/2026/03/12/sri-lanka-among-first-countries-globally-to-advance-large-scale-biodiversity-action-with-kunming-biodiversity-fund-project/,"Sri Lanka Among First Countries Globally to Advance Large-scale Biodiversity Action with Kunming Biodiversity Fund Project Sri Lanka has been endorsed for a project under the Kunming Biodiversity Fund (KBF), positioning the country among the first globally to move into large-scale implementation of the Kunming-Montreal Global Biodiversity Framework. The milestone marks a significant step in translating global biodiversity commitments into coordinated national action. The KBF project proposal was formally signed by […]",,0.5106,positive
251756,2026-03-11 09:47:24,LBO,A road map to net zero for Sri Lanka’s plantation sector,"With the heighted consensus on the need for climate change mitigation and adaption, the SriLankan plantation industry is now faced with one of the most consequential transformations inits 172 year history as a growing segment of the industry plots a course for Net Zero emissions.With global buyers, financiers and regulators push for low-carbon supply chains, […]",https://www.lankabusinessonline.com/2026/03/11/a-road-map-to-net-zero-for-sri-lankas-plantation-sector/,"A road map to net zero for Sri Lanka’s plantation sector With the heighted consensus on the need for climate change mitigation and adaption, the SriLankan plantation industry is now faced with one of the most consequential transformations inits 172 year history as a growing segment of the industry plots a course for Net Zero emissions.With global buyers, financiers and regulators push for low-carbon supply chains, […]",,0.1779,positive
251753,2026-03-11 09:36:22,LBO,"ADB President welcomes Sri Lanka Prime Minister, Reaffirms support for recovery and reform","Asian Development Bank (ADB) President Masato Kanda met today with Sri Lanka Prime Minister Harini Amarasuriya at ADB’s Manila headquarters. The meeting reaffirmed the strong development partnership between ADB and Sri Lanka, with both leaders underscoring their commitment to post-cyclone recovery, inclusive growth, and advancing women’s equality. “Sri Lanka’s resilience in the face of crises […]",https://www.lankabusinessonline.com/2026/03/11/adb-president-welcomes-sri-lanka-prime-minister-reaffirms-support-for-recovery-and-reform/,"ADB President welcomes Sri Lanka Prime Minister, Reaffirms support for recovery and reform Asian Development Bank (ADB) President Masato Kanda met today with Sri Lanka Prime Minister Harini Amarasuriya at ADB’s Manila headquarters. The meeting reaffirmed the strong development partnership between ADB and Sri Lanka, with both leaders underscoring their commitment to post-cyclone recovery, inclusive growth, and advancing women’s equality. “Sri Lanka’s resilience in the face of crises […]",,0.9169,positive
251751,2026-03-11 08:11:55,LBO,"AI-Related Risks Rising for Software, Media, and Services Corporates: Fitch Ratings","Elevated AI-driven credit risks are concentrated in three technology, media and telecommunications (TMT) sectors, with software, media and services facing rising disruption risk while overinvestment risk remains largely confined to hyperscalers and select cloud providers, according to a new Fitch Ratings report. Asset-light businesses where value is driven by intangibles such as software, IP, brands […]",https://www.lankabusinessonline.com/2026/03/11/ai-related-risks-rising-for-software-media-and-services-corporates-fitch-ratings/,"AI-Related Risks Rising for Software, Media, and Services Corporates: Fitch Ratings Elevated AI-driven credit risks are concentrated in three technology, media and telecommunications (TMT) sectors, with software, media and services facing rising disruption risk while overinvestment risk remains largely confined to hyperscalers and select cloud providers, according to a new Fitch Ratings report. Asset-light businesses where value is driven by intangibles such as software, IP, brands […]",,-0.5994,negative
251746,2026-03-11 05:06:06,LBO,Sri Lanka’s national Terrorist Financing risk assessed as medium-high: National Risk Assessment 2024/25,"Sri Lanka has successfully completed the National Risk Assessment (NRA) 2024/25 on Money Laundering (ML), Terrorist Financing (TF) and Proliferation Financing (PF), in collaboration with a total of 86 governmental organizations, regulatory bodies and private sector institutions. Accordingly, the country’s national Terrorist Financing (TF) risk, a combination of TF threat and vulnerability, was assessed as […]",https://www.lankabusinessonline.com/2026/03/11/sri-lankas-national-terrorist-financing-risk-assessed-as-medium-high-national-risk-assessment-2024-25/,"Sri Lanka’s national Terrorist Financing risk assessed as medium-high: National Risk Assessment 2024/25 Sri Lanka has successfully completed the National Risk Assessment (NRA) 2024/25 on Money Laundering (ML), Terrorist Financing (TF) and Proliferation Financing (PF), in collaboration with a total of 86 governmental organizations, regulatory bodies and private sector institutions. Accordingly, the country’s national Terrorist Financing (TF) risk, a combination of TF threat and vulnerability, was assessed as […]",,-0.9787,negative
251742,2026-03-11 04:48:51,LBO,CSE Provides Capital Market Access to Kegalle with New Branch,"The Colombo Stock Exchange (CSE) officially opened its Kegalle Branch to the public, further strengthening its countrywide presence. The branch was inaugurated by Chairman of the Securities and Exchange Commission of Sri Lanka (SEC) Senior Professor D.B.P.H Dissabandara, Director of the Colombo Stock Exchange (CSE) Mr. Kosala Gamage and Chief Executive Officer of CSE Mr. […]",https://www.lankabusinessonline.com/2026/03/11/cse-provides-capital-market-access-to-kegalle-with-new-branch/,"CSE Provides Capital Market Access to Kegalle with New Branch The Colombo Stock Exchange (CSE) officially opened its Kegalle Branch to the public, further strengthening its countrywide presence. The branch was inaugurated by Chairman of the Securities and Exchange Commission of Sri Lanka (SEC) Senior Professor D.B.P.H Dissabandara, Director of the Colombo Stock Exchange (CSE) Mr. Kosala Gamage and Chief Executive Officer of CSE Mr. […]",,0.6597,positive
251737,2026-03-10 09:34:10,LBO,"APHNH President Raveen Wickremesinghe on trust, standards and collaboration","Sri Lanka’s private healthcare sector is being asked to expand capacity while rebuilding public trust. In this interview, Raveen Wickremesinghe, President of the Association of Private Hospitals and Nursing Homes (APHNH), sets out an evidence-led agenda for the new term, focused on clearer standards, ethical safeguards, and closer alignment with national health priorities. He notes […]",https://www.lankabusinessonline.com/2026/03/10/aphnh-president-raveen-wickremesinghe-on-trust-standards-and-collaboration/,"APHNH President Raveen Wickremesinghe on trust, standards and collaboration Sri Lanka’s private healthcare sector is being asked to expand capacity while rebuilding public trust. In this interview, Raveen Wickremesinghe, President of the Association of Private Hospitals and Nursing Homes (APHNH), sets out an evidence-led agenda for the new term, focused on clearer standards, ethical safeguards, and closer alignment with national health priorities. He notes […]",,0.9451,positive
251730,2026-03-10 09:26:25,LBO,Interview with Rajitha Jayasuriya of Fairway Holdings,"As the island economy continues to progress along the road to recovery, the real estate sectoris gathering momentum in terms of its contribution to the construction sector as well as theeconomy as a whole. Several new developments are leading the way from the supply-side ofthe market. Today, we have the distinct pleasure of speaking with […]",https://www.lankabusinessonline.com/2026/03/10/interview-with-rajitha-jayasuriya-of-fairway-holdings/,"Interview with Rajitha Jayasuriya of Fairway Holdings As the island economy continues to progress along the road to recovery, the real estate sectoris gathering momentum in terms of its contribution to the construction sector as well as theeconomy as a whole. Several new developments are leading the way from the supply-side ofthe market. Today, we have the distinct pleasure of speaking with […]",,0.8225,positive
251727,2026-03-10 07:53:40,LBO,Sri Lanka Exporters Invited to Apply for Sri Lanka Expo 2026 International Trade Exhibition,"The Sri Lanka Export Development Board (EDB) has made an announcement to the Sri Lankan export community that the ‘Sri Lanka Expo 2026’, an international trade exhibition, will be organised with the primary objective of connecting local businesses with international buyers and investors. This major exhibition is scheduled to be held over four days from […]",https://www.lankabusinessonline.com/2026/03/10/sri-lanka-exporters-invited-to-apply-for-sri-lanka-expo-2026-international-trade-exhibition/,"Sri Lanka Exporters Invited to Apply for Sri Lanka Expo 2026 International Trade Exhibition The Sri Lanka Export Development Board (EDB) has made an announcement to the Sri Lankan export community that the ‘Sri Lanka Expo 2026’, an international trade exhibition, will be organised with the primary objective of connecting local businesses with international buyers and investors. This major exhibition is scheduled to be held over four days from […]",,0.0,neutral
251725,2026-03-09 11:56:46,LBO,The New Silk Route: Geopolitical Turbulence and the Strategic Opportunity for SriLanka’s Aviation Assets,"By Riyad Riffai The escalating tensions involving Iran, the United States, and Israel have once again exposed the fragility of the global aviation map. For three decades, the great Middle Eastern “super-connectors” Emirates, Qatar Airways, and Etihad Airways built a dominant global network on the promise of geographic efficiency, linking Europe, Asia, Africa, and Australasia […]",https://www.lankabusinessonline.com/2026/03/09/the-new-silk-route-geopolitical-turbulence-and-the-strategic-opportunity-for-srilankas-aviation-assets/,"The New Silk Route: Geopolitical Turbulence and the Strategic Opportunity for SriLanka’s Aviation Assets By Riyad Riffai The escalating tensions involving Iran, the United States, and Israel have once again exposed the fragility of the global aviation map. For three decades, the great Middle Eastern “super-connectors” Emirates, Qatar Airways, and Etihad Airways built a dominant global network on the promise of geographic efficiency, linking Europe, Asia, Africa, and Australasia […]",,0.9042,positive
251723,2026-03-09 05:05:17,LBO,Advocata Institute Highlights Regulatory Barrier Limiting Women’s Overtime Earnings,"Advocata Institute says that, a regulatory barrier prevents Sri Lankan women achieving pay parity with their male counterparts despite recent legislative amendments have opened doors for women to work night shifts.  Despite the 2024 and 2026 liberalizations of the Shop and Office Employees Act (SOEA), which allowed women over 18 to work night shifts in […]",https://www.lankabusinessonline.com/2026/03/09/advocata-institute-highlights-regulatory-barrier-limiting-womens-overtime-earnings/,"Advocata Institute Highlights Regulatory Barrier Limiting Women’s Overtime Earnings Advocata Institute says that, a regulatory barrier prevents Sri Lankan women achieving pay parity with their male counterparts despite recent legislative amendments have opened doors for women to work night shifts.  Despite the 2024 and 2026 liberalizations of the Shop and Office Employees Act (SOEA), which allowed women over 18 to work night shifts in […]",,-0.2732,negative
251721,2026-03-09 04:57:20,LBO,Iran Conflict Raises New Credit Risks for Emerging Market Sovereigns: Fitch Ratings,"The Iran conflict could raise additional challenges for some emerging market sovereigns, through such channels as energy imports, remittances, fiscal subsidies, exchange rates and access to international finance, Fitch Ratings says. Hydrocarbon exporters could see positive effects. Under our baseline, in which the effective closure of the Strait of Hormuz lasts less than a month […]",https://www.lankabusinessonline.com/2026/03/09/iran-conflict-raises-new-credit-risks-for-emerging-market-sovereigns-fitch-ratings/,"Iran Conflict Raises New Credit Risks for Emerging Market Sovereigns: Fitch Ratings The Iran conflict could raise additional challenges for some emerging market sovereigns, through such channels as energy imports, remittances, fiscal subsidies, exchange rates and access to international finance, Fitch Ratings says. Hydrocarbon exporters could see positive effects. Under our baseline, in which the effective closure of the Strait of Hormuz lasts less than a month […]",,0.7184,positive
251719,2026-03-06 05:07:48,LBO,CDS Accounts on the Increase. Crosses One Million Accounts,"Central Depository Systems (Pvt) Ltd (CDS), a subsidiary of the Colombo Stock Exchange (CSE), has reached a milestone as total registered accounts surpassed the 1 million mark. This achievement coincides with the approach of the organization’s 35th anniversary in September 2026, marking three and a half decades of providing depository infrastructure for the Sri Lankan […]",https://www.lankabusinessonline.com/2026/03/06/cds-accounts-on-the-increase-crosses-one-million-accounts/,"CDS Accounts on the Increase. Crosses One Million Accounts Central Depository Systems (Pvt) Ltd (CDS), a subsidiary of the Colombo Stock Exchange (CSE), has reached a milestone as total registered accounts surpassed the 1 million mark. This achievement coincides with the approach of the organization’s 35th anniversary in September 2026, marking three and a half decades of providing depository infrastructure for the Sri Lankan […]",,0.4019,positive
251716,2026-03-06 05:03:43,LBO,Risks of Middle East Aviation Disruption Rise the Longer It Lasts,"The duration of the aviation disruption following the attacks launched by Israel and the US on Iran on 28 February and Iran’s subsequent attacks on countries in the region, will be fundamental to determining the implications for affected sectors, including airlines, airports, lodging, insurance and lessors, Fitch Ratings says. Our baseline expectation that the conflict […]",https://www.lankabusinessonline.com/2026/03/06/risks-of-middle-east-aviation-disruption-rise-the-longer-it-lasts/,"Risks of Middle East Aviation Disruption Rise the Longer It Lasts The duration of the aviation disruption following the attacks launched by Israel and the US on Iran on 28 February and Iran’s subsequent attacks on countries in the region, will be fundamental to determining the implications for affected sectors, including airlines, airports, lodging, insurance and lessors, Fitch Ratings says. Our baseline expectation that the conflict […]",,-0.9231,negative
251713,2026-03-06 03:51:30,LBO,VIDEO: Should India Criticise US Attack on Iranian Warship Near Sri Lanka?,Outrage is growing in India after the US military sunk an Iranian warship near Sri Lanka in the Indian ocean. The warship had been in India to take part in the International Maritime Fleet Review and the MILAN multi-nationals drills. Was the US attack an affront to India? Should India criticise it?,https://www.lankabusinessonline.com/2026/03/06/video-should-india-criticise-us-attack-on-iranian-warship-near-sri-lanka/,VIDEO: Should India Criticise US Attack on Iranian Warship Near Sri Lanka? Outrage is growing in India after the US military sunk an Iranian warship near Sri Lanka in the Indian ocean. The warship had been in India to take part in the International Maritime Fleet Review and the MILAN multi-nationals drills. Was the US attack an affront to India? Should India criticise it?,,-0.9534,negative
251711,2026-03-05 10:13:55,LBO,Emirates Scales Back Operations Amid Partial Airspace Reopening,"Dubai-based carrier Emirates has confirmed it is running a reduced flight schedule until further notice, following the partial reopening of regional airspace. The airline emphasized that safety remains its top priority as it gradually rebuilds operations. On March 5 and 6, more than 100 flights are scheduled to depart from and return to Dubai. These […]",https://www.lankabusinessonline.com/2026/03/05/emirates-scales-back-operations-amid-partial-airspace-reopening/,"Emirates Scales Back Operations Amid Partial Airspace Reopening Dubai-based carrier Emirates has confirmed it is running a reduced flight schedule until further notice, following the partial reopening of regional airspace. The airline emphasized that safety remains its top priority as it gradually rebuilds operations. On March 5 and 6, more than 100 flights are scheduled to depart from and return to Dubai. These […]",,0.5574,positive
251706,2026-03-05 07:23:51,LBO,Opinion: The Unlocked Potential of Ageing and Silver Economy in Sri Lanka,"By Dr Bilesha Weeraratne With over 18% already aged 60 and above—and one in four projected to be 60 or older by 2041—the Sri Lankan population is rapidly ageing. IF harnessed effectively, the elderly population and the related Silver Economy have great potential to contribute to Sri Lanka’s economy. This blog analyses the challenges and […]",https://www.lankabusinessonline.com/2026/03/05/opinion-the-unlocked-potential-of-ageing-and-silver-economy-in-sri-lanka/,"Opinion: The Unlocked Potential of Ageing and Silver Economy in Sri Lanka By Dr Bilesha Weeraratne With over 18% already aged 60 and above—and one in four projected to be 60 or older by 2041—the Sri Lankan population is rapidly ageing. IF harnessed effectively, the elderly population and the related Silver Economy have great potential to contribute to Sri Lanka’s economy. This blog analyses the challenges and […]",,0.8074,positive
251690,2026-03-03 09:50:16,LBO,CFA Society Sri Lanka and Frontier Research Announce “Economics in Practice” Learning Programme,"CFA Society Sri Lanka, in collaboration with Frontier Research Pvt Ltd, has announced a half-day executive learning programme titled “Economics in Practice.” The programme will be held on Thursday, 12 March 2026, from 8:30 a.m. to 12:30 p.m. at the Courtyard by Marriott Colombo City Centre. The programme aims to help professionals understand economic developments […]",https://www.lankabusinessonline.com/2026/03/03/cfa-society-sri-lanka-and-frontier-research-announce-economics-in-practice-learning-programme/,"CFA Society Sri Lanka and Frontier Research Announce “Economics in Practice” Learning Programme CFA Society Sri Lanka, in collaboration with Frontier Research Pvt Ltd, has announced a half-day executive learning programme titled “Economics in Practice.” The programme will be held on Thursday, 12 March 2026, from 8:30 a.m. to 12:30 p.m. at the Courtyard by Marriott Colombo City Centre. The programme aims to help professionals understand economic developments […]",,0.4019,positive
251687,2026-03-03 05:21:48,LBO,Sri Lanka ranks 20th globally for web-based cyber threats in 2025: Kaspersky,"Sri Lanka continues to face significant cybersecurity challenges, with 30.4% of internet users experiencing web-borne cyberattacks in 2025, according to the latest Kaspersky Security Bulletin. The report places Sri Lanka in the 20th position globally when it comes to dangers associated with surfing the web. During the January-December 2025 period, Kaspersky products detected 9,153,362 different […]",https://www.lankabusinessonline.com/2026/03/03/sri-lanka-ranks-20th-globally-for-web-based-cyber-threats-in-2025-kaspersky/,"Sri Lanka ranks 20th globally for web-based cyber threats in 2025: Kaspersky Sri Lanka continues to face significant cybersecurity challenges, with 30.4% of internet users experiencing web-borne cyberattacks in 2025, according to the latest Kaspersky Security Bulletin. The report places Sri Lanka in the 20th position globally when it comes to dangers associated with surfing the web. During the January-December 2025 period, Kaspersky products detected 9,153,362 different […]",,-0.3612,negative
251683,2026-03-02 15:15:23,LBO,"HIP Expands RoRo Capacity with New Yard, Strengthening Position on East–West Trade Lane","Hambantota International Port (HIP) has commissioned a new six-hectare Roll-on/Roll-off (RoRo) yard as part of Stage I of Phase II of its RoRo yard expansion programme, marking a significant step in the port’s long-term automotive transhipment strategy. The newly completed yard increases vehicle parking capacity to 4,500 units per terminal space, easing pressure on existing […]",https://www.lankabusinessonline.com/2026/03/02/hip-expands-roro-capacity-with-new-yard-strengthening-position-on-east-west-trade-lane/,"HIP Expands RoRo Capacity with New Yard, Strengthening Position on East–West Trade Lane Hambantota International Port (HIP) has commissioned a new six-hectare Roll-on/Roll-off (RoRo) yard as part of Stage I of Phase II of its RoRo yard expansion programme, marking a significant step in the port’s long-term automotive transhipment strategy. The newly completed yard increases vehicle parking capacity to 4,500 units per terminal space, easing pressure on existing […]",,0.6369,positive
251681,2026-03-02 15:05:29,LBO,Fitch Publishes ‘AAA(lka)’ Rating on Hayleys’ Proposed Debentures,"Fitch Ratings has published the National Long-Term Rating of ‘AAA(lka)’ assigned to Hayleys PLC’s proposed unsecured senior redeemable debentures of up to LKR7 billion. The debentures are rated in line with Hayleys’ National Long-Term Rating and existing unsecured notes. This is because subordination risk to debenture holders from debt at subsidiaries is limited, provided the […]",https://www.lankabusinessonline.com/2026/03/02/fitch-publishes-aaalka-rating-on-hayleys-proposed-debentures/,"Fitch Publishes ‘AAA(lka)’ Rating on Hayleys’ Proposed Debentures Fitch Ratings has published the National Long-Term Rating of ‘AAA(lka)’ assigned to Hayleys PLC’s proposed unsecured senior redeemable debentures of up to LKR7 billion. The debentures are rated in line with Hayleys’ National Long-Term Rating and existing unsecured notes. This is because subordination risk to debenture holders from debt at subsidiaries is limited, provided the […]",,-0.8658,negative
251674,2026-02-27 07:09:59,LBO,Sri Lanka apparel exports ease in January while UK market remains stable,"Sri Lanka’s apparel exports declined by 2.66% year-on-year in January 2026, falling to US$ 425.44 million from US$ 437.07 million in January 2025, reflecting continued pressure across key export markets. Exports to the US fell by 2.73% to US$ 165.11 million, while exports to the EU (excluding the UK) declined by 1.93% to US$ 126.99 […]",https://www.lankabusinessonline.com/2026/02/27/sri-lanka-apparel-exports-ease-in-january-while-uk-market-remains-stable/,"Sri Lanka apparel exports ease in January while UK market remains stable Sri Lanka’s apparel exports declined by 2.66% year-on-year in January 2026, falling to US$ 425.44 million from US$ 437.07 million in January 2025, reflecting continued pressure across key export markets. Exports to the US fell by 2.73% to US$ 165.11 million, while exports to the EU (excluding the UK) declined by 1.93% to US$ 126.99 […]",,0.2263,positive
251583,2026-02-26 06:46:16,LBO,US ETR Falls to 9.4% as Blanket 10% Tariff Replaces IEEPA Levies: Fitch Ratings,"The 10% blanket reciprocal tariff imposed by the U.S. on most trading partners lowers the U.S. effective tariff rate (ETR) to 9.4% from 12.7%, Fitch Ratings says. If the Trump administration imposes a 15% levy, the U.S. ETR would rise to 11.3%. President Trump acted swiftly to reinstate tariffs following the U.S. Supreme Court’s ruling […]",https://www.lankabusinessonline.com/2026/02/26/us-etr-falls-to-9-4-as-blanket-10-tariff-replaces-ieepa-levies-fitch-ratings/,"US ETR Falls to 9.4% as Blanket 10% Tariff Replaces IEEPA Levies: Fitch Ratings The 10% blanket reciprocal tariff imposed by the U.S. on most trading partners lowers the U.S. effective tariff rate (ETR) to 9.4% from 12.7%, Fitch Ratings says. If the Trump administration imposes a 15% levy, the U.S. ETR would rise to 11.3%. President Trump acted swiftly to reinstate tariffs following the U.S. Supreme Court’s ruling […]",,0.7533,positive
251580,2026-02-26 06:38:57,LBO,AIDAdiva Makes Maiden Call at Hambantota International Port,"Hambantota International Port (HIP) welcomed the cruise vessel AIDAdiva on 12 February 2026, marking the ship’s first call at the southern port and the second visit by AIDA Cruises to Hambantota. The 251.89-metre, Italian-flagged vessel, built in 2007 and registered in Genoa, arrived from Thailand carrying approximately 2,000 passengers and 620 crew. The majority of […]",https://www.lankabusinessonline.com/2026/02/26/aidadiva-makes-maiden-call-at-hambantota-international-port/,"AIDAdiva Makes Maiden Call at Hambantota International Port Hambantota International Port (HIP) welcomed the cruise vessel AIDAdiva on 12 February 2026, marking the ship’s first call at the southern port and the second visit by AIDA Cruises to Hambantota. The 251.89-metre, Italian-flagged vessel, built in 2007 and registered in Genoa, arrived from Thailand carrying approximately 2,000 passengers and 620 crew. The majority of […]",,0.34,positive
251055,2026-01-31 19:33:53,LBO,Opinion: Sri Lanka’s FDI dilemma as profit repatriations surge,"By Indika Hettiarachchi indika.h@jupitercapitalpartners.com Recently the head of the Board of Investment (BOI), the apex body in charge of promoting FDI in the country reportedly resigned. It was also reported the outgoing head of BOI saying “Without concessions, Sri Lanka needs hard reforms to attract FDI”. These developments suggest emerging challenges in attracting FDI as […]",https://www.lankabusinessonline.com/2026/01/31/opinion-sri-lankas-fdi-dilemma-as-profit-repatriations-surge/,"Opinion: Sri Lanka’s FDI dilemma as profit repatriations surge By Indika Hettiarachchi indika.h@jupitercapitalpartners.com Recently the head of the Board of Investment (BOI), the apex body in charge of promoting FDI in the country reportedly resigned. It was also reported the outgoing head of BOI saying “Without concessions, Sri Lanka needs hard reforms to attract FDI”. These developments suggest emerging challenges in attracting FDI as […]",,0.8555,positive
251054,2026-01-29 06:46:29,LBO,"OPINION – Northern Investment Summit, Jaffna January 2026","By Jekhan Aruliah When the topic of the Northern economy comes up, Jaffna is often criticized for living on remittances. Small transfers, perhaps a hundred US dollars a month, sent by hard working people overseas to their families in Jaffna and the Northern Province. These gifts are said to be ruining Jaffna youth and the […]",https://www.lankabusinessonline.com/2026/01/29/opinion-northern-investment-summit-jaffna-january-2026/,"OPINION – Northern Investment Summit, Jaffna January 2026 By Jekhan Aruliah When the topic of the Northern economy comes up, Jaffna is often criticized for living on remittances. Small transfers, perhaps a hundred US dollars a month, sent by hard working people overseas to their families in Jaffna and the Northern Province. These gifts are said to be ruining Jaffna youth and the […]",,-0.5994,negative
251053,2026-01-28 13:09:08,LBO,Strengthening Sri Lanka’s SSB Regulations: Addressing the Rise of Non-Sugar Sweeteners,"By Priyanka Jayawardena, Research Economist, Institute of Policy Studies of Sri Lanka (IPS) Non-communicable diseases (NCDs) accounting for nearly 75% of all deaths, have emerged as a major health challenge in Sri Lanka over the past few decades. Unhealthy dietary patterns – including excessive intake of sugar, salt, and fats – continue to play a […]",https://www.lankabusinessonline.com/2026/01/28/strengthening-sri-lankas-ssb-regulations-addressing-the-rise-of-non-sugar-sweeteners/,"Strengthening Sri Lanka’s SSB Regulations: Addressing the Rise of Non-Sugar Sweeteners By Priyanka Jayawardena, Research Economist, Institute of Policy Studies of Sri Lanka (IPS) Non-communicable diseases (NCDs) accounting for nearly 75% of all deaths, have emerged as a major health challenge in Sri Lanka over the past few decades. Unhealthy dietary patterns – including excessive intake of sugar, salt, and fats – continue to play a […]",,0.4173,positive
251052,2026-01-28 12:50:12,LBO,IMF Staff Concludes Sri Lanka Visit; Policy Talks for Next EFF Review Set to Resume ASAP,"An International Monetary Fund (IMF) team, led by Evan Papageorgiou, concluded a visit to Colombo conducted from January 22 to 28 to assess the economic impact of Cyclone Ditwah. During the mission, the team engaged with authorities and stakeholders to understand the social and economic damage caused by the storm, specifically regarding infrastructure and livelihoods. […]",https://www.lankabusinessonline.com/2026/01/28/imf-staff-concludes-sri-lanka-visit-policy-talks-for-next-eff-review-set-to-resume-asap/,"IMF Staff Concludes Sri Lanka Visit; Policy Talks for Next EFF Review Set to Resume ASAP An International Monetary Fund (IMF) team, led by Evan Papageorgiou, concluded a visit to Colombo conducted from January 22 to 28 to assess the economic impact of Cyclone Ditwah. During the mission, the team engaged with authorities and stakeholders to understand the social and economic damage caused by the storm, specifically regarding infrastructure and livelihoods. […]",,0.1027,positive
251051,2026-01-28 12:36:56,LBO,Pine Labs expands its footprint by deploying an API-first Card Issuing & Processing Platform for PABC,"One of Sri Lanka’s largest listed entities, the Pan Asia Banking Corporation (PABC) and global fintech platform Pine Labs have today announced a partnership that will see the fintech major implementing an end-to-end card management platform for the bank. Under this partnership, Pine Labs will deploy a full-stack Credit Card Management System for Pan Asia […]",https://www.lankabusinessonline.com/2026/01/28/pine-labs-expands-its-footprint-by-deploying-an-api-first-card-issuing-processing-platform-for-pabc/,"Pine Labs expands its footprint by deploying an API-first Card Issuing & Processing Platform for PABC One of Sri Lanka’s largest listed entities, the Pan Asia Banking Corporation (PABC) and global fintech platform Pine Labs have today announced a partnership that will see the fintech major implementing an end-to-end card management platform for the bank. Under this partnership, Pine Labs will deploy a full-stack Credit Card Management System for Pan Asia […]",,0.4588,positive
251050,2026-01-28 11:43:59,LBO,Sri Lanka’s Central Bank keeps the overnight policy rate (OPR) unchanged,"At its meeting held yesterday, the Monetary Policy Board decided to keep the Overnight Policy Rate (OPR) unchanged at 7.75%, citing an assessment of recent domestic economic developments, the outlook ahead, and continuing global uncertainty. The Board is of the view that the current monetary policy stance will support steering inflation towards the target of […]",https://www.lankabusinessonline.com/2026/01/28/sri-lankas-central-bank-keeps-the-overnight-policy-rate-opr-unchanged/,"Sri Lanka’s Central Bank keeps the overnight policy rate (OPR) unchanged At its meeting held yesterday, the Monetary Policy Board decided to keep the Overnight Policy Rate (OPR) unchanged at 7.75%, citing an assessment of recent domestic economic developments, the outlook ahead, and continuing global uncertainty. The Board is of the view that the current monetary policy stance will support steering inflation towards the target of […]",,0.0772,positive
251049,2026-01-27 15:39:00,LBO,"ComBank to boost WSME, Agri SME financing with IFC’s USD 60 Mn Risk Sharing Facility","Reinforcing its position as Sri Lanka’s largest lender to small and medium enterprises (SMEs), the Commercial Bank of Ceylon has partnered with the International Finance Corporation (IFC), a member of the World Bank Group, to significantly expand the Bank’s capacity to lend SMEs nationwide.  Under this partnership, IFC will provide risk cover for a US$60 […]",https://www.lankabusinessonline.com/2026/01/27/combank-to-boost-wsme-agri-sme-financing-with-ifcs-usd-60-mn-risk-sharing-facility/,"ComBank to boost WSME, Agri SME financing with IFC’s USD 60 Mn Risk Sharing Facility Reinforcing its position as Sri Lanka’s largest lender to small and medium enterprises (SMEs), the Commercial Bank of Ceylon has partnered with the International Finance Corporation (IFC), a member of the World Bank Group, to significantly expand the Bank’s capacity to lend SMEs nationwide.  Under this partnership, IFC will provide risk cover for a US$60 […]",,0.5574,positive
251048,2026-01-27 11:14:04,LBO,Sri Lanka Chamber of the Pharmaceutical Industry donates Rs. 50 million to ‘Rebuilding Sri Lanka’ Fund,"The Sri Lanka Chamber of the Pharmaceutical Industry (SLCPI) today announced a Rs. 50 million donation to the Government’s ‘Rebuilding Sri Lanka’ Fund, established to support national recovery efforts following the recent disaster. The financial contribution was formally presented by the SLCPI Executive Committee to the Minister of Health and Mass Media, Dr. Nalinda Jayatissa, […]",https://www.lankabusinessonline.com/2026/01/27/sri-lanka-chamber-of-the-pharmaceutical-industry-donates-rs-50-million-to-rebuilding-sri-lanka-fund/,"Sri Lanka Chamber of the Pharmaceutical Industry donates Rs. 50 million to ‘Rebuilding Sri Lanka’ Fund The Sri Lanka Chamber of the Pharmaceutical Industry (SLCPI) today announced a Rs. 50 million donation to the Government’s ‘Rebuilding Sri Lanka’ Fund, established to support national recovery efforts following the recent disaster. The financial contribution was formally presented by the SLCPI Executive Committee to the Minister of Health and Mass Media, Dr. Nalinda Jayatissa, […]",,-0.34,negative
251047,2026-01-27 10:49:56,LBO,Southern Cross University brings Bachelor of Business to Sri Lankan students at NSBM Green University,"Southern Cross University (SCU), one of Australia’s leading public universities, in partnership with NSBM Green University, is opening doors for Sri Lankan students to earn a globally recognised Australian Bachelor of Business – right here at home. The landmark launch, taking place from 19 to 21 February 2026 at NSBM Green University, brings together the […]",https://www.lankabusinessonline.com/2026/01/27/southern-cross-university-brings-bachelor-of-business-to-sri-lankan-students-at-nsbm-green-university/,"Southern Cross University brings Bachelor of Business to Sri Lankan students at NSBM Green University Southern Cross University (SCU), one of Australia’s leading public universities, in partnership with NSBM Green University, is opening doors for Sri Lankan students to earn a globally recognised Australian Bachelor of Business – right here at home. The landmark launch, taking place from 19 to 21 February 2026 at NSBM Green University, brings together the […]",,0.0772,positive
251046,2026-01-27 10:42:12,LBO,Sri Lanka’s apparel exports grow 5.4-pct in Dec 2025; full-year exports top USD5Bn,"Sri Lanka’s exports of apparel and made-up textile articles (HS Chapters 61, 62 and 63) rose to US$447.21 million in December 2025, up 5.43% from US$424.18 million in December 2024, according to industry export statistics. Growth was recorded across the three main destination markets. Exports to the USA increased 6.49% year-on-year to US$178.29 million (from […]",https://www.lankabusinessonline.com/2026/01/27/sri-lankas-apparel-exports-grow-5-4-pct-in-dec-2025-full-year-exports-top-usd5bn/,"Sri Lanka’s apparel exports grow 5.4-pct in Dec 2025; full-year exports top USD5Bn Sri Lanka’s exports of apparel and made-up textile articles (HS Chapters 61, 62 and 63) rose to US$447.21 million in December 2025, up 5.43% from US$424.18 million in December 2024, according to industry export statistics. Growth was recorded across the three main destination markets. Exports to the USA increased 6.49% year-on-year to US$178.29 million (from […]",,0.6705,positive
251045,2026-01-26 15:09:53,LBO,"Rising climate risks and poverty in focus at CEPA policy panel today, Open University","The Centre for Poverty Analysis (CEPA), in collaboration with the Centre for Environmental Studies and Sustainable Development of the Open University of Sri Lanka, will host a high-level policy panel titled “Facing the Future: Environmental Disastersand Poverty in Sri Lanka”on 26 January 2026, from 3.30 p.m. to 6.00 p.m., at the Auditorium of the Faculty […]",https://www.lankabusinessonline.com/2026/01/26/rising-climate-risks-and-poverty-in-focus-at-cepa-policy-panel-today-open-university/,"Rising climate risks and poverty in focus at CEPA policy panel today, Open University The Centre for Poverty Analysis (CEPA), in collaboration with the Centre for Environmental Studies and Sustainable Development of the Open University of Sri Lanka, will host a high-level policy panel titled “Facing the Future: Environmental Disastersand Poverty in Sri Lanka”on 26 January 2026, from 3.30 p.m. to 6.00 p.m., at the Auditorium of the Faculty […]",,-0.9001,negative
251044,2026-01-25 12:06:12,LBO,IFC Invests USD 166 Mn to Support Sri Lankan Businesses & Drive Economic Growth,"Reinforcing its longstanding commitment to Sri Lanka’s private sector, the International Finance Corporation (IFC), a member of the World Bank Group, today announced a high-impact investment program of $166 million to support Sri Lankan businesses and accelerate the country’s transition from economic stabilization to sustainable growth. This comprehensive country-level financing package aims to expand financial […]",https://www.lankabusinessonline.com/2026/01/25/ifc-invests-usd-166-mn-to-support-sri-lankan-businesses-drive-economic-growth/,"IFC Invests USD 166 Mn to Support Sri Lankan Businesses & Drive Economic Growth Reinforcing its longstanding commitment to Sri Lanka’s private sector, the International Finance Corporation (IFC), a member of the World Bank Group, today announced a high-impact investment program of $166 million to support Sri Lankan businesses and accelerate the country’s transition from economic stabilization to sustainable growth. This comprehensive country-level financing package aims to expand financial […]",,0.9408,positive
251043,2026-01-24 15:12:31,LBO,Land Prices in Outskirts Soar as City Growth Stabilises – LPI 2025,"The Sri Lankan land market maintained solid growth in 2025, with Colombo suburbs and Western Province districts emerging as key drivers, according to the latest Land Price Index (LPI) 2025 (updated), published by LankaPropertyWeb (LPW). The 2025 index shows that Colombo 1–15 recorded a 4% year-on-year increase in average land prices per perch, reaching LKR […]",https://www.lankabusinessonline.com/2026/01/24/land-prices-in-outskirts-soar-as-city-growth-stabilises-lpi-2025/,"Land Prices in Outskirts Soar as City Growth Stabilises – LPI 2025 The Sri Lankan land market maintained solid growth in 2025, with Colombo suburbs and Western Province districts emerging as key drivers, according to the latest Land Price Index (LPI) 2025 (updated), published by LankaPropertyWeb (LPW). The 2025 index shows that Colombo 1–15 recorded a 4% year-on-year increase in average land prices per perch, reaching LKR […]",,0.836,positive
251042,2026-01-24 12:36:36,LBO,Port City Colombo Moves Into Active Development as Its First Residential Project Breaks Ground,"Sri Lanka’s most ambitious urban development project reached a critical execution milestone, as construction officially commenced on the first residential development within Port City Colombo. The milestone marks the transition of the country’s flagship Special Economic Zone (SEZ) from regulatory readiness to active private-sector delivery. The project, Bay One Residences Colombo, is being developed by […]",https://www.lankabusinessonline.com/2026/01/24/port-city-colombo-moves-into-active-development-as-its-first-residential-project-breaks-ground/,"Port City Colombo Moves Into Active Development as Its First Residential Project Breaks Ground Sri Lanka’s most ambitious urban development project reached a critical execution milestone, as construction officially commenced on the first residential development within Port City Colombo. The milestone marks the transition of the country’s flagship Special Economic Zone (SEZ) from regulatory readiness to active private-sector delivery. The project, Bay One Residences Colombo, is being developed by […]",,0.8999,positive
251041,2026-01-22 14:39:17,LBO,Sri Lanka Launches Landmark Digital Foundations for a Data-Driven Agriculture Sector,"Sri Lanka today took a major step towards transforming its agriculture sector with the official launch of the Agriculture Enterprise Architecture Framework, Agriculture Interoperability Framework, Data Sharing Policies, and CROPIX, a national digital platform for crop data and decision-making. The high-level launch event, co-hosted by the Ministry of Agriculture, Livestock, Land and Irrigation and the […]",https://www.lankabusinessonline.com/2026/01/22/sri-lanka-launches-landmark-digital-foundations-for-a-data-driven-agriculture-sector/,"Sri Lanka Launches Landmark Digital Foundations for a Data-Driven Agriculture Sector Sri Lanka today took a major step towards transforming its agriculture sector with the official launch of the Agriculture Enterprise Architecture Framework, Agriculture Interoperability Framework, Data Sharing Policies, and CROPIX, a national digital platform for crop data and decision-making. The high-level launch event, co-hosted by the Ministry of Agriculture, Livestock, Land and Irrigation and the […]",,0.4767,positive
251040,2026-01-22 12:30:17,LBO,CBL Group acquires Indonesian coconut processor in USD 25m expansion push,"CBL Group, one of Sri Lanka’s largest diversified food manufacturing conglomerates, announced the strategic acquisition of PT Tri Jaya Tangguh Indonesia (TJT), a large coconut processing facility, with an investment of over USD 25 million. TJT has a workforce of over 800 employees. The investment was supported by the International Finance Corporation (IFC), a member […]",https://www.lankabusinessonline.com/2026/01/22/cbl-group-acquires-indonesian-coconut-processor-in-usd-25m-expansion-push/,"CBL Group acquires Indonesian coconut processor in USD 25m expansion push CBL Group, one of Sri Lanka’s largest diversified food manufacturing conglomerates, announced the strategic acquisition of PT Tri Jaya Tangguh Indonesia (TJT), a large coconut processing facility, with an investment of over USD 25 million. TJT has a workforce of over 800 employees. The investment was supported by the International Finance Corporation (IFC), a member […]",,0.3182,positive
251038,2026-01-22 12:17:46,LBO,Sunshine Holdings to acquire 75-pct stake in Joint Agri Products Ceylon,"Sunshine Holdings PLC (SUN), one of Sri Lanka’s diversified conglomerates, announced its intention to acquire a 75% stake in Joint Agri Products Ceylon (Private) Limited (JAPC), a leading export-oriented company, subject to the conditions in the Share Purchase Agreement (SPA) signed on 21 st January 2026. The signing of the SPA took place at Sunshine […]",https://www.lankabusinessonline.com/2026/01/22/sunshine-holdings-to-acquire-75-pct-stake-in-joint-agri-products-ceylon/,"Sunshine Holdings to acquire 75-pct stake in Joint Agri Products Ceylon Sunshine Holdings PLC (SUN), one of Sri Lanka’s diversified conglomerates, announced its intention to acquire a 75% stake in Joint Agri Products Ceylon (Private) Limited (JAPC), a leading export-oriented company, subject to the conditions in the Share Purchase Agreement (SPA) signed on 21 st January 2026. The signing of the SPA took place at Sunshine […]",,0.9201,positive
251039,2026-01-22 12:16:25,LBO,HIP Initiates Sri Lanka’s First Fully Automated Paperless Port Gate Pass,"Hambantota International Port (HIP) has launched its Automated Gate Pass Management System (AGPMS), becoming the first port in Sri Lanka to introduce a fully automated, QR-code-based, paperless gate pass solution. The initiative marks a major step forward in HIP’s digital transformation, strengthening efficiency, security, and access control across port operations. The system was officially inaugurated […]",https://www.lankabusinessonline.com/2026/01/22/hip-initiates-sri-lankas-first-fully-automated-paperless-port-gate-pass/,"HIP Initiates Sri Lanka’s First Fully Automated Paperless Port Gate Pass Hambantota International Port (HIP) has launched its Automated Gate Pass Management System (AGPMS), becoming the first port in Sri Lanka to introduce a fully automated, QR-code-based, paperless gate pass solution. The initiative marks a major step forward in HIP’s digital transformation, strengthening efficiency, security, and access control across port operations. The system was officially inaugurated […]",,0.872,positive
251037,2026-01-21 16:31:16,LBO,Softlogic Life secures long-term growth capital from Norfund and OP Finnfund,"Sri Lanka’s top notch insurer Softlogic Life Insurance PLC has secured a USD 15Mn landmark 5-year Tier 2 loan facility from Norfund and OP Finnfund Global Impact Fund I, that will be the initial part and set the next phase of growth for the immensely successful life insurer that has established itself as the industry […]",https://www.lankabusinessonline.com/2026/01/21/softlogic-life-secures-long-term-growth-capital-from-norfund-and-op-finnfund/,"Softlogic Life secures long-term growth capital from Norfund and OP Finnfund Sri Lanka’s top notch insurer Softlogic Life Insurance PLC has secured a USD 15Mn landmark 5-year Tier 2 loan facility from Norfund and OP Finnfund Global Impact Fund I, that will be the initial part and set the next phase of growth for the immensely successful life insurer that has established itself as the industry […]",,0.9337,positive
251036,2026-01-21 13:08:47,LBO,Sri Lanka earns LKR 904bn from vehicle import taxes in 2025,"January 21 (LBO) – Sri Lanka has earned LKR 904 billion (approx. US$3bn) from vehicle import taxes in 2025. This figure is a massive upside surprise over the 441 billion rupees stated as expected by Deputy Economic Development Minister Nishantha Jayaweera. In 2026, analysts expect tax revenues from vehicle imports to drop significantly unless import […]",https://www.lankabusinessonline.com/2026/01/21/sri-lanka-earns-us3bn-from-vehicle-import-taxes-in-2025/,"Sri Lanka earns LKR 904bn from vehicle import taxes in 2025 January 21 (LBO) – Sri Lanka has earned LKR 904 billion (approx. US$3bn) from vehicle import taxes in 2025. This figure is a massive upside surprise over the 441 billion rupees stated as expected by Deputy Economic Development Minister Nishantha Jayaweera. In 2026, analysts expect tax revenues from vehicle imports to drop significantly unless import […]",,0.0,neutral
251035,2026-01-20 17:18:53,LBO,TikTok releases Q3 2025 community guidelines enforcement report,"TikTok has released its Q3 2025 Community Guidelines Enforcement Report, showcasing its ongoing commitment to creating a safe digital space for its users. The report, which covers data from July to September 2025, details the proactive steps TikTok has taken to identify and remove content that violates its Community Guidelines, ensuring a positive experiencefor its […]",https://www.lankabusinessonline.com/2026/01/20/tiktok-releases-q3-2025-community-guidelines-enforcement-report/,"TikTok releases Q3 2025 community guidelines enforcement report TikTok has released its Q3 2025 Community Guidelines Enforcement Report, showcasing its ongoing commitment to creating a safe digital space for its users. The report, which covers data from July to September 2025, details the proactive steps TikTok has taken to identify and remove content that violates its Community Guidelines, ensuring a positive experiencefor its […]",,0.8979,positive
251034,2026-01-20 11:41:36,LBO,Technology leader Shanil Fernando appointed to the board of NDB,"January 20, 2025 (LBO) – One of Sri Lanka’s most significant technology leaders, Shanil Fernando, has been appointed as an Independent Non-Executive Director of Sri Lanka’s National Development Bank (NDB). “Shanil Fernando brings over 25 years of experience in the global IT industry, having played pivotal roles in founding and scaling technology ventures. He was […]",https://www.lankabusinessonline.com/2026/01/20/technology-leader-shanil-fernando-appointed-to-the-board-of-ndb/,"Technology leader Shanil Fernando appointed to the board of NDB January 20, 2025 (LBO) – One of Sri Lanka’s most significant technology leaders, Shanil Fernando, has been appointed as an Independent Non-Executive Director of Sri Lanka’s National Development Bank (NDB). “Shanil Fernando brings over 25 years of experience in the global IT industry, having played pivotal roles in founding and scaling technology ventures. He was […]",,0.5413,positive
251033,2026-01-19 11:10:13,LBO,Sarvesh Suri Named IFC’s new Regional Vice President for Asia and the Pacific,"Sarvesh Suri is named IFC’s Regional Vice President for Asia and the Pacific, bringing 25 years of global investment and development expertise as well as a proven track record of fostering public-private collaborations. In making the announcement, IFC confirmed that Suri will strategically lead all investment and advisory operations in the region by mobilizing the […]",https://www.lankabusinessonline.com/2026/01/19/sarvesh-suri-named-ifcs-new-regional-vice-president-for-asia-and-the-pacific/,"Sarvesh Suri Named IFC’s new Regional Vice President for Asia and the Pacific Sarvesh Suri is named IFC’s Regional Vice President for Asia and the Pacific, bringing 25 years of global investment and development expertise as well as a proven track record of fostering public-private collaborations. In making the announcement, IFC confirmed that Suri will strategically lead all investment and advisory operations in the region by mobilizing the […]",,0.2732,positive
251032,2026-01-19 11:03:55,LBO,Sri Lanka’s Proposed Counterterrorism Law Risks More Abuses: Human Rights Watch,"The Sri Lanka government’s proposed counterterrorism legislation includes numerous provisions similar to the current abusive law and risks facilitating the same kind of repression, Human Rights Watch said today. The bill does not meet benchmarks set out by the United Nations counterterrorism expert or comply with human rights obligations and commitments that Sri Lanka made […]",https://www.lankabusinessonline.com/2026/01/19/sri-lankas-proposed-counterterrorism-law-risks-more-abuses-human-rights-watch/,"Sri Lanka’s Proposed Counterterrorism Law Risks More Abuses: Human Rights Watch The Sri Lanka government’s proposed counterterrorism legislation includes numerous provisions similar to the current abusive law and risks facilitating the same kind of repression, Human Rights Watch said today. The bill does not meet benchmarks set out by the United Nations counterterrorism expert or comply with human rights obligations and commitments that Sri Lanka made […]",,-0.8976,negative
251031,2026-01-16 12:10:05,LBO,IMF Staff to Visit Sri Lanka to Assess Impact of Cyclone Ditwah,"Statement by Mr. Evan Papageorgiou, International Monetary Fund (IMF) Mission Chief for Sri Lanka: “An IMF staff team will visit Sri Lanka from January 22 to January 28, 2026, to hold discussions with the authorities on the size and scope of the damage caused by Cyclone Ditwah. The findings of the mission will feed into […]",https://www.lankabusinessonline.com/2026/01/16/imf-staff-to-visit-sri-lanka-to-assess-impact-of-cyclone-ditwah/,"IMF Staff to Visit Sri Lanka to Assess Impact of Cyclone Ditwah Statement by Mr. Evan Papageorgiou, International Monetary Fund (IMF) Mission Chief for Sri Lanka: “An IMF staff team will visit Sri Lanka from January 22 to January 28, 2026, to hold discussions with the authorities on the size and scope of the damage caused by Cyclone Ditwah. The findings of the mission will feed into […]",,-0.4939,negative
251030,2026-01-15 15:00:24,LBO,Industry Bodies Flag Gaps in Draft National Electricity Policy,"The Ceylon Chamber of Commerce, together with the American Chamber of Commerce, Exporters Association of Sri Lanka, Federation of Renewable Energy Developers, Joint Apparel Association Forum, National Chamber of Commerce of Sri Lanka and Sri Lanka Association for Software and Services Companies, has submitted joint observations on the Draft National Electricity Policy, highlighting that several […]",https://www.lankabusinessonline.com/2026/01/15/industry-bodies-flag-gaps-in-draft-national-electricity-policy/,"Industry Bodies Flag Gaps in Draft National Electricity Policy The Ceylon Chamber of Commerce, together with the American Chamber of Commerce, Exporters Association of Sri Lanka, Federation of Renewable Energy Developers, Joint Apparel Association Forum, National Chamber of Commerce of Sri Lanka and Sri Lanka Association for Software and Services Companies, has submitted joint observations on the Draft National Electricity Policy, highlighting that several […]",,0.2732,positive
251029,2026-01-15 11:55:01,LBO,Alert To The General Public – Blue Ocean Securities (BOSL),The Securities and Exchange Commission of Sri Lanka (SEC) alerts the public not to engage with the entity operating as Blue Ocean Securities Ltd. or its mobile application BOMate for investing in the Colombo Stock Exchange (CSE). This entity is not licensed by the SEC to function as a market intermediary. Individuals identified as Rohan […],https://www.lankabusinessonline.com/2026/01/15/alert-to-the-general-public-blue-ocean-securities-bosl/,Alert To The General Public – Blue Ocean Securities (BOSL) The Securities and Exchange Commission of Sri Lanka (SEC) alerts the public not to engage with the entity operating as Blue Ocean Securities Ltd. or its mobile application BOMate for investing in the Colombo Stock Exchange (CSE). This entity is not licensed by the SEC to function as a market intermediary. Individuals identified as Rohan […],,0.6969,positive
251028,2026-01-15 11:46:07,LBO,FAO Appeals for USD 16.5 Mn to Restore Livelihoods after Cyclone Ditwah Devastates SL’s Agrifood Sector,"The Food and Agriculture Organization of the United Nations (FAO) Headquarters in Rome issued an appeal calling for international assistance of USD 16.5 million to support the early recovery of livelihoods and food security for farming, livestock-keeping and fishing communities affected by Cyclone Ditwah in Sri Lanka. Cyclone Ditwah represents one of the most severe climate shocks the country has […]",https://www.lankabusinessonline.com/2026/01/15/fao-appeals-for-usd-16-5-mn-to-restore-livelihoods-after-cyclone-ditwah-devastates-sls-agrifood-sector/,"FAO Appeals for USD 16.5 Mn to Restore Livelihoods after Cyclone Ditwah Devastates SL’s Agrifood Sector The Food and Agriculture Organization of the United Nations (FAO) Headquarters in Rome issued an appeal calling for international assistance of USD 16.5 million to support the early recovery of livelihoods and food security for farming, livestock-keeping and fishing communities affected by Cyclone Ditwah in Sri Lanka. Cyclone Ditwah represents one of the most severe climate shocks the country has […]",,0.1885,positive
251027,2026-01-14 22:55:10,LBO,Port City Colombo Secures USD 300 Mn FDI Commitment For Phase II Development,"CHEC Port City Colombo (Pvt) Ltd., the primary developer of Port City Colombo, has pledged approximately US$300 million in foreign direct investment to advance Phase II of the Port City Colombo project, marking a significant investment commitment at the start of the New Year and reinforcing confidence in Sri Lanka’s long-term growth prospects. The investment […]",https://www.lankabusinessonline.com/2026/01/14/port-city-colombo-secures-usd-300-mn-fdi-commitment-for-phase-ii-development/,"Port City Colombo Secures USD 300 Mn FDI Commitment For Phase II Development CHEC Port City Colombo (Pvt) Ltd., the primary developer of Port City Colombo, has pledged approximately US$300 million in foreign direct investment to advance Phase II of the Port City Colombo project, marking a significant investment commitment at the start of the New Year and reinforcing confidence in Sri Lanka’s long-term growth prospects. The investment […]",,0.9371,positive
251026,2026-01-12 15:57:59,LBO,"Good Intentions, Bad Economics: The Risks of Intervening in SME Lending Decisions","In the past weeks, newspaper headlines have brought to the forefront a growing narrative that banks are prospering while SMEs are struggling. This outcome has largely been attributed to banks overlooking the impact of external shocks on SMEs and to the current lending frameworks that govern credit markets. Such headlines call for independent statutory mechanisms to probe the fairness of cases leading to credit enforcement. Whilst such concerns are understandable on moral and ethical grounds, urging for artificial interventions in credit markets risks promoting […]",https://www.lankabusinessonline.com/2026/01/12/good-intentions-bad-economics-the-risks-of-intervening-in-sme-lending-decisions/,"Good Intentions, Bad Economics: The Risks of Intervening in SME Lending Decisions In the past weeks, newspaper headlines have brought to the forefront a growing narrative that banks are prospering while SMEs are struggling. This outcome has largely been attributed to banks overlooking the impact of external shocks on SMEs and to the current lending frameworks that govern credit markets. Such headlines call for independent statutory mechanisms to probe the fairness of cases leading to credit enforcement. Whilst such concerns are understandable on moral and ethical grounds, urging for artificial interventions in credit markets risks promoting […]",,0.6249,positive
251025,2026-01-11 13:59:15,LBO,Hambantota International Port Records 175-pct Cargo Growth in 2025,"Hambantota International Port (HIP) closed 2025 with a landmark performance, recording a 175% year-on-year increase in total cargo volumes despite what has been widely recognised as one of the most challenging years for the global port industry. HIP handled 8.24 million metric tonnes of cargo in 2025, up from 3.0 million metric tonnes in 2024, […]",https://www.lankabusinessonline.com/2026/01/11/hambantota-international-port-records-175-pct-cargo-growth-in-2025/,"Hambantota International Port Records 175-pct Cargo Growth in 2025 Hambantota International Port (HIP) closed 2025 with a landmark performance, recording a 175% year-on-year increase in total cargo volumes despite what has been widely recognised as one of the most challenging years for the global port industry. HIP handled 8.24 million metric tonnes of cargo in 2025, up from 3.0 million metric tonnes in 2024, […]",,0.7264,positive
251024,2026-01-08 23:36:38,LBO,Wealthtrust Securities (WLTH) explodes higher in stock market debut,"January 8, 2026 (LBO) – Wealthtrust Securities (WLTH), a leading primary dealer of government securities in Sri Lanka, has spiked 167% from its IPO price in its stock market debut. WLTH shares closed the day at LKR 18.70/share after coming public at an IPO price of just seven Sri Lankan Rupees. The IPO was heavily […]",https://www.lankabusinessonline.com/2026/01/08/wealthtrust-securities-wlth-explodes-higher-in-stock-market-debut/,"Wealthtrust Securities (WLTH) explodes higher in stock market debut January 8, 2026 (LBO) – Wealthtrust Securities (WLTH), a leading primary dealer of government securities in Sri Lanka, has spiked 167% from its IPO price in its stock market debut. WLTH shares closed the day at LKR 18.70/share after coming public at an IPO price of just seven Sri Lankan Rupees. The IPO was heavily […]",,0.7783,positive
251023,2026-01-08 15:34:05,LBO,Sri Lankan garment exports gain tariff-free access to UK from 01 January,Reforms to the UK’s Developing Countries Trading Scheme are now in force with liberalised trade rules taking effect from 1 January 2026. Manufacturers can now source up to 100% of materials globally while maintaining zero UK tariffs. Garment exports from Sri Lanka to the UK are expected to increase significantly under the new arrangements. Sri […],https://www.lankabusinessonline.com/2026/01/08/sri-lankan-garment-exports-gain-tariff-free-access-to-uk-from-01-january/,Sri Lankan garment exports gain tariff-free access to UK from 01 January Reforms to the UK’s Developing Countries Trading Scheme are now in force with liberalised trade rules taking effect from 1 January 2026. Manufacturers can now source up to 100% of materials globally while maintaining zero UK tariffs. Garment exports from Sri Lanka to the UK are expected to increase significantly under the new arrangements. Sri […],,0.6908,positive
251022,2026-01-08 15:23:21,LBO,"Central Bank’s Gross Official Reserves Surpasses USD 6.8 Bn in Dec 2025, Highest Level Since Crisis","The Central Bank has announced that Gross Official Reserves (GOR) surged to over US dollars 6.8 billion by the end of 2025, marking the highest level of reserves recorded since the economic crisis. This was largely supported by US dollars 2.0 billion in net foreign exchange purchases made by the Central Bank (on value date […]",https://www.lankabusinessonline.com/2026/01/08/sri-lankas-gross-official-reserves-surpasses-usd-6-8-bn-in-dec-2025-highest-level-since-crisis/,"Central Bank’s Gross Official Reserves Surpasses USD 6.8 Bn in Dec 2025, Highest Level Since Crisis The Central Bank has announced that Gross Official Reserves (GOR) surged to over US dollars 6.8 billion by the end of 2025, marking the highest level of reserves recorded since the economic crisis. This was largely supported by US dollars 2.0 billion in net foreign exchange purchases made by the Central Bank (on value date […]",,-0.8934,negative
251021,2026-01-08 12:51:26,LBO,Thespian Jith Pieris (1947-2026),"January 8, 2026 (LBO) – Jith Pieris, among the most notable figures Sri Lanka’s theatre circuit, has passed away. Kumar de Sliva paints a colourful portrait of Pieris’s life and work on the blog linked below.",https://www.lankabusinessonline.com/2026/01/08/thespian-jith-pieris-1947-2026/,"Thespian Jith Pieris (1947-2026) January 8, 2026 (LBO) – Jith Pieris, among the most notable figures Sri Lanka’s theatre circuit, has passed away. Kumar de Sliva paints a colourful portrait of Pieris’s life and work on the blog linked below.",,0.0,neutral
251020,2026-01-08 12:22:26,LBO,Nihal Seneviratne Sri Lanka Sec. General of Parliament (1934-2026),"January 8, 2026 (LBO) – Nihal (Galba) Seneviratne, former Sri Lanka Secretary General of Parliament, passed away on January 6th at the age of 91. With a career of over 30 years in parliament, he had a front row seat, observing and directing the legislature through different generations of politicians. His books, “Memories of 33 […]",https://www.lankabusinessonline.com/2026/01/08/nihal-seneviratne-sri-lanka-sec-general-of-parliament-1934-2026/,"Nihal Seneviratne Sri Lanka Sec. General of Parliament (1934-2026) January 8, 2026 (LBO) – Nihal (Galba) Seneviratne, former Sri Lanka Secretary General of Parliament, passed away on January 6th at the age of 91. With a career of over 30 years in parliament, he had a front row seat, observing and directing the legislature through different generations of politicians. His books, “Memories of 33 […]",,0.0,neutral
251019,2026-01-08 11:15:50,LBO,Ray Jayawardhana Appointed Caltech’s Tenth President,"January 8, 2026 (LBO) – Dr. Ray Jayawardhana, an accomplished academic leader and renowned astrophysicist who currently serves as provost of Johns Hopkins University, has been named Caltech’s next president, the tenth in the Institute’s 105-year history. Jayawardhana’s appointment by Caltech’s Board of Trustees, announced today at a community-wide gathering on the Institute’s Pasadena campus, […]",https://www.lankabusinessonline.com/2026/01/08/ray-jayawardhana-appointed-caltechs-tenth-president/,"Ray Jayawardhana Appointed Caltech’s Tenth President January 8, 2026 (LBO) – Dr. Ray Jayawardhana, an accomplished academic leader and renowned astrophysicist who currently serves as provost of Johns Hopkins University, has been named Caltech’s next president, the tenth in the Institute’s 105-year history. Jayawardhana’s appointment by Caltech’s Board of Trustees, announced today at a community-wide gathering on the Institute’s Pasadena campus, […]",,0.4939,positive
251018,2026-01-07 19:42:13,LBO,CSE Halts Market Trading to Ensure a Fair and Orderly Market,WealthTrust Securities Limited commenced trading on Diri Savi Board on 07th January 2026 and the Colombo Stock Exchange (CSE) observed unusually high prices of certain transactions of WealthTrust Securities Limited due to market orders being matched with these unusually high sell orders. The CSE further observed that those clients who have sold the shares at […],https://www.lankabusinessonline.com/2026/01/07/cse-halts-market-trading-to-ensure-a-fair-and-orderly-market/,CSE Halts Market Trading to Ensure a Fair and Orderly Market WealthTrust Securities Limited commenced trading on Diri Savi Board on 07th January 2026 and the Colombo Stock Exchange (CSE) observed unusually high prices of certain transactions of WealthTrust Securities Limited due to market orders being matched with these unusually high sell orders. The CSE further observed that those clients who have sold the shares at […],,0.8316,positive
251017,2026-01-07 09:19:59,LBO,U.S. Ambassador Julie Chung to Depart Sri Lanka,"U.S. Ambassador to Sri Lanka Julie Chung will depart Sri Lanka on January 16 after almost four years of dedicated service, marking the conclusion of her tenure as the United States’ top diplomat in Colombo.  “I have loved every moment of my time in Sri Lanka,” said Ambassador Chung. “From day one, my focus has been to advance America’s interests—strengthening our security partnerships, expanding trade and investment, […]",https://www.lankabusinessonline.com/2026/01/07/u-s-ambassador-julie-chung-to-depart-sri-lanka/,"U.S. Ambassador Julie Chung to Depart Sri Lanka U.S. Ambassador to Sri Lanka Julie Chung will depart Sri Lanka on January 16 after almost four years of dedicated service, marking the conclusion of her tenure as the United States’ top diplomat in Colombo.  “I have loved every moment of my time in Sri Lanka,” said Ambassador Chung. “From day one, my focus has been to advance America’s interests—strengthening our security partnerships, expanding trade and investment, […]",,0.9169,positive
251016,2026-01-05 13:00:56,LBO,SEC and CSE Collaborate to Expedite Listings Through Advisor Awareness,The Securities and Exchange Commission of Sri Lanka (SEC) in collaboration with the Colombo Stock Exchange (CSE) conducted an awareness session for Corporate Finance Advisors focusing on enhancing regulatory compliance and streamlining the listing process. The forum brought together Corporate Finance Advisors and senior officials from the SEC and CSE to enhance the listing process […],https://www.lankabusinessonline.com/2026/01/05/sec-and-cse-collaborate-to-expedite-listings-through-advisor-awareness/,SEC and CSE Collaborate to Expedite Listings Through Advisor Awareness The Securities and Exchange Commission of Sri Lanka (SEC) in collaboration with the Colombo Stock Exchange (CSE) conducted an awareness session for Corporate Finance Advisors focusing on enhancing regulatory compliance and streamlining the listing process. The forum brought together Corporate Finance Advisors and senior officials from the SEC and CSE to enhance the listing process […],,0.296,positive
251015,2025-12-31 13:03:28,LBO,ComBank & Mastercard launch SL’s first Dynamic Currency Conversion for online payments,"As part of Commercial Bank of Ceylon’s sustained efforts to strengthen tourism-related businesses and improve convenience for foreign travellers, the Bank has partnered with Mastercard to introduce Sri Lanka’s first Dynamic Currency Conversion (DCC) capability for online payments, marking a significant milestone in the country’s digital payments landscape. Enabled via the Mastercard Payment Gateway Services […]",https://www.lankabusinessonline.com/2025/12/31/combank-mastercard-launch-sls-first-dynamic-currency-conversion-for-online-payments/,"ComBank & Mastercard launch SL’s first Dynamic Currency Conversion for online payments As part of Commercial Bank of Ceylon’s sustained efforts to strengthen tourism-related businesses and improve convenience for foreign travellers, the Bank has partnered with Mastercard to introduce Sri Lanka’s first Dynamic Currency Conversion (DCC) capability for online payments, marking a significant milestone in the country’s digital payments landscape. Enabled via the Mastercard Payment Gateway Services […]",,0.8807,positive
251014,2025-12-31 12:50:59,LBO,SEC Eases Minimum Public Holding Rules for Listings via Introductions to Boost Market Flexibility,"The Securities and Exchange Commission of Sri Lanka (SEC) has approved amendments to the Colombo Stock Exchange (CSE) Listing Rules to provide greater flexibility regarding the Minimum Public Holding (MPH) requirement for companies listing through the Introduction method. These revisions were proposed and deliberated under Project 6 – New Listings (Public and Private), one of […]",https://www.lankabusinessonline.com/2025/12/31/sec-eases-minimum-public-holding-rules-for-listings-via-introductions-to-boost-market-flexibility/,"SEC Eases Minimum Public Holding Rules for Listings via Introductions to Boost Market Flexibility The Securities and Exchange Commission of Sri Lanka (SEC) has approved amendments to the Colombo Stock Exchange (CSE) Listing Rules to provide greater flexibility regarding the Minimum Public Holding (MPH) requirement for companies listing through the Introduction method. These revisions were proposed and deliberated under Project 6 – New Listings (Public and Private), one of […]",,0.936,positive
251013,2025-12-30 17:52:52,LBO,VIDEO: The Salary Trap – Why The System Keeps You Broke,"Ever feel financially insecure despite a stable job? This video offers crucial financial education to help you understand why you might be struggling with debt management and how to improve your personal finance situation. Discover the counterintuitive reality of how money works against employees—revealing why effective money management can lead to true financial security, even […]",https://www.lankabusinessonline.com/2025/12/30/video-the-salary-trap-why-the-system-keeps-you-broke/,"VIDEO: The Salary Trap – Why The System Keeps You Broke Ever feel financially insecure despite a stable job? This video offers crucial financial education to help you understand why you might be struggling with debt management and how to improve your personal finance situation. Discover the counterintuitive reality of how money works against employees—revealing why effective money management can lead to true financial security, even […]",,-0.0485,neutral
251012,2025-12-25 13:41:43,LBO,"Nine Direct Flights to Bring Tourists from Moldova to Mattala This Winter, Says Former Ambassador","Vision Air has finalized plans to operate nine direct flights from Moldova to Mattala Rajapaksa International Airport (MRIA) this winter season, according to Udayanga Weeratunga, the former Sri Lankan Ambassador. According to him, this strategic flight schedule is expected to bring approximately 1,500 tourists to Sri Lanka. The first flight, designated as 4 V-5363, is […]",https://www.lankabusinessonline.com/2025/12/25/nine-direct-flights-to-bring-tourists-from-moldova-to-mattala-this-winter-says-former-ambassador/,"Nine Direct Flights to Bring Tourists from Moldova to Mattala This Winter, Says Former Ambassador Vision Air has finalized plans to operate nine direct flights from Moldova to Mattala Rajapaksa International Airport (MRIA) this winter season, according to Udayanga Weeratunga, the former Sri Lankan Ambassador. According to him, this strategic flight schedule is expected to bring approximately 1,500 tourists to Sri Lanka. The first flight, designated as 4 V-5363, is […]",,0.25,positive
251011,2025-12-24 13:53:39,LBO,Preparation for Northern Investment Summit 2026 Gathers Momentum,"The first ever Northern Investment Summit (NIS), a national milestone, is scheduled to take place in Jaffna on January 21 and 22, 2026 at the Thiruvalluvar Cultural Centre. Organised by the Management Club (TMC), the two-day event themed ‘Empowering Growth, Driving Innovations’ will be a platform for promoting the northern province as an attractive destination […]",https://www.lankabusinessonline.com/2025/12/24/preparation-for-northern-investment-summit-2026-gathers-momentum/,"Preparation for Northern Investment Summit 2026 Gathers Momentum The first ever Northern Investment Summit (NIS), a national milestone, is scheduled to take place in Jaffna on January 21 and 22, 2026 at the Thiruvalluvar Cultural Centre. Organised by the Management Club (TMC), the two-day event themed ‘Empowering Growth, Driving Innovations’ will be a platform for promoting the northern province as an attractive destination […]",,0.7906,positive
251010,2025-12-24 11:28:49,LBO,Trincomalee Power Company Invites Tenders for 50 MW Solar Project with Battery Storage in Sampur,"Trincomalee Power Company Limited, which is 50% owned by the Ceylon Electricity Board and 50% owned by India’s NTPC, invites tenders for a 50 MW ground-mounted solar power plant to be constructed in the Sampur area of the Trincomalee District by the Sri Lanka Energy Company Limited (SLEC). The scope includes the entire process from […]",https://www.lankabusinessonline.com/2025/12/24/trincomalee-power-company-invites-tenders-for-50-mw-solar-project-with-battery-storage-in-sampur/,"Trincomalee Power Company Invites Tenders for 50 MW Solar Project with Battery Storage in Sampur Trincomalee Power Company Limited, which is 50% owned by the Ceylon Electricity Board and 50% owned by India’s NTPC, invites tenders for a 50 MW ground-mounted solar power plant to be constructed in the Sampur area of the Trincomalee District by the Sri Lanka Energy Company Limited (SLEC). The scope includes the entire process from […]",,0.128,positive
251009,2025-12-24 11:12:22,LBO,CoPF Chairman Harsha de Silva urges President to appoint an Auditor General,"Dr. Harsha de Silva, Chair of the Committee on Public Finance (CoPF), has urged President Anura Kumara Dissanayake to immediately fill the Auditor General vacancy, which has been open since December 7. In a letter dated December 22, Dr. de Silva emphasized that the absence of an Auditor General disrupts constitutional mandates under Articles 148 […]",https://www.lankabusinessonline.com/2025/12/24/copf-chairman-harsha-de-silva-urges-president-to-appoint-an-auditor-general/,"CoPF Chairman Harsha de Silva urges President to appoint an Auditor General Dr. Harsha de Silva, Chair of the Committee on Public Finance (CoPF), has urged President Anura Kumara Dissanayake to immediately fill the Auditor General vacancy, which has been open since December 7. In a letter dated December 22, Dr. de Silva emphasized that the absence of an Auditor General disrupts constitutional mandates under Articles 148 […]",,0.0,neutral
251008,2025-12-24 11:06:11,LBO,FIU Collects Rs. 9.5 Mn in Administrative Penalties from Reporting Institutions,"The Financial Intelligence Unit (FIU) of Sri Lanka has collected Rs. 9.5 million in administrative penalties from reporting institutions between July and September 2025. These penalties were imposed under the Financial Transactions Reporting Act (FTRA), No. 6 of 2006, following non-compliance with AML/CFT regulations. In accordance with the law, penalty amounts were scaled based on […]",https://www.lankabusinessonline.com/2025/12/24/fiu-collects-rs-9-5-mn-in-administrative-penalties-from-reporting-institutions/,"FIU Collects Rs. 9.5 Mn in Administrative Penalties from Reporting Institutions The Financial Intelligence Unit (FIU) of Sri Lanka has collected Rs. 9.5 million in administrative penalties from reporting institutions between July and September 2025. These penalties were imposed under the Financial Transactions Reporting Act (FTRA), No. 6 of 2006, following non-compliance with AML/CFT regulations. In accordance with the law, penalty amounts were scaled based on […]",,-0.0516,negative
251007,2025-12-24 10:54:00,LBO,"Ditwah causes widespread devastation to agriculture, fisheries & rural livelihoods in SL: FAO","Cyclone Storm Ditwah made landfall on 27 November 2025 and lingered over the country for nearly three days, bringing exceptionally heavy rainfall that triggered severe flooding and numerous landslides, resulting in widespread devastation nationwide. As of 16 December 2025, official reports confirm that more than 2.2 million people have been affected, representing about 10 percent […]",https://www.lankabusinessonline.com/2025/12/24/ditwah-causes-widespread-devastation-to-agriculture-fisheries-rural-livelihoods-in-sl-fao/,"Ditwah causes widespread devastation to agriculture, fisheries & rural livelihoods in SL: FAO Cyclone Storm Ditwah made landfall on 27 November 2025 and lingered over the country for nearly three days, bringing exceptionally heavy rainfall that triggered severe flooding and numerous landslides, resulting in widespread devastation nationwide. As of 16 December 2025, official reports confirm that more than 2.2 million people have been affected, representing about 10 percent […]",,-0.7845,negative
251006,2025-12-23 07:21:16,LBO,The Chamber of Northern Exporters (CNE) Delivering Goods and Services From Jaffna and the Northern Province,"By Jekhan Aruliah We have heard it so many times, “We must export more!”. We have heard it from politicians and economists and assorted commentators of assorted quality through miscellaneous channels. “We must export more” deserves the internet acronym SOTBO. Internet slang for a “Statement Of The Bleeding Obvious”. A statement so basic, so self-evident, […]",https://www.lankabusinessonline.com/2025/12/23/the-chamber-of-northern-exporters/,"The Chamber of Northern Exporters (CNE) Delivering Goods and Services From Jaffna and the Northern Province By Jekhan Aruliah We have heard it so many times, “We must export more!”. We have heard it from politicians and economists and assorted commentators of assorted quality through miscellaneous channels. “We must export more” deserves the internet acronym SOTBO. Internet slang for a “Statement Of The Bleeding Obvious”. A statement so basic, so self-evident, […]",,0.0,neutral
251005,2025-12-22 14:00:37,LBO,Constituent Change in the S&P Sri Lanka 20 Index,"The Colombo Stock Exchange (CSE) announces the following change in S&P Sri Lanka 20 index constituents made by S&P Dow Jones Indices at the 2025 Year End rebalance. The exclusion and inclusion as announced by S&P Dow Jones Indices, effective from 22nd December 2025 (after the market close of 19th December 2025) are presented below.  […]",https://www.lankabusinessonline.com/2025/12/22/constituent-change-in-the-sp-sri-lanka-20-index-3/,"Constituent Change in the S&P Sri Lanka 20 Index The Colombo Stock Exchange (CSE) announces the following change in S&P Sri Lanka 20 index constituents made by S&P Dow Jones Indices at the 2025 Year End rebalance. The exclusion and inclusion as announced by S&P Dow Jones Indices, effective from 22nd December 2025 (after the market close of 19th December 2025) are presented below.  […]",,0.2263,positive
251004,2025-12-22 13:57:03,LBO,Exports Record USD 15.8 Bn as Sri Lanka Maintains Upward Trade Momentum,"Sri Lanka’s export sector has continued its strong upward trajectory, recording a significant 5.8 % y-o-y growth during the period from January to November 2025. Based on Sri Lanka Customs statistics and estimated export figures for Gems & Jewellery, Petroleum Products and services, total exports reached US$ 15,776.36 Mn, the performance signals sustained growth and […]",https://www.lankabusinessonline.com/2025/12/22/exports-record-usd-15-8-bn-as-sri-lanka-maintains-upward-trade-momentum/,"Exports Record USD 15.8 Bn as Sri Lanka Maintains Upward Trade Momentum Sri Lanka’s export sector has continued its strong upward trajectory, recording a significant 5.8 % y-o-y growth during the period from January to November 2025. Based on Sri Lanka Customs statistics and estimated export figures for Gems & Jewellery, Petroleum Products and services, total exports reached US$ 15,776.36 Mn, the performance signals sustained growth and […]",,0.8744,positive
251003,2025-12-20 09:55:43,LBO,IMF Executive Board Approves USD206 Mn in Emergency Financial Support for Sri Lanka,"The Executive Board of the International Monetary Fund (IMF) approved a disbursement of SDR150.5 million (about US$206 million, equivalent to 26 percent of quota) for Sri Lanka under the Rapid Financing Instrument (RFI). This emergency support will help address urgent balance-of-payments and fiscal pressures arising from the catastrophic Cyclone Ditwah, which hit the country on […]",https://www.lankabusinessonline.com/2025/12/20/imf-executive-board-approves-usd206-mn-in-emergency-financial-support-for-sri-lanka/,"IMF Executive Board Approves USD206 Mn in Emergency Financial Support for Sri Lanka The Executive Board of the International Monetary Fund (IMF) approved a disbursement of SDR150.5 million (about US$206 million, equivalent to 26 percent of quota) for Sri Lanka under the Rapid Financing Instrument (RFI). This emergency support will help address urgent balance-of-payments and fiscal pressures arising from the catastrophic Cyclone Ditwah, which hit the country on […]",,0.5106,positive
251002,2025-12-20 09:40:34,LBO,World Bank Group & Sri Lanka Partner to Improve Digital Services & Grow Digital Economy,"The World Bank Board of Executive Directors today approved a $50 million project to support Sri Lanka’s digital transformation. The project will promote innovation and investment in Sri Lanka’s digital sector, modernize government services, and make them easier to access and more responsive to the needs of people and businesses. The Sri Lanka Digital Transformation Project will […]",https://www.lankabusinessonline.com/2025/12/20/world-bank-group-sri-lanka-partner-to-improve-digital-services-grow-digital-economy/,"World Bank Group & Sri Lanka Partner to Improve Digital Services & Grow Digital Economy The World Bank Board of Executive Directors today approved a $50 million project to support Sri Lanka’s digital transformation. The project will promote innovation and investment in Sri Lanka’s digital sector, modernize government services, and make them easier to access and more responsive to the needs of people and businesses. The Sri Lanka Digital Transformation Project will […]",,0.9531,positive
251001,2025-12-19 11:41:26,LBO,Kaspersky reveals over 3.9m local malware incidents in Sri Lanka,"As cyber threats continue to grow in scale globally, new data highlights that local malware infections remain a persistent risk for users in Sri Lanka. According to Kaspersky, which detected an average of half a million malicious files every day worldwide in 2025, offline infection vectors continue to contribute significantly to the regional threat landscape.  […]",https://www.lankabusinessonline.com/2025/12/19/kaspersky-reveals-over-3-9m-local-malware-incidents-in-sri-lanka/,"Kaspersky reveals over 3.9m local malware incidents in Sri Lanka As cyber threats continue to grow in scale globally, new data highlights that local malware infections remain a persistent risk for users in Sri Lanka. According to Kaspersky, which detected an average of half a million malicious files every day worldwide in 2025, offline infection vectors continue to contribute significantly to the regional threat landscape.  […]",,-0.8316,negative
251000,2025-12-18 14:47:16,LBO,MAP: Flood Impacts on Agriculture Across Sri Lanka,"New data from the Department of Agriculture, compiled with FAO support, highlights the scale of flood impacts on agriculture across Sri Lanka. The maps show flood-affected areas of paddy, vegetables, and other field crops, with the most significant damage concentrated in several major agricultural districts. These impacts threaten livelihoods, food production, and household food security, […]",https://www.lankabusinessonline.com/2025/12/18/map-flood-impacts-on-agriculture-across-sri-lanka/,"MAP: Flood Impacts on Agriculture Across Sri Lanka New data from the Department of Agriculture, compiled with FAO support, highlights the scale of flood impacts on agriculture across Sri Lanka. The maps show flood-affected areas of paddy, vegetables, and other field crops, with the most significant damage concentrated in several major agricultural districts. These impacts threaten livelihoods, food production, and household food security, […]",,0.2534,positive
250999,2025-12-17 12:46:38,LBO,Lion Brewery reaffirms commitment to flood resilience and community support in Biyagama,"Lion Brewery (Ceylon) PLC (Lion) reaffirmed its commitment to strengthening community partnerships through its flood response efforts and ongoing work to build long-term flood resilience and community support in Biyagama, home to the Company’s core operations. During the recent floods along the Kelani River, Lion supported the Biyagama community throughout the emergency response and recovery […]",https://www.lankabusinessonline.com/2025/12/17/lion-brewery-reaffirms-commitment-to-flood-resilience-and-community-support-in-biyagama/,"Lion Brewery reaffirms commitment to flood resilience and community support in Biyagama Lion Brewery (Ceylon) PLC (Lion) reaffirmed its commitment to strengthening community partnerships through its flood response efforts and ongoing work to build long-term flood resilience and community support in Biyagama, home to the Company’s core operations. During the recent floods along the Kelani River, Lion supported the Biyagama community throughout the emergency response and recovery […]",,0.91,positive
250998,2025-12-16 14:21:26,LBO,"Subsidiary of Commercial Bank of Ceylon, CBC Finance Lists on Colombo Stock Exchange","CBC Finance Ltd, a subsidiary of the Commercial Bank of Ceylon PLC commemorated its listing on the Colombo Stock Exchange (CSE) by way of the issuance of LKR 1.5 bn worth of debentures by the ceremonial ringing of the market opening bell on the CSE trading floor. CBC Finance Ltd raised LKR 1.5 Bn on […]",https://www.lankabusinessonline.com/2025/12/16/subsidiary-of-commercial-bank-of-ceylon-cbc-finance-lists-on-colombo-stock-exchange/,"Subsidiary of Commercial Bank of Ceylon, CBC Finance Lists on Colombo Stock Exchange CBC Finance Ltd, a subsidiary of the Commercial Bank of Ceylon PLC commemorated its listing on the Colombo Stock Exchange (CSE) by way of the issuance of LKR 1.5 bn worth of debentures by the ceremonial ringing of the market opening bell on the CSE trading floor. CBC Finance Ltd raised LKR 1.5 Bn on […]",,0.2263,positive
250997,2025-12-16 12:24:09,LBO,Sri Lanka records 5.4-pct GDP growth rate for third quarter of 2025,"The Department of Census and Statistics (DCS) Sri Lanka, has released the estimated Gross Domestic Product (GDP) at current price and at constant (2015) price in Production approach and the other macroeconomic indicators for the third quarter (1st July to 30th September) of 2025. The GDP for the third quarter of 2025 at constant price […]",https://www.lankabusinessonline.com/2025/12/16/sri-lanka-records-5-4-pct-gdp-growth-rate-for-third-quarter-of-2025/,"Sri Lanka records 5.4-pct GDP growth rate for third quarter of 2025 The Department of Census and Statistics (DCS) Sri Lanka, has released the estimated Gross Domestic Product (GDP) at current price and at constant (2015) price in Production approach and the other macroeconomic indicators for the third quarter (1st July to 30th September) of 2025. The GDP for the third quarter of 2025 at constant price […]",,-0.128,negative
250996,2025-12-15 19:41:29,LBO,World Bank is making up to USD120 mn in emergency support available by repurposing funds,"In response to the Government’s request, the World Bank is making up to US$120 million in emergency support available by repurposing funds from ongoing projects, the World Bank said in a statement. This will support recovery and help restore essential services and infrastructure—including health care, water, education, agriculture, and connectivity—in the areas hit hardest by […]",https://www.lankabusinessonline.com/2025/12/15/world-bank-is-making-up-to-usd120-mn-in-emergency-support-available-by-repurposing-funds/,"World Bank is making up to USD120 mn in emergency support available by repurposing funds In response to the Government’s request, the World Bank is making up to US$120 million in emergency support available by repurposing funds from ongoing projects, the World Bank said in a statement. This will support recovery and help restore essential services and infrastructure—including health care, water, education, agriculture, and connectivity—in the areas hit hardest by […]",,0.875,positive
250993,2025-12-14 14:17:24,LBO,City of Dreams Sri Lanka marks first christmas in Colombo,"City of Dreams Sri Lanka is marking an important milestone this December as it celebrates its first Christmas in Colombo, closing out the year with a thoughtful and community-centred festive program. In a season where many Sri Lankans are seeking moments of connection, hope, and togetherness, City of Dreams Sri Lanka has curated experiences across […]",https://www.lankabusinessonline.com/2025/12/14/city-of-dreams-sri-lanka-marks-first-christmas-in-colombo/,"City of Dreams Sri Lanka marks first christmas in Colombo City of Dreams Sri Lanka is marking an important milestone this December as it celebrates its first Christmas in Colombo, closing out the year with a thoughtful and community-centred festive program. In a season where many Sri Lankans are seeking moments of connection, hope, and togetherness, City of Dreams Sri Lanka has curated experiences across […]",,0.9643,positive
250991,2025-12-11 10:05:58,LBO,Small Investors For Polytunnel Agriculture in the Northern Province,"By Jekhan Aruliah Nirojan comes from a family of farmers. Born in 1990, his parents farmed two acres of banana and chillies in Killinochchi. Like hundreds of thousands of others during the Sri Lankan Civil War they became IDPs (IDP, Internally Displaced Persons, refugees in their own country). Streams of people fleeing first from their […]",https://www.lankabusinessonline.com/2025/12/11/small-investors-for-small-polytunnel-agriculture-in-the-northern-province/,"Small Investors For Polytunnel Agriculture in the Northern Province By Jekhan Aruliah Nirojan comes from a family of farmers. Born in 1990, his parents farmed two acres of banana and chillies in Killinochchi. Like hundreds of thousands of others during the Sri Lankan Civil War they became IDPs (IDP, Internally Displaced Persons, refugees in their own country). Streams of people fleeing first from their […]",,-0.34,negative
250992,2025-12-11 09:59:31,LBO,Rebuilding Housing Post-Ditwah: Lessons from Sri Lanka’s Tsunami Experience,"By Dr Nisha Arunatilake, Director of Research, Institute of Policy Studies of Sri Lanka (IPS) The Ditwah Cyclone ranks second only to the December 2004 Tsunami in terms of damage to housing in Sri Lanka’s recent history. According to the government’s Disaster Management Centre, as of 9th  December 2025, 86,488 houses were partially or fully […]",https://www.lankabusinessonline.com/2025/12/11/rebuilding-housing-post-ditwah-lessons-from-sri-lankas-tsunami-experience/,"Rebuilding Housing Post-Ditwah: Lessons from Sri Lanka’s Tsunami Experience By Dr Nisha Arunatilake, Director of Research, Institute of Policy Studies of Sri Lanka (IPS) The Ditwah Cyclone ranks second only to the December 2004 Tsunami in terms of damage to housing in Sri Lanka’s recent history. According to the government’s Disaster Management Centre, as of 9th  December 2025, 86,488 houses were partially or fully […]",,-0.8074,negative
250990,2025-12-11 09:44:26,LBO,SEC Alert: Gladius South Asia is not licensed by SEC or registered with Financial Conduct Authority in UK,"The Securities and Exchange Commission of Sri Lanka (SEC) wishes to inform the public that Gladius South Asia is unauthorized to act as a Market Participant in Sri Lanka. The SEC confirms that this entity is not licensed by them. Furthermore, the SEC has received official confirmation from the Financial Conduct Authority (FCA) that Gladius […]",https://www.lankabusinessonline.com/2025/12/11/sec-alert-gladius-south-asia-is-not-licensed-by-sec-or-registered-with-financial-conduct-authority-in-uk/,"SEC Alert: Gladius South Asia is not licensed by SEC or registered with Financial Conduct Authority in UK The Securities and Exchange Commission of Sri Lanka (SEC) wishes to inform the public that Gladius South Asia is unauthorized to act as a Market Participant in Sri Lanka. The SEC confirms that this entity is not licensed by them. Furthermore, the SEC has received official confirmation from the Financial Conduct Authority (FCA) that Gladius […]",,0.6808,positive
250989,2025-12-08 16:03:35,LBO,Opinion: Will the Response to Ditwah be Worse than the Disaster?,"By M. Rizwan Muzzammil The Parable of the Broken Window In 1850, the French economist Frederic Bastiat penned “The Parable of the Broken Window.” A boy breaks a shop window, and a glazier is paid six francs to repair it. Onlookers muse that such accidents are good for trade, as they keep windowmakers in business. […]",https://www.lankabusinessonline.com/2025/12/08/opinion-will-the-response-to-ditwah-be-worse-than-the-disaster/,"Opinion: Will the Response to Ditwah be Worse than the Disaster? By M. Rizwan Muzzammil The Parable of the Broken Window In 1850, the French economist Frederic Bastiat penned “The Parable of the Broken Window.” A boy breaks a shop window, and a glazier is paid six francs to repair it. Onlookers muse that such accidents are good for trade, as they keep windowmakers in business. […]",,-0.9153,negative
250988,2025-12-08 15:12:49,LBO,"Economic, fiscal &’s Ratings","According to Moody’s Ratings, South and Southeast Asian countries have been severely impacted by several tropical cyclones and unusually heavy monsoon rains since mid-November, leading to widespread flooding and landslides and the tragic loss of hundreds of lives. Moody’s assesses that the economic, fiscal, and credit impact of this disaster is likely to be most […]",https://www.lankabusinessonline.com/2025/12/08/economic-fiscal-credit-impact-of-disaster-likely-most-material-for-sri-lanka-moodys-ratings/,"Economic, fiscal &’s Ratings According to Moody’s Ratings, South and Southeast Asian countries have been severely impacted by several tropical cyclones and unusually heavy monsoon rains since mid-November, leading to widespread flooding and landslides and the tragic loss of hundreds of lives. Moody’s assesses that the economic, fiscal, and credit impact of this disaster is likely to be most […]",,-0.8904,negative
250987,2025-12-08 13:57:34,LBO,EDB Launches Fast-Track Relief to Support Exporters Affected by Adverse Weather,"The Export Development Board (EDB) has launched a rapid relief and recovery program following the severe impact of adverse weather conditions on Sri Lanka’s export sector. A discussion meeting was held recently at the EDB premises, with the participation of Secretary to the Ministry of Industry and Entrepreneurship Development Mrs. Tilaka Jayasundara, EDB Chairman and […]",https://www.lankabusinessonline.com/2025/12/08/edb-launches-fast-track-relief-to-support-exporters-affected-by-adverse-weather/,"EDB Launches Fast-Track Relief to Support Exporters Affected by Adverse Weather The Export Development Board (EDB) has launched a rapid relief and recovery program following the severe impact of adverse weather conditions on Sri Lanka’s export sector. A discussion meeting was held recently at the EDB premises, with the participation of Secretary to the Ministry of Industry and Entrepreneurship Development Mrs. Tilaka Jayasundara, EDB Chairman and […]",,0.296,positive
250986,2025-12-07 12:53:10,LBO,Hambantota International Port Remains Fully Operational Despite Extreme Weather,"As Sri Lanka experiences one of the worst flood situations recorded in its history, which has crippled national infrastructure and forced operations to suspend at the Port of Colombo, Hambantota International Port (HIP) has remained fully operational, reinforcing its strategic importance as the country’s second major commercial hub. Although Hambantota also faced heavy rains, it […]",https://www.lankabusinessonline.com/2025/12/07/hambantota-international-port-remains-fully-operational-despite-extreme-weather/,"Hambantota International Port Remains Fully Operational Despite Extreme Weather As Sri Lanka experiences one of the worst flood situations recorded in its history, which has crippled national infrastructure and forced operations to suspend at the Port of Colombo, Hambantota International Port (HIP) has remained fully operational, reinforcing its strategic importance as the country’s second major commercial hub. Although Hambantota also faced heavy rains, it […]",,-0.7845,negative
250985,2025-12-06 01:45:44,LBO,Relief Measures to Assist Businesses affected by Recent Disasters by Banks,"The Central Bank of Sri Lanka (CBSL), in view of the adverse effects of the recent cyclonic and flood disasters, having considered the proposals of the Sri Lanka Banks’ Association (Guarantee) Ltd. (SLBA) and the need to grant effective relief to those affected without unduly compromising financial system stability, issued the Circular No. 04 of […]",https://www.lankabusinessonline.com/2025/12/06/relief-measures-to-assist-businesses-affected-by-recent-disasters-by-banks/,"Relief Measures to Assist Businesses affected by Recent Disasters by Banks The Central Bank of Sri Lanka (CBSL), in view of the adverse effects of the recent cyclonic and flood disasters, having considered the proposals of the Sri Lanka Banks’ Association (Guarantee) Ltd. (SLBA) and the need to grant effective relief to those affected without unduly compromising financial system stability, issued the Circular No. 04 of […]",,0.2263,positive
250984,2025-12-05 22:00:52,LBO,IMF Considers USD 200 Mn Emergency Aid for Cyclone-Hit Sri Lanka,"International Monetary Fund (IMF) Mission Chief for Sri Lanka, Evan Papageorgiou, issued a statement today addressing the impact of Cyclone Ditwah and the resulting financial request from the Sri Lankan government. He began by extending the IMF’s sympathies to the population profoundly affected by the natural disaster: “In the wake of the devastating impact and […]",https://www.lankabusinessonline.com/2025/12/05/imf-considers-usd-200-mn-emergency-aid-for-cyclone-hit-sri-lanka/,"IMF Considers USD 200 Mn Emergency Aid for Cyclone-Hit Sri Lanka International Monetary Fund (IMF) Mission Chief for Sri Lanka, Evan Papageorgiou, issued a statement today addressing the impact of Cyclone Ditwah and the resulting financial request from the Sri Lankan government. He began by extending the IMF’s sympathies to the population profoundly affected by the natural disaster: “In the wake of the devastating impact and […]",,-0.8779,negative
250983,2025-12-05 12:14:15,LBO,Sri Lanka’s Recovery After Cyclone Devastation,"The International Monetary Fund (IMF) is actively investigating options to further support Sri Lanka in the recovery process following the devastating cyclone and widespread flooding. This commitment comes as the IMF continues to back Sri Lanka’s reform efforts under the Extended Fund Facility (EFF) arrangement. The IMF’s Director of Communications, Julie Kozack, conveyed the institution’s […]",https://www.lankabusinessonline.com/2025/12/05/imf-exploring-options-for-further-support-to-sri-lankas-recovery-after-cyclone-devastation/,"Sri Lanka’s Recovery After Cyclone Devastation The International Monetary Fund (IMF) is actively investigating options to further support Sri Lanka in the recovery process following the devastating cyclone and widespread flooding. This commitment comes as the IMF continues to back Sri Lanka’s reform efforts under the Extended Fund Facility (EFF) arrangement. The IMF’s Director of Communications, Julie Kozack, conveyed the institution’s […]",,-0.0258,neutral
250982,2025-12-03 18:50:27,LBO,Banks Association pledges strong support for economic revival,The Sri Lanka Banks Association (SLBA) in a meeting with the Governor of the Central Bank of Sri Lanka (CBSL) today pledged its fullest support to revive the country’s economy following the damage inflicted by Cyclone Ditwah.  The banks represented by the Association stated that a detailed impact assessment has already been initiated across banks […],https://www.lankabusinessonline.com/2025/12/03/banks-association-pledges-strong-support-for-economic-revival/,Banks Association pledges strong support for economic revival The Sri Lanka Banks Association (SLBA) in a meeting with the Governor of the Central Bank of Sri Lanka (CBSL) today pledged its fullest support to revive the country’s economy following the damage inflicted by Cyclone Ditwah.  The banks represented by the Association stated that a detailed impact assessment has already been initiated across banks […],,0.7845,positive
250981,2025-12-03 11:31:32,LBO,Sri Lanka economic summit opened with focus on recovery and resilience after cyclone Ditwah,"The Ceylon Chamber of Commerce opened the Sri Lanka Economic & Investment Summit on Tuesday with a renewed sense of purpose, reframing the annual event as a platform for national recovery following the devastation caused by Cyclone Ditwah. Addressing more than 800 delegates, including over 100 overseas investors, the Chamber’s Chairperson, Krishan Balendra began by […]",https://www.lankabusinessonline.com/2025/12/03/sri-lanka-economic-summit-opened-with-focus-on-recovery-and-resilience-after-cyclone-ditwah/,"Sri Lanka economic summit opened with focus on recovery and resilience after cyclone Ditwah The Ceylon Chamber of Commerce opened the Sri Lanka Economic & Investment Summit on Tuesday with a renewed sense of purpose, reframing the annual event as a platform for national recovery following the devastation caused by Cyclone Ditwah. Addressing more than 800 delegates, including over 100 overseas investors, the Chamber’s Chairperson, Krishan Balendra began by […]",,-0.4215,negative
250980,2025-12-02 09:55:27,LBO,Management committee of ‘Rebuilding Sri Lanka’ fund appointed with  reps from  public and pvt sectors,"Cabinet approval has been granted to establish the ‘Rebuilding Sri Lanka’ Fund, aimed at rebuilding the country following the severe devastation caused by Cyclone ‘Ditwah’, one of the worst natural disasters in Sri Lanka’s recent history. The Fund is to be established as a statutory fund under the Presidential Secretariat and its Management Committee will […]",https://www.lankabusinessonline.com/2025/12/02/management-committee-of-rebuilding-sri-lanka-fund-appointed-with-reps-from-public-and-pvt-sectors/,"Management committee of ‘Rebuilding Sri Lanka’ fund appointed with  reps from  public and pvt sectors Cabinet approval has been granted to establish the ‘Rebuilding Sri Lanka’ Fund, aimed at rebuilding the country following the severe devastation caused by Cyclone ‘Ditwah’, one of the worst natural disasters in Sri Lanka’s recent history. The Fund is to be established as a statutory fund under the Presidential Secretariat and its Management Committee will […]",,-0.7579,negative
250979,2025-12-02 09:47:08,LBO,Sri Lanka introduces duty-free mechanism for overseas disaster relief donations,"Due to the current disaster situation in the country, various inquiries have been made by foreign countries, organizations, individuals, as well as Sri Lankans living abroad, regarding donating essential goods to the people affected. Accordingly, the Government of Sri Lanka has introduced a more convenient procedure to expedite the clearance and distribution of all material […]",https://www.lankabusinessonline.com/2025/12/02/sri-lanka-introduces-duty-free-mechanism-for-overseas-disaster-relief-donations/,"Sri Lanka introduces duty-free mechanism for overseas disaster relief donations Due to the current disaster situation in the country, various inquiries have been made by foreign countries, organizations, individuals, as well as Sri Lankans living abroad, regarding donating essential goods to the people affected. Accordingly, the Government of Sri Lanka has introduced a more convenient procedure to expedite the clearance and distribution of all material […]",,-0.6808,negative
250978,2025-12-02 09:41:36,LBO,Ceylon Chamber affirms support for National recovery efforts following cyclone Ditwah,"The Ceylon Chamber of Commerce is deeply saddened by the devastation caused by Cyclone Ditwah, and our thoughts are with all individuals, families, and communities affected by this tragedy. We mourn the loss of lives and acknowledge the immense hardship endured by thousands who have been displaced and whose livelihoods have been severely disrupted. In […]",https://www.lankabusinessonline.com/2025/12/02/ceylon-chamber-affirms-support-for-national-recovery-efforts-following-cyclone-ditwah/,"Ceylon Chamber affirms support for National recovery efforts following cyclone Ditwah The Ceylon Chamber of Commerce is deeply saddened by the devastation caused by Cyclone Ditwah, and our thoughts are with all individuals, families, and communities affected by this tragedy. We mourn the loss of lives and acknowledge the immense hardship endured by thousands who have been displaced and whose livelihoods have been severely disrupted. In […]",,-0.9538,negative
250977,2025-12-02 09:36:41,LBO,Telecom operators and partners accelerate restoration of connectivity after cyclone Ditwah,"Sri Lanka’s national telecommunication operators, in close coordination with government authorities, are intensifying round-the-clock recovery efforts to reconnect communities battered by severe flooding and landslidestriggered by Cyclone Ditwah since 27 November. The disaster has claimed 334 lives, left nearly 400 people missing or unaccounted for, and affected more than 1.3 million individuals nationwide, with rising […]",https://www.lankabusinessonline.com/2025/12/02/telecom-operators-and-partners-accelerate-restoration-of-connectivity-after-cyclone-ditwah/,"Telecom operators and partners accelerate restoration of connectivity after cyclone Ditwah Sri Lanka’s national telecommunication operators, in close coordination with government authorities, are intensifying round-the-clock recovery efforts to reconnect communities battered by severe flooding and landslidestriggered by Cyclone Ditwah since 27 November. The disaster has claimed 334 lives, left nearly 400 people missing or unaccounted for, and affected more than 1.3 million individuals nationwide, with rising […]",,-0.8591,negative
250976,2025-12-01 14:22:31,LBO,Evolution Auto brings multi-brand electric vehicle showroom to Kurunegala,"Evolution Auto, a pioneer in Sri Lanka’s electric mobility sector, has officially opened its multi-brand electric vehicle (EV) showroom in Kurunegala, in collaboration with New Jayasekara Auto Motors (Pvt) Ltd. The new showroom offers customers a chance to explore, test drive, and purchase a wide range of electric vehicles, making eco-friendly transportation more accessible than […]",https://www.lankabusinessonline.com/2025/12/01/evolution-auto-brings-multi-brand-electric-vehicle-showroom-to-kurunegala/,"Evolution Auto brings multi-brand electric vehicle showroom to Kurunegala Evolution Auto, a pioneer in Sri Lanka’s electric mobility sector, has officially opened its multi-brand electric vehicle (EV) showroom in Kurunegala, in collaboration with New Jayasekara Auto Motors (Pvt) Ltd. The new showroom offers customers a chance to explore, test drive, and purchase a wide range of electric vehicles, making eco-friendly transportation more accessible than […]",,0.25,positive
250262,2025-11-26 14:56:49,LBO,Sri Lanka’s Central Bank keeps policy rate unchanged,"The Monetary Policy Board, at its meeting held yesterday, decided to maintain the Overnight Policy Rate (OPR) at the current level of 7.75%. The Board arrived at this decision after carefully considering evolving developments and the outlook on both domestic and global fronts. The Board is of the view that the current monetary policy stance […]",https://www.lankabusinessonline.com/2025/11/26/sri-lankas-central-bank-keeps-policy-rate-unchanged/,"Sri Lanka’s Central Bank keeps policy rate unchanged The Monetary Policy Board, at its meeting held yesterday, decided to maintain the Overnight Policy Rate (OPR) at the current level of 7.75%. The Board arrived at this decision after carefully considering evolving developments and the outlook on both domestic and global fronts. The Board is of the view that the current monetary policy stance […]",,0.128,positive
250261,2025-11-26 13:14:42,LBO,Acquisitions of Small Sri Lanka Banks Neutral to BOC’s and PB’s Ratings: Fitch Ratings,"Fitch Ratings says the proposed transfers of state-owned shares – of Housing Development Finance Corporation Bank of Sri Lanka (HDFC, BB+(lka)/Rating Watch Positive) to Bank of Ceylon (BOC, CCC+/AA-(lka)/Stable) and of State Mortgage & Investment Bank (SMIB, BB(lka)/Rating Watch Positive) to People’s Bank (Sri Lanka) (PB, AA-(lka)/Stable) – are unlikely to affect the acquirers’ ratings. […]",https://www.lankabusinessonline.com/2025/11/26/acquisitions-of-small-sri-lanka-banks-neutral-to-bocs-and-pbs-ratings-fitch-ratings/,"Acquisitions of Small Sri Lanka Banks Neutral to BOC’s and PB’s Ratings: Fitch Ratings Fitch Ratings says the proposed transfers of state-owned shares – of Housing Development Finance Corporation Bank of Sri Lanka (HDFC, BB+(lka)/Rating Watch Positive) to Bank of Ceylon (BOC, CCC+/AA-(lka)/Stable) and of State Mortgage & Investment Bank (SMIB, BB(lka)/Rating Watch Positive) to People’s Bank (Sri Lanka) (PB, AA-(lka)/Stable) – are unlikely to affect the acquirers’ ratings. […]",,0.8555,positive
250260,2025-11-26 12:06:55,LBO,Central Bank keeps Overnight Policy Rate unchanged,"The Monetary Policy Board, at its meeting held yesterday, decided to maintain the Overnight Policy Rate (OPR) at the current level of 7.75%. The Board arrived at this decision after carefully considering evolving developments and the outlook on both domestic and global fronts. The Board is of the view that the current monetary policy stance […]",https://www.lankabusinessonline.com/2025/11/26/central-bank-keeps-overnight-policy-rate-unchanged/,"Central Bank keeps Overnight Policy Rate unchanged The Monetary Policy Board, at its meeting held yesterday, decided to maintain the Overnight Policy Rate (OPR) at the current level of 7.75%. The Board arrived at this decision after carefully considering evolving developments and the outlook on both domestic and global fronts. The Board is of the view that the current monetary policy stance […]",,0.128,positive
250259,2025-11-25 13:26:35,LBO,Sri Lanka’s Export Earnings Exceed USD 14.4 Bn Mark in First Ten Months of 2025,"Sri Lanka’s export sector has continued its strong upward trajectory, recording a significant 6.0 % growth during the period from January to October 2025. According to data released by Sri Lanka Customs, along with estimated figures for Gems & Jewellery and Petroleum Products, total exports reached US$ 14,433.82 Mn, surpassing the performance of the corresponding […]",https://www.lankabusinessonline.com/2025/11/25/sri-lankas-export-earnings-exceed-usd-14-4-bn-mark-in-first-ten-months-of-2025/,"Sri Lanka’s Export Earnings Exceed USD 14.4 Bn Mark in First Ten Months of 2025 Sri Lanka’s export sector has continued its strong upward trajectory, recording a significant 6.0 % growth during the period from January to October 2025. According to data released by Sri Lanka Customs, along with estimated figures for Gems & Jewellery and Petroleum Products, total exports reached US$ 14,433.82 Mn, surpassing the performance of the corresponding […]",,0.8115,positive
250258,2025-11-25 13:11:08,LBO,SEC Issues Urgent Scam Alert: Blue Ocean Securities Unlicensed and Unauthorized to Trade,"The Securities and Exchange Commission of Sri Lanka (SEC) has issued an urgent warning to the public, stating that Blue Ocean Securities Ltd is not licensed by the SEC and has no authority to trade in securities in Sri Lanka on behalf of investors. The SEC further revealed that the company’s Chief Analyst and assistant […]",https://www.lankabusinessonline.com/2025/11/25/sec-issues-urgent-scam-alert-blue-ocean-securities-unlicensed-and-unauthorized-to-trade/,"SEC Issues Urgent Scam Alert: Blue Ocean Securities Unlicensed and Unauthorized to Trade The Securities and Exchange Commission of Sri Lanka (SEC) has issued an urgent warning to the public, stating that Blue Ocean Securities Ltd is not licensed by the SEC and has no authority to trade in securities in Sri Lanka on behalf of investors. The SEC further revealed that the company’s Chief Analyst and assistant […]",,0.646,positive
250257,2025-11-21 15:01:25,LBO,First-Ever Digital Signature Introduced for President’s Counsel Oath Ceremony,"In a groundbreaking step toward digital transformation, the Supreme Court of Sri Lanka today introduced the Digital Signature for the President’s Counsel Oath Ceremony marking the first-ever use of this technology in the history of Sri Lanka’s Judiciary. Traditionally, this process was carried out manually, making 2025.11.20th  achievement a historic milestone. This advancement reflects the […]",https://www.lankabusinessonline.com/2025/11/21/first-ever-digital-signature-introduced-for-presidents-counsel-oath-ceremony/,"First-Ever Digital Signature Introduced for President’s Counsel Oath Ceremony In a groundbreaking step toward digital transformation, the Supreme Court of Sri Lanka today introduced the Digital Signature for the President’s Counsel Oath Ceremony marking the first-ever use of this technology in the history of Sri Lanka’s Judiciary. Traditionally, this process was carried out manually, making 2025.11.20th  achievement a historic milestone. This advancement reflects the […]",,0.5574,positive
250256,2025-11-21 14:52:50,LBO,‘s &’s National Ratings on Rating Watch Positive on Proposed Acquisition,Fitch Ratings has placed Housing Development Finance Corporation Bank of Sri Lanka’s (HDFC) National Rating of ‘BB+(lka)’ and State Mortgage & Investment Bank’s (SMIB) National Rating of ‘BB(lka)’ on Rating Watch Positive (RWP). HDFC’s rating was previously on a Negative Outlook. Key Rating Drivers Acquisition on the Cards: The rating action follows the announcement by the […],https://www.lankabusinessonline.com/2025/11/21/fitch-places-hdfcs-smibs-national-ratings-on-rating-watch-positive-on-proposed-acquisition/,‘s &’s National Ratings on Rating Watch Positive on Proposed Acquisition Fitch Ratings has placed Housing Development Finance Corporation Bank of Sri Lanka’s (HDFC) National Rating of ‘BB+(lka)’ and State Mortgage & Investment Bank’s (SMIB) National Rating of ‘BB(lka)’ on Rating Watch Positive (RWP). HDFC’s rating was previously on a Negative Outlook. Key Rating Drivers Acquisition on the Cards: The rating action follows the announcement by the […],,0.5423,positive
250255,2025-11-21 14:11:23,LBO,TikTok launches time and well-being features for users,"TikTok announced today the launch of its new Time and Well-being space for its users. This new update introduces a range of features designed to help TikTok users build mindful digital habits. This initiative underscores the platform’s commitment to fostering a positive and balanced online experience. While emphasizing safety and Community Guidelines, TikTok has been […]",https://www.lankabusinessonline.com/2025/11/21/tiktok-launches-time-and-well-being-features-for-users/,"TikTok launches time and well-being features for users TikTok announced today the launch of its new Time and Well-being space for its users. This new update introduces a range of features designed to help TikTok users build mindful digital habits. This initiative underscores the platform’s commitment to fostering a positive and balanced online experience. While emphasizing safety and Community Guidelines, TikTok has been […]",,0.8934,positive
250254,2025-11-19 09:37:34,LBO,“Oops” is not a foreign policy: Why I demanded a radical shift in our foreign policy,"By Dr. Harsha de Silva, MP Today in Parliament, during the Committee Stage debate on the Foreign Ministry’s expenditure head, I felt compelled to challenge the traditional view of how Sri Lanka engages with the world. I listened to the Minister of Foreign Affairs, hoping for an articulation of a modern policy stance that justifies […]",https://www.lankabusinessonline.com/2025/11/19/oops-is-not-a-foreign-policy-why-i-demanded-a-radical-shift-in-our-foreign-policy/,"“Oops” is not a foreign policy: Why I demanded a radical shift in our foreign policy By Dr. Harsha de Silva, MP Today in Parliament, during the Committee Stage debate on the Foreign Ministry’s expenditure head, I felt compelled to challenge the traditional view of how Sri Lanka engages with the world. I listened to the Minister of Foreign Affairs, hoping for an articulation of a modern policy stance that justifies […]",,0.5267,positive
250253,2025-11-18 10:48:13,LBO,Launch of UPI One World for Sri Lankan Buddhist Pilgrims,"The Sri Lanka High Commission in India, in partnership with the National Payments Corporation of India (NPCI), today launched a pilot initiative introducing UPI One World for Sri Lankan Buddhist pilgrims visiting India. This pioneering digital payment facility enables Sri Lankan travellers to make secure, real-time payments across India without the requirement of an Indian […]",https://www.lankabusinessonline.com/2025/11/18/launch-of-upi-one-world-for-sri-lankan-buddhist-pilgrims/,"Launch of UPI One World for Sri Lankan Buddhist Pilgrims The Sri Lanka High Commission in India, in partnership with the National Payments Corporation of India (NPCI), today launched a pilot initiative introducing UPI One World for Sri Lankan Buddhist pilgrims visiting India. This pioneering digital payment facility enables Sri Lankan travellers to make secure, real-time payments across India without the requirement of an Indian […]",,0.4404,positive
250252,2025-11-17 11:58:37,LBO,New Container Inspection Yard at Hambantota International Port with Rs. 1 Bn Investment,"Hambantota International Port Group (HIPG) is proceeding with the development of a new, purpose-built Container Inspection Yard within the Hambantota International Port (HIP) premises. The Rs. 1 billion project represents a significant private-sector investment and to be developed by Rank Container Terminals (Pvt) Ltd (RCT). This new facility is designed to serve as a centralised […]",https://www.lankabusinessonline.com/2025/11/17/new-container-inspection-yard-at-hambantota-international-port-with-rs-1-bn-investment/,"New Container Inspection Yard at Hambantota International Port with Rs. 1 Bn Investment Hambantota International Port Group (HIPG) is proceeding with the development of a new, purpose-built Container Inspection Yard within the Hambantota International Port (HIP) premises. The Rs. 1 billion project represents a significant private-sector investment and to be developed by Rank Container Terminals (Pvt) Ltd (RCT). This new facility is designed to serve as a centralised […]",,0.2023,positive
250251,2025-11-17 11:21:19,LBO,"‘s 47-pct y-o-y increase in Group PAT, reaching Rs.34.7Bn","Sustaining its upward momentum, HNB delivered strong results in the first nine months of Group PAT reached Rs 34.7 Bn, marking a 47% YoY increase, while the Bank’s PAT grew by 42% YoY to Rs 31.5 Bn. Commenting on the performance, Mr. Nihal Jayawardena, Chairman of HNB PLC stated, “The period under review has been […]",https://www.lankabusinessonline.com/2025/11/17/hnb-records-47-pct-y-o-y-increase-in-group-pat-reaching-rs-34-7bn/,"‘s 47-pct y-o-y increase in Group PAT, reaching Rs.34.7Bn Sustaining its upward momentum, HNB delivered strong results in the first nine months of Group PAT reached Rs 34.7 Bn, marking a 47% YoY increase, while the Bank’s PAT grew by 42% YoY to Rs 31.5 Bn. Commenting on the performance, Mr. Nihal Jayawardena, Chairman of HNB PLC stated, “The period under review has been […]",,0.8442,positive
250250,2025-11-17 10:09:17,LBO,Strategic report to CTC – South Asia’s first “quit like Sweden” anti-tobacco roundtable,"On 11 November 2025, Colombo hosted a major roundtable on tobacco harm reduction, organized by Quit Like Sweden, a UK-based international non-profit platform. The event brought together experts from around the world to examine Sweden’s successful tobacco harm reduction model and discuss how elements of this approach could be adapted in South Asia, including Sri […]",https://www.lankabusinessonline.com/2025/11/17/strategic-report-to-ctc-south-asias-first-quit-like-sweden-anti-tobacco-roundtable/,"Strategic report to CTC – South Asia’s first “quit like Sweden” anti-tobacco roundtable On 11 November 2025, Colombo hosted a major roundtable on tobacco harm reduction, organized by Quit Like Sweden, a UK-based international non-profit platform. The event brought together experts from around the world to examine Sweden’s successful tobacco harm reduction model and discuss how elements of this approach could be adapted in South Asia, including Sri […]",,0.2023,positive
250249,2025-11-14 18:33:33,LBO,Montana National Guard Signs MOU with SL Armed Forces Under State Partnership Program,"Today, at the Ministry of Defense, the United States and Sri Lanka signed a Memorandum of Understanding (MOU) formalizing the defense partnership between the Montana National Guard, the U.S. Coast Guard District 13, and the Sri Lanka Armed Forces under the Department of War’s State Partnership Program (SPP).  U.S. Ambassador Julie Chung, Adjutant General of […]",https://www.lankabusinessonline.com/2025/11/14/montana-national-guard-signs-mou-with-sl-armed-forces-under-state-partnership-program/,"Montana National Guard Signs MOU with SL Armed Forces Under State Partnership Program Today, at the Ministry of Defense, the United States and Sri Lanka signed a Memorandum of Understanding (MOU) formalizing the defense partnership between the Montana National Guard, the U.S. Coast Guard District 13, and the Sri Lanka Armed Forces under the Department of War’s State Partnership Program (SPP).  U.S. Ambassador Julie Chung, Adjutant General of […]",,0.5859,positive
250248,2025-11-14 12:14:21,LBO,Renewed diaspora optimism as RIUNIT showcases real estate investment opportunities in London,"The Research Intelligence Unit (RIUNIT) together with the High Commission of Sri Lanka in London held the Sri Lanka Real Estate Investment Forum: London 2025 on Thursday, 30 October 2025 at the Sri Lanka High Commission in London. Despite having organised many dozens of investor events at high diaspora density locations around the globe during […]",https://www.lankabusinessonline.com/2025/11/14/renewed-diaspora-optimism-as-riunit-showcases-real-estate-investment-opportunities-in-london/,"Renewed diaspora optimism as RIUNIT showcases real estate investment opportunities in London The Research Intelligence Unit (RIUNIT) together with the High Commission of Sri Lanka in London held the Sri Lanka Real Estate Investment Forum: London 2025 on Thursday, 30 October 2025 at the Sri Lanka High Commission in London. Despite having organised many dozens of investor events at high diaspora density locations around the globe during […]",,0.8481,positive
250247,2025-11-14 12:00:49,LBO,"Hayleys sustains growth momentum, reports PBT of Rs.13.33Bn in first half of 2025/26",Achieves Revenue and PBT growth of 13% and 7% during the 2nd quarter of the year supported by both domestic and export-oriented businesses Ranked as Sri Lanka’s leading listed corporate in the 32nd edition of the LMD 100 Accelerates growth through strategic expansion in new verticals The Hayleys Group sustained its strong growth trajectory during […],https://www.lankabusinessonline.com/2025/11/14/hayleys-sustains-growth-momentum-reports-pbt-of-rs-13-33bn-in-first-half-of-2025-26/,"Hayleys sustains growth momentum, reports PBT of Rs.13.33Bn in first half of 2025/26 Achieves Revenue and PBT growth of 13% and 7% during the 2nd quarter of the year supported by both domestic and export-oriented businesses Ranked as Sri Lanka’s leading listed corporate in the 32nd edition of the LMD 100 Accelerates growth through strategic expansion in new verticals The Hayleys Group sustained its strong growth trajectory during […]",,0.9325,positive
250246,2025-11-14 11:33:50,LBO,FAO & Ministry of Fisheries Launch SL’s First Digital Platform for Smart & Sustainable Shrimp Aquaculture,"The Food and Agriculture Organization of the United Nations (FAO), in collaboration with the Ministry of Fisheries, Aquatic and Ocean Resources and the National Aquaculture Development Authority (NAQDA), launched the Shrimp Industry Information System (SIIS) – Sri Lanka’s first-ever integrated digital platform for the aquaculture sector. Developed under the FAO-led project “Smart and Sustainable Aquaculture […]",https://www.lankabusinessonline.com/2025/11/14/fao-ministry-of-fisheries-launch-sls-first-digital-platform-for-smart-sustainable-shrimp-aquaculture/,"FAO & Ministry of Fisheries Launch SL’s First Digital Platform for Smart & Sustainable Shrimp Aquaculture The Food and Agriculture Organization of the United Nations (FAO), in collaboration with the Ministry of Fisheries, Aquatic and Ocean Resources and the National Aquaculture Development Authority (NAQDA), launched the Shrimp Industry Information System (SIIS) – Sri Lanka’s first-ever integrated digital platform for the aquaculture sector. Developed under the FAO-led project “Smart and Sustainable Aquaculture […]",,0.743,positive
250245,2025-11-14 11:29:34,LBO,"Agreement signed for Port City’s first Commercial Office Development, the iconic Colombo Gateway","In Colombo, a new era of modern office infrastructure is set to begin at Port City Colombo with the development of Colombo Gateway Tower One, led by a consortium of investors spearheaded by Canary Wharf Holdings Pte Ltd based in Singapore. Canary Wharf is the development arm of Investment Advisory firm Platinum Advisors Pte Ltd, […]",https://www.lankabusinessonline.com/2025/11/14/agreement-signed-for-port-citys-first-commercial-office-development-the-iconic-colombo-gateway/,"Agreement signed for Port City’s first Commercial Office Development, the iconic Colombo Gateway In Colombo, a new era of modern office infrastructure is set to begin at Port City Colombo with the development of Colombo Gateway Tower One, led by a consortium of investors spearheaded by Canary Wharf Holdings Pte Ltd based in Singapore. Canary Wharf is the development arm of Investment Advisory firm Platinum Advisors Pte Ltd, […]",,0.4939,positive
250244,2025-11-13 12:28:42,LBO,CSE Signs MOU with Seylan Bank PLC to Streamline Foreign Investment,"The Central Depository Systems (Pvt) Limited (CDS), a wholly owned subsidiary of the Colombo Stock Exchange (CSE), signed a Memorandum of Understanding (MoU) with Seylan Bank PLC to enhance the facilitation of Inward Investment Accounts (IIAs) for non-resident Sri Lankans and Foreign Individuals (FIs) who wish to open CDS accounts through the CSE Mobile App. […]",https://www.lankabusinessonline.com/2025/11/13/cse-signs-mou-with-seylan-bank-plc-to-streamline-foreign-investment/,"CSE Signs MOU with Seylan Bank PLC to Streamline Foreign Investment The Central Depository Systems (Pvt) Limited (CDS), a wholly owned subsidiary of the Colombo Stock Exchange (CSE), signed a Memorandum of Understanding (MoU) with Seylan Bank PLC to enhance the facilitation of Inward Investment Accounts (IIAs) for non-resident Sri Lankans and Foreign Individuals (FIs) who wish to open CDS accounts through the CSE Mobile App. […]",,0.2023,positive
250243,2025-11-13 11:50:31,LBO,"NVQ Level 4 accreditation for Barista, Setting new benchmark in coffee education","Barista Coffee Lanka (Pvt) Ltd proudly announced that it has been awarded National Vocational Qualification (NVQ) Level 04 accreditation under the Tertiary and Vocational Education Commission (TVEC). The NVQ Level 04Barista Training Program, the first of its kind in Sri Lanka, was conceptualized, co-created, and fully funded by Barista. This achievement underscores the company’s long-term […]",https://www.lankabusinessonline.com/2025/11/13/nvq-level-4-accreditation-for-barista-setting-new-benchmark-in-coffee-education/,"NVQ Level 4 accreditation for Barista, Setting new benchmark in coffee education Barista Coffee Lanka (Pvt) Ltd proudly announced that it has been awarded National Vocational Qualification (NVQ) Level 04 accreditation under the Tertiary and Vocational Education Commission (TVEC). The NVQ Level 04Barista Training Program, the first of its kind in Sri Lanka, was conceptualized, co-created, and fully funded by Barista. This achievement underscores the company’s long-term […]",,0.8658,positive
250242,2025-11-13 11:28:28,LBO,"KiddieCove Academy: Two sisters, one vision, transforming early childhood education","KiddieCove Preschool and Daycare is rapidly establishing itself as a leading provider of early childhood education across Sri Lanka, with flourishing branches in Thalawathugoda, Malabe, and Mount Lavinia. Founded by sisters Naduni and Esha Samarakoon, KiddieCove offers a safe, nurturing, and innovative learning environment where children embark on their educational journey through exploration and creativity. […]",https://www.lankabusinessonline.com/2025/11/13/kiddiecove-academy-two-sisters-one-vision-transforming-early-childhood-education/,"KiddieCove Academy: Two sisters, one vision, transforming early childhood education KiddieCove Preschool and Daycare is rapidly establishing itself as a leading provider of early childhood education across Sri Lanka, with flourishing branches in Thalawathugoda, Malabe, and Mount Lavinia. Founded by sisters Naduni and Esha Samarakoon, KiddieCove offers a safe, nurturing, and innovative learning environment where children embark on their educational journey through exploration and creativity. […]",,0.9231,positive
250241,2025-11-13 11:13:59,LBO,Mahindra Ideal Finance records 204-pct growth in PBT to Rs. 477Mn for H1 FY26,"Mahindra Ideal Finance Limited (MIFL) has delivered strong growth in income and profits during the six months ended 30th September 2025 (H1 FY26), fueled by a rapid expansion in its multi-brand vehicle financing portfolio. Total Income for the period rose by 47% Year-on-Year (YoY) up to Rs. 1.85 billion, while Profit Before Tax (PBT) increased […]",https://www.lankabusinessonline.com/2025/11/13/mahindra-ideal-finance-records-204-pct-growth-in-pbt-to-rs-477mn-for-h1-fy26/,"Mahindra Ideal Finance records 204-pct growth in PBT to Rs. 477Mn for H1 FY26 Mahindra Ideal Finance Limited (MIFL) has delivered strong growth in income and profits during the six months ended 30th September 2025 (H1 FY26), fueled by a rapid expansion in its multi-brand vehicle financing portfolio. Total Income for the period rose by 47% Year-on-Year (YoY) up to Rs. 1.85 billion, while Profit Before Tax (PBT) increased […]",,0.9652,positive
250240,2025-11-11 16:51:50,LBO,Government responds to key industry appeals on VAT and SME needs: SLABA,"The Sri Lanka Apparel Brands Association (SLABA), representing all leading Sri Lankan apparel and fashion brands, enthusiastically welcomes theBudget, which addresses the majority of the industry’s key requests to strengthen the domestic apparel ecosystem. Government Hears Industry Voice SLABA commends the Government for responding decisively to industry concerns, particularly the implementation of VAT on imported […]",https://www.lankabusinessonline.com/2025/11/11/government-responds-to-key-industry-appeals-on-vat-and-sme-needs-slaba/,"Government responds to key industry appeals on VAT and SME needs: SLABA The Sri Lanka Apparel Brands Association (SLABA), representing all leading Sri Lankan apparel and fashion brands, enthusiastically welcomes theBudget, which addresses the majority of the industry’s key requests to strengthen the domestic apparel ecosystem. Government Hears Industry Voice SLABA commends the Government for responding decisively to industry concerns, particularly the implementation of VAT on imported […]",,0.8225,positive
250239,2025-11-11 12:49:29,LBO,Sri Lanka’s Budget Sticks to Fiscal Consolidation Path: Fitch Ratings,"The Sri Lankan government’s latest budget indicates that the authorities remain committed to reducing government debt/GDP over the medium term after beating their targets in the 2025 budget. Fitch Ratings believes sustained strong revenue performance will remain key to meeting the government’s fiscal goals. The budget, unveiled on 7 November, targets a deficit of 5.1% […]",https://www.lankabusinessonline.com/2025/11/11/sri-lankas-budget-sticks-to-fiscal-consolidation-path-fitch-ratings/,"Sri Lanka’s Budget Sticks to Fiscal Consolidation Path: Fitch Ratings The Sri Lankan government’s latest budget indicates that the authorities remain committed to reducing government debt/GDP over the medium term after beating their targets in the 2025 budget. Fitch Ratings believes sustained strong revenue performance will remain key to meeting the government’s fiscal goals. The budget, unveiled on 7 November, targets a deficit of 5.1% […]",,-0.0772,negative
250238,2025-11-10 11:00:21,LBO,"ADB approves USD100 Mn to strengthen macroeconomic resilience, transparency in Sri Lanka","The Asian Development Bank (ADB) has approved a $100 million financing package to build on Sri Lanka’s progress toward macroeconomic stability and to help achieve sustainable growth following the economic crisis. This will be done by strengthening public expenditure management, improving revenue mobilization, and fostering private sector participation. “Sri Lanka has made commendable progress in […]",https://www.lankabusinessonline.com/2025/11/10/adb-approves-usd100-mn-to-strengthen-macroeconomic-resilience-transparency-in-sri-lanka/,"ADB approves USD100 Mn to strengthen macroeconomic resilience, transparency in Sri Lanka The Asian Development Bank (ADB) has approved a $100 million financing package to build on Sri Lanka’s progress toward macroeconomic stability and to help achieve sustainable growth following the economic crisis. This will be done by strengthening public expenditure management, improving revenue mobilization, and fostering private sector participation. “Sri Lanka has made commendable progress in […]",,0.9559,positive
250237,2025-11-08 15:11:11,LBO,Ceylon Chamber Says Budget 2026 Calls for Faster Implementation of Reforms to Achieve Growth Targets,"The National Budget 2026 maintains a clear trajectory of policy predictability, fiscal consolidation, and disciplined debt management, continuing the stability required for Sri Lanka’s medium-term reform agenda. This consistency is critical for sustaining a transformative growth trajectory that is underpinned by low inflation, stable interest rates and renewed investor confidence.  With economic recovery driven primarily […]",https://www.lankabusinessonline.com/2025/11/08/ceylon-chamber-says-budget-2026-calls-for-faster-implementation-of-reforms-to-achieve-growth-targets/,"Ceylon Chamber Says Budget 2026 Calls for Faster Implementation of Reforms to Achieve Growth Targets The National Budget 2026 maintains a clear trajectory of policy predictability, fiscal consolidation, and disciplined debt management, continuing the stability required for Sri Lanka’s medium-term reform agenda. This consistency is critical for sustaining a transformative growth trajectory that is underpinned by low inflation, stable interest rates and renewed investor confidence.  With economic recovery driven primarily […]",,0.8555,positive
250236,2025-11-08 07:55:14,LBO,Budget 2026: Reduction of registration threshold of VAT & SSCL,"With the view of broadening the tax base, the Finance Minister proposes to reduce the annual turnover threshold for the registration from Rs. 60 million to Rs. 36 million Value Added Tax and Social Security Contribution Levy effective from April 01, 2026.",https://www.lankabusinessonline.com/2025/11/08/budget-2026-reduction-of-registration-threshold-of-vat-sscl/,"Budget 2026: Reduction of registration threshold of VAT & SSCL With the view of broadening the tax base, the Finance Minister proposes to reduce the annual turnover threshold for the registration from Rs. 60 million to Rs. 36 million Value Added Tax and Social Security Contribution Levy effective from April 01, 2026.",,0.7845,positive
250235,2025-11-07 17:36:17,LBO,Budget 2026: Imposition of VAT & SSCL on Imported Coconut Oil & Palm Oil,"Locally produced coconut oil and palm oil are subjected to Value Added Tax and Social Security Contribution Levy, while imported coconut oil and palm oil are subjected to Special Commodity Levy at Rs. 150 per kilogram and Rs. 275 per kilogram, respectively. To ensure a level playing field, it is proposed to remove the Special […]",https://www.lankabusinessonline.com/2025/11/07/budget-2026-imposition-of-vat-sscl-on-imported-coconut-oil-palm-oil/,"Budget 2026: Imposition of VAT & SSCL on Imported Coconut Oil & Palm Oil Locally produced coconut oil and palm oil are subjected to Value Added Tax and Social Security Contribution Levy, while imported coconut oil and palm oil are subjected to Special Commodity Levy at Rs. 150 per kilogram and Rs. 275 per kilogram, respectively. To ensure a level playing field, it is proposed to remove the Special […]",,0.9325,positive
250234,2025-11-07 17:32:37,LBO,Budget 2026: Removal of CESS and imposition of VAT on Imported Fabric,"Locally manufactured fabric is subjected to VAT and the imported fabric, although exempted from VAT, is subjected CESS of Rs. 100 per kilo gram. To ensure a level playing field, it is proposed to remove CESS and impose VAT on the imported fabric. This will be implemented effective from April 01, 2026.",https://www.lankabusinessonline.com/2025/11/07/budget-2026-removal-of-cess-and-imposition-of-vat-on-imported-fabric/,"Budget 2026: Removal of CESS and imposition of VAT on Imported Fabric Locally manufactured fabric is subjected to VAT and the imported fabric, although exempted from VAT, is subjected CESS of Rs. 100 per kilo gram. To ensure a level playing field, it is proposed to remove CESS and impose VAT on the imported fabric. This will be implemented effective from April 01, 2026.",,0.6486,positive
250233,2025-11-07 17:29:07,LBO,Budget 2026: Implementation of the National Tariff Policy,"The President proposes to revise the current Customs Import Duty rates of 0%, 15%, 20%, in line with the National Tariff Policy, to 0%, 10%, 20%, 30%, effective from April 2026. Also, with the aim of boosting economic growth by increasing the competitiveness of external trade, the government expects the gradual phase out of para-tariffs […]",https://www.lankabusinessonline.com/2025/11/07/budget-2026-implementation-of-the-national-tariff-policy/,"Budget 2026: Implementation of the National Tariff Policy The President proposes to revise the current Customs Import Duty rates of 0%, 15%, 20%, in line with the National Tariff Policy, to 0%, 10%, 20%, 30%, effective from April 2026. Also, with the aim of boosting economic growth by increasing the competitiveness of external trade, the government expects the gradual phase out of para-tariffs […]",,0.7964,positive
250232,2025-11-07 17:25:07,LBO,Budget 2026: Imposition of Social Security Contribution Levy on Vehicles,"It is observed that the social security contribution levy on the sale of vehicles is not being collected properly. Therefore, the social security contribution levy is proposed to be charged at the time of import or manufacture and sale of vehicles, and exempt this tax at the time of after-sales. This is expected to be […]",https://www.lankabusinessonline.com/2025/11/07/budget-2026-imposition-of-social-security-contribution-levy-on-vehicles/,"Budget 2026: Imposition of Social Security Contribution Levy on Vehicles It is observed that the social security contribution levy on the sale of vehicles is not being collected properly. Therefore, the social security contribution levy is proposed to be charged at the time of import or manufacture and sale of vehicles, and exempt this tax at the time of after-sales. This is expected to be […]",,0.7003,positive
250231,2025-11-07 16:16:22,LBO,Full Budget Speech 2026 (Download),DOWNLOAD,https://www.lankabusinessonline.com/2025/11/07/full-budget-speech-2026-download/,Full Budget Speech 2026 (Download) DOWNLOAD,,0.0,neutral
250230,2025-11-07 16:08:36,LBO,Budget 2026: Expenditure Proposals At A Glance,,https://www.lankabusinessonline.com/2025/11/07/budget-2026-expenditure-proposals-at-a-glance/,Budget 2026: Expenditure Proposals At A Glance ,,0.0,neutral
250229,2025-11-07 16:03:39,LBO,Summary of the Budget Estimates 2026,"Due to the revisions to the revenue estimates expected through the budget proposals, the borrowing limit in the Appropriation Bill presented to this Parliament on 26.09.2025 should be revised by reducing it by Rs. 60 billion to Rs. 3,740 billion. This revision is presented in Annex Il of this Budget Speech.",https://www.lankabusinessonline.com/2025/11/07/summary-of-the-budget-estimates-2026/,"Summary of the Budget Estimates 2026 Due to the revisions to the revenue estimates expected through the budget proposals, the borrowing limit in the Appropriation Bill presented to this Parliament on 26.09.2025 should be revised by reducing it by Rs. 60 billion to Rs. 3,740 billion. This revision is presented in Annex Il of this Budget Speech.",,0.0,neutral
250228,2025-11-07 15:18:15,LBO,"Policybazaar expands global footprint with tech-led reinsurance entry into SL, Qatar, Oman, and UAE","Policybazaar.com, one of India’s largest insurance platforms, has announced the launch of its reinsurance operations in Sri Lanka, Qatar, Oman, and the UAE. With this move, Policybazaar becomes one of the first India-based intermediaries to introduce a technology-driven reinsurance model across Asia and the Middle East, regions that are rapidly growing yet continue to face […]",https://www.lankabusinessonline.com/2025/11/07/policybazaar-expands-global-footprint-with-tech-led-reinsurance-entry-into-sl-qatar-oman-and-uae/,"Policybazaar expands global footprint with tech-led reinsurance entry into SL, Qatar, Oman, and UAE Policybazaar.com, one of India’s largest insurance platforms, has announced the launch of its reinsurance operations in Sri Lanka, Qatar, Oman, and the UAE. With this move, Policybazaar becomes one of the first India-based intermediaries to introduce a technology-driven reinsurance model across Asia and the Middle East, regions that are rapidly growing yet continue to face […]",,0.2732,positive
250227,2025-11-07 13:38:49,LBO,| Watch LIVE,,https://www.lankabusinessonline.com/2025/11/07/budget-speech-2026-sri-lanka-watch-live/,| Watch LIVE ,,0.0,neutral
250226,2025-10-30 11:34:27,LBO,U.S. Embassy Delegation Visits Hambantota International Port,"A high-level delegation from the Embassy of the United States in Sri Lanka made a courtesy call to Hambantota International Port (HIP) recently. The delegation, led by Ms Jayne Howell, Deputy Chief of Mission at the U.S. Embassy, also included Dustin R. Bickel, Regional Indo-Pacific Strategy Coordinator, Lieutenant Colonel Matthew House, Senior Defence Official, and […]",https://www.lankabusinessonline.com/2025/10/30/u-s-embassy-delegation-visits-hambantota-international-port/,"U.S. Embassy Delegation Visits Hambantota International Port A high-level delegation from the Embassy of the United States in Sri Lanka made a courtesy call to Hambantota International Port (HIP) recently. The delegation, led by Ms Jayne Howell, Deputy Chief of Mission at the U.S. Embassy, also included Dustin R. Bickel, Regional Indo-Pacific Strategy Coordinator, Lieutenant Colonel Matthew House, Senior Defence Official, and […]",,0.6908,positive
250225,2025-10-30 10:13:09,LBO,WCIC’s 40th anniversary celebrations continue with empowering future female entrepreneurs workshop,"As part of its year-long 40th Anniversary celebrations, the Women’s Chamber of Industry and Commerce (WCIC) hosted another flagship initiative, Empowering Future Female Entrepreneurs, at Trace Expert City. The event brought together 60 ambitious female undergraduates from 16 universities across Sri Lanka for a full day of learning, mentorship, and inspiration. The program is one […]",https://www.lankabusinessonline.com/2025/10/30/wcics-40th-anniversary-celebrations-continue-with-empowering-future-female-entrepreneurs-workshop/,"WCIC’s 40th anniversary celebrations continue with empowering future female entrepreneurs workshop As part of its year-long 40th Anniversary celebrations, the Women’s Chamber of Industry and Commerce (WCIC) hosted another flagship initiative, Empowering Future Female Entrepreneurs, at Trace Expert City. The event brought together 60 ambitious female undergraduates from 16 universities across Sri Lanka for a full day of learning, mentorship, and inspiration. The program is one […]",,0.7845,positive
250224,2025-10-30 10:03:51,LBO,Hayleys Plantations partners Solidaridad to strengthen global leadership in Regen Agri,"Hayleys Plantations, home of the world’s first Regenagri®-certified tea estate, has entered into a landmark partnership with Solidaridad Network Asia and its Sri Lankan partner Nucleus Foundation to advance regenerative agriculture and carbon insetting programmes across its estates. The Memorandum of Understanding (MoU), signed alongside other plantation sector companies, represents the next phase in the […]",https://www.lankabusinessonline.com/2025/10/30/hayleys-plantations-partners-solidaridad-to-strengthen-global-leadership-in-regen-agri/,"Hayleys Plantations partners Solidaridad to strengthen global leadership in Regen Agri Hayleys Plantations, home of the world’s first Regenagri®-certified tea estate, has entered into a landmark partnership with Solidaridad Network Asia and its Sri Lankan partner Nucleus Foundation to advance regenerative agriculture and carbon insetting programmes across its estates. The Memorandum of Understanding (MoU), signed alongside other plantation sector companies, represents the next phase in the […]",,0.3818,positive
250223,2025-10-30 09:57:30,LBO,Social Media’s role in STEM and safe digital engagement,"By Umais Naveed When I first encountered social media many years ago, it was largely known as a space for creativity and connection; a place where people came together through short videos, memes, and global trends. What has truly inspired me since then is how that same creative energy has evolved into something far more […]",https://www.lankabusinessonline.com/2025/10/30/social-medias-role-in-stem-and-safe-digital-engagement/,"Social Media’s role in STEM and safe digital engagement By Umais Naveed When I first encountered social media many years ago, it was largely known as a space for creativity and connection; a place where people came together through short videos, memes, and global trends. What has truly inspired me since then is how that same creative energy has evolved into something far more […]",,0.9559,positive
250222,2025-10-30 09:44:34,LBO,"MAS Holdings launches ‘Plan for Change 2030’,towards  more sustainable apparel industry","South Asia’s largest apparel-tech conglomerate, MAS Holdings, launched its Plan for Change 2030 at a special event held at Cinnamon Life, Colombo on 09 October 2025. The launch marks an important new chapter in the company’s sustainability journey, outlining an ambitious roadmap to reshape the future of apparel through measurable commitments across Product, Lives, and […]",https://www.lankabusinessonline.com/2025/10/30/mas-holdings-launches-plan-for-change-2030towards-more-sustainable-apparel-industry/,"MAS Holdings launches ‘Plan for Change 2030’,towards  more sustainable apparel industry South Asia’s largest apparel-tech conglomerate, MAS Holdings, launched its Plan for Change 2030 at a special event held at Cinnamon Life, Colombo on 09 October 2025. The launch marks an important new chapter in the company’s sustainability journey, outlining an ambitious roadmap to reshape the future of apparel through measurable commitments across Product, Lives, and […]",,0.8225,positive
250221,2025-10-29 14:30:38,LBO,"‘s Economic Stabilization by 2028, says IMF","The International Monetary Fund (IMF) has stressed that Sri Lanka must “stay the course” and complete its “own homegrown reform program” to fully stabilize its economy by 2028, signaling the crucial nature of domestic commitment to the country’s long-term financial health. Speaking at a recent press briefing, Thomas Helbling, Deputy Director of the Asia and […]",https://www.lankabusinessonline.com/2025/10/29/homegrown-reforms-crucial-for-sri-lankas-economic-stabilization-by-2028-says-imf/,"‘s Economic Stabilization by 2028, says IMF The International Monetary Fund (IMF) has stressed that Sri Lanka must “stay the course” and complete its “own homegrown reform program” to fully stabilize its economy by 2028, signaling the crucial nature of domestic commitment to the country’s long-term financial health. Speaking at a recent press briefing, Thomas Helbling, Deputy Director of the Asia and […]",,0.0516,positive
250220,2025-10-28 16:59:04,LBO,Commercial Bank of Ceylon Leadership Meets Bangladesh Bank Governor to Deepen Regional Ties,"The corporate leadership of Commercial Bank of Ceylon, led by Mr Sharhan Muhseen, Chairman and Mr Sanath Manatunge, Managing Director/Chief Executive Officer, recently visited the Bank’s operations in Bangladesh and met with Dr Ahsan H. Mansur, Governor of Bangladesh Bank, in Dhaka. Discussions at the meeting centred on the nation’s financial stability and policy direction, […]",https://www.lankabusinessonline.com/2025/10/28/commercial-bank-of-ceylon-leadership-meets-bangladesh-bank-governor-to-deepen-regional-ties/,"Commercial Bank of Ceylon Leadership Meets Bangladesh Bank Governor to Deepen Regional Ties The corporate leadership of Commercial Bank of Ceylon, led by Mr Sharhan Muhseen, Chairman and Mr Sanath Manatunge, Managing Director/Chief Executive Officer, recently visited the Bank’s operations in Bangladesh and met with Dr Ahsan H. Mansur, Governor of Bangladesh Bank, in Dhaka. Discussions at the meeting centred on the nation’s financial stability and policy direction, […]",,0.0,neutral
250219,2025-10-28 12:05:29,LBO,Singer unveils HONOR magic V5,"Singer Sri Lanka PLC is redefining the premium smartphone experience with the launch of the HONOR Magic V5, the brand’s most advanced foldable flagship to date. Designed to merge artistry, intelligence, and performance, the model introduces a new era of mobility, enabling users to unlock productivity and creativity like never before. The HONOR Magic V5 […]",https://www.lankabusinessonline.com/2025/10/28/singer-unveils-honor-magic-v5/,"Singer unveils HONOR magic V5 Singer Sri Lanka PLC is redefining the premium smartphone experience with the launch of the HONOR Magic V5, the brand’s most advanced foldable flagship to date. Designed to merge artistry, intelligence, and performance, the model introduces a new era of mobility, enabling users to unlock productivity and creativity like never before. The HONOR Magic V5 […]",,0.9418,positive
250218,2025-10-28 10:53:38,LBO,UK and Sri Lanka: “Partners through Parliament” Governance Exchange,"A high-level delegation from the Parliament of Sri Lanka is undertaking a four-day visit to the United Kingdom this week to strengthen bilateral parliamentary relations, share experiences, and discuss ways to improve governance through Parliament. The delegation includes (Dr) Jagath Wickramaratne MP, Speaker of Parliament, (Dr) Nalinda Jayatissa MP, Minister of Health and Mass Media […]",https://www.lankabusinessonline.com/2025/10/28/uk-and-sri-lanka-partners-through-parliament-governance-exchange/,"UK and Sri Lanka: “Partners through Parliament” Governance Exchange A high-level delegation from the Parliament of Sri Lanka is undertaking a four-day visit to the United Kingdom this week to strengthen bilateral parliamentary relations, share experiences, and discuss ways to improve governance through Parliament. The delegation includes (Dr) Jagath Wickramaratne MP, Speaker of Parliament, (Dr) Nalinda Jayatissa MP, Minister of Health and Mass Media […]",,0.8481,positive
250217,2025-10-28 10:43:42,LBO,Jaffna named among the Best Cities to Visit in 2026,"The global travel media giant Lonely Planet has announced its prestigious annual list of destinations under the “Best in Travel 2026” publication, naming Jaffna among the Best Cities to Visit in 2026. This recognition marks a significant milestone for Sri Lanka, reaffirming the country’s growing appeal as a diverse, authentic and sustainable travel destination. The […]",https://www.lankabusinessonline.com/2025/10/28/jaffna-named-among-the-best-cities-to-visit-in-2026/,"Jaffna named among the Best Cities to Visit in 2026 The global travel media giant Lonely Planet has announced its prestigious annual list of destinations under the “Best in Travel 2026” publication, naming Jaffna among the Best Cities to Visit in 2026. This recognition marks a significant milestone for Sri Lanka, reaffirming the country’s growing appeal as a diverse, authentic and sustainable travel destination. The […]",,0.8555,positive
250216,2025-10-27 10:48:38,LBO,RIUNIT to promote Sri Lanka’s real estate at London investment forum 2025,"The Research Intelligence Unit (RIUNIT) together with the High Commission of Sri Lanka in London will hold the Sri Lanka Real Estate Investment Forum: London 2025 on Thursday, 30 October 2025 at the Sri Lanka High Commission, 13 Hyde Park Gardens, Tyburnia, London W2 2LU. The event will take place from 4.30 p.m. to 6.30 […]",https://www.lankabusinessonline.com/2025/10/27/riunit-to-promote-sri-lankas-real-estate-at-london-investment-forum-2025/,"RIUNIT to promote Sri Lanka’s real estate at London investment forum 2025 The Research Intelligence Unit (RIUNIT) together with the High Commission of Sri Lanka in London will hold the Sri Lanka Real Estate Investment Forum: London 2025 on Thursday, 30 October 2025 at the Sri Lanka High Commission, 13 Hyde Park Gardens, Tyburnia, London W2 2LU. The event will take place from 4.30 p.m. to 6.30 […]",,0.6908,positive
250215,2025-10-24 14:28:21,LBO,Sri Lanka launches National Climate Finance Strategy to drive resilience and net zero transition,"As the global climate crisis intensifies, countries like Sri Lanka are grappling with the dual challenge of managing climate risks while financing a just transition. With climate-related damages exceeding LKR 50 billion annually,[1] financing climate action is central to Sri Lanka’s development agenda. Led by the Ministry of Finance, in collaboration with the United Nations Development […]",https://www.lankabusinessonline.com/2025/10/24/sri-lanka-launches-national-climate-finance-strategy-to-drive-resilience-and-net-zero-transition/,"Sri Lanka launches National Climate Finance Strategy to drive resilience and net zero transition As the global climate crisis intensifies, countries like Sri Lanka are grappling with the dual challenge of managing climate risks while financing a just transition. With climate-related damages exceeding LKR 50 billion annually,[1] financing climate action is central to Sri Lanka’s development agenda. Led by the Ministry of Finance, in collaboration with the United Nations Development […]",,-0.5423,negative
250214,2025-10-23 14:48:20,LBO,Canadian Agricultural Mission to Strengthen Ties with Sri Lanka,"The High Commission of Canada in Sri Lanka and the Maldives, in collaboration with The Ceylon Chamber of Commerce, is pleased to announce the visit of a Canadian Agricultural Mission to Sri Lanka from October 27–31, 2025.  The five-day mission aims to deepen bilateral cooperation in agriculture, agri-food, and agri-tech. Focusing on agricultural policy, productivity, […]",https://www.lankabusinessonline.com/2025/10/23/canadian-agricultural-mission-to-strengthen-ties-with-sri-lanka/,"Canadian Agricultural Mission to Strengthen Ties with Sri Lanka The High Commission of Canada in Sri Lanka and the Maldives, in collaboration with The Ceylon Chamber of Commerce, is pleased to announce the visit of a Canadian Agricultural Mission to Sri Lanka from October 27–31, 2025.  The five-day mission aims to deepen bilateral cooperation in agriculture, agri-food, and agri-tech. Focusing on agricultural policy, productivity, […]",,0.6369,positive
250213,2025-10-23 14:15:51,LBO,"Export Sector Maintains Momentum, achieving nearly USD 13 Bn in earnings by Q3 2025","Sri Lanka’s export sector continued to demonstrate resilience and steady growth during the period of January to September of 2025, recording total earnings of US$ 12,986.52 Mn. This reflects a strong 7 % increase compared to the corresponding period in 2024. In September 2025 alone, total exports, comprising both merchandise and services reached to US$ […]",https://www.lankabusinessonline.com/2025/10/23/export-sector-maintains-momentum-achieving-nearly-usd-13-bn-in-earnings-by-q3-2025/,"Export Sector Maintains Momentum, achieving nearly USD 13 Bn in earnings by Q3 2025 Sri Lanka’s export sector continued to demonstrate resilience and steady growth during the period of January to September of 2025, recording total earnings of US$ 12,986.52 Mn. This reflects a strong 7 % increase compared to the corresponding period in 2024. In September 2025 alone, total exports, comprising both merchandise and services reached to US$ […]",,0.765,positive
250212,2025-10-22 11:35:41,LBO,TikTok releases Q2 2025 community guidelines enforcement report,"TikTok has released its Q2 2025 Community Guidelines Enforcement Report, showcasing its ongoing commitment to creating a safe digital space for its users. The report, which covers data from April to June 2025, details the proactive steps TikTok has taken to identify and remove content that violates its Community Guidelines, ensuring a positive experience for […]",https://www.lankabusinessonline.com/2025/10/22/tiktok-releases-q2-2025-community-guidelines-enforcement-report/,"TikTok releases Q2 2025 community guidelines enforcement report TikTok has released its Q2 2025 Community Guidelines Enforcement Report, showcasing its ongoing commitment to creating a safe digital space for its users. The report, which covers data from April to June 2025, details the proactive steps TikTok has taken to identify and remove content that violates its Community Guidelines, ensuring a positive experience for […]",,0.8979,positive
250210,2025-10-22 11:18:32,LBO,Epic Technology Group dominates at National ICT Awards 2025,"Epic Technology Group reaffirmed its supremacy in Sri Lanka’s ICT and fintech landscape by securing the highest number of awards at the 27th National ICT Awards – NBQSA 2025, organized by the Sri Lankan section of BCS, The Chartered Institute for IT. The prestigious awards ceremony was held on 10 October 2025 at Hotel Taj […]",https://www.lankabusinessonline.com/2025/10/22/epic-technology-group-dominates-at-national-ict-awards-2025/,"Epic Technology Group dominates at National ICT Awards 2025 Epic Technology Group reaffirmed its supremacy in Sri Lanka’s ICT and fintech landscape by securing the highest number of awards at the 27th National ICT Awards – NBQSA 2025, organized by the Sri Lankan section of BCS, The Chartered Institute for IT. The prestigious awards ceremony was held on 10 October 2025 at Hotel Taj […]",,0.9325,positive
250209,2025-10-21 14:31:14,LBO,London-Colombo FinTech WealthOS demonstrates breakthrough migration capability,"The technology built by WealthOS, a London/Colombo-based cloud-native wealth tech SaaS, has powered the migration of 126,000 UK ISA and Junior ISA accounts from Embark (FNZ) to Quai Digital, its flagship UK client and a London-based white-label digital savings and investment platform services provider. The migration was conducted on behalf of The Children’s ISA (TCI), […]",https://www.lankabusinessonline.com/2025/10/21/london-colombo-fintech-wealthos-demonstrates-breakthrough-migration-capability/,"London-Colombo FinTech WealthOS demonstrates breakthrough migration capability The technology built by WealthOS, a London/Colombo-based cloud-native wealth tech SaaS, has powered the migration of 126,000 UK ISA and Junior ISA accounts from Embark (FNZ) to Quai Digital, its flagship UK client and a London-based white-label digital savings and investment platform services provider. The migration was conducted on behalf of The Children’s ISA (TCI), […]",,0.5574,positive
250208,2025-10-21 14:20:17,LBO,RIUNIT apartment market analysis: Colombo 5 shines,"When conducting the latest analysis of real estate data (Q3 2025), one of the most positive observations that can be made is with respect to the recovery of the apartment market prices in Colombo measured in USD. Whilst average apartment prices, measured in LKR continued to witness an upward incline, even during COVID and the […]",https://www.lankabusinessonline.com/2025/10/21/riunit-apartment-market-analysis-colombo-5-shines/,"RIUNIT apartment market analysis: Colombo 5 shines When conducting the latest analysis of real estate data (Q3 2025), one of the most positive observations that can be made is with respect to the recovery of the apartment market prices in Colombo measured in USD. Whilst average apartment prices, measured in LKR continued to witness an upward incline, even during COVID and the […]",,0.7902,positive
250207,2025-10-21 11:34:40,LBO,Online Government services are now in full operation,The Information Communication Technology Agency of Sri Lanka (ICTA) is pleased to announce that the technical issues which caused the recent disruption to the Lanka Government Cloud (LGC) services have been fully resolved. All affected online government services are now fully operational and accessible to the public. ICTA assures the public and government institutions that […],https://www.lankabusinessonline.com/2025/10/21/online-government-services-are-now-in-full-operation/,Online Government services are now in full operation The Information Communication Technology Agency of Sri Lanka (ICTA) is pleased to announce that the technical issues which caused the recent disruption to the Lanka Government Cloud (LGC) services have been fully resolved. All affected online government services are now fully operational and accessible to the public. ICTA assures the public and government institutions that […],,0.4271,positive
250206,2025-10-15 09:09:22,LBO,IPS Releases the Sri Lanka: State of the Economy 2025 Report,"▪ Sri Lanka must now convert its strong cyclical growth recovery to a structurally driven growth process. ▪ Technology infusion and digitalisation can lift productivity while reforms to institutions, regulations, and economic policies filter through. ▪ External uncertainties and compulsions should hasten policy focus on the domestic economic agenda. Sri Lanka is witnessing the positive […]",https://www.lankabusinessonline.com/2025/10/15/ips-releases-the-sri-lanka-state-of-the-economy-2025-report/,"IPS Releases the Sri Lanka: State of the Economy 2025 Report ▪ Sri Lanka must now convert its strong cyclical growth recovery to a structurally driven growth process. ▪ Technology infusion and digitalisation can lift productivity while reforms to institutions, regulations, and economic policies filter through. ▪ External uncertainties and compulsions should hasten policy focus on the domestic economic agenda. Sri Lanka is witnessing the positive […]",,0.8658,positive
250205,2025-10-14 15:36:41,LBO,EDB “Trade Facilitation Task Force” Convenes to Enhance Export Efficiency,"As a strategic step towards developing a mechanism to address challenges in the export value chain, the Export Development Board (EDB) has established a Trade Facilitation Task Force, which held its second networking session today (October 14) at the Export Development Board. The event was attended by Mr. Mangala Wijesinghe, Chairman and Chief Executive Officer […]",https://www.lankabusinessonline.com/2025/10/14/edb-trade-facilitation-task-force-convenes-to-enhance-export-efficiency/,"EDB “Trade Facilitation Task Force” Convenes to Enhance Export Efficiency As a strategic step towards developing a mechanism to address challenges in the export value chain, the Export Development Board (EDB) has established a Trade Facilitation Task Force, which held its second networking session today (October 14) at the Export Development Board. The event was attended by Mr. Mangala Wijesinghe, Chairman and Chief Executive Officer […]",,0.6369,positive
250204,2025-10-13 17:56:39,LBO,Interruption to Selected Online Government Services,"Due to a disruption in the Lanka Government Cloud (LGC), several online services managed by various government organizations have been temporarily affected. These include the Birth, Marriage, and Death (BMD) Certificate System of the Registrar General’s Department, the e-Revenue License System (eRL 2.0) of the Provincial Departments of Motor Traffic (except the Western Province), the […]",https://www.lankabusinessonline.com/2025/10/13/interruption-to-selected-online-government-services/,"Interruption to Selected Online Government Services Due to a disruption in the Lanka Government Cloud (LGC), several online services managed by various government organizations have been temporarily affected. These include the Birth, Marriage, and Death (BMD) Certificate System of the Registrar General’s Department, the e-Revenue License System (eRL 2.0) of the Provincial Departments of Motor Traffic (except the Western Province), the […]",,-0.8591,negative
250203,2025-10-13 10:33:59,LBO,LMD 100 recognises Hayleys as Sri Lanka’s leading listed corporate for 2024/25, Tops ‘Sri Lanka’s version of the Fortune 500’ for the 10th time  Contribution of 5.4% to national export income in 2024-25  ‘AAA (lka)’ National Long-Term (with a stable outlook) by Fitch Ratings for 2025    Hayleys PLC has been ranked as Sri Lanka’s leading listed corporate in the 32nd edition of the […],https://www.lankabusinessonline.com/2025/10/13/lmd-100-recognises-hayleys-as-sri-lankas-leading-listed-corporate-for-2024-25/,LMD 100 recognises Hayleys as Sri Lanka’s leading listed corporate for 2024/25  Tops ‘Sri Lanka’s version of the Fortune 500’ for the 10th time  Contribution of 5.4% to national export income in 2024-25  ‘AAA (lka)’ National Long-Term (with a stable outlook) by Fitch Ratings for 2025    Hayleys PLC has been ranked as Sri Lanka’s leading listed corporate in the 32nd edition of the […],,0.6705,positive
250202,2025-10-13 10:17:44,LBO,"Opinion: A safer digital space for Sri Lankan young minds to learn, explore and create","By Ferdous Mottakin, Head of Public Policy & Government Relations for SouthAsia at TikTok When I think about the potential of digital platforms, I don’t see them as just platforms for trends or entertainment. I see them as potential bridges for connecting young minds with each other to share ideas, knowledge, and opportunities. In Sri […]",https://www.lankabusinessonline.com/2025/10/13/opinion-a-safer-digital-space-for-sri-lankan-young-minds-to-learn-explore-and-create/,"Opinion: A safer digital space for Sri Lankan young minds to learn, explore and create By Ferdous Mottakin, Head of Public Policy & Government Relations for SouthAsia at TikTok When I think about the potential of digital platforms, I don’t see them as just platforms for trends or entertainment. I see them as potential bridges for connecting young minds with each other to share ideas, knowledge, and opportunities. In Sri […]",,0.8885,positive
250201,2025-10-09 12:00:53,LBO,IMF Staff Reaches Staff-Level Agreement on the Fifth Review Under SL’s EFF Arrangement,"IMF staff and the Sri Lankan authorities have reached staff-level agreement on economic policies to conclude the Fifth Review of Sri Lanka’s reform program supported by the IMF’s Extended Fund Facility. Once the review is approved by the IMF Executive Board, Sri Lanka will have access to about US$347 million in financing. The economic reforms […]",https://www.lankabusinessonline.com/2025/10/09/imf-staff-reaches-staff-level-agreement-on-the-fifth-review-under-sls-eff-arrangement/,"IMF Staff Reaches Staff-Level Agreement on the Fifth Review Under SL’s EFF Arrangement IMF staff and the Sri Lankan authorities have reached staff-level agreement on economic policies to conclude the Fifth Review of Sri Lanka’s reform program supported by the IMF’s Extended Fund Facility. Once the review is approved by the IMF Executive Board, Sri Lanka will have access to about US$347 million in financing. The economic reforms […]",,0.9022,positive
250200,2025-10-09 08:49:05,LBO,VIDEO: NVIDIA and OpenAI Announce ‘the Biggest AI Infrastructure Project in History’,"NVIDIA CEO Jensen Huang, OpenAI CEO Sam Altman, and OpenAI President Greg Brockman described a new strategic partnership to fuel OpenAI’s growth — and enable AI at scale for virtually every industry and user. Through the partnership, OpenAI will deploy at least 10 gigawatts of NVIDIA systems for OpenAI’s next-generation AI infrastructure, including the NVIDIA […]",https://www.lankabusinessonline.com/2025/10/09/video-nvidia-and-openai-announce-the-biggest-ai-infrastructure-project-in-history/,"VIDEO: NVIDIA and OpenAI Announce ‘the Biggest AI Infrastructure Project in History’ NVIDIA CEO Jensen Huang, OpenAI CEO Sam Altman, and OpenAI President Greg Brockman described a new strategic partnership to fuel OpenAI’s growth — and enable AI at scale for virtually every industry and user. Through the partnership, OpenAI will deploy at least 10 gigawatts of NVIDIA systems for OpenAI’s next-generation AI infrastructure, including the NVIDIA […]",,0.3818,positive
250199,2025-10-08 10:54:44,LBO,New Case-File Tracking System Revolutionises Anti-Corruption Investigations,"In a landmark move to enhance the efficiency and effectiveness of addressing bribery and corruption related matters in Sri Lanka, the Commission to Investigate Allegations of Bribery or Corruption (CIABOC)  in partnership with the United Nations Development Programme (UNDP) in Sri Lanka, with funding from the Government of Japan through the Japanese Supplementary Budget (JSB) […]",https://www.lankabusinessonline.com/2025/10/08/new-case-file-tracking-system-revolutionises-anti-corruption-investigations/,"New Case-File Tracking System Revolutionises Anti-Corruption Investigations In a landmark move to enhance the efficiency and effectiveness of addressing bribery and corruption related matters in Sri Lanka, the Commission to Investigate Allegations of Bribery or Corruption (CIABOC)  in partnership with the United Nations Development Programme (UNDP) in Sri Lanka, with funding from the Government of Japan through the Japanese Supplementary Budget (JSB) […]",,0.6908,positive
250198,2025-10-07 11:55:34,LBO,"Sri Lanka’s Economic Recovery Remains Incomplete as Key Challenges Remain, says World Bank","Sri Lanka’s recent economic performance has been strong. Despite this, the recovery remains incomplete, with growth still below pre-crisis levels and poverty significantly elevated. Strengthening the recovery will require continued macroeconomic stability, urgent structural reforms, and more efficient, better-targeted public spending, says the World Bank. Released today, the latest Sri Lanka Development Update, Better Spending for […]",https://www.lankabusinessonline.com/2025/10/07/sri-lankas-economic-recovery-remains-incomplete-as-key-challenges-remain-says-world-bank/,"Sri Lanka’s Economic Recovery Remains Incomplete as Key Challenges Remain, says World Bank Sri Lanka’s recent economic performance has been strong. Despite this, the recovery remains incomplete, with growth still below pre-crisis levels and poverty significantly elevated. Strengthening the recovery will require continued macroeconomic stability, urgent structural reforms, and more efficient, better-targeted public spending, says the World Bank. Released today, the latest Sri Lanka Development Update, Better Spending for […]",,0.9168,positive
250197,2025-10-03 12:25:35,LBO,”,FitchRatings has affirmed Sri Lanka’s Long-Term Foreign-Currency Issuer Default Rating (IDR) at ‘CCC+’. Fitch typically does not assign Outlooks to sovereigns with a rating of ‘CCC+’ or below. A full list of rating actions is at the end of this Rating Action Commentary. Key Rating Drivers Ratings Affirmed: Sri Lanka’s ‘CCC+’ sovereign rating remains constrained by […],https://www.lankabusinessonline.com/2025/10/03/fitch-affirms-sri-lanka-at-ccc/,” FitchRatings has affirmed Sri Lanka’s Long-Term Foreign-Currency Issuer Default Rating (IDR) at ‘CCC+’. Fitch typically does not assign Outlooks to sovereigns with a rating of ‘CCC+’ or below. A full list of rating actions is at the end of this Rating Action Commentary. Key Rating Drivers Ratings Affirmed: Sri Lanka’s ‘CCC+’ sovereign rating remains constrained by […],,-0.1027,negative
250099,2025-09-29 17:47:48,LBO,CA Sri Lanka submits comprehensive National Budget 2026 proposals,"In a significant move underscoring its commitment to national fiscal stability and economic growth, the Institute of Chartered Accountants of Sri Lanka (CA Sri Lanka) formally presented its strategic proposals for the forthcoming National Budget 2026 to the Government. The proposal was made to Dr Harshana Suriyapperuma, Secretary to the Ministry of Finance, further solidifying […]",https://www.lankabusinessonline.com/2025/09/29/ca-sri-lanka-submits-comprehensive-national-budget-2026-proposals/,"CA Sri Lanka submits comprehensive National Budget 2026 proposals In a significant move underscoring its commitment to national fiscal stability and economic growth, the Institute of Chartered Accountants of Sri Lanka (CA Sri Lanka) formally presented its strategic proposals for the forthcoming National Budget 2026 to the Government. The proposal was made to Dr Harshana Suriyapperuma, Secretary to the Ministry of Finance, further solidifying […]",,0.7906,positive
250098,2025-09-29 14:21:27,LBO,Ceylon Chamber Submits Recommendations to Strengthen Draft Public-Private Partnership Bill,"The Ceylon Chamber commends the Government’s effort to introduce a legislative framework for PPPs through the Draft Public-Private Partnership (PPP) Bill, which is a requisite precursor to enhancing Sri Lanka’s ability to attract private investment in infrastructure and service delivery. Amidst a tight fiscal environment for the Government, we believe PPPs will be conducive for […]",https://www.lankabusinessonline.com/2025/09/29/ceylon-chamber-submits-recommendations-to-strengthen-draft-public-private-partnership-bill/,"Ceylon Chamber Submits Recommendations to Strengthen Draft Public-Private Partnership Bill The Ceylon Chamber commends the Government’s effort to introduce a legislative framework for PPPs through the Draft Public-Private Partnership (PPP) Bill, which is a requisite precursor to enhancing Sri Lanka’s ability to attract private investment in infrastructure and service delivery. Amidst a tight fiscal environment for the Government, we believe PPPs will be conducive for […]",,0.7269,positive
250097,2025-09-29 14:04:45,LBO,Building Bridges Through IVLP: A Sri Lankan Entrepreneur’s Journey Across America,"When Jehan Wijesinghe boarded his flight to Washington, D.C., he wasn’t just traveling to the United States. He was stepping into a rare opportunity: the International Visitor Leadership Program (IVLP), the U.S. State Department’s flagship professional exchange. This year, he had the privilege of being the only delegate from Sri Lanka, joining peers from 18 […]",https://www.lankabusinessonline.com/2025/09/29/building-bridges-through-ivlp-a-sri-lankan-entrepreneurs-journey-across-america/,"Building Bridges Through IVLP: A Sri Lankan Entrepreneur’s Journey Across America When Jehan Wijesinghe boarded his flight to Washington, D.C., he wasn’t just traveling to the United States. He was stepping into a rare opportunity: the International Visitor Leadership Program (IVLP), the U.S. State Department’s flagship professional exchange. This year, he had the privilege of being the only delegate from Sri Lanka, joining peers from 18 […]",,0.8176,positive
250096,2025-09-25 12:46:43,LBO,”’ National Rating,"Fitch Ratings has assigned Sri Lanka-based Hayleys Fentons Limited (HFL) a National Long-Term Rating of A+(lka). The Outlook is Stable. The rating reflects HFL’s leading market share in domestic rooftop solar panel sales and installation, which drove cash flow in the financial year ending March 2025 (FY25), alongside slowing growth amid regulatory risks. Diversification into […]",https://www.lankabusinessonline.com/2025/09/25/fitch-assigns-sri-lankas-hayleys-fentons-first-time-alka-national-rating/,"”’ National Rating Fitch Ratings has assigned Sri Lanka-based Hayleys Fentons Limited (HFL) a National Long-Term Rating of A+(lka). The Outlook is Stable. The rating reflects HFL’s leading market share in domestic rooftop solar panel sales and installation, which drove cash flow in the financial year ending March 2025 (FY25), alongside slowing growth amid regulatory risks. Diversification into […]",,0.4588,positive
250095,2025-09-25 12:37:56,LBO,JAAF stresses need for proven VAT refund system to safeguard export stability post-SVAT,"The Joint Apparel Association Forum (JAAF) today reaffirmed its commitment to working with government authorities as Sri Lanka prepares to remove the Simplified Value Added Tax (SVAT) scheme on 1st October. While emphasising that the removal of SVAT is now inevitable, JAAF noted that the industry has been in continuous dialogue with policymakers on the […]",https://www.lankabusinessonline.com/2025/09/25/jaaf-stresses-need-for-proven-vat-refund-system-to-safeguard-export-stability-post-svat/,"JAAF stresses need for proven VAT refund system to safeguard export stability post-SVAT The Joint Apparel Association Forum (JAAF) today reaffirmed its commitment to working with government authorities as Sri Lanka prepares to remove the Simplified Value Added Tax (SVAT) scheme on 1st October. While emphasising that the removal of SVAT is now inevitable, JAAF noted that the industry has been in continuous dialogue with policymakers on the […]",,0.5574,positive
250094,2025-09-24 19:03:16,LBO,Colombo Stock Exchange revises Transaction Fees for Corporate Debt Securities,"The Colombo Stock Exchange (CSE) announced a revision to the transaction fees applicable to Corporate Debt Securities traded on its Automated Trading System (ATS) following approval from the Department of Fiscal Policy of the Ministry of Finance. The approval, conveyed through the Securities and Exchange Commission of Sri Lanka (SEC), allows for a reduction in […]",https://www.lankabusinessonline.com/2025/09/24/colombo-stock-exchange-revises-transaction-fees-for-corporate-debt-securities/,"Colombo Stock Exchange revises Transaction Fees for Corporate Debt Securities The Colombo Stock Exchange (CSE) announced a revision to the transaction fees applicable to Corporate Debt Securities traded on its Automated Trading System (ATS) following approval from the Department of Fiscal Policy of the Ministry of Finance. The approval, conveyed through the Securities and Exchange Commission of Sri Lanka (SEC), allows for a reduction in […]",,0.7783,positive
250093,2025-09-24 17:19:18,LBO,Sri Lanka’s banks present far-reaching proposals to Finance Minister to drive economic recovery,"Sri Lanka’s banking sector has placed itself at the heart of the country’s economic recovery roadmap, presenting a far-reaching set of proposals for inclusion in the 2026 National Budget.  The proposals, developed and submitted by the Sri Lanka Banks’ Association (SLBA) on behalf of all licensed commercial banks, were shared with Deputy Minister of Finance, […]",https://www.lankabusinessonline.com/2025/09/24/sri-lankas-banks-present-far-reaching-proposals-to-finance-minister-to-drive-economic-recovery/,"Sri Lanka’s banks present far-reaching proposals to Finance Minister to drive economic recovery Sri Lanka’s banking sector has placed itself at the heart of the country’s economic recovery roadmap, presenting a far-reaching set of proposals for inclusion in the 2026 National Budget.  The proposals, developed and submitted by the Sri Lanka Banks’ Association (SLBA) on behalf of all licensed commercial banks, were shared with Deputy Minister of Finance, […]",,0.765,positive
250092,2025-09-24 09:46:07,LBO,Sri Lanka’s Export Earnings hit USD 11.6 Bn in January–August 2025,"Sri Lanka’s export sector continued to demonstrate resilience and steady growth during the first eight months of 2025, recording total earnings of US$ 11,554.32 Mn. This reflects a strong 6.61% increase compared to the corresponding period in 2024. In August 2025 alone, total exports, comprising both merchandise and services reached to US$ 1,607.58 Mn, recording […]",https://www.lankabusinessonline.com/2025/09/24/sri-lankas-export-earnings-hit-usd-11-6-bn-in-january-august-2025/,"Sri Lanka’s Export Earnings hit USD 11.6 Bn in January–August 2025 Sri Lanka’s export sector continued to demonstrate resilience and steady growth during the first eight months of 2025, recording total earnings of US$ 11,554.32 Mn. This reflects a strong 6.61% increase compared to the corresponding period in 2024. In August 2025 alone, total exports, comprising both merchandise and services reached to US$ 1,607.58 Mn, recording […]",,0.765,positive
250091,2025-09-24 09:30:17,LBO,Central Bank of Sri Lanka keeps Overnight Policy Rate unchanged,The Monetary Policy Board decided to maintain the Overnight Policy Rate (OPR) at the current level of 7.75% at its meeting held yesterday. The Board arrived at this decision after carefully considering both domestic and global developments. The Board is of the view that the current monetary policy stance will support steering inflation towards the […],https://www.lankabusinessonline.com/2025/09/24/central-bank-of-sri-lanka-keeps-overnight-policy-rate-unchanged/,Central Bank of Sri Lanka keeps Overnight Policy Rate unchanged The Monetary Policy Board decided to maintain the Overnight Policy Rate (OPR) at the current level of 7.75% at its meeting held yesterday. The Board arrived at this decision after carefully considering both domestic and global developments. The Board is of the view that the current monetary policy stance will support steering inflation towards the […],,0.4939,positive
250090,2025-09-23 10:51:40,LBO,Sri Lanka charts course for a renewable future with launch of Green Hydrogen Policy,"The Ministry of Energy, together with the Sri Lanka Sustainable Energy Authority and the United Nations Development Programme (UNDP) in Sri Lanka hosted the Renewable Hydrogen Stakeholder Consultation Workshop: From Strategy to Actions recently, bringing together national policymakers, private sector leaders, financiers, academia and international experts to discuss the country’s pathway towards a green hydrogen […]",https://www.lankabusinessonline.com/2025/09/23/sri-lanka-charts-course-for-a-renewable-future-with-launch-of-green-hydrogen-policy/,"Sri Lanka charts course for a renewable future with launch of Green Hydrogen Policy The Ministry of Energy, together with the Sri Lanka Sustainable Energy Authority and the United Nations Development Programme (UNDP) in Sri Lanka hosted the Renewable Hydrogen Stakeholder Consultation Workshop: From Strategy to Actions recently, bringing together national policymakers, private sector leaders, financiers, academia and international experts to discuss the country’s pathway towards a green hydrogen […]",,0.743,positive
250089,2025-09-23 10:18:05,LBO,Sri Lankan business leaders to participate in 2025 UN private sector forum,"On the invitation of the United Nations Secretary-General, António Guterres, three representatives from UN Global Compact Network Sri Lanka (Network Sri Lanka) will participate in the 2025 United Nations Private Sector Forum (PSF), a high-level roundtable that brings together a select group of global private sector leaders to drive forward sustainable economic growth as a […]",https://www.lankabusinessonline.com/2025/09/23/sri-lankan-business-leaders-to-participate-in-2025-un-private-sector-forum/,"Sri Lankan business leaders to participate in 2025 UN private sector forum On the invitation of the United Nations Secretary-General, António Guterres, three representatives from UN Global Compact Network Sri Lanka (Network Sri Lanka) will participate in the 2025 United Nations Private Sector Forum (PSF), a high-level roundtable that brings together a select group of global private sector leaders to drive forward sustainable economic growth as a […]",,0.802,positive
250087,2025-09-16 14:15:37,LBO,HNB felicitates employees who completed 25 years of service,"Sri Lanka’s leading private sector bank, HNB PLC organized a ceremony recently to felicitate their employees who completed 25 years of service at the Bank. HNB organized a gala event to recognize 160 employees who had joined in 1999/2000. This highly anticipated event was attended by HNB Managing Director and CEO Damith Pallewatte, SVP/Chief Human […]",https://www.lankabusinessonline.com/2025/09/16/hnb-felicitates-employees-who-completed-25-years-of-service/,"HNB felicitates employees who completed 25 years of service Sri Lanka’s leading private sector bank, HNB PLC organized a ceremony recently to felicitate their employees who completed 25 years of service at the Bank. HNB organized a gala event to recognize 160 employees who had joined in 1999/2000. This highly anticipated event was attended by HNB Managing Director and CEO Damith Pallewatte, SVP/Chief Human […]",,0.0,neutral
250088,2025-09-16 12:33:41,LBO,World Bank Vice President Concludes First Official Visit to Sri Lanka,"The World Bank’s Vice President for South Asia, Johannes Zutt, concluded his first official visit to Sri Lanka yesterday. During his two-day visit, he met with President Anura Kumara Dissanayake, Central Bank Governor Dr. Nandalal Weerasinghe, Secretary to the Treasury Dr. Harshana Suriyapperuma, and other senior officials. The visit built on World Bank Group (WBG) President […]",https://www.lankabusinessonline.com/2025/09/16/world-bank-vice-president-concludes-first-official-visit-to-sri-lanka/,"World Bank Vice President Concludes First Official Visit to Sri Lanka The World Bank’s Vice President for South Asia, Johannes Zutt, concluded his first official visit to Sri Lanka yesterday. During his two-day visit, he met with President Anura Kumara Dissanayake, Central Bank Governor Dr. Nandalal Weerasinghe, Secretary to the Treasury Dr. Harshana Suriyapperuma, and other senior officials. The visit built on World Bank Group (WBG) President […]",,0.2023,positive
250086,2025-09-15 17:24:13,LBO,New Rs. 2000 Note to Be Accepted in Banks After Cash-handling Machine Calibration: CBSL,"The Central Bank of Sri Lanka (CBSL) issued a Rs. 2000 circulated commemorative currency note on 29 August 2025 to mark its 75th Anniversary.  In order to facilitate the smooth acceptance and dispensation of the new note, Licensed Commercial Banks are in the process of calibrating their cash-handling machines.  In keeping with the pace of […]",https://www.lankabusinessonline.com/2025/09/15/new-rs-2000-note-to-be-accepted-in-banks-after-cash-handling-machine-calibration-cbsl/,"New Rs. 2000 Note to Be Accepted in Banks After Cash-handling Machine Calibration: CBSL The Central Bank of Sri Lanka (CBSL) issued a Rs. 2000 circulated commemorative currency note on 29 August 2025 to mark its 75th Anniversary.  In order to facilitate the smooth acceptance and dispensation of the new note, Licensed Commercial Banks are in the process of calibrating their cash-handling machines.  In keeping with the pace of […]",,0.6249,positive
245526,2025-09-15 12:06:54,LBO,TikTok launches dedicated STEM Feed in Sri Lanka with Govt support,"TikTok, with the support of the Government of Sri Lanka, today announced the launch of a dedicated STEM Feed in the country, creating a new in-app destination for credible science, technology, engineering and mathematics content. This initiative signals a new era where TikTok, together with the Government and its vibrant Sri Lankan community, will come […]",https://www.lankabusinessonline.com/2025/09/15/tiktok-launches-dedicated-stem-feed-in-sri-lanka-with-govt-support/,"TikTok launches dedicated STEM Feed in Sri Lanka with Govt support TikTok, with the support of the Government of Sri Lanka, today announced the launch of a dedicated STEM Feed in the country, creating a new in-app destination for credible science, technology, engineering and mathematics content. This initiative signals a new era where TikTok, together with the Government and its vibrant Sri Lankan community, will come […]",,0.9432,positive
250085,2025-09-14 11:10:05,LBO,Equity (Shares): What It Means to Own a Piece of a Company,"Umair Ismail, CFA This article is part of a collaborative series by the Securities and Exchange Commission of Sri Lanka (SEC),  CFA Society Sri Lanka and the Colombo Stock Exchange (CSE) and which aims to enhance financial literacy and empower individuals with the knowledge and tools to make informed financial decisions and build long-term financial […]",https://www.lankabusinessonline.com/2025/09/14/equity-shares-what-it-means-to-own-a-piece-of-a-company/,"Equity (Shares): What It Means to Own a Piece of a Company Umair Ismail, CFA This article is part of a collaborative series by the Securities and Exchange Commission of Sri Lanka (SEC),  CFA Society Sri Lanka and the Colombo Stock Exchange (CSE) and which aims to enhance financial literacy and empower individuals with the knowledge and tools to make informed financial decisions and build long-term financial […]",,0.5267,positive
245513,2025-09-12 14:25:56,LBO,”’,"Fitch Ratings has assigned DFCC Bank PLC’s (A(lka)/Stable) proposed Sri Lankan rupee-denominated senior unsecured listed blue bonds of up to LKR3 billion an expected National Long-Term Rating of ‘A(EXP)(lka)’. The bonds, which would be the first listed blue bond issuance in Sri Lanka, will mature in three, four or five years. The proceeds from the […]",https://www.lankabusinessonline.com/2025/09/12/fitch-rates-dfcc-banks-proposed-first-blue-bond-aexplka/,"”’ Fitch Ratings has assigned DFCC Bank PLC’s (A(lka)/Stable) proposed Sri Lankan rupee-denominated senior unsecured listed blue bonds of up to LKR3 billion an expected National Long-Term Rating of ‘A(EXP)(lka)’. The bonds, which would be the first listed blue bond issuance in Sri Lanka, will mature in three, four or five years. The proceeds from the […]",,0.0516,positive
245510,2025-09-12 13:06:14,LBO,"Terra Motors, Japan’s Leading EV Innovator, Enters Sri Lanka with Electric Three-wheeler","Terra Motors, a leading Japanese electric mobility company, has announced its entry into the Sri Lankan market with the launch of its flagship electric three-wheeler, Kyoro. It is Terra Motors’ next-generation electric three-wheeler, built for both passenger mobility and last-mile logistics.  With a top speed of over 55 km/h, an extended range of up to […]",https://www.lankabusinessonline.com/2025/09/12/terra-motors-japans-leading-ev-innovator-enters-sri-lanka-with-electric-three-wheeler/,"Terra Motors, Japan’s Leading EV Innovator, Enters Sri Lanka with Electric Three-wheeler Terra Motors, a leading Japanese electric mobility company, has announced its entry into the Sri Lankan market with the launch of its flagship electric three-wheeler, Kyoro. It is Terra Motors’ next-generation electric three-wheeler, built for both passenger mobility and last-mile logistics.  With a top speed of over 55 km/h, an extended range of up to […]",,0.296,positive
250084,2025-09-12 12:44:26,LBO,| How Sri Lanka’s Political Transformation Is Reshaping Stock Market,"A Follow-up Analysis: September 2024 – September 2025By Uddeepa Peiris Introduction: When Predictions Meet Reality In September 2024, just weeks before Sri Lanka’s presidential election, I wrote that a government committed to clean governance and development could trigger a dramatic transformation in the country’s stock market. One year later, with President Anura Kumara Dissanayake leading […]",https://www.lankabusinessonline.com/2025/09/12/opinion-from-prediction-to-reality-how-sri-lankas-political-transformation-is-reshaping-stock-market/,"| How Sri Lanka’s Political Transformation Is Reshaping Stock Market A Follow-up Analysis: September 2024 – September 2025By Uddeepa Peiris Introduction: When Predictions Meet Reality In September 2024, just weeks before Sri Lanka’s presidential election, I wrote that a government committed to clean governance and development could trigger a dramatic transformation in the country’s stock market. One year later, with President Anura Kumara Dissanayake leading […]",,0.5859,positive
245505,2025-09-11 18:50:44,LBO,Ceylon Chamber Presents National Budget 2026 Proposals to President,"The newly appointed Board of The Ceylon Chamber of Commerce, led by Chairperson Krishan Balendra, held its first official meeting with His Excellency the President today. The meeting provided a platform to present the Ceylon Chamber’s priority proposals for the forthcoming National Budget 2026, while also reviewing progress on previous reform initiatives. The Ceylon Chamber’s […]",https://www.lankabusinessonline.com/2025/09/11/ceylon-chamber-presents-national-budget-2026-proposals-to-president/,"Ceylon Chamber Presents National Budget 2026 Proposals to President The newly appointed Board of The Ceylon Chamber of Commerce, led by Chairperson Krishan Balendra, held its first official meeting with His Excellency the President today. The meeting provided a platform to present the Ceylon Chamber’s priority proposals for the forthcoming National Budget 2026, while also reviewing progress on previous reform initiatives. The Ceylon Chamber’s […]",,0.743,positive
245503,2025-09-10 17:55:57,LBO,Advocata Commends Decision to Close 33 Non-Operational SOEs & Calls for Divestiture as Next Step,"The Advocata Institute welcomes the decision by the Cabinet of Ministers, on the proposal of President Anura Kumara Dissanayake in his capacity as Minister of Finance, Economic Stabilization and National Policy, to formally close 33 non-operational State-Owned Enterprises (SOEs) under Phase 2 of the government’s state-sector reform program. The move, to be implemented through a […]",https://www.lankabusinessonline.com/2025/09/10/advocata-commends-decision-to-close-33-non-operational-soes-calls-for-divestiture-as-next-step/,"Advocata Commends Decision to Close 33 Non-Operational SOEs & Calls for Divestiture as Next Step The Advocata Institute welcomes the decision by the Cabinet of Ministers, on the proposal of President Anura Kumara Dissanayake in his capacity as Minister of Finance, Economic Stabilization and National Policy, to formally close 33 non-operational State-Owned Enterprises (SOEs) under Phase 2 of the government’s state-sector reform program. The move, to be implemented through a […]",,0.4019,positive
245501,2025-09-10 12:06:21,LBO,"Opinion: Why Smart Regulation, Not Prohibition, Will Protect Sri Lanka’s Youth","By Jithendra Antonio The recent firestorm surrounding e-cigarette use among Sri Lanka’s youth has ignited a critical policy debate in Sri Lanka. So, what’s really at stake here? Protecting our youth is and must always remain a national priority. Yet, regulators and policymakers must resist knee-jerk prohibitionist responses, as any proposed solutions must be evidence-based, […]",https://www.lankabusinessonline.com/2025/09/10/opinion-why-smart-regulation-not-prohibition-will-protect-sri-lankas-youth/,"Opinion: Why Smart Regulation, Not Prohibition, Will Protect Sri Lanka’s Youth By Jithendra Antonio The recent firestorm surrounding e-cigarette use among Sri Lanka’s youth has ignited a critical policy debate in Sri Lanka. So, what’s really at stake here? Protecting our youth is and must always remain a national priority. Yet, regulators and policymakers must resist knee-jerk prohibitionist responses, as any proposed solutions must be evidence-based, […]",,-0.0217,neutral
245498,2025-09-10 11:40:00,LBO,"World GDP Forecasts Raised, but Evidence of US Slowdown Accumulates: Fitch Ratings",Fitch Ratings has raised its world growth forecasts for 2025 moderately since the June Global Economic Outlook (GEO) on better-than-expected incoming data for 2Q25. But there is now evidence of an underlying US slowdown in ‘hard’ economic data and positive surprises on eurozone growth have partly reflected US tariff front-running. Fitch still expects world GDP […],https://www.lankabusinessonline.com/2025/09/10/world-gdp-forecasts-raised-but-evidence-of-us-slowdown-accumulates-fitch-ratings/,"World GDP Forecasts Raised, but Evidence of US Slowdown Accumulates: Fitch Ratings Fitch Ratings has raised its world growth forecasts for 2025 moderately since the June Global Economic Outlook (GEO) on better-than-expected incoming data for 2Q25. But there is now evidence of an underlying US slowdown in ‘hard’ economic data and positive surprises on eurozone growth have partly reflected US tariff front-running. Fitch still expects world GDP […]",,0.9331,positive
245496,2025-09-09 17:35:45,LBO,"Sri Lanka Can Move to a More Balanced Fiscal Policy, Says World Bank Public Finance Review","Sri Lanka has made remarkable strides in stabilizing its economy, undertaking one of the largest fiscal adjustments in its history—equal to nearly 8 percent of GDP over three years. The adjustment was also sharper and faster by international standards – when compared with more than 330 similar efforts in 123 countries worldwide since 1980. A […]",https://www.lankabusinessonline.com/2025/09/09/sri-lanka-can-move-to-a-more-balanced-fiscal-policy-says-world-bank-public-finance-review/,"Sri Lanka Can Move to a More Balanced Fiscal Policy, Says World Bank Public Finance Review Sri Lanka has made remarkable strides in stabilizing its economy, undertaking one of the largest fiscal adjustments in its history—equal to nearly 8 percent of GDP over three years. The adjustment was also sharper and faster by international standards – when compared with more than 330 similar efforts in 123 countries worldwide since 1980. A […]",,0.5574,positive
245492,2025-09-08 17:09:40,LBO,United States and Sri Lanka Launch Multilateral PACIFIC ANGEL 25 Exercise,"Today, the United States and Sri Lanka officially launched PACIFIC ANGEL (Pac Angel) 25 at Katunayake Air Base, with U.S. Defense Attaché Lt. Col. Matthew House joining Sri Lanka Air Force leaders to open the exercise. The five-day multilateral program, running from September 8–12, brings together nearly 90 U.S. and 120 Sri Lanka Air Force […]",https://www.lankabusinessonline.com/2025/09/08/united-states-and-sri-lanka-launch-multilateral-pacific-angel-25-exercise/,"United States and Sri Lanka Launch Multilateral PACIFIC ANGEL 25 Exercise Today, the United States and Sri Lanka officially launched PACIFIC ANGEL (Pac Angel) 25 at Katunayake Air Base, with U.S. Defense Attaché Lt. Col. Matthew House joining Sri Lanka Air Force leaders to open the exercise. The five-day multilateral program, running from September 8–12, brings together nearly 90 U.S. and 120 Sri Lanka Air Force […]",,0.765,positive
245490,2025-09-08 11:47:03,LBO,Foreign Minister to address Human Rights Council Today,"Minister of Foreign Affairs, Foreign Employment and Tourism Vijitha Herath, who will lead the Sri Lanka delegation to the 60th Session of the Human Rights Council, will address the Council following the presentation of the report of the UN High Commissioner for Human Rights on the human rights situation in Sri Lanka. This statement will […]",https://www.lankabusinessonline.com/2025/09/08/foreign-minister-to-address-human-rights-council-today/,"Foreign Minister to address Human Rights Council Today Minister of Foreign Affairs, Foreign Employment and Tourism Vijitha Herath, who will lead the Sri Lanka delegation to the 60th Session of the Human Rights Council, will address the Council following the presentation of the report of the UN High Commissioner for Human Rights on the human rights situation in Sri Lanka. This statement will […]",,0.0,neutral
245486,2025-09-03 14:17:47,LBO,Sri Lanka’s CIABOC Chairman Meets World Bank Officials on Strengthening Asset Recovery Framework,"The Chairman of the Commission to Investigate Allegations of Bribery or Corruption (CIABOC) of Sri Lanka, Justice Neil Iddawala, met today with Laura Pop, Neha Maryam Zaigham, and Emile van der Does de Willebois of the World Bank at the UN Secretariat in Vienna (MOE 100). The discussions focused on the effective implementation of Sri […]",https://www.lankabusinessonline.com/2025/09/03/sri-lankas-ciaboc-chairman-meets-world-bank-officials-on-strengthening-asset-recovery-framework/,"Sri Lanka’s CIABOC Chairman Meets World Bank Officials on Strengthening Asset Recovery Framework The Chairman of the Commission to Investigate Allegations of Bribery or Corruption (CIABOC) of Sri Lanka, Justice Neil Iddawala, met today with Laura Pop, Neha Maryam Zaigham, and Emile van der Does de Willebois of the World Bank at the UN Secretariat in Vienna (MOE 100). The discussions focused on the effective implementation of Sri […]",,0.93,positive
245483,2025-09-03 14:14:14,LBO,Godawaya Shipwreck Preservation Project Marks Milestone in US–SL Maritime Partnership,"U.S. Ambassador Julie Chung and Minister of Buddhasasana, Religious, and Cultural Affairs, Dr. Hiniduma Sunil Senevi, today inaugurated the Godawaya Shipwreck Exhibition at the BMICH in Colombo, together with the Central Cultural Fund’s Maritime Archaeology Unit (MAU). The event marked the culmination of the multi-year Godawaya Shipwreck Project, funded through the U.S. Ambassadors Fund for […]",https://www.lankabusinessonline.com/2025/09/03/godawaya-shipwreck-preservation-project-marks-milestone-in-us-sl-maritime-partnership/,"Godawaya Shipwreck Preservation Project Marks Milestone in US–SL Maritime Partnership U.S. Ambassador Julie Chung and Minister of Buddhasasana, Religious, and Cultural Affairs, Dr. Hiniduma Sunil Senevi, today inaugurated the Godawaya Shipwreck Exhibition at the BMICH in Colombo, together with the Central Cultural Fund’s Maritime Archaeology Unit (MAU). The event marked the culmination of the multi-year Godawaya Shipwreck Project, funded through the U.S. Ambassadors Fund for […]",,0.0,neutral
245480,2025-09-03 09:45:32,LBO,Foreign Minister briefs the Colombo-based Diplomatic Corps on current developments,"Minister of Foreign Affairs, Foreign Employment & Tourism Vijitha Herath chaired a briefing for the members of the Colombo-based Diplomatic Corps at the Ministry on Tuesday, 02 September 2025. During the briefing, Minister Herath outlined the progress achieved by the Government since taking office 11 months ago, emphasizing several key transformative initiatives launched to protect […]",https://www.lankabusinessonline.com/2025/09/03/foreign-minister-briefs-the-colombo-based-diplomatic-corps-on-current-developments/,"Foreign Minister briefs the Colombo-based Diplomatic Corps on current developments Minister of Foreign Affairs, Foreign Employment & Tourism Vijitha Herath chaired a briefing for the members of the Colombo-based Diplomatic Corps at the Ministry on Tuesday, 02 September 2025. During the briefing, Minister Herath outlined the progress achieved by the Government since taking office 11 months ago, emphasizing several key transformative initiatives launched to protect […]",,0.7096,positive
245477,2025-09-03 09:29:09,LBO,Marco Polo Makes Its Grand Debut with Flagship Store at One Galle Face Mall,"Marco Polo, the premium modern casual wear brand inspired by the legendary explorer, has officially launched its flagship store at One Galle Face (OGF) Mall, Level 2, Shop No. 27. The opening marks a significant milestone for the brand, introducing Sri Lankan consumers to a refined fashion experience rooted in exploration, craftsmanship, and timeless style. […]",https://www.lankabusinessonline.com/2025/09/03/marco-polo-makes-its-grand-debut-with-flagship-store-at-one-galle-face-mall/,"Marco Polo Makes Its Grand Debut with Flagship Store at One Galle Face Mall Marco Polo, the premium modern casual wear brand inspired by the legendary explorer, has officially launched its flagship store at One Galle Face (OGF) Mall, Level 2, Shop No. 27. The opening marks a significant milestone for the brand, introducing Sri Lankan consumers to a refined fashion experience rooted in exploration, craftsmanship, and timeless style. […]",,0.9001,positive
245474,2025-09-02 12:18:50,LBO,Sri Lanka Launches Banana Tissue Culture Laboratory to Boost Fruit Value Chain Development,"The North Central Provincial Department of Agriculture inaugurated a state-of-the-art Banana Tissue Culture Planting Material Production Laboratory at the In-Service Training Institute in Maha Illuppallama, North Central Province, with technical assistance from the Food and Agriculture Organization of the United Nations (FAO) under the South-South Cooperation (SSC) Programme with the People’s Republic of China. The […]",https://www.lankabusinessonline.com/2025/09/02/sri-lanka-launches-banana-tissue-culture-laboratory-to-boost-fruit-value-chain-development/,"Sri Lanka Launches Banana Tissue Culture Laboratory to Boost Fruit Value Chain Development The North Central Provincial Department of Agriculture inaugurated a state-of-the-art Banana Tissue Culture Planting Material Production Laboratory at the In-Service Training Institute in Maha Illuppallama, North Central Province, with technical assistance from the Food and Agriculture Organization of the United Nations (FAO) under the South-South Cooperation (SSC) Programme with the People’s Republic of China. The […]",,0.7845,positive
245472,2025-09-01 18:43:02,LBO,CA Sri Lanka & CFA Society Sri Lanka to Host Expert Panel on Bridging Market–Financial Reporting Gap,"The Institute of Chartered Accountants of Sri Lanka (CA Sri Lanka), in collaboration with CFA Society Sri Lanka, will host an expert session titled “Unpacking Intangibles: Bridging the Gap Between Market Value and Financial Reporting” on 9th September 2025. In today’s knowledge-driven economy, intangible assets such as intellectual property, brand reputation, and data are the […]",https://www.lankabusinessonline.com/2025/09/01/ca-sri-lanka-cfa-society-sri-lanka-to-host-expert-panel-on-bridging-market-financial-reporting-gap/,"CA Sri Lanka & CFA Society Sri Lanka to Host Expert Panel on Bridging Market–Financial Reporting Gap The Institute of Chartered Accountants of Sri Lanka (CA Sri Lanka), in collaboration with CFA Society Sri Lanka, will host an expert session titled “Unpacking Intangibles: Bridging the Gap Between Market Value and Financial Reporting” on 9th September 2025. In today’s knowledge-driven economy, intangible assets such as intellectual property, brand reputation, and data are the […]",,0.7506,positive
245469,2025-09-01 13:34:44,LBO,MAS bags major honours at Mercantile Badminton Tournament,"In a show of ultimate brilliance, Team MAS led by their captain Randika Fernando let the shuttle do the talking as they displayed amazing sporting spirit and stamped their authority at the recently concluded Mercantile Badminton Tournament clinching a Grand Slam Championship title and a Bowl Championship 2 nd Runners-up spot during the multi-day tourney […]",https://www.lankabusinessonline.com/2025/09/01/mas-bags-major-honours-at-mercantile-badminton-tournament/,"MAS bags major honours at Mercantile Badminton Tournament In a show of ultimate brilliance, Team MAS led by their captain Randika Fernando let the shuttle do the talking as they displayed amazing sporting spirit and stamped their authority at the recently concluded Mercantile Badminton Tournament clinching a Grand Slam Championship title and a Bowl Championship 2 nd Runners-up spot during the multi-day tourney […]",,0.9606,positive
245466,2025-09-01 13:21:57,LBO,ADB approves USD106.9Mn to strengthen secondary health care services in Sri Lanka,"The Asian Development Bank (ADB) has approved a $106.9 million financing package to strengthen Sri Lanka’s secondary curative care services, improve communicable disease prevention and control, and enhance the health care sector’s governance and management capacity. The funding for the Strengthening Integrated Health Care and Governance for Universal Health Coverage Program consists of a $100 million loan […]",https://www.lankabusinessonline.com/2025/09/01/adb-approves-usd106-9mn-to-strengthen-secondary-health-care-services-in-sri-lanka/,"ADB approves USD106.9Mn to strengthen secondary health care services in Sri Lanka The Asian Development Bank (ADB) has approved a $106.9 million financing package to strengthen Sri Lanka’s secondary curative care services, improve communicable disease prevention and control, and enhance the health care sector’s governance and management capacity. The funding for the Strengthening Integrated Health Care and Governance for Universal Health Coverage Program consists of a $100 million loan […]",,0.9799,positive
245464,2025-09-01 10:30:38,LBO,Ceylinco Life posts premium income of Rs. 22.45 bn. in 1H 2025,"Ceylinco Life has reported gross written premium of Rs. 22.45 billion and total income of Rs. 36.49 billion for the first half of 2025. Premium income for the six months ending 30th June 2025 was up 12.5 per cent over the corresponding period of last year, while investment and other income for the period totaled […]",https://www.lankabusinessonline.com/2025/09/01/ceylinco-life-posts-premium-income-of-rs-22-45-bn-in-1h-2025/,"Ceylinco Life posts premium income of Rs. 22.45 bn. in 1H 2025 Ceylinco Life has reported gross written premium of Rs. 22.45 billion and total income of Rs. 36.49 billion for the first half of 2025. Premium income for the six months ending 30th June 2025 was up 12.5 per cent over the corresponding period of last year, while investment and other income for the period totaled […]",,-0.4767,negative
245455,2025-08-31 09:45:25,LBO,Hambantota Port Emerges as Marine Biodiversity Hotspot with Over 8 Unique Fish Species,"A new baseline study by the Department of Fisheries and Marine Sciences, at Ocean University of Sri Lanka has revealed a thriving ecological marvel beneath the waters of Hambantota International Port (HIP). Despite being an artificial breakwater, the reef at HIP now supports the highest diversity of reef-associated fish in Southern Sri Lanka, outperforming natural […]",https://www.lankabusinessonline.com/2025/08/31/hambantota-port-emerges-as-marine-biodiversity-hotspot-with-over-8-unique-fish-species/,"Hambantota Port Emerges as Marine Biodiversity Hotspot with Over 8 Unique Fish Species A new baseline study by the Department of Fisheries and Marine Sciences, at Ocean University of Sri Lanka has revealed a thriving ecological marvel beneath the waters of Hambantota International Port (HIP). Despite being an artificial breakwater, the reef at HIP now supports the highest diversity of reef-associated fish in Southern Sri Lanka, outperforming natural […]",,0.7783,positive
245449,2025-08-29 15:53:09,LBO,Central Bank Issues Rs. 2000 Circulated Commemorative Currency Note to Mark its 75th Anniversary,"The Central Bank of Sri Lanka (CBSL) issued a Rs. 2000 circulated commemorative currency note today to mark its 75th anniversary. The note is in line with the anniversary theme, “Stability for Prosperity,” reflecting the Central Bank’s enduring commitment to fostering economic stability as the foundation for national development. This is the 5th commemorative currency […]",https://www.lankabusinessonline.com/2025/08/29/central-bank-issues-rs-2000-circulated-commemorative-currency-note-to-mark-its-75th-anniversary/,"Central Bank Issues Rs. 2000 Circulated Commemorative Currency Note to Mark its 75th Anniversary The Central Bank of Sri Lanka (CBSL) issued a Rs. 2000 circulated commemorative currency note today to mark its 75th anniversary. The note is in line with the anniversary theme, “Stability for Prosperity,” reflecting the Central Bank’s enduring commitment to fostering economic stability as the foundation for national development. This is the 5th commemorative currency […]",,0.3818,positive
245446,2025-08-29 10:11:14,LBO,ComBank becomes the first Sri Lankan bank to cross USD 1 Bn. in market cap,"Rings ceremonial bell at Colombo Stock Exchange to celebrate milestone The Commercial Bank of Ceylon PLC’s milestone of becoming the first bank in Sri Lanka with a market capitalisation of more than US$ 1 billion was celebrated at the Colombo Stock Exchange (CSE), where the Bank was invited to ring the ceremonial bell. Commercial Bank […]",https://www.lankabusinessonline.com/2025/08/29/combank-becomes-the-first-sri-lankan-bank-to-cross-usd-1-bn-in-market-cap/,"ComBank becomes the first Sri Lankan bank to cross USD 1 Bn. in market cap Rings ceremonial bell at Colombo Stock Exchange to celebrate milestone The Commercial Bank of Ceylon PLC’s milestone of becoming the first bank in Sri Lanka with a market capitalisation of more than US$ 1 billion was celebrated at the Colombo Stock Exchange (CSE), where the Bank was invited to ring the ceremonial bell. Commercial Bank […]",,0.8126,positive
245440,2025-08-28 12:09:31,LBO,"Global Dialogue Forum gathers World leaders in Colombo on AI, energy, food & cybersecurity","Global Dialogue Forum (GDF) partnering Club of Rome’s India affiliate, is hosting a unique international conclave at the Galle Face Hotel, Colombo, bringing together leading global experts, policy framers, decision makers to explore the frontiers Artificial Intelligence (Ai) can breach to overcome challenges in green energy, food security and cyber security. It differs from the […]",https://www.lankabusinessonline.com/2025/08/28/global-dialogue-forum-gathers-world-leaders-in-colombo-on-ai-energy-food-cybersecurity/,"Global Dialogue Forum gathers World leaders in Colombo on AI, energy, food & cybersecurity Global Dialogue Forum (GDF) partnering Club of Rome’s India affiliate, is hosting a unique international conclave at the Galle Face Hotel, Colombo, bringing together leading global experts, policy framers, decision makers to explore the frontiers Artificial Intelligence (Ai) can breach to overcome challenges in green energy, food security and cyber security. It differs from the […]",,0.886,positive
245433,2025-08-26 16:28:59,LBO,Ex-President Ranil Wickremesinghe granted bail,"Former President Ranil Wickremesinghe, who was arrested and remanded on Friday (22), has been granted bail, local media reported. The order was issued by Colombo Fort Magistrate Nilupuli Lankapura. The former President Ranil Wickremesinghe has been released on three surety bails amounting to Rs. 5 million each. Related: https://www.lankabusinessonline.com/former-president-ranil-wickremesinghe-arrested-to-be-produced-before-fort-magistrates-court/",https://www.lankabusinessonline.com/2025/08/26/ex-president-ranil-wickremesinghe-granted-bail/,"Ex-President Ranil Wickremesinghe granted bail Former President Ranil Wickremesinghe, who was arrested and remanded on Friday (22), has been granted bail, local media reported. The order was issued by Colombo Fort Magistrate Nilupuli Lankapura. The former President Ranil Wickremesinghe has been released on three surety bails amounting to Rs. 5 million each. Related: https://www.lankabusinessonline.com/former-president-ranil-wickremesinghe-arrested-to-be-produced-before-fort-magistrates-court/",,0.2263,positive
245410,2025-08-26 14:39:23,LBO,Sri Lanka’s property market gains spotlight with Minoli Wickramasinghe on global stage,"Minoli Wickramasinghe, Managing Director of Capital Trust Properties, recently represented Sri Lanka at two major international real estate forums in Singapore, spotlighting the nation’s evolving investment landscape and resurgence as a regional property destination. At the APAC Forum 2025, hosted by Leading Real Estate Companies of the World® (LeadingRE) under the theme “Connecting Beyond Borders”, […]",https://www.lankabusinessonline.com/2025/08/26/sri-lankas-property-market-gains-spotlight-with-minoli-wickramasinghe-on-global-stage/,"Sri Lanka’s property market gains spotlight with Minoli Wickramasinghe on global stage Minoli Wickramasinghe, Managing Director of Capital Trust Properties, recently represented Sri Lanka at two major international real estate forums in Singapore, spotlighting the nation’s evolving investment landscape and resurgence as a regional property destination. At the APAC Forum 2025, hosted by Leading Real Estate Companies of the World® (LeadingRE) under the theme “Connecting Beyond Borders”, […]",,0.6908,positive
245411,2025-08-26 14:27:42,LBO,"Galle Lit Fest expands global reach with new memberships, patronage, and advisory committee","Galle Literary Festival (GLF) is entering a bold new chapter as it prepares for its 13th edition in JanuaryWith an expanded membership programme, the addition of influential patrons, and a newly formed Advisory Committee, GLF is strengthening its position as one of South Asia’s most significant cultural events and as a growing platform for international […]",https://www.lankabusinessonline.com/2025/08/26/galle-lit-fest-expands-global-reach-with-new-memberships-patronage-and-advisory-committee/,"Galle Lit Fest expands global reach with new memberships, patronage, and advisory committee Galle Literary Festival (GLF) is entering a bold new chapter as it prepares for its 13th edition in JanuaryWith an expanded membership programme, the addition of influential patrons, and a newly formed Advisory Committee, GLF is strengthening its position as one of South Asia’s most significant cultural events and as a growing platform for international […]",,0.9348,positive
245421,2025-08-26 13:45:08,LBO,Mahindra Ideal Finance rolls out revolving credit solution for multi brand vehicle importers and SMEs,"Mahindra Ideal Finance Ltd. (MIFL), one of Sri Lanka’s fastest growing finance company, today announced the launch of the MIFL Revolving Business Loan – a customized loan facility designed to address the short-term working capital needs of multi brand vehicle importers and other SME business owners across the country. The MIFL Revolving Loan product has […]",https://www.lankabusinessonline.com/2025/08/26/mahindra-ideal-finance-rolls-out-revolving-credit-solution-for-multi-brand-vehicle-importers-and-smes/,"Mahindra Ideal Finance rolls out revolving credit solution for multi brand vehicle importers and SMEs Mahindra Ideal Finance Ltd. (MIFL), one of Sri Lanka’s fastest growing finance company, today announced the launch of the MIFL Revolving Business Loan – a customized loan facility designed to address the short-term working capital needs of multi brand vehicle importers and other SME business owners across the country. The MIFL Revolving Loan product has […]",,0.9081,positive
245416,2025-08-26 12:57:19,LBO,Trial by Media: Bar Association of Sri Lanka Condemns YouTuber Predictions on Case Outcomes,"The Bar Association of Sri Lanka (BASL) has issued a statement on August 25, 2025, regarding comments made on social media and other platforms about matters within the purview of the Judicial Service Commission and the Judiciary, which are both Independent Institutions. The Judicial Service Commission is a Commission consisting of the Chief Justice and […]",https://www.lankabusinessonline.com/2025/08/26/trial-by-media-bar-association-of-sri-lanka-condemns-youtuber-predictions-on-case-outcomes/,"Trial by Media: Bar Association of Sri Lanka Condemns YouTuber Predictions on Case Outcomes The Bar Association of Sri Lanka (BASL) has issued a statement on August 25, 2025, regarding comments made on social media and other platforms about matters within the purview of the Judicial Service Commission and the Judiciary, which are both Independent Institutions. The Judicial Service Commission is a Commission consisting of the Chief Justice and […]",,0.0516,positive
245405,2025-08-26 10:07:26,LBO,Maersk Line Strengthens Ties with SLPA Terminals; Signs Three-Year Terminal Service Agreement,"In a significant step toward strengthening Sri Lanka’s position as a regional maritime hub, Maersk Line has signed a three-year Terminal Service Agreement (TSA) with the Sri Lanka Ports Authority (SLPA). The agreement is expected to foster business growth, enhance operational efficiency, and pave the way for stronger collaboration between the global shipping leader and […]",https://www.lankabusinessonline.com/2025/08/26/maersk-line-strengthens-ties-with-slpa-terminals-signs-three-year-terminal-service-agreement/,"Maersk Line Strengthens Ties with SLPA Terminals; Signs Three-Year Terminal Service Agreement In a significant step toward strengthening Sri Lanka’s position as a regional maritime hub, Maersk Line has signed a three-year Terminal Service Agreement (TSA) with the Sri Lanka Ports Authority (SLPA). The agreement is expected to foster business growth, enhance operational efficiency, and pave the way for stronger collaboration between the global shipping leader and […]",,0.9738,positive
245400,2025-08-25 13:22:20,LBO,Sri Lanka’s Exports Surge to Nearly USD 10 Bn in First Seven Months of 2025,"Sri Lanka’s export sector has demonstrated remarkable resilience and steady momentum during the first seven months of 2025, with total exports reaching US$ 9,992.53 Mn, marking a robust 7.79 % growth compared to the corresponding period in 2024.  In July 2025 alone, total exports, comprising both merchandise and services reached to US$ 1,641.11 Mn, recording […]",https://www.lankabusinessonline.com/2025/08/25/sri-lankas-exports-surge-to-nearly-usd-10-bn-in-first-seven-months-of-2025/,"Sri Lanka’s Exports Surge to Nearly USD 10 Bn in First Seven Months of 2025 Sri Lanka’s export sector has demonstrated remarkable resilience and steady momentum during the first seven months of 2025, with total exports reaching US$ 9,992.53 Mn, marking a robust 7.79 % growth compared to the corresponding period in 2024.  In July 2025 alone, total exports, comprising both merchandise and services reached to US$ 1,641.11 Mn, recording […]",,0.8434,positive
245387,2025-08-25 12:36:10,LBO,Interview: Sri Lanka’s real estate sector continues to attract top-tier FDI,"According to the real estate research division of the Research Intelligence Unit, the island’s real estate sector is currently experiencing a revival in foreign investor interest. Herein, we take great pleasure in conducting an exclusive interview with Tristan Wu, Country Head / Director of BailiInvestments.Lanka Pvt Ltd. Can you explain the inspiration behind what will […]",https://www.lankabusinessonline.com/2025/08/25/interview-sri-lankas-real-estate-sector-continues-to-attract-top-tier-fdi/,"Interview: Sri Lanka’s real estate sector continues to attract top-tier FDI According to the real estate research division of the Research Intelligence Unit, the island’s real estate sector is currently experiencing a revival in foreign investor interest. Herein, we take great pleasure in conducting an exclusive interview with Tristan Wu, Country Head / Director of BailiInvestments.Lanka Pvt Ltd. Can you explain the inspiration behind what will […]",,0.9652,positive
245383,2025-08-25 10:03:05,LBO,BOI seals landmark USD 171 Mn investment with CEAT OHT Lanka,Agreement formalises one of the largest Indian investments in Sri Lanka’s manufacturing sector Investment will expand Off-Highway Tyre (OHT) and Tracks manufacturing capacity in Sri Lanka Facilities at Midigama and Kotugoda to focus on export-led production of tyres and tracks for compact construction equipment Job security assured for 1483 employees through Tripartite MoU  Investment strengthens […],https://www.lankabusinessonline.com/2025/08/25/boi-seals-landmark-usd-171-mn-investment-with-ceat-oht-lanka/,BOI seals landmark USD 171 Mn investment with CEAT OHT Lanka Agreement formalises one of the largest Indian investments in Sri Lanka’s manufacturing sector Investment will expand Off-Highway Tyre (OHT) and Tracks manufacturing capacity in Sri Lanka Facilities at Midigama and Kotugoda to focus on export-led production of tyres and tracks for compact construction equipment Job security assured for 1483 employees through Tripartite MoU  Investment strengthens […],,0.9136,positive
245378,2025-08-24 22:46:22,LBO,Opinion: The dangerous myth of unpaid public service,"By Tharaka Balasuriya My mother carries a diary of my grandmother, a poignant reminder of the sacrifices made in the name of public service. It details how my grandmother, a reasonably wealthy woman, was left with so little after her husband, my grandfather, had devoted his life to his community and country. Though he was […]",https://www.lankabusinessonline.com/2025/08/24/opinion-the-dangerous-myth-of-unpaid-public-service/,"Opinion: The dangerous myth of unpaid public service By Tharaka Balasuriya My mother carries a diary of my grandmother, a poignant reminder of the sacrifices made in the name of public service. It details how my grandmother, a reasonably wealthy woman, was left with so little after her husband, my grandfather, had devoted his life to his community and country. Though he was […]",,0.2732,positive
245372,2025-08-22 19:01:28,LBO,UK and Sri Lanka sign bilateral debt restructuring agreement reached in June 2024,"• Bilateral debt agreement between the UK and Sri Lanka establishes terms reached between Sri Lanka and Official Creditor Committee in June 2024. • Agreement allows Sri Lanka to resume interest payments, with a grace period to repay the main debt amount until 2028 British High Commissioner Andrew Patrick and Sri Lanka’s Secretary to the […]",https://www.lankabusinessonline.com/2025/08/22/uk-and-sri-lanka-sign-bilateral-debt-restructuring-agreement-reached-in-june-2024/,"UK and Sri Lanka sign bilateral debt restructuring agreement reached in June 2024 • Bilateral debt agreement between the UK and Sri Lanka establishes terms reached between Sri Lanka and Official Creditor Committee in June 2024. • Agreement allows Sri Lanka to resume interest payments, with a grace period to repay the main debt amount until 2028 British High Commissioner Andrew Patrick and Sri Lanka’s Secretary to the […]",,0.8625,positive
245368,2025-08-22 14:59:35,LBO,Colombo Fort Magistrate’s Court Remands Ex-President Ranil Wickremesinghe Until August 26,"Former Sri Lankan President Ranil Wickremesinghe has been arrested on charges of misusing public funds, according to police. The arrest is in connection with a private overseas trip he made abroad during his tenure as president. The Criminal Investigations Department (CID) took Wickremesinghe into custody after he provided a statement to them earlier today. He […]",https://www.lankabusinessonline.com/2025/08/22/former-president-ranil-wickremesinghe-arrested-to-be-produced-before-fort-magistrates-court/,"Colombo Fort Magistrate’s Court Remands Ex-President Ranil Wickremesinghe Until August 26 Former Sri Lankan President Ranil Wickremesinghe has been arrested on charges of misusing public funds, according to police. The arrest is in connection with a private overseas trip he made abroad during his tenure as president. The Criminal Investigations Department (CID) took Wickremesinghe into custody after he provided a statement to them earlier today. He […]",,-0.875,negative
245365,2025-08-22 09:32:45,LBO,Ambeon Strengthens Portfolio Through Strategic Hospitality Investments,"Strengthens growth strategy through equity stakes in Iconic Sri Lankan hotel companies – The Kandy Hotels Company PLC and The Ceylon Hotels Corporation PLC Ambeon Group, one of Sri Lanka’s leading diversified conglomerates, today announced its strategic entry into the hospitality sector with strategic equity investments in two listed hotel companies, reinforcing its confidence in […]",https://www.lankabusinessonline.com/2025/08/22/ambeon-strengthens-portfolio-through-strategic-hospitality-investments/,"Ambeon Strengthens Portfolio Through Strategic Hospitality Investments Strengthens growth strategy through equity stakes in Iconic Sri Lankan hotel companies – The Kandy Hotels Company PLC and The Ceylon Hotels Corporation PLC Ambeon Group, one of Sri Lanka’s leading diversified conglomerates, today announced its strategic entry into the hospitality sector with strategic equity investments in two listed hotel companies, reinforcing its confidence in […]",,0.8979,positive
245363,2025-08-21 11:11:52,LBO,Committee to probe irregularities at AASL & SriLankan Airlines invites public input,"The Presidential Special Investigation Committee, established to probe into past fraud, corruption and malpractices at Airport and Aviation Services (Sri Lanka) (Private) Limited and SriLankan Airlines, invites complaints, views, and proposals from the public. In accordance with Cabinet Decision No. 25/1145/801/018 dated July 1, 2025, based on the Cabinet Memorandum submitted by President Anura Kumara […]",https://www.lankabusinessonline.com/2025/08/21/committee-to-probe-irregularities-at-aasl-srilankan-airlines-invites-public-input/,"Committee to probe irregularities at AASL & SriLankan Airlines invites public input The Presidential Special Investigation Committee, established to probe into past fraud, corruption and malpractices at Airport and Aviation Services (Sri Lanka) (Private) Limited and SriLankan Airlines, invites complaints, views, and proposals from the public. In accordance with Cabinet Decision No. 25/1145/801/018 dated July 1, 2025, based on the Cabinet Memorandum submitted by President Anura Kumara […]",,-0.6908,negative
245360,2025-08-21 10:23:51,LBO,New Zealand High Commissioner Explores Opportunities at Hambantota International Port,"New Zealand High Commissioner to Sri Lanka, David Gregory Pine, visited the Hambantota International Port (HIP) on August 11, 2025, to gain firsthand knowledge on its development and growing international relevance. Accompanying him was Rasika Sumudhu Jayasinghe, Policy Adviser at the High Commission. The delegation was taken on a tour of HIP’s state-of-the-art facilities and […]",https://www.lankabusinessonline.com/2025/08/21/new-zealand-high-commissioner-explores-opportunities-at-hambantota-international-port/,"New Zealand High Commissioner Explores Opportunities at Hambantota International Port New Zealand High Commissioner to Sri Lanka, David Gregory Pine, visited the Hambantota International Port (HIP) on August 11, 2025, to gain firsthand knowledge on its development and growing international relevance. Accompanying him was Rasika Sumudhu Jayasinghe, Policy Adviser at the High Commission. The delegation was taken on a tour of HIP’s state-of-the-art facilities and […]",,0.7717,positive
245356,2025-08-20 12:39:35,LBO,EDB-JICA Partnership Extended to Boost Sri Lanka’s ICT/BPM Growth in Japanese Market,"Sri Lanka Export Development Board (EDB) and the Japan International Cooperation Agency (JICA) have established a strategic partnership to strengthen the Sri Lankan ICT/BPM sector within the Japanese market. Started in 2024, this initiative supports 30 Sri Lankan SME ICT/BPM companies and startups over a period of two years by providing market intelligence, business coaching, […]",https://www.lankabusinessonline.com/2025/08/20/edb-jica-partnership-extended-to-boost-sri-lankas-ict-bpm-growth-in-japanese-market/,"EDB-JICA Partnership Extended to Boost Sri Lanka’s ICT/BPM Growth in Japanese Market Sri Lanka Export Development Board (EDB) and the Japan International Cooperation Agency (JICA) have established a strategic partnership to strengthen the Sri Lankan ICT/BPM sector within the Japanese market. Started in 2024, this initiative supports 30 Sri Lankan SME ICT/BPM companies and startups over a period of two years by providing market intelligence, business coaching, […]",,0.9042,positive
245353,2025-08-20 11:27:57,LBO,| Why 95-pct of GenAI Projects Are Failing,"Artificial Intelligence was supposed to be capitalism’s golden goose — rewriting emails, reinventing customer service, and reshaping entire economies. But a new MIT study says 95% of enterprise AI pilots fail to deliver meaningful revenue. Instead of breakthroughs, most companies end up with expensive dashboards and endless beta tests. T he hype cycle feels eerily […]",https://www.lankabusinessonline.com/2025/08/20/video-the-ai-bubble-why-95-pct-of-genai-projects-are-failing/,"| Why 95-pct of GenAI Projects Are Failing Artificial Intelligence was supposed to be capitalism’s golden goose — rewriting emails, reinventing customer service, and reshaping entire economies. But a new MIT study says 95% of enterprise AI pilots fail to deliver meaningful revenue. Instead of breakthroughs, most companies end up with expensive dashboards and endless beta tests. T he hype cycle feels eerily […]",,-0.4404,negative
245351,2025-08-20 10:58:41,LBO,Ceylon Chamber Highlights Opportunities in UK’s Enhanced Trade Scheme,"The Ceylon Chamber of Commerce welcomes the UK Government’s liberalisation of rules of origin under its Developing Countries Trading Scheme (DCTS), set to take effect in early 2026. This important step reflects the UK’s continued commitment to greater trade openness and flexibility, offering Sri Lankan exporters enhanced access to one of their key markets. The […]",https://www.lankabusinessonline.com/2025/08/20/ceylon-chamber-highlights-opportunities-in-uks-enhanced-trade-scheme/,"Ceylon Chamber Highlights Opportunities in UK’s Enhanced Trade Scheme The Ceylon Chamber of Commerce welcomes the UK Government’s liberalisation of rules of origin under its Developing Countries Trading Scheme (DCTS), set to take effect in early 2026. This important step reflects the UK’s continued commitment to greater trade openness and flexibility, offering Sri Lankan exporters enhanced access to one of their key markets. The […]",,0.9349,positive
245346,2025-08-20 09:37:48,LBO,Stallion Consultancy Takes Over ACAP Stockbrokers in Strategic Market Play,"Stallion Consultancy (Private) Limited has swooped in to acquire ACAP Stockbrokers (Private) Limited from Asia Capital PLC, marking a strategic power play that promises to reshape Sri Lanka’s stock brokerage landscape through a complete rebrand and fresh market positioning. The acquisition brings heavyweight leadership credentials to the table, with Stefan Abeyesinhe stepping in as Chairman, […]",https://www.lankabusinessonline.com/2025/08/20/stallion-consultancy-takes-over-acap-stockbrokers-in-strategic-market-play/,"Stallion Consultancy Takes Over ACAP Stockbrokers in Strategic Market Play Stallion Consultancy (Private) Limited has swooped in to acquire ACAP Stockbrokers (Private) Limited from Asia Capital PLC, marking a strategic power play that promises to reshape Sri Lanka’s stock brokerage landscape through a complete rebrand and fresh market positioning. The acquisition brings heavyweight leadership credentials to the table, with Stefan Abeyesinhe stepping in as Chairman, […]",,0.7096,positive
245344,2025-08-20 09:25:09,LBO,Fitch Ratings: Developed Economies’ Potential Growth Revised Up to 1.6-pct,"Fitch Ratings has updated its five-year projections for supply-side potential GDP growth for the 10 developed economies (‘DM10’) covered in its Global Economic Outlook. The GDP-weighted average DM10 potential growth projection has been raised to 1.6% a year from 1.4% in the previous report in August 2023. This reflects more optimistic projections for the US, revised […]",https://www.lankabusinessonline.com/2025/08/20/fitch-ratings-developed-economies-potential-growth-revised-up-to-1-6-pct/,"Fitch Ratings: Developed Economies’ Potential Growth Revised Up to 1.6-pct Fitch Ratings has updated its five-year projections for supply-side potential GDP growth for the 10 developed economies (‘DM10’) covered in its Global Economic Outlook. The GDP-weighted average DM10 potential growth projection has been raised to 1.6% a year from 1.4% in the previous report in August 2023. This reflects more optimistic projections for the US, revised […]",,0.8553,positive
245342,2025-08-19 16:12:42,LBO,Opinion: Not Too Late for a Winning Bet – The Need to Redraft the Gambling Bill,"By Sudaraka Ariyaratne After weeks of discussion, the Committee on Public Finance approved the Gambling Regulatory Authority (GRA) Bill last Wednesday. While the Bill faces its second reading in Parliament this Tuesday, its many deficiencies remain—helping create a regulator not worth its salt. Gaming encompasses both gambling—games of pure chance like casinos and lotteries—and betting, […]",https://www.lankabusinessonline.com/2025/08/19/opinion-not-too-late-for-a-winning-bet-the-need-to-redraft-the-gambling-bill/,"Opinion: Not Too Late for a Winning Bet – The Need to Redraft the Gambling Bill By Sudaraka Ariyaratne After weeks of discussion, the Committee on Public Finance approved the Gambling Regulatory Authority (GRA) Bill last Wednesday. While the Bill faces its second reading in Parliament this Tuesday, its many deficiencies remain—helping create a regulator not worth its salt. Gaming encompasses both gambling—games of pure chance like casinos and lotteries—and betting, […]",,0.8869,positive
245337,2025-08-19 12:38:38,LBO,‘s Upgraded DCTS Rules of Origin Allow SL Manufacturers to Source Up to 100-pct of Inputs Globally,"Sri Lankan garment manufacturers will soon have “unprecedented access” to UK markets due to liberalized trade rules set to take effect in early 2026. The changes to the UK’s Developing Countries Trading Scheme (DCTS) will allow more garments manufactured in Sri Lanka to be exported to the UK duty-free. Under the new rules, Sri Lankan […]",https://www.lankabusinessonline.com/2025/08/19/uks-upgraded-dcts-rules-of-origin-allow-sl-manufacturers-to-source-up-to-100-pct-of-inputs-globally/,"‘s Upgraded DCTS Rules of Origin Allow SL Manufacturers to Source Up to 100-pct of Inputs Globally Sri Lankan garment manufacturers will soon have “unprecedented access” to UK markets due to liberalized trade rules set to take effect in early 2026. The changes to the UK’s Developing Countries Trading Scheme (DCTS) will allow more garments manufactured in Sri Lanka to be exported to the UK duty-free. Under the new rules, Sri Lankan […]",,0.4215,positive
245333,2025-08-19 10:02:25,LBO,Sunshine Holdings marks successful completion of ‘Smart Life Challenge’,"Diversified conglomerate Sunshine Holdings (CSE: SUN) successfully concluded Phase 01 of the ‘Smart Life Challenge’, a three-month employee wellness programme designed to encourage sustainable lifestyle improvements among its workforce. Initiated and led by the Group’s HR team, this programme focused on fostering healthier habits, enhancing physical and mental well-being, and strengthening team spirit across all […]",https://www.lankabusinessonline.com/2025/08/19/sunshine-holdings-marks-successful-completion-of-smart-life-challenge/,"Sunshine Holdings marks successful completion of ‘Smart Life Challenge’ Diversified conglomerate Sunshine Holdings (CSE: SUN) successfully concluded Phase 01 of the ‘Smart Life Challenge’, a three-month employee wellness programme designed to encourage sustainable lifestyle improvements among its workforce. Initiated and led by the Group’s HR team, this programme focused on fostering healthier habits, enhancing physical and mental well-being, and strengthening team spirit across all […]",,0.9806,positive
245325,2025-08-19 09:56:16,LBO,Newcomers deliver big finishes as speedstar championship 2025,"The SpeedStar Championship 2025 came to a thrilling close at SpeedBay in Port City Colombo, marking the end of a dynamic three-round karting series that welcomed complete newcomers to the sport. Designed exclusively for novice drivers with no prior motorsports experience, the championship offered a unique opportunity for first-time racers to experience competition in a […]",https://www.lankabusinessonline.com/2025/08/19/newcomers-deliver-big-finishes-as-speedstar-championship-2025/,"Newcomers deliver big finishes as speedstar championship 2025 The SpeedStar Championship 2025 came to a thrilling close at SpeedBay in Port City Colombo, marking the end of a dynamic three-round karting series that welcomed complete newcomers to the sport. Designed exclusively for novice drivers with no prior motorsports experience, the championship offered a unique opportunity for first-time racers to experience competition in a […]",,0.9468,positive
245321,2025-08-18 15:38:05,LBO,Empowering Youth: U.S. Launches Young South Asian Leaders Initiative Workshop in Colombo,"Today in Colombo, U.S. Ambassador to Sri Lanka Julie Chung, Acting Deputy Assistant Secretary for South and Central Asian Affairs Shelly Seaver, and Minister of Youth Affairs and Sports Hon. Sunil Gamage opened the inaugural workshop of the Young South Asian Leaders Initiative (YSALI), a U.S. government-funded program aimed at empowering youth leaders, promoting peace, […]",https://www.lankabusinessonline.com/2025/08/18/empowering-youth-u-s-launches-young-south-asian-leaders-initiative-workshop-in-colombo/,"Empowering Youth: U.S. Launches Young South Asian Leaders Initiative Workshop in Colombo Today in Colombo, U.S. Ambassador to Sri Lanka Julie Chung, Acting Deputy Assistant Secretary for South and Central Asian Affairs Shelly Seaver, and Minister of Youth Affairs and Sports Hon. Sunil Gamage opened the inaugural workshop of the Young South Asian Leaders Initiative (YSALI), a U.S. government-funded program aimed at empowering youth leaders, promoting peace, […]",,0.7184,positive
245316,2025-08-18 15:34:28,LBO,CPCEC Reaffirms Commitment to Compliance and Business; Visa Suspended of Two Authorised Persons,"This statement is following recent developments reported in the media, regarding the detention and deportation of foreign nationals employed by entities operating as Authorised Persons (APs) licensed by the Colombo Port City Economic Commission (CPCEC). Following the alleged incident, the CPCEC has suspended the issuance of Visa recommendations for the two APs whose employees were […]",https://www.lankabusinessonline.com/2025/08/18/cpcec-reaffirms-commitment-to-compliance-and-business-visa-suspended-of-two-authorised-persons/,"CPCEC Reaffirms Commitment to Compliance and Business; Visa Suspended of Two Authorised Persons This statement is following recent developments reported in the media, regarding the detention and deportation of foreign nationals employed by entities operating as Authorised Persons (APs) licensed by the Colombo Port City Economic Commission (CPCEC). Following the alleged incident, the CPCEC has suspended the issuance of Visa recommendations for the two APs whose employees were […]",,-0.7269,negative
245313,2025-08-15 13:10:12,LBO,Hayleys Solar named one of LMD’s most loved brands 2025,"Hayleys Solar, Sri Lanka’s No.1 solar solutions provider, has been recognised as one of LMD’s Most Loved Brands for 2025, making history as the only renewable energy brand to earn this prestigious honour. The accolade marks a pivotal moment for Sri Lanka’s clean energy sector, reflecting both public trust in Hayleys Solar and broader national […]",https://www.lankabusinessonline.com/2025/08/15/hayleys-solar-named-one-of-lmds-most-loved-brands-2025/,"Hayleys Solar named one of LMD’s most loved brands 2025 Hayleys Solar, Sri Lanka’s No.1 solar solutions provider, has been recognised as one of LMD’s Most Loved Brands for 2025, making history as the only renewable energy brand to earn this prestigious honour. The accolade marks a pivotal moment for Sri Lanka’s clean energy sector, reflecting both public trust in Hayleys Solar and broader national […]",,0.9719,positive
245311,2025-08-15 11:39:53,LBO,Deflation expected to end by Q3-2025; economy to grow by around 4.5-pct in 2025: CBSL,"The Central Bank of Sri Lanka (CBSL) has released its second Monetary Policy Report for 2025, in line with the transparency and accountability requirements of the new Central Bank of Sri Lanka Act, No. 16 of 2023. The biannual report offers a forward-looking analysis of the economy, with a specific focus on the inflation and […]",https://www.lankabusinessonline.com/2025/08/15/deflation-expected-to-end-by-q3-2025-economy-to-grow-by-around-4-5-pct-in-2025-cbsl/,"Deflation expected to end by Q3-2025; economy to grow by around 4.5-pct in 2025: CBSL The Central Bank of Sri Lanka (CBSL) has released its second Monetary Policy Report for 2025, in line with the transparency and accountability requirements of the new Central Bank of Sri Lanka Act, No. 16 of 2023. The biannual report offers a forward-looking analysis of the economy, with a specific focus on the inflation and […]",,0.0,neutral
245308,2025-08-15 10:23:14,LBO,U.S. Navy Littoral Combat Ship USS Santa Barbara to Arrive in Colombo,"The U.S. Embassy in Sri Lanka announces the visit of the Independence-variant littoral combat ship USS Santa Barbara (LCS 32) to the Port of Colombo on August 16. The visit marks the USS Santa Barbara’s first port call to Colombo, underscoring the strength of the U.S.–Sri Lanka partnership and our shared commitment to a secure, […]",https://www.lankabusinessonline.com/2025/08/15/u-s-navy-littoral-combat-ship-uss-santa-barbara-to-arrive-in-colombo/,"U.S. Navy Littoral Combat Ship USS Santa Barbara to Arrive in Colombo The U.S. Embassy in Sri Lanka announces the visit of the Independence-variant littoral combat ship USS Santa Barbara (LCS 32) to the Port of Colombo on August 16. The visit marks the USS Santa Barbara’s first port call to Colombo, underscoring the strength of the U.S.–Sri Lanka partnership and our shared commitment to a secure, […]",,0.7003,positive
245306,2025-08-14 17:56:01,LBO,ComBank creates history in Q2 as first private sector bank with assets of Rs. 3 trillion,"Group deposits surpass Rs. 2.5 Tn. mark Loan book grows by Rs. 206 Bn. in 6 months to Rs. 1.73 Tn., disbursements average Rs. 34.33 Bn. per month Group net interest income up 17.39% to Rs. 68.81 Bn. Improves NIM and CASA  Total taxes increase by over 60% for 6 months to Rs 24.42 Bn. […]",https://www.lankabusinessonline.com/2025/08/14/combank-creates-history-in-q2-as-first-private-sector-bank-with-assets-of-rs-3-trillion/,"ComBank creates history in Q2 as first private sector bank with assets of Rs. 3 trillion Group deposits surpass Rs. 2.5 Tn. mark Loan book grows by Rs. 206 Bn. in 6 months to Rs. 1.73 Tn., disbursements average Rs. 34.33 Bn. per month Group net interest income up 17.39% to Rs. 68.81 Bn. Improves NIM and CASA  Total taxes increase by over 60% for 6 months to Rs 24.42 Bn. […]",,0.8801,positive
245302,2025-08-14 17:45:52,LBO,U.S. Ambassador Meets with the Ceylon Chamber Leadership,"The Ceylon Chamber of Commerce was honoured to welcome the Ambassador of the United States to Sri Lanka, Julie Chung, for a courtesy visit with the Ceylon Chamber’s leadership.  Ambassador Chung met with Chairman Krishan Balendra, Vice Chairman Bingumal Thewarathanthri, Deputy Vice Chairman Vinod Hirdaramani, Secretary General and CEO Buwanekabahu Perera and other representatives of […]",https://www.lankabusinessonline.com/2025/08/14/u-s-ambassador-meets-with-the-ceylon-chamber-leadership/,"U.S. Ambassador Meets with the Ceylon Chamber Leadership The Ceylon Chamber of Commerce was honoured to welcome the Ambassador of the United States to Sri Lanka, Julie Chung, for a courtesy visit with the Ceylon Chamber’s leadership.  Ambassador Chung met with Chairman Krishan Balendra, Vice Chairman Bingumal Thewarathanthri, Deputy Vice Chairman Vinod Hirdaramani, Secretary General and CEO Buwanekabahu Perera and other representatives of […]",,0.8885,positive
245298,2025-08-14 13:27:49,LBO,Yara Technologies partners with Clover Infotec to revolutionize EdTech in Botswana,"Empowering schools with predictive analytics and seamless communication solutions with Talkative Parents and Quanta Platforms Yara Technologies (Pvt) Ltd (“Yara”), a fast-scaling EdFinTech startup in Sri Lanka, has announced a strategic resale partnership with Clover Infotec to launch its flagship platforms – Talkative Parents and Quanta – in Botswana. This partnership represents a pivotal step […]",https://www.lankabusinessonline.com/2025/08/14/yara-technologies-partners-with-clover-infotec-to-revolutionize-edtech-in-botswana/,"Yara Technologies partners with Clover Infotec to revolutionize EdTech in Botswana Empowering schools with predictive analytics and seamless communication solutions with Talkative Parents and Quanta Platforms Yara Technologies (Pvt) Ltd (“Yara”), a fast-scaling EdFinTech startup in Sri Lanka, has announced a strategic resale partnership with Clover Infotec to launch its flagship platforms – Talkative Parents and Quanta – in Botswana. This partnership represents a pivotal step […]",,0.2732,positive
245289,2025-08-14 13:18:16,LBO,Nations Trust Bank delivers 26% loan growth in 1H 2025 supporting economic revival,"Nations Trust Bank PLC reported strong results for the six months ending 30th June 2025, achieving a Profit After Tax (PAT) of LKR 9Bn, reflecting a healthy 10% year-on-year growth. Nations Trust Bank, Director & Chief Executive Officer, Hemantha D Gunetilleke, stated, “The Bank’s performance in 1H 2025 highlights our commitment to economic growth and […]",https://www.lankabusinessonline.com/2025/08/14/nations-trust-bank-delivers-26-loan-growth-in-1h-2025-supporting-economic-revival/,"Nations Trust Bank delivers 26% loan growth in 1H 2025 supporting economic revival Nations Trust Bank PLC reported strong results for the six months ending 30th June 2025, achieving a Profit After Tax (PAT) of LKR 9Bn, reflecting a healthy 10% year-on-year growth. Nations Trust Bank, Director & Chief Executive Officer, Hemantha D Gunetilleke, stated, “The Bank’s performance in 1H 2025 highlights our commitment to economic growth and […]",,0.9836,positive
245287,2025-08-14 09:26:40,LBO,Ambeon Group Reports Strong Q1 2025/26 Performance with Profit Growth,"Ambeon Capital PLC, the investment holding company of the Ambeon Group reported a Profit After Tax (PAT) of LKR 731 Mn making a significant profit growth compared to the PAT of LKR 83 Mn in the same period last year.  Ambeon Holdings PLC the group’s principal operating subsidiary which is a leading diversified conglomerate with […]",https://www.lankabusinessonline.com/2025/08/14/ambeon-group-reports-strong-q1-2025-26-performance-with-profit-growth/,"Ambeon Group Reports Strong Q1 2025/26 Performance with Profit Growth Ambeon Capital PLC, the investment holding company of the Ambeon Group reported a Profit After Tax (PAT) of LKR 731 Mn making a significant profit growth compared to the PAT of LKR 83 Mn in the same period last year.  Ambeon Holdings PLC the group’s principal operating subsidiary which is a leading diversified conglomerate with […]",,0.9517,positive
245284,2025-08-13 17:37:00,LBO,Priyantha Weerasuriya Appointed as New IGP,"President Anura Kumara Dissanayake has appointed Senior Deputy Inspector General of Police, Attorney-at-Law Priyantha Weerasuriya, as the new Inspector General of Police (IGP). The letter of appointment was handed over to the new Inspector General of Police, Attorney-at-Law Priyantha Weerasuriya today afternoon (13) by the Secretary to the President, Dr. Nandika Sanath Kumanayake at the […]",https://www.lankabusinessonline.com/2025/08/13/priyantha-weerasuriya-appointed-as-new-igp/,"Priyantha Weerasuriya Appointed as New IGP President Anura Kumara Dissanayake has appointed Senior Deputy Inspector General of Police, Attorney-at-Law Priyantha Weerasuriya, as the new Inspector General of Police (IGP). The letter of appointment was handed over to the new Inspector General of Police, Attorney-at-Law Priyantha Weerasuriya today afternoon (13) by the Secretary to the President, Dr. Nandika Sanath Kumanayake at the […]",,0.0,neutral
245281,2025-08-13 15:06:37,LBO,"President Leads Second EDCM, Accelerating Progress Toward USD 36 Bn Export Target","Sri Lanka Achieves 6.88% Export Growth in H1 2025, Records Significant Progress on Key Trade Facilitation Initiatives His Excellency President Anura Kumara Dissanayake yesterday (August 12, 2025) chaired the Second Export Development Council of Ministers Meeting (EDCM) at the Presidential Secretariat, marking significant milestones in Sri Lanka’s ambitious journey toward achieving USD 36 billion in […]",https://www.lankabusinessonline.com/2025/08/13/president-leads-second-edcm-accelerating-progress-toward-usd-36-bn-export-target/,"President Leads Second EDCM, Accelerating Progress Toward USD 36 Bn Export Target Sri Lanka Achieves 6.88% Export Growth in H1 2025, Records Significant Progress on Key Trade Facilitation Initiatives His Excellency President Anura Kumara Dissanayake yesterday (August 12, 2025) chaired the Second Export Development Council of Ministers Meeting (EDCM) at the Presidential Secretariat, marking significant milestones in Sri Lanka’s ambitious journey toward achieving USD 36 billion in […]",,0.9468,positive
245274,2025-08-13 12:40:55,LBO,Opinion: Are Residential apartments the best asset class in town?,"By The Research Intelligence Unit, Colombo It was said many years ago that Sri Lankans would never take to apartments because indigenous values demanded dwellings to have gardens, be accommodating to continuous refurbishments and for properties to be transferable from one generation to the next.  Over the past two decades, we have witnessed the complete […]",https://www.lankabusinessonline.com/2025/08/13/opinion-are-residential-apartments-the-best-asset-class-in-town/,"Opinion: Are Residential apartments the best asset class in town? By The Research Intelligence Unit, Colombo It was said many years ago that Sri Lankans would never take to apartments because indigenous values demanded dwellings to have gardens, be accommodating to continuous refurbishments and for properties to be transferable from one generation to the next.  Over the past two decades, we have witnessed the complete […]",,0.891,positive
245270,2025-08-13 12:27:15,LBO,New Livestock Insurance Scheme to Be Launched to Protect Sri Lankan Leopards,"The United Nations Development Programme (UNDP) in Sri Lanka under its Biodiversity Finance Initiative (BIOFIN) together with the Wildlife and Nature Protection Society (WNPS) and LOLC, under the guidance of the Department of Wildlife Conservation is launching a groundbreaking “Livestock Insurance Scheme in Sri Lanka.  This initiative aims to reduce retaliatory killings of the endangered Sri […]",https://www.lankabusinessonline.com/2025/08/13/new-livestock-insurance-scheme-to-be-launched-to-protect-sri-lankan-leopards/,"New Livestock Insurance Scheme to Be Launched to Protect Sri Lankan Leopards The United Nations Development Programme (UNDP) in Sri Lanka under its Biodiversity Finance Initiative (BIOFIN) together with the Wildlife and Nature Protection Society (WNPS) and LOLC, under the guidance of the Department of Wildlife Conservation is launching a groundbreaking “Livestock Insurance Scheme in Sri Lanka.  This initiative aims to reduce retaliatory killings of the endangered Sri […]",,0.1027,positive
245266,2025-08-11 19:16:35,LBO,National Program for Developing 1000 Entrepreneurs,"The “National Program for Developing 1000 Entrepreneurs” is an innovative initiative aimed at empowering the SME sector in Sri Lanka by enhancing the knowledge, skills, productivity, and export capacity of entrepreneurs, thereby contributing to the strengthening of the national economy. This program is being implemented by the Ministry of Industry and Entrepreneur Development in collaboration […]",https://www.lankabusinessonline.com/2025/08/11/national-program-for-developing-1000-entrepreneurs/,"National Program for Developing 1000 Entrepreneurs The “National Program for Developing 1000 Entrepreneurs” is an innovative initiative aimed at empowering the SME sector in Sri Lanka by enhancing the knowledge, skills, productivity, and export capacity of entrepreneurs, thereby contributing to the strengthening of the national economy. This program is being implemented by the Ministry of Industry and Entrepreneur Development in collaboration […]",,0.7269,positive
245258,2025-08-11 11:32:43,LBO,Synamon Global’s Seacucumber Symposium 2025 in Jaffna,"By Jekhan Aruliah The Seacucumber Symposium in Jaffna, sponsored by the US based investment organisation Synamon Global, brought together many diverse opinions to share and enhance knowledge and understanding. Academics and entrepreneurs gave their opinions and advice, occasionally in heated fashion. Thus achieving Synamon Global’s objective, to make the seacucumber industry a powerful sustainable and […]",https://www.lankabusinessonline.com/2025/08/11/synamon-global-seacucumber-symposium/,"Synamon Global’s Seacucumber Symposium 2025 in Jaffna By Jekhan Aruliah The Seacucumber Symposium in Jaffna, sponsored by the US based investment organisation Synamon Global, brought together many diverse opinions to share and enhance knowledge and understanding. Academics and entrepreneurs gave their opinions and advice, occasionally in heated fashion. Thus achieving Synamon Global’s objective, to make the seacucumber industry a powerful sustainable and […]",,0.6124,positive
245252,2025-08-11 10:30:47,LBO,‘Invest Sri Lanka’ forum to be held in Singapore to boost foreign investment,"The Colombo Stock Exchange (CSE), in collaboration with the Securities and Exchange Commission of Sri Lanka (SEC) and the stock broking industry, are conducting an ‘Invest Sri Lanka’ Investor Forum in Singapore on 12 th August 2025. Building on the momentum of the successful foreign investor forum held in Colombo during March this year, the […]",https://www.lankabusinessonline.com/2025/08/11/invest-sri-lanka-forum-to-be-held-in-singapore-to-boost-foreign-investment/,"‘Invest Sri Lanka’ forum to be held in Singapore to boost foreign investment The Colombo Stock Exchange (CSE), in collaboration with the Securities and Exchange Commission of Sri Lanka (SEC) and the stock broking industry, are conducting an ‘Invest Sri Lanka’ Investor Forum in Singapore on 12 th August 2025. Building on the momentum of the successful foreign investor forum held in Colombo during March this year, the […]",,0.8271,positive
245246,2025-08-11 09:58:26,LBO,TikTok releases Q1 2025 community guidelines enforcement report,"TikTok has released its Q1 2025 Community Guidelines Enforcement Report, showcasing its ongoing commitment to creating a safe digital space for its users. The report, which covers data from January to March 2025, details the proactive steps TikTok has taken to identify and remove content that violates its Community Guidelines, ensuring a positive experiencefor its […]",https://www.lankabusinessonline.com/2025/08/11/tiktok-releases-q1-2025-community-guidelines-enforcement-report/,"TikTok releases Q1 2025 community guidelines enforcement report TikTok has released its Q1 2025 Community Guidelines Enforcement Report, showcasing its ongoing commitment to creating a safe digital space for its users. The report, which covers data from January to March 2025, details the proactive steps TikTok has taken to identify and remove content that violates its Community Guidelines, ensuring a positive experiencefor its […]",,0.8979,positive
245244,2025-08-09 09:33:05,LBO,Sri Lanka expresses deep concern over the decision of Israel,"Sri Lanka expresses deep concern over the decision by Israel to seize control of Gaza, which will lead to further escalation of violence and suffering of the people of Gaza. Sri Lanka calls for an immediate ceasefire and urges all parties to resolve differences through diplomatic dialogue in order to establish sustainable peace. Ministry of […]",https://www.lankabusinessonline.com/2025/08/09/sri-lanka-expresses-deep-concern-over-the-decision-of-israel/,"Sri Lanka expresses deep concern over the decision of Israel Sri Lanka expresses deep concern over the decision by Israel to seize control of Gaza, which will lead to further escalation of violence and suffering of the people of Gaza. Sri Lanka calls for an immediate ceasefire and urges all parties to resolve differences through diplomatic dialogue in order to establish sustainable peace. Ministry of […]",,0.1531,positive
245242,2025-08-07 14:56:42,LBO,President Vows to Keep Vehicle Imports Open for Sri Lankan Market,"President Anura Kumara Dissanayake has announced that there will be no further tax increases or restrictions on vehicle imports. In a stern message, he also criticized those spreading rumors for creating “unnecessary panic” and putting “pressure on the dollar.” Addressing the Parliament, the President sought to provide stability and confidence to the local automotive market […]",https://www.lankabusinessonline.com/2025/08/07/president-vows-to-keep-vehicle-imports-open-for-sri-lankan-market/,"President Vows to Keep Vehicle Imports Open for Sri Lankan Market President Anura Kumara Dissanayake has announced that there will be no further tax increases or restrictions on vehicle imports. In a stern message, he also criticized those spreading rumors for creating “unnecessary panic” and putting “pressure on the dollar.” Addressing the Parliament, the President sought to provide stability and confidence to the local automotive market […]",,0.2023,positive
245236,2025-08-07 14:16:16,LBO,‘s Ultra-Rich to Vegas of South Asia,"By Jithendra Antonio In a transformative declaration that reverberates through South Asia’s economic corridors, gaming tycoon Lawrence Ho’s recent bold proclamation at the August 2025 launch of the US $1.2 billion City of Dreams Sri Lanka has crystallized what many strategic analysts have long envisioned. According to Ho’s statement at the City of Dreams launch […]",https://www.lankabusinessonline.com/2025/08/07/opinion-a-usd-2-5-bn-dice-roll-attracting-subcontinents-ultra-rich-to-vegas-of-south-asia/,"‘s Ultra-Rich to Vegas of South Asia By Jithendra Antonio In a transformative declaration that reverberates through South Asia’s economic corridors, gaming tycoon Lawrence Ho’s recent bold proclamation at the August 2025 launch of the US $1.2 billion City of Dreams Sri Lanka has crystallized what many strategic analysts have long envisioned. According to Ho’s statement at the City of Dreams launch […]",,0.7906,positive
245231,2025-08-07 12:15:22,LBO,Is an increase in the tobacco tax incidence a practical policy option in Sri Lanka?,"By Sri Lal Somaweera The recent COPF discussions sparked debate on a push to raise Sri Lanka’s tax on cigarettes to be 75% of the price of the cigarette. This has resurfaced policy discussions, echoing a longstanding recommendation from the World Health Organization’s (WHO). Their aim is clear: discourage smoking, improve public health, and boost […]",https://www.lankabusinessonline.com/2025/08/07/is-an-increase-in-the-tobacco-tax-incidence-a-practical-policy-option-in-sri-lanka/,"Is an increase in the tobacco tax incidence a practical policy option in Sri Lanka? By Sri Lal Somaweera The recent COPF discussions sparked debate on a push to raise Sri Lanka’s tax on cigarettes to be 75% of the price of the cigarette. This has resurfaced policy discussions, echoing a longstanding recommendation from the World Health Organization’s (WHO). Their aim is clear: discourage smoking, improve public health, and boost […]",,0.7717,positive
245228,2025-08-07 09:22:04,LBO,VIDEO: Apple CEO Tim Cook wants to work with suppliers to move more chip production to US,Pres. Trump and Apple CEO Tim Cook speak in the Oval Office on Apple’s latest manufacturing announcement.,https://www.lankabusinessonline.com/2025/08/07/video-apple-ceo-tim-cook-wants-to-work-with-suppliers-to-move-more-chip-production-to-us/,VIDEO: Apple CEO Tim Cook wants to work with suppliers to move more chip production to US Pres. Trump and Apple CEO Tim Cook speak in the Oval Office on Apple’s latest manufacturing announcement.,,0.0,neutral
245226,2025-08-07 08:51:05,LBO,Beneficial Ownership Law Enacted with TISL’s Amendments for Enhanced Transparency & Accountability,"The Speaker, Dr. Jagath Wickramaratne, endorsed the certificate on the Companies (Amendment) Bill on 04 August and accordingly, the Companies (Amendment) Act No. 12 of 2025 is now enacted. Transparency International Sri Lanka (TISL) welcomes the constructive response of the Attorney General to the concerns raised in TISL’s petition filed in the Supreme Court challenging […]",https://www.lankabusinessonline.com/2025/08/07/beneficial-ownership-law-enacted-with-tisls-amendments-for-enhanced-transparency-accountability/,"Beneficial Ownership Law Enacted with TISL’s Amendments for Enhanced Transparency & Accountability The Speaker, Dr. Jagath Wickramaratne, endorsed the certificate on the Companies (Amendment) Bill on 04 August and accordingly, the Companies (Amendment) Act No. 12 of 2025 is now enacted. Transparency International Sri Lanka (TISL) welcomes the constructive response of the Attorney General to the concerns raised in TISL’s petition filed in the Supreme Court challenging […]",,0.8957,positive
245223,2025-08-06 16:12:39,LBO,EDB Addresses US Tariff Challenge with Industry Leaders,Government officials and export sector representatives unite to address 20% US tariff impact on Sri Lankan goods The Sri Lanka Export Development Board (EDB) held a successful discussion today (06th) regarding the 20% tariff recently imposed by the United States on Sri Lankan goods. High-level government officials and numerous export sector representatives gathered for this […],https://www.lankabusinessonline.com/2025/08/06/edb-addresses-us-tariff-challenge-with-industry-leaders/,EDB Addresses US Tariff Challenge with Industry Leaders Government officials and export sector representatives unite to address 20% US tariff impact on Sri Lankan goods The Sri Lanka Export Development Board (EDB) held a successful discussion today (06th) regarding the 20% tariff recently imposed by the United States on Sri Lankan goods. High-level government officials and numerous export sector representatives gathered for this […],,0.765,positive
245219,2025-08-05 12:48:58,LBO,Sri Lanka’s nation branding should not bet on gambling: MTI Consulting,"The grand launch of the Melco-operated City of Dreams has sparked bold comparisons, with some advocating for Sri Lanka to become the “Macau of India.” While MTI Consulting acknowledges the economic potential of a vibrant casino sub-brand, it strongly cautions that Sri Lanka’s nation brand must not be ‘hijacked’ by the gambling industry. MTI urges Sri Lankan […]",https://www.lankabusinessonline.com/2025/08/05/sri-lankas-nation-branding-should-not-bet-on-gambling-mti-consulting/,"Sri Lanka’s nation branding should not bet on gambling: MTI Consulting The grand launch of the Melco-operated City of Dreams has sparked bold comparisons, with some advocating for Sri Lanka to become the “Macau of India.” While MTI Consulting acknowledges the economic potential of a vibrant casino sub-brand, it strongly cautions that Sri Lanka’s nation brand must not be ‘hijacked’ by the gambling industry. MTI urges Sri Lankan […]",,0.9153,positive
245214,2025-08-05 10:39:28,LBO,Sri Lanka promotes AI– investment opportunities and disrupt Asia-2025 in London,"A panel discussion to promote investment opportunities in Artificial Intelligence (AI) in Sri Lanka, jointly organised by the Sri Lanka–UK Chamber of Commerce – London (SLUKCC) and the High Commission of Sri Lanka, was held on 31  July 2025 at the High Commission premises. The panel featured a distinguished group of professional and academic including Dean […]",https://www.lankabusinessonline.com/2025/08/05/sri-lanka-promotes-ai-investment-opportunities-and-disrupt-asia-2025-in-london/,"Sri Lanka promotes AI– investment opportunities and disrupt Asia-2025 in London A panel discussion to promote investment opportunities in Artificial Intelligence (AI) in Sri Lanka, jointly organised by the Sri Lanka–UK Chamber of Commerce – London (SLUKCC) and the High Commission of Sri Lanka, was held on 31  July 2025 at the High Commission premises. The panel featured a distinguished group of professional and academic including Dean […]",,0.9062,positive
245211,2025-08-04 15:37:16,LBO,ComBank’s Rs. 15 bn Green Bond issue oversubscribed on opening day,"Investors demonstrated overwhelming support for the green lending aspirations of the Commercial Bank of Ceylon, leading to the oversubscription of the Bank’s Rs. 15 billion Green Bond on its opening day, Monday 4th August 2025. The Green Bond Issue comprised of an initial issue of 100 million Basel III Compliant – Tier 2 Listed Rated […]",https://www.lankabusinessonline.com/2025/08/04/combanks-rs-15-bn-green-bond-issue-oversubscribed-on-opening-day/,"ComBank’s Rs. 15 bn Green Bond issue oversubscribed on opening day Investors demonstrated overwhelming support for the green lending aspirations of the Commercial Bank of Ceylon, leading to the oversubscription of the Bank’s Rs. 15 billion Green Bond on its opening day, Monday 4th August 2025. The Green Bond Issue comprised of an initial issue of 100 million Basel III Compliant – Tier 2 Listed Rated […]",,0.4019,positive
245202,2025-08-04 12:23:25,LBO,WealthOS achieves prestigious WealthTech100 recognition for 3rd consecutive year,"WealthOS, a pioneering cloud-native operating system (SaaS) for digital wealth management products, today announced its inclusion in the prestigious global WealthTech100 list for the third year running. The WealthTech100 is an annual list curated by FinTech Global, identifying the 100 most innovative wealth tech companies in the world. With over 1,200 tech companies in the […]",https://www.lankabusinessonline.com/2025/08/04/wealthos-achieves-prestigious-wealthtech100-recognition-for-3rd-consecutive-year/,"WealthOS achieves prestigious WealthTech100 recognition for 3rd consecutive year WealthOS, a pioneering cloud-native operating system (SaaS) for digital wealth management products, today announced its inclusion in the prestigious global WealthTech100 list for the third year running. The WealthTech100 is an annual list curated by FinTech Global, identifying the 100 most innovative wealth tech companies in the world. With over 1,200 tech companies in the […]",,0.8712,positive
245198,2025-08-04 12:00:33,LBO,US Effective Tariff Rate from all trading partners settles at 17-pct with July 31 duties: Fitch Ratings,"Fitch Ratings has updated the U.S. Effective Tariff Rate (ETR) Monitor, its interactive tariff tool, reflecting the July 27 and July 31 announcements that set new reciprocal tariff rates for most trading partners. The U.S. effective tariff rate is now 17% — about 8 percentage points lower than our April 3, 2025, estimate when higher […]",https://www.lankabusinessonline.com/2025/08/04/us-effective-tariff-rate-from-all-trading-partners-settles-at-17-pct-with-july-31-duties-fitch-ratings/,"US Effective Tariff Rate from all trading partners settles at 17-pct with July 31 duties: Fitch Ratings Fitch Ratings has updated the U.S. Effective Tariff Rate (ETR) Monitor, its interactive tariff tool, reflecting the July 27 and July 31 announcements that set new reciprocal tariff rates for most trading partners. The U.S. effective tariff rate is now 17% — about 8 percentage points lower than our April 3, 2025, estimate when higher […]",,0.7964,positive
245185,2025-08-04 11:41:53,LBO,CCC applauds Government for securing 20-pct tariff rate on US exports,"The Ceylon Chamber of Coconut Industries extends its sincere appreciation to President Anura Kumara Dissanayake and the negotiating team for securing a reduced 20% reciprocal tariff from the United States. As our largest export market for coconut products, this achievement marks a critical win for the industry, helping Sri Lankan exporters compete more fairly with […]",https://www.lankabusinessonline.com/2025/08/04/ccc-applauds-government-for-securing-20-pct-tariff-rate-on-us-exports/,"CCC applauds Government for securing 20-pct tariff rate on US exports The Ceylon Chamber of Coconut Industries extends its sincere appreciation to President Anura Kumara Dissanayake and the negotiating team for securing a reduced 20% reciprocal tariff from the United States. As our largest export market for coconut products, this achievement marks a critical win for the industry, helping Sri Lankan exporters compete more fairly with […]",,0.9584,positive
245193,2025-08-04 11:40:16,LBO,Opinion: Sri Lanka – The Next Frontier for Global Investors,"69% market surge creates compelling opportunity for international capital as recovery story gains momentum By Uddeepa Peiris  After a spectacular 69.69% year-on-year rally that has catapulted the Colombo Stock Exchange All-Share Price Index (ASPI) to 19,532 points, Sri Lanka’s stock market has emerged as one of the world’s most compelling investment destinations for international investors. […]",https://www.lankabusinessonline.com/2025/08/04/opinion-sri-lanka-the-next-frontier-for-global-investors/,"Opinion: Sri Lanka – The Next Frontier for Global Investors 69% market surge creates compelling opportunity for international capital as recovery story gains momentum By Uddeepa Peiris  After a spectacular 69.69% year-on-year rally that has catapulted the Colombo Stock Exchange All-Share Price Index (ASPI) to 19,532 points, Sri Lanka’s stock market has emerged as one of the world’s most compelling investment destinations for international investors. […]",,0.8553,positive
245188,2025-08-04 09:56:44,LBO,A new era begins: City of Dreams Colombo reshapes Sri Lanka’s travel and leisure scene,"Sri Lanka’s largest investment and South Asia’s first integrated resort opened its doors, heralding a bold new chapter in the nations’ economic journey. Positioned at the crossroads of modern luxury and local artistry, City of Dreams Sri Lanka (COD SL), is a living showcase of Sri Lankan ambition, creativity and global vision. The transformative destination […]",https://www.lankabusinessonline.com/2025/08/04/a-new-era-begins-city-of-dreams-colombo-reshapes-sri-lankas-travel-and-leisure-scene/,"A new era begins: City of Dreams Colombo reshapes Sri Lanka’s travel and leisure scene Sri Lanka’s largest investment and South Asia’s first integrated resort opened its doors, heralding a bold new chapter in the nations’ economic journey. Positioned at the crossroads of modern luxury and local artistry, City of Dreams Sri Lanka (COD SL), is a living showcase of Sri Lankan ambition, creativity and global vision. The transformative destination […]",,0.891,positive
245181,2025-08-03 13:04:33,LBO,Colombo Stock Exchange Launches a Central Counterparty system,"The Colombo Stock Exchange (CSE) marked a historic milestone in Sri Lanka’s capital market with the launch of a Central Counterparty (CCP) framework for equity transactions, a transformative development that significantly enhances the safety, efficiency, and global competitiveness of the domestic capital market. To commemorate this milestone achievement a special Market Opening Ceremony was held […]",https://www.lankabusinessonline.com/2025/08/03/colombo-stock-exchange-launches-a-central-counterparty-system/,"Colombo Stock Exchange Launches a Central Counterparty system The Colombo Stock Exchange (CSE) marked a historic milestone in Sri Lanka’s capital market with the launch of a Central Counterparty (CCP) framework for equity transactions, a transformative development that significantly enhances the safety, efficiency, and global competitiveness of the domestic capital market. To commemorate this milestone achievement a special Market Opening Ceremony was held […]",,0.7906,positive
245178,2025-08-01 17:13:36,LBO,"Ceylon Chamber Acknowledges U.S. Tariff Reduction, Stresses Importance of Durable Trade Terms","The Ceylon Chamber of Commerce commends the Government of Sri Lanka and the national negotiation team on the successful outcome of recent discussions with the United States, which led to a further reduction in the reciprocal tariff rate – from 30% to 20% – on Sri Lankan exports. “While this is clear progress reflecting the […]",https://www.lankabusinessonline.com/2025/08/01/ceylon-chamber-acknowledges-u-s-tariff-reduction-stresses-importance-of-durable-trade-terms/,"Ceylon Chamber Acknowledges U.S. Tariff Reduction, Stresses Importance of Durable Trade Terms The Ceylon Chamber of Commerce commends the Government of Sri Lanka and the national negotiation team on the successful outcome of recent discussions with the United States, which led to a further reduction in the reciprocal tariff rate – from 30% to 20% – on Sri Lankan exports. “While this is clear progress reflecting the […]",,0.8885,positive
245172,2025-08-01 14:18:42,LBO,"Free Trade Zone Manufacturers Association Rules Out Additional MFN Levies, Says 20-Pct Tariff Stands Alone","Dhammika Fernando, Chairman of the Free Trade Zone Manufacturers Association (FTZMA), emphasized that the new 20% U.S. tariff on Sri Lankan imports is a standalone rate and will not be added on top of existing Most-Favored-Nation (MFN) duties. “A 12% to 16% average MFN rate applied on Sri Lankan apparel earlier,” Fernando explained. “Some people […]",https://www.lankabusinessonline.com/2025/08/01/free-trade-zone-manufacturers-association-rules-out-additional-mfn-levies-says-20-pct-tariff-stands-alone/,"Free Trade Zone Manufacturers Association Rules Out Additional MFN Levies, Says 20-Pct Tariff Stands Alone Dhammika Fernando, Chairman of the Free Trade Zone Manufacturers Association (FTZMA), emphasized that the new 20% U.S. tariff on Sri Lankan imports is a standalone rate and will not be added on top of existing Most-Favored-Nation (MFN) duties. “A 12% to 16% average MFN rate applied on Sri Lankan apparel earlier,” Fernando explained. “Some people […]",,0.7506,positive
245170,2025-08-01 12:23:11,LBO,US Dollar Shows Signs of Stabilisation on Easing Policy Uncertainty: Fitch Ratings,"The US dollar has shown early signs of stabilisation against other currencies in the past few weeks, as US policy uncertainty has eased from record highs, Fitch Ratings says in its latest FX Market Monitor. The DXY Dollar Index (a weighted-average of six bilateral exchange rates with developed market countries with reserve currencies) remains about […]",https://www.lankabusinessonline.com/2025/08/01/us-dollar-shows-signs-of-stabilisation-on-easing-policy-uncertainty-fitch-ratings/,"US Dollar Shows Signs of Stabilisation on Easing Policy Uncertainty: Fitch Ratings The US dollar has shown early signs of stabilisation against other currencies in the past few weeks, as US policy uncertainty has eased from record highs, Fitch Ratings says in its latest FX Market Monitor. The DXY Dollar Index (a weighted-average of six bilateral exchange rates with developed market countries with reserve currencies) remains about […]",,-0.1531,negative
245147,2025-08-01 12:13:39,LBO,EDB at 46: A Legacy of Transformative Progress,"The 1st of August 2025 marks the 46th anniversary of the Sri Lanka Export Development Board (EDB), the country’s apex organization for export promotion and development. Established under the Sri Lanka Export Development Act No. 40 of 1979, the EDB plays a pivotal role in shaping a vibrant and diversified export sector, positioning Sri Lanka […]",https://www.lankabusinessonline.com/2025/08/01/edb-at-46-a-legacy-of-transformative-progress/,"EDB at 46: A Legacy of Transformative Progress The 1st of August 2025 marks the 46th anniversary of the Sri Lanka Export Development Board (EDB), the country’s apex organization for export promotion and development. Established under the Sri Lanka Export Development Act No. 40 of 1979, the EDB plays a pivotal role in shaping a vibrant and diversified export sector, positioning Sri Lanka […]",,0.802,positive
245165,2025-08-01 09:47:13,LBO,Sunshine Holdings reports 11.6% YoY top-line growth in 1QFY26,"• Consolidated revenue of LKR 15.9 billion • Healthcare revenue up 14.0% YoY to LKR 8.6 billion • Consumer revenue up 3.7% YoY to LKR 4.8 billion • Agribusiness revenue increased by 20.7% YoY to LKR 2.5 billion August 03, 2023: Diversified Sri Lankan conglomerate Sunshine Holdings PLC (CSE: SUN) delivered a resilient start to […]",https://www.lankabusinessonline.com/2025/08/01/sunshine-holdings-reports-11-6-yoy-top-line-growth-in-1qfy26/,"Sunshine Holdings reports 11.6% YoY top-line growth in 1QFY26 • Consolidated revenue of LKR 15.9 billion • Healthcare revenue up 14.0% YoY to LKR 8.6 billion • Consumer revenue up 3.7% YoY to LKR 4.8 billion • Agribusiness revenue increased by 20.7% YoY to LKR 2.5 billion August 03, 2023: Diversified Sri Lankan conglomerate Sunshine Holdings PLC (CSE: SUN) delivered a resilient start to […]",,0.8779,positive
245162,2025-08-01 09:39:53,LBO,Pan Asia Bank posts PAT of over Rs. 2.1Bn for 1H2025; Increase of 110-pct,"Operating Profit before Taxes on Financial Services – Rs. 3.83 billion, up by 40% Profit before Tax – Rs. 2.91 billion, up by 46% Profit after Tax – Rs. 2.15 billion, up by 110% Total Assets grow by Rs. 18 billion, up by 7% Net Interest Income – Rs. 6.27 billion, up by 7% Net […]",https://www.lankabusinessonline.com/2025/08/01/pan-asia-bank-posts-pat-of-over-rs-2-1bn-for-1h2025-increase-of-110-pct/,"Pan Asia Bank posts PAT of over Rs. 2.1Bn for 1H2025; Increase of 110-pct Operating Profit before Taxes on Financial Services – Rs. 3.83 billion, up by 40% Profit before Tax – Rs. 2.91 billion, up by 46% Profit after Tax – Rs. 2.15 billion, up by 110% Total Assets grow by Rs. 18 billion, up by 7% Net Interest Income – Rs. 6.27 billion, up by 7% Net […]",,0.9324,positive
245159,2025-08-01 08:28:24,LBO,US Lowers Tariffs on Sri Lankan Imports to 20-pct,"The United States has once again lowered tariffs on goods imported from Sri Lanka, with the new rate set at 20%. This move, confirmed by the White House, follows an executive order signed by President Donald Trump that also revises tariffs for 40 other nations. The new tariff rate will come into effect on August […]",https://www.lankabusinessonline.com/2025/08/01/us-lowers-tariffs-on-sri-lankan-imports-to-20-pct/,"US Lowers Tariffs on Sri Lankan Imports to 20-pct The United States has once again lowered tariffs on goods imported from Sri Lanka, with the new rate set at 20%. This move, confirmed by the White House, follows an executive order signed by President Donald Trump that also revises tariffs for 40 other nations. The new tariff rate will come into effect on August […]",,0.2023,positive
245153,2025-07-31 15:29:48,LBO,Opinion: Why Sri Lanka Should Be Ready for “B-READY”,"In 2024, the global approach to measuring business climate saw a major transformation. The World Bank Group introduced the Business Ready (B-READY) Index, its new flagship report aimed at assessing the business and investment environment across countries. This index replaces the discontinued Ease of Doing Business (EoDB) report and brings with it a more robust, […]",https://www.lankabusinessonline.com/2025/07/31/opinion-why-sri-lanka-should-be-ready-for-b-ready/,"Opinion: Why Sri Lanka Should Be Ready for “B-READY” In 2024, the global approach to measuring business climate saw a major transformation. The World Bank Group introduced the Business Ready (B-READY) Index, its new flagship report aimed at assessing the business and investment environment across countries. This index replaces the discontinued Ease of Doing Business (EoDB) report and brings with it a more robust, […]",,0.8622,positive
245150,2025-07-31 13:34:45,LBO,High Commissioner Mahishini Colonne Presents Credentials To the Indian President Droupadi Murmu,"High Commissioner of Sri Lanka to India, Mahishini Colonne, presented her credentials to the President of India, Droupadi Murmu, at the Rashtrapathi Bhavan in New Delhi on Tuesday 29 July 2025. The High Commissioner conveyed to President Murmu, the greetings and good wishes of President Anura Kumara Disanayaka. She recalled the visit of President Disanayaka […]",https://www.lankabusinessonline.com/2025/07/31/high-commissioner-mahishini-colonne-presents-credentials-to-the-indian-president-droupadi-murmu/,"High Commissioner Mahishini Colonne Presents Credentials To the Indian President Droupadi Murmu High Commissioner of Sri Lanka to India, Mahishini Colonne, presented her credentials to the President of India, Droupadi Murmu, at the Rashtrapathi Bhavan in New Delhi on Tuesday 29 July 2025. The High Commissioner conveyed to President Murmu, the greetings and good wishes of President Anura Kumara Disanayaka. She recalled the visit of President Disanayaka […]",,0.743,positive
245144,2025-07-31 11:34:04,LBO,"In 2023/24, 15-pct of SL students entering UK chose computing/IT, far above global average: report","A new report from ApplyBoard, a leading international student mobility platform, reveals that Sri Lankan students are playing a pivotal role in the evolving landscape of international education in the UK, particularly in the booming computing and IT sectors. The 2023/24 data highlights a significant trend: 15% of Sri Lankan students entering the UK chose […]",https://www.lankabusinessonline.com/2025/07/31/in-2023-24-15-pct-of-sl-students-entering-uk-chose-computing-it-far-above-global-average-report/,"In 2023/24, 15-pct of SL students entering UK chose computing/IT, far above global average: report A new report from ApplyBoard, a leading international student mobility platform, reveals that Sri Lankan students are playing a pivotal role in the evolving landscape of international education in the UK, particularly in the booming computing and IT sectors. The 2023/24 data highlights a significant trend: 15% of Sri Lankan students entering the UK chose […]",,0.3818,positive
245138,2025-07-31 09:32:29,LBO,"John Keells CG Auto responds to BYD vehicle claims, Reaffirms compliance and transparency","In response to recent public discourse surrounding a consignment of BYD electric vehicles held at Sri Lanka Customs, John Keells CG Auto (Pvt) Ltd (JKCG Auto), the official distributor of BYD in Sri Lanka, has issued a statement clarifying its position and reiterating its full compliance with all local regulatory requirements. The situation involves select […]",https://www.lankabusinessonline.com/2025/07/31/john-keells-cg-auto-responds-to-byd-vehicle-claims-reaffirms-compliance-and-transparency/,"John Keells CG Auto responds to BYD vehicle claims, Reaffirms compliance and transparency In response to recent public discourse surrounding a consignment of BYD electric vehicles held at Sri Lanka Customs, John Keells CG Auto (Pvt) Ltd (JKCG Auto), the official distributor of BYD in Sri Lanka, has issued a statement clarifying its position and reiterating its full compliance with all local regulatory requirements. The situation involves select […]",,0.0,neutral
245132,2025-07-30 16:32:27,LBO,SLAEA hosts high-level forum on EU CSDDD: Strengthening sustainable trade through compliance,"The Sri Lanka Apparel Exporters Association (SLAEA) hosted a high- level industry forum on July 9 at the Jetwing Hotel in Colombo 07, bringing together a diverse group of stakeholders to explore the growing relevance of the European Union’s Corporate Sustainability Due Diligence Directive (CSDDD). Designed to strengthen awareness and preparedness, the session focused on […]",https://www.lankabusinessonline.com/2025/07/30/slaea-hosts-high-level-forum-on-eu-csddd-strengthening-sustainable-trade-through-compliance/,"SLAEA hosts high-level forum on EU CSDDD: Strengthening sustainable trade through compliance The Sri Lanka Apparel Exporters Association (SLAEA) hosted a high- level industry forum on July 9 at the Jetwing Hotel in Colombo 07, bringing together a diverse group of stakeholders to explore the growing relevance of the European Union’s Corporate Sustainability Due Diligence Directive (CSDDD). Designed to strengthen awareness and preparedness, the session focused on […]",,0.8316,positive
245126,2025-07-30 16:18:49,LBO,JKH records strong performance in Q1 2025/26; EBITDA of Rs.12.97 billion,"EBITDA includes interest income and the share of results of equity accounted investees which is based on the share of profit after tax but excludes all impacts from foreign currency exchange gains and losses (other than for equity accounted associates), to demonstrate the underlying cash operational performance of businesses. EBITDA (Rs.’000) Summarised below are the […]",https://www.lankabusinessonline.com/2025/07/30/jkh-records-strong-performance-in-q1-2025-26-ebitda-of-rs-12-97-billion/,"JKH records strong performance in Q1 2025/26; EBITDA of Rs.12.97 billion EBITDA includes interest income and the share of results of equity accounted investees which is based on the share of profit after tax but excludes all impacts from foreign currency exchange gains and losses (other than for equity accounted associates), to demonstrate the underlying cash operational performance of businesses. EBITDA (Rs.’000) Summarised below are the […]",,0.705,positive
245123,2025-07-30 12:07:50,LBO,HNB & Nucleus Software Collaborate to Enhance Transaction Banking Experience with FinnAxia,"HNB PLC, one of Sri Lanka’s leading and most forward-looking financial institutions, has implemented FinnAxia®, the advanced Transaction Banking Suite from Nucleus Software, as part of a strategic initiative to strengthen its leadership in digital banking and meet the growing needs of its corporate and SME clients across Sri Lanka and around the globe. In […]",https://www.lankabusinessonline.com/2025/07/30/hnb-nucleus-software-collaborate-to-enhance-transaction-banking-experience-with-finnaxia/,"HNB & Nucleus Software Collaborate to Enhance Transaction Banking Experience with FinnAxia HNB PLC, one of Sri Lanka’s leading and most forward-looking financial institutions, has implemented FinnAxia®, the advanced Transaction Banking Suite from Nucleus Software, as part of a strategic initiative to strengthen its leadership in digital banking and meet the growing needs of its corporate and SME clients across Sri Lanka and around the globe. In […]",,0.6124,positive
245120,2025-07-29 10:09:51,LBO,CA Sri Lanka among world’s first to join global drive for ISSB Sustainability Standards adoption,"Sri Lanka has been recognised among the first jurisdictions in the world, and in South Asia, to join the global drive to adopt the IFRS Sustainability Disclosure Standards (ISSB Standards). As part of this effort, the IFRS Foundation has released an initial set of 17 jurisdictional profiles, including Sri Lanka, offering capital markets greater transparency […]",https://www.lankabusinessonline.com/2025/07/29/ca-sri-lanka-among-worlds-first-to-join-global-drive-for-issb-sustainability-standards-adoption/,"CA Sri Lanka among world’s first to join global drive for ISSB Sustainability Standards adoption Sri Lanka has been recognised among the first jurisdictions in the world, and in South Asia, to join the global drive to adopt the IFRS Sustainability Disclosure Standards (ISSB Standards). As part of this effort, the IFRS Foundation has released an initial set of 17 jurisdictional profiles, including Sri Lanka, offering capital markets greater transparency […]",,0.765,positive
245117,2025-07-29 09:58:49,LBO,"SL’s draft media policy must protect freedoms & not just prescribe rules, says PRCA country rep","The Public Relations and Communications Association Asia Pacific (PRCA APAC), together with Mark and Comm Ltd, acknowledges the Government’s step in developing a national media policy. As professionals committed to ethical communication and the strengthening of public discourse, we welcome the initiative in principle. However, we believe the current draft, while broad in scope, requires […]",https://www.lankabusinessonline.com/2025/07/29/sls-draft-media-policy-must-protect-freedoms-not-just-prescribe-rules-says-prca-country-rep/,"SL’s draft media policy must protect freedoms & not just prescribe rules, says PRCA country rep The Public Relations and Communications Association Asia Pacific (PRCA APAC), together with Mark and Comm Ltd, acknowledges the Government’s step in developing a national media policy. As professionals committed to ethical communication and the strengthening of public discourse, we welcome the initiative in principle. However, we believe the current draft, while broad in scope, requires […]",,0.9371,positive
245114,2025-07-29 09:51:55,LBO,ComBank’s Rs 15 billion Green Bond Issue opens on 4th August,The Commercial Bank of Ceylon has announced plans to raise up to Rs 15 billion for lending to sustainability-linked projects via a Green Bond approved in principle by the Colombo Stock Exchange (CSE) for public listing. The Green Bond Issue opening on Monday 4th August 2025 will comprise of an initial issue of 100 million […],https://www.lankabusinessonline.com/2025/07/29/combanks-rs-15-billion-green-bond-issue-opens-on-4th-august/,ComBank’s Rs 15 billion Green Bond Issue opens on 4th August The Commercial Bank of Ceylon has announced plans to raise up to Rs 15 billion for lending to sustainability-linked projects via a Green Bond approved in principle by the Colombo Stock Exchange (CSE) for public listing. The Green Bond Issue opening on Monday 4th August 2025 will comprise of an initial issue of 100 million […],,0.4215,positive
245111,2025-07-28 13:18:26,LBO,Sri Lanka’s Exports Surge to USD 8.3 Billion in First Six Months of 2025,"Sri Lanka’s export sector demonstrated remarkable resilience and steady progress during the first six months of 2025, with total exports reaching US$ 8,337.86 Mn, marking a robust 6.70 % growth compared to the same period in 2024.  Total exports, including both merchandise and services reached US$ 1,460.34 Mn in June 2025. This shows an impressive […]",https://www.lankabusinessonline.com/2025/07/28/sri-lankas-exports-surge-to-usd-8-3-billion-in-first-six-months-of-2025/,"Sri Lanka’s Exports Surge to USD 8.3 Billion in First Six Months of 2025 Sri Lanka’s export sector demonstrated remarkable resilience and steady progress during the first six months of 2025, with total exports reaching US$ 8,337.86 Mn, marking a robust 6.70 % growth compared to the same period in 2024.  Total exports, including both merchandise and services reached US$ 1,460.34 Mn in June 2025. This shows an impressive […]",,0.9449,positive
245108,2025-07-28 11:13:52,LBO,"‘s New Stablecoin Law Mandates Full Reserve Backing, Monthly Disclosures","President Donald Trump has signed the GENIUS Act into law, making it the first U.S. federal legislation to regulate stablecoins. The law requires full reserve backing, monthly reserve disclosures, and strict rules to prevent misleading marketing. The move triggered a rally in digital assets, with Bitcoin surpassing $123,000 during the debate in the House, and […]",https://www.lankabusinessonline.com/2025/07/28/video-trumps-new-stablecoin-law-mandates-full-reserve-backing-monthly-disclosures/,"‘s New Stablecoin Law Mandates Full Reserve Backing, Monthly Disclosures President Donald Trump has signed the GENIUS Act into law, making it the first U.S. federal legislation to regulate stablecoins. The law requires full reserve backing, monthly reserve disclosures, and strict rules to prevent misleading marketing. The move triggered a rally in digital assets, with Bitcoin surpassing $123,000 during the debate in the House, and […]",,-0.1779,negative
245101,2025-07-28 10:28:04,LBO,Sri Lanka’s Plantation sector sounds alarm over 30% U.S. tariff,"The Planters’ Association of Ceylon (PA) has expressed grave concern over the United States’ decision to impose a 30% tariff on Sri Lankan tea and rubber exports, set to take effect from August 1st. The Association warns that this move could devastate two of Sri Lanka’s most historic and employment-intensive sectors, tea and rubber undermining […]",https://www.lankabusinessonline.com/2025/07/28/sri-lankas-plantation-sector-sounds-alarm-over-30-u-s-tariff/,"Sri Lanka’s Plantation sector sounds alarm over 30% U.S. tariff The Planters’ Association of Ceylon (PA) has expressed grave concern over the United States’ decision to impose a 30% tariff on Sri Lankan tea and rubber exports, set to take effect from August 1st. The Association warns that this move could devastate two of Sri Lanka’s most historic and employment-intensive sectors, tea and rubber undermining […]",,-0.886,negative
245097,2025-07-27 09:25:47,LBO,VIDEO: Why China Is Building Ships in the Desert,"In the middle of the Chinese desert, miles from any ocean, lie massive naval ships. In this video, we explore why China built them in the sand and what they’re used for.",https://www.lankabusinessonline.com/2025/07/27/video-why-china-is-building-ships-in-the-desert/,"VIDEO: Why China Is Building Ships in the Desert In the middle of the Chinese desert, miles from any ocean, lie massive naval ships. In this video, we explore why China built them in the sand and what they’re used for.",,0.0,neutral
245091,2025-07-25 18:42:44,LBO,Sri Lanka’s Textile and Apparel sector strengthens ESG transparency with new  GRI-backed initiative,"A new sustainability initiative is set to enhance the resilience, competitiveness, and global standing of Sri Lanka’s apparel sector. The Improving Transparency for Sustainable Business (ITSB) programme, jointly launched by the Global Reporting Initiative (GRI) South Asia, the Sustainable Development Council (SDC) of Sri Lanka, Sri Lanka Export Development Board (EDB) and the Joint Apparel […]",https://www.lankabusinessonline.com/2025/07/25/sri-lankas-textile-and-apparel-sector-strengthens-esg-transparency-with-new-gri-backed-initiative/,"Sri Lanka’s Textile and Apparel sector strengthens ESG transparency with new  GRI-backed initiative A new sustainability initiative is set to enhance the resilience, competitiveness, and global standing of Sri Lanka’s apparel sector. The Improving Transparency for Sustainable Business (ITSB) programme, jointly launched by the Global Reporting Initiative (GRI) South Asia, the Sustainable Development Council (SDC) of Sri Lanka, Sri Lanka Export Development Board (EDB) and the Joint Apparel […]",,0.743,positive
245089,2025-07-25 14:44:48,LBO,IMF Staff Concludes Visit to Sri Lanka,"The economic reforms implemented by Sri Lankan authorities are bearing fruit, with growth outperforming, inflation progressing to target, external reserves accumulating, and fiscal revenues improving. Sustaining the reform momentum is critical to safeguarding macroeconomic stability, entrenching the recovery, and building Sri Lanka’s resilience to shocks amid trade policy uncertainty and geopolitical tensions. Progress in meeting […]",https://www.lankabusinessonline.com/2025/07/25/imf-staff-concludes-visit-to-sri-lanka/,"IMF Staff Concludes Visit to Sri Lanka The economic reforms implemented by Sri Lankan authorities are bearing fruit, with growth outperforming, inflation progressing to target, external reserves accumulating, and fiscal revenues improving. Sustaining the reform momentum is critical to safeguarding macroeconomic stability, entrenching the recovery, and building Sri Lanka’s resilience to shocks amid trade policy uncertainty and geopolitical tensions. Progress in meeting […]",,0.0772,positive
245085,2025-07-25 13:28:37,LBO,Opinion: Attracting FDI and managing BOP?,"By Indika Hettiarachchi Retained profits or reinvested earnings of existing Foreign Direct Investment (“FDI”) backed ventures usually comprise a significant share of Sri Lanka’s (official) FDI figures. This means a significant share of reported FDI do not represent actual foreign “cash” coming into the county to finance (new) investment. In other words, an increase in […]",https://www.lankabusinessonline.com/2025/07/25/opinion-attracting-fdi-and-managing-bop/,"Opinion: Attracting FDI and managing BOP? By Indika Hettiarachchi Retained profits or reinvested earnings of existing Foreign Direct Investment (“FDI”) backed ventures usually comprise a significant share of Sri Lanka’s (official) FDI figures. This means a significant share of reported FDI do not represent actual foreign “cash” coming into the county to finance (new) investment. In other words, an increase in […]",,0.926,positive
245083,2025-07-25 13:05:15,LBO,President Anura Kumara Disanayaka to undertake a State Visit to Maldives,"President Anura Kumara Disanayaka will undertake a State Visit to Maldives from 28-30 July 2025 at the invitation of the President of Maldives Mohamed Muizzu.  During the visit, President Disanayaka is scheduled to hold bilateral talks with President Muizzu and exchange several Memoranda of Understanding to deepen our mutual cooperation.  The State Visit to Maldives […]",https://www.lankabusinessonline.com/2025/07/25/president-anura-kumara-disanayaka-to-undertake-a-state-visit-to-maldives/,"President Anura Kumara Disanayaka to undertake a State Visit to Maldives President Anura Kumara Disanayaka will undertake a State Visit to Maldives from 28-30 July 2025 at the invitation of the President of Maldives Mohamed Muizzu.  During the visit, President Disanayaka is scheduled to hold bilateral talks with President Muizzu and exchange several Memoranda of Understanding to deepen our mutual cooperation.  The State Visit to Maldives […]",,0.0,neutral
245079,2025-07-24 18:55:11,LBO,Supreme Court Holds State and Corporate Actors Accountable in X-Press Pearl Disaster and Aftermath,"In a landmark judgment the Supreme Court today (July 24) delivered its judgment in Fundamental Rights petitions in relation to the X-Press Pearl maritime disaster, one of the worst environmental disasters in Sri Lanka’s history.  TISL filed the intervention petition to intervene in case no. SC/FR 168/2021, filed by the Centre for Environmental Justice seeking […]",https://www.lankabusinessonline.com/2025/07/24/supreme-court-holds-state-and-corporate-actors-accountable-in-x-press-pearl-disaster-and-aftermath/,"Supreme Court Holds State and Corporate Actors Accountable in X-Press Pearl Disaster and Aftermath In a landmark judgment the Supreme Court today (July 24) delivered its judgment in Fundamental Rights petitions in relation to the X-Press Pearl maritime disaster, one of the worst environmental disasters in Sri Lanka’s history.  TISL filed the intervention petition to intervene in case no. SC/FR 168/2021, filed by the Centre for Environmental Justice seeking […]",,-0.7184,negative
245075,2025-07-24 13:18:06,LBO,Macktiles Lanka makes history as first to achieve real porcelain perfection with 100pct SL minerals,"In a singular moment that rewrites the narrative of global manufacturing excellence, Macktiles Lanka (Private) Limited has achieved what was once considered impossible: creating authentic real porcelain tiles using exclusively Sri Lankan minerals. The island’s extraordinary geological wealth has now proven its potential extends far beyond traditional applications, with Macktiles unlocking the manufacturing capabilities of […]",https://www.lankabusinessonline.com/2025/07/24/macktiles-lanka-makes-history-as-first-to-real-porcelain-perfection-with-100pct-sri-lankan-minerals/,"Macktiles Lanka makes history as first to achieve real porcelain perfection with 100pct SL minerals In a singular moment that rewrites the narrative of global manufacturing excellence, Macktiles Lanka (Private) Limited has achieved what was once considered impossible: creating authentic real porcelain tiles using exclusively Sri Lankan minerals. The island’s extraordinary geological wealth has now proven its potential extends far beyond traditional applications, with Macktiles unlocking the manufacturing capabilities of […]",,0.9153,positive
245073,2025-07-24 13:12:13,LBO,Capital Market Content to Be Integrated into Proposed Financial Literacy Curriculum,"A seminar on “Financial Literacy” was held on 18th July 2025 at the Ministry of Education, providing a platform for stakeholders involved in ongoing education sector reforms to contribute to the integration of financial literacy into the school curriculum. The initiative was spearheaded by Hon. Prof. Anil Jayantha Fernando, Minister of Labour and Deputy Minister […]",https://www.lankabusinessonline.com/2025/07/24/capital-market-content-to-be-integrated-into-proposed-financial-literacy-curriculum/,"Capital Market Content to Be Integrated into Proposed Financial Literacy Curriculum A seminar on “Financial Literacy” was held on 18th July 2025 at the Ministry of Education, providing a platform for stakeholders involved in ongoing education sector reforms to contribute to the integration of financial literacy into the school curriculum. The initiative was spearheaded by Hon. Prof. Anil Jayantha Fernando, Minister of Labour and Deputy Minister […]",,0.0,neutral
245067,2025-07-24 08:08:11,LBO,The Once and Future Industrial Northern Province,"By Jekhan Aruliah The Chamber of Commerce and Industries of Yarlparnam, CCIY, was born in the short period of optimism in 1999. When the Sri Lankan Civil War, at that time already aflame for 16 years, seemed to be heading toward a settlement. Opposing sides were sitting at the same negotiating table. That optimism was […]",https://www.lankabusinessonline.com/2025/07/24/the-industrial-northern-province/,"The Once and Future Industrial Northern Province By Jekhan Aruliah The Chamber of Commerce and Industries of Yarlparnam, CCIY, was born in the short period of optimism in 1999. When the Sri Lankan Civil War, at that time already aflame for 16 years, seemed to be heading toward a settlement. Opposing sides were sitting at the same negotiating table. That optimism was […]",,0.4767,positive
245064,2025-07-23 16:27:35,LBO,Land Prices Surge Up to 20-pct as Real Estate Market Responds to Lower Rates & Economic Stability: report,"Sri Lanka’s real estate sector is demonstrating robust signs of recovery and renewed investor confidence in 2025, buoyed by a stabilizing economy and favorable market conditions. The latest “Real Estate Market Outlook Report 2025 (REMOR25)” by LankaPropertyWeb (LPW) highlights a significant resurgence across the property landscape, with key indicators pointing towards sustained growth. One of […]",https://www.lankabusinessonline.com/2025/07/23/land-prices-surge-up-to-20-pct-as-real-estate-market-responds-to-lower-rates-economic-stability-report/,"Land Prices Surge Up to 20-pct as Real Estate Market Responds to Lower Rates & Economic Stability: report Sri Lanka’s real estate sector is demonstrating robust signs of recovery and renewed investor confidence in 2025, buoyed by a stabilizing economy and favorable market conditions. The latest “Real Estate Market Outlook Report 2025 (REMOR25)” by LankaPropertyWeb (LPW) highlights a significant resurgence across the property landscape, with key indicators pointing towards sustained growth. One of […]",,0.875,positive
245058,2025-07-23 15:22:47,LBO,Trinasolar partners Solaris Energy to deliver 25MWp of utility-scale solar across Sri Lanka,"Trinasolar, a global leader in smart PV and energy storage solutions, signed a Memorandum of Understanding (MOU) with Solaris Energy (Pvt) Ltd., a leading solar distributor in Sri Lanka, to collaborate on the supply and deployment of 25 megawatt-peak (MWp) of solar modules across the country. The agreement was formalized at SNEC 2025 in Shanghai, […]",https://www.lankabusinessonline.com/2025/07/23/trinasolar-partners-solaris-energy-to-deliver-25mwp-of-utility-scale-solar-across-sri-lanka/,"Trinasolar partners Solaris Energy to deliver 25MWp of utility-scale solar across Sri Lanka Trinasolar, a global leader in smart PV and energy storage solutions, signed a Memorandum of Understanding (MOU) with Solaris Energy (Pvt) Ltd., a leading solar distributor in Sri Lanka, to collaborate on the supply and deployment of 25 megawatt-peak (MWp) of solar modules across the country. The agreement was formalized at SNEC 2025 in Shanghai, […]",,0.8979,positive
245054,2025-07-23 13:01:55,LBO,Special Presidential Investigation Committee to Probe Fraud & Corruption at SriLankan Airlines & AASL,"President Anura Kumara Dissanayake has appointed a Special Presidential Investigation Committee to probe alleged incidents of fraud, corruption and irregularities at SriLankan Airlines Limited and Airport and Aviation Services (Sri Lanka) (Private) Limited. The President met with the members of the Committee yesterday (22) at the Presidential Secretariat and engaged in a discussion with them. […]",https://www.lankabusinessonline.com/2025/07/23/special-presidential-investigation-committee-to-probe-fraud-corruption-at-srilankan-airlines-aasl/,"Special Presidential Investigation Committee to Probe Fraud & Corruption at SriLankan Airlines & AASL President Anura Kumara Dissanayake has appointed a Special Presidential Investigation Committee to probe alleged incidents of fraud, corruption and irregularities at SriLankan Airlines Limited and Airport and Aviation Services (Sri Lanka) (Private) Limited. The President met with the members of the Committee yesterday (22) at the Presidential Secretariat and engaged in a discussion with them. […]",,-0.5106,negative
245052,2025-07-23 07:58:19,LBO,Central Bank of Sri Lanka keeps Overnight Policy Rate unchanged at 7.75-pct,The Monetary Policy Board decided to maintain the Overnight Policy Rate (OPR) at the current level of 7.75% at its meeting held yesterday. The Board arrived at this decision after carefully considering both domestic and global developments. The Board is of the view that the current monetary policy stance will help steer inflation towards the […],https://www.lankabusinessonline.com/2025/07/23/central-bank-of-sri-lanka-keeps-overnight-policy-rate-unchanged-at-7-75-pct/,Central Bank of Sri Lanka keeps Overnight Policy Rate unchanged at 7.75-pct The Monetary Policy Board decided to maintain the Overnight Policy Rate (OPR) at the current level of 7.75% at its meeting held yesterday. The Board arrived at this decision after carefully considering both domestic and global developments. The Board is of the view that the current monetary policy stance will help steer inflation towards the […],,0.4939,positive
245050,2025-07-22 18:05:34,LBO,”’,Fitch Ratings has assigned Commercial Bank of Ceylon PLC’s (COMB; AA-(lka)/Stable) proposed Sri Lankan rupee-denominated Basel III-compliant subordinated green bonds of up to LKR15 billion a final National Long-Term Rating of ‘A(lka)’. The final rating is the same as the expected rating assigned on 7 April 2025 and follows the receipt of documents conforming to […],https://www.lankabusinessonline.com/2025/07/22/fitch-rates-commercial-bank-of-ceylons-basel-iii-subordinated-green-bond-final-alka/,”’ Fitch Ratings has assigned Commercial Bank of Ceylon PLC’s (COMB; AA-(lka)/Stable) proposed Sri Lankan rupee-denominated Basel III-compliant subordinated green bonds of up to LKR15 billion a final National Long-Term Rating of ‘A(lka)’. The final rating is the same as the expected rating assigned on 7 April 2025 and follows the receipt of documents conforming to […],,0.0,neutral
245048,2025-07-22 17:52:00,LBO,Transparency International Sri Lanka Challenges the National Audit (Amendment) Bill,"Transparency International Sri Lanka (TISL) filed legal action on Tuesday 22 July 2025, in the Supreme Court challenging the National Audit (Amendment) Bill which was published in the gazette on 23rd June 2025. The Bill is to amend the National Audit Act No. 19 of 2018. The petition has been filed in public interest. The […]",https://www.lankabusinessonline.com/2025/07/22/transparency-international-sri-lanka-challenges-the-national-audit-amendment-bill/,"Transparency International Sri Lanka Challenges the National Audit (Amendment) Bill Transparency International Sri Lanka (TISL) filed legal action on Tuesday 22 July 2025, in the Supreme Court challenging the National Audit (Amendment) Bill which was published in the gazette on 23rd June 2025. The Bill is to amend the National Audit Act No. 19 of 2018. The petition has been filed in public interest. The […]",,0.8402,positive
245042,2025-07-21 16:05:26,LBO,Pan Asia Bank felicitated for exemplary professionalism by the Central Bank of Bangladesh,"In a ceremony at Bangladesh Bank headquarters in Motijheel recently, officials from Sri Lanka’s Pan Asia Banking Corporation (PABC) received high praise for thwarting a major cyber fraud aimed at siphoning US $20 million from Bangladesh Bank’s account at the Federal Reserve Bank of New York. Bangladesh Bank Governor Dr Ahsan H. Mansur led the honour, […]",https://www.lankabusinessonline.com/2025/07/21/bangladesh-bank-honours-sri-lankan-pan-asia-bank-for-foiling-usd20mn-cyber-heist/,"Pan Asia Bank felicitated for exemplary professionalism by the Central Bank of Bangladesh In a ceremony at Bangladesh Bank headquarters in Motijheel recently, officials from Sri Lanka’s Pan Asia Banking Corporation (PABC) received high praise for thwarting a major cyber fraud aimed at siphoning US $20 million from Bangladesh Bank’s account at the Federal Reserve Bank of New York. Bangladesh Bank Governor Dr Ahsan H. Mansur led the honour, […]",,0.3657,positive
245037,2025-07-21 15:54:38,LBO,The future of electric driving has arrived,"Electric cars are no longer just about saving fuel or reducing emissions. They’re quickly becoming the new standard for luxury, technology, and smart mobility. And two new models are making waves for all the right reasons. Quietly referred to as the IM5 and IM6, these next-generation sedans are changing how we think about driving. A […]",https://www.lankabusinessonline.com/2025/07/21/the-future-of-electric-driving-has-arrived/,"The future of electric driving has arrived Electric cars are no longer just about saving fuel or reducing emissions. They’re quickly becoming the new standard for luxury, technology, and smart mobility. And two new models are making waves for all the right reasons. Quietly referred to as the IM5 and IM6, these next-generation sedans are changing how we think about driving. A […]",,0.128,positive
245033,2025-07-18 13:26:52,LBO,Central Bank Imposes New Loan-to-Value Caps on Motor Vehicle Financing,"The Central Bank of Sri Lanka (CBSL) yesterday announced new Directions, effective July 18, 2025, imposing maximum loan-to-value (LTV) ratios on credit facilities granted for the purchase or utilization of motor vehicles. These measures, outlined in “Central Bank of Sri Lanka Act Directions No. 02 of 2025,” aim to enhance macroprudential policymaking, mitigate systemic risks, […]",https://www.lankabusinessonline.com/2025/07/18/central-bank-imposes-new-loan-to-value-caps-on-motor-vehicle-financing/,"Central Bank Imposes New Loan-to-Value Caps on Motor Vehicle Financing The Central Bank of Sri Lanka (CBSL) yesterday announced new Directions, effective July 18, 2025, imposing maximum loan-to-value (LTV) ratios on credit facilities granted for the purchase or utilization of motor vehicles. These measures, outlined in “Central Bank of Sri Lanka Act Directions No. 02 of 2025,” aim to enhance macroprudential policymaking, mitigate systemic risks, […]",,0.5859,positive
245024,2025-07-18 11:17:50,LBO,President Inaugurates Wax Museum at the Historic Ehelepola Walawwa in Kandy,"President Anura Kumara Dissanayake officially opened the Wax Museum this morning (17) at the historic Ehelepola Walawwa in Kandy. The Ehelepola Walawwa, which was renovated by the Urban Development Authority, has been handed over to the Temple of the Sacred Tooth Relic. The museum was then established, ensuring the preservation of its archaeological and cultural […]",https://www.lankabusinessonline.com/2025/07/18/president-inaugurates-wax-museum-at-the-historic-ehelepola-walawwa-in-kandy/,"President Inaugurates Wax Museum at the Historic Ehelepola Walawwa in Kandy President Anura Kumara Dissanayake officially opened the Wax Museum this morning (17) at the historic Ehelepola Walawwa in Kandy. The Ehelepola Walawwa, which was renovated by the Urban Development Authority, has been handed over to the Temple of the Sacred Tooth Relic. The museum was then established, ensuring the preservation of its archaeological and cultural […]",,0.34,positive
245021,2025-07-17 10:29:35,LBO,Pre-Budget Discussions for 2026 Begin,"A discussion on the preliminary budget framework and development direction related to the submission of proposals for the 2026 Budget was held yesterday afternoon (16) at the Presidential Secretariat between President Anura Kumara Disanayake and officials of the Ministry of Finance. Accordingly, the President inquired from the Ministry of Finance officials about the current progress […]",https://www.lankabusinessonline.com/2025/07/17/pre-budget-discussions-for-2026-begin/,"Pre-Budget Discussions for 2026 Begin A discussion on the preliminary budget framework and development direction related to the submission of proposals for the 2026 Budget was held yesterday afternoon (16) at the Presidential Secretariat between President Anura Kumara Disanayake and officials of the Ministry of Finance. Accordingly, the President inquired from the Ministry of Finance officials about the current progress […]",,0.4215,positive
245018,2025-07-15 19:31:06,LBO,MoU to establish a laboratory with international accreditation facilities with a USD15 mn investment,"A Memorandum of Understanding (MoU) was signed this morning (15) at the Presidential Secretariat between STEMedical of the USA and the Sri Lanka Institute of Biotechnology (SLIBTEC) to establish a laboratory with internationally recognised accreditation. The MoU for this $15 million investment project, conducted under the guidance of the National Initiative for Research and Development […]",https://www.lankabusinessonline.com/2025/07/15/mou-to-establish-a-laboratory-with-international-accreditation-facilities-with-a-usd15-mn-investment/,"MoU to establish a laboratory with international accreditation facilities with a USD15 mn investment A Memorandum of Understanding (MoU) was signed this morning (15) at the Presidential Secretariat between STEMedical of the USA and the Sri Lanka Institute of Biotechnology (SLIBTEC) to establish a laboratory with internationally recognised accreditation. The MoU for this $15 million investment project, conducted under the guidance of the National Initiative for Research and Development […]",,0.0,neutral
245015,2025-07-15 12:19:14,LBO,SLPMA unveils compelling ‘National Call to Produce Medicine in Sri Lanka’ as strategic priority,"The Sri Lanka Pharmaceutical Manufacturers’ Association (SLPMA), in a historic step, has issued a powerful national call to action urging all stakeholders to come together in a bold, unified effort to shape a future where Sri Lanka emerges as a trusted, high-quality, and export-driven pharmaceutical manufacturing hub. In a decisive move to transform Sri Lanka’s […]",https://www.lankabusinessonline.com/2025/07/15/slpma-unveils-compelling-national-call-to-produce-medicine-in-sri-lanka-as-strategic-priority/,"SLPMA unveils compelling ‘National Call to Produce Medicine in Sri Lanka’ as strategic priority The Sri Lanka Pharmaceutical Manufacturers’ Association (SLPMA), in a historic step, has issued a powerful national call to action urging all stakeholders to come together in a bold, unified effort to shape a future where Sri Lanka emerges as a trusted, high-quality, and export-driven pharmaceutical manufacturing hub. In a decisive move to transform Sri Lanka’s […]",,0.9169,positive
245012,2025-07-14 17:03:56,LBO,Applications Invited for the 27th Presidential Export Awards,"The Sri Lanka Export Development Board (EDB) is now calling for applications for the 27th Presidential Export Awards, which will be held under the patronage of His Excellency President Anura Kumara Dissanayake in December 2025 at the Bandaranaike Memorial International Conference Hall (BMICH). This year too, exporters are provided with the opportunity to submit their […]",https://www.lankabusinessonline.com/2025/07/14/applications-invited-for-the-27th-presidential-export-awards/,"Applications Invited for the 27th Presidential Export Awards The Sri Lanka Export Development Board (EDB) is now calling for applications for the 27th Presidential Export Awards, which will be held under the patronage of His Excellency President Anura Kumara Dissanayake in December 2025 at the Bandaranaike Memorial International Conference Hall (BMICH). This year too, exporters are provided with the opportunity to submit their […]",,0.9062,positive
245008,2025-07-14 16:47:59,LBO,GovPay Crosses 50 Organisations & Announces Plans for Future of Government Digital Payments,"At a media conference held today, the Information Communication Technology Agency (ICTA), in collaboration with LankaPay and under the guidance of the Ministry of Digital Economy, showcased the growing success of GovPay, Sri Lanka’s official Government Digital Payment Platform. The briefing also highlighted the pilot rollout of the online traffic fine payment system and marked […]",https://www.lankabusinessonline.com/2025/07/14/govpay-crosses-50-organisations-announces-plans-for-future-of-government-digital-payments/,"GovPay Crosses 50 Organisations & Announces Plans for Future of Government Digital Payments At a media conference held today, the Information Communication Technology Agency (ICTA), in collaboration with LankaPay and under the guidance of the Ministry of Digital Economy, showcased the growing success of GovPay, Sri Lanka’s official Government Digital Payment Platform. The briefing also highlighted the pilot rollout of the online traffic fine payment system and marked […]",,0.7351,positive
245004,2025-07-12 10:29:25,LBO,Softlogic Life completes 100% acquisition of Allianz Life Insurance Lanka Ltd,"Softlogic Life Insurance PLC has successfully completed the acquisition of 100% of the shares of Allianz Life Insurance Lanka Limited (Life Business), following the receipt of regulatory approval from the Insurance Regulatory Commission of Sri Lanka (IRCSL). The transaction marks a significant milestone, following the initial announcement on 26th March 2025. Softlogic Life recorded Gross […]",https://www.lankabusinessonline.com/2025/07/12/softlogic-life-completes-100-acquisition-of-allianz-life-insurance-lanka-ltd/,"Softlogic Life completes 100% acquisition of Allianz Life Insurance Lanka Ltd Softlogic Life Insurance PLC has successfully completed the acquisition of 100% of the shares of Allianz Life Insurance Lanka Limited (Life Business), following the receipt of regulatory approval from the Insurance Regulatory Commission of Sri Lanka (IRCSL). The transaction marks a significant milestone, following the initial announcement on 26th March 2025. Softlogic Life recorded Gross […]",,0.6486,positive
244999,2025-07-11 11:32:33,LBO,Boost for Sri Lankan garment sector as the UK launches new trade measures under DCTS,"The UK government yesterday unveiled a package of reforms aimed at simplifying imports from developing countries such as Sri Lanka. Under the upgraded Developing Countries Trading Scheme (DCTS), businesses will face fewer procedural hurdles when exporting to the UK. British High Commission said in a statement that the changes are designed to boost trade flows […]",https://www.lankabusinessonline.com/2025/07/11/boost-for-sri-lankan-garment-sector-as-the-uk-launches-new-trade-measures-under-dcts/,"Boost for Sri Lankan garment sector as the UK launches new trade measures under DCTS The UK government yesterday unveiled a package of reforms aimed at simplifying imports from developing countries such as Sri Lanka. Under the upgraded Developing Countries Trading Scheme (DCTS), businesses will face fewer procedural hurdles when exporting to the UK. British High Commission said in a statement that the changes are designed to boost trade flows […]",,0.6597,positive
244992,2025-07-11 10:48:22,LBO,"Exporters warn against backdoor charges, urge Government to uphold transparent trade practices","The Joint Chambers of Commerce today urged the Government of Sri Lanka to engage in meaningful consultation with all recognized industry chambers before making decisions that directly impact trade, exports, and the wider economy. The call comes in response to renewed lobbying efforts by certain shipping agents and intermediaries seeking to reintroduce anti-competitive terminal handling […]",https://www.lankabusinessonline.com/2025/07/11/exporters-warn-against-backdoor-charges-urge-government-to-uphold-transparent-trade-practices/,"Exporters warn against backdoor charges, urge Government to uphold transparent trade practices The Joint Chambers of Commerce today urged the Government of Sri Lanka to engage in meaningful consultation with all recognized industry chambers before making decisions that directly impact trade, exports, and the wider economy. The call comes in response to renewed lobbying efforts by certain shipping agents and intermediaries seeking to reintroduce anti-competitive terminal handling […]",,0.4588,positive
244989,2025-07-10 15:33:13,LBO,Special discussion on the new tariff policy imposed by the United States,"A special discussion on the new tariff policy imposed by the United States was held this morning (10) at the Presidential Secretariat between President Anura Kumara Disanayake and a delegation representing Sri Lanka. Participating in the discussion were Minister of Labour and Deputy Minister of Economic Development Dr. Anil Jayantha Fernando, Secretary to the Ministry […]",https://www.lankabusinessonline.com/2025/07/10/special-discussion-on-the-new-tariff-policy-imposed-by-the-united-states-2/,"Special discussion on the new tariff policy imposed by the United States A special discussion on the new tariff policy imposed by the United States was held this morning (10) at the Presidential Secretariat between President Anura Kumara Disanayake and a delegation representing Sri Lanka. Participating in the discussion were Minister of Labour and Deputy Minister of Economic Development Dr. Anil Jayantha Fernando, Secretary to the Ministry […]",,0.8555,positive
244987,2025-07-10 14:15:58,LBO,Reduction in tariff from 44-pct to 30-pct is a constructive & important first step: Ceylon Chamber,The Ceylon Chamber of Commerce views the reduction in the tariff rate from 44% to 30% a constructive and important first step by the Government toward bringing Sri Lanka’s tariff structure for exports to the U.S. closer to that of regional competitors. “We encourage continued engagement with the U.S. administration to secure a further reduction […],https://www.lankabusinessonline.com/2025/07/10/reduction-in-tariff-from-44-pct-to-30-pct-is-a-constructive-important-first-step-ceylon-chamber/,Reduction in tariff from 44-pct to 30-pct is a constructive & important first step: Ceylon Chamber The Ceylon Chamber of Commerce views the reduction in the tariff rate from 44% to 30% a constructive and important first step by the Government toward bringing Sri Lanka’s tariff structure for exports to the U.S. closer to that of regional competitors. “We encourage continued engagement with the U.S. administration to secure a further reduction […],,0.8834,positive
244984,2025-07-10 12:54:30,LBO,Emirates to Introduce Refurbished B777 on Colombo Route from 18 July,"Emirates, the world’s largest international airline, will deploy its retrofitted four-class Boeing 777 on flights EK650/651 operating between Dubai and Colombo from 18 July. Services on the enhanced aircraft, with newly-configured and refreshed cabins, will be the airline’s second daily flight in Sri Lanka to feature Premium Economy seats. Currently, over 40 destinations in Emirates’ […]",https://www.lankabusinessonline.com/2025/07/10/emirates-to-introduce-refurbished-b777-on-colombo-route-from-18-july/,"Emirates to Introduce Refurbished B777 on Colombo Route from 18 July Emirates, the world’s largest international airline, will deploy its retrofitted four-class Boeing 777 on flights EK650/651 operating between Dubai and Colombo from 18 July. Services on the enhanced aircraft, with newly-configured and refreshed cabins, will be the airline’s second daily flight in Sri Lanka to feature Premium Economy seats. Currently, over 40 destinations in Emirates’ […]",,0.0,neutral
244977,2025-07-10 11:15:03,LBO,Advocata Institute Urges Government to Uphold Electricity Sector Reforms,The Advocata Institute today called on the Sri Lankan government to reaffirm its commitment to the critical reforms initiated by the 2024 Electricity Act. The think tank emphasized the necessity of legally separating the Ceylon Electricity Board’s (CEB) functions and fostering a competitive and transparent electricity industry. “The 2024 Electricity Act was a landmark step […],https://www.lankabusinessonline.com/2025/07/10/advocata-institute-urges-government-to-uphold-electricity-sector-reforms/,Advocata Institute Urges Government to Uphold Electricity Sector Reforms The Advocata Institute today called on the Sri Lankan government to reaffirm its commitment to the critical reforms initiated by the 2024 Electricity Act. The think tank emphasized the necessity of legally separating the Ceylon Electricity Board’s (CEB) functions and fostering a competitive and transparent electricity industry. “The 2024 Electricity Act was a landmark step […],,0.4019,positive
244975,2025-07-10 11:03:06,LBO,TISL expresses deep concern over the inertia in appointing the Chairperson of the RTI Commission,"As of July 9, 2025, Sri Lanka’s Right to Information (RTI) remains without a duly appointed Chairperson. The seat has been vacant since the resignation of retired Supreme Court Justice Upaly Abeyrathne in March 2025. The undue delay in the appointment, despite calls by concerned stakeholders, including civil society and media, to expedite the appointment […]",https://www.lankabusinessonline.com/2025/07/10/tisl-expresses-deep-concern-over-the-inertia-in-appointing-the-chairperson-of-the-rti-commission/,"TISL expresses deep concern over the inertia in appointing the Chairperson of the RTI Commission As of July 9, 2025, Sri Lanka’s Right to Information (RTI) remains without a duly appointed Chairperson. The seat has been vacant since the resignation of retired Supreme Court Justice Upaly Abeyrathne in March 2025. The undue delay in the appointment, despite calls by concerned stakeholders, including civil society and media, to expedite the appointment […]",,0.5423,positive
7956,2025-07-10 08:51:24,LBO,Special discussion on the new tariff policy imposed by the United States,"A special discussion on the new tariff policy imposed by the United States was held this morning (10) at the Presidential Secretariat between President Anura Kumara Disanayake and a delegation representing Sri Lanka. Participating in the discussion were Minister of Labour and Deputy Minister of Economic Development Dr. Anil Jayantha Fernando, Secretary to the Ministry […]",https://www.lankabusinessonline.com/2025/07/10/special-discussion-on-the-new-tariff-policy-imposed-by-the-united-states/,"Special discussion on the new tariff policy imposed by the United States A special discussion on the new tariff policy imposed by the United States was held this morning (10) at the Presidential Secretariat between President Anura Kumara Disanayake and a delegation representing Sri Lanka. Participating in the discussion were Minister of Labour and Deputy Minister of Economic Development Dr. Anil Jayantha Fernando, Secretary to the Ministry […]",,0.8555,positive
244972,2025-07-09 12:22:46,LBO,Sri Lanka among top 3 summer getaways according to Emirates search data,"Sri Lanka is among the top three summer destinations for travel in July and August, according to the latest booking data of Emirates, the world’s biggest international airline. Emirates reports that Sri Lanka has seen a 32% increase in flight searches as a clear favourite for its rich cultural tapestry, pristine beaches, ‘tea country’ and […]",https://www.lankabusinessonline.com/2025/07/09/sri-lanka-among-top-3-summer-getaways-according-to-emirates-search-data/,"Sri Lanka among top 3 summer getaways according to Emirates search data Sri Lanka is among the top three summer destinations for travel in July and August, according to the latest booking data of Emirates, the world’s biggest international airline. Emirates reports that Sri Lanka has seen a 32% increase in flight searches as a clear favourite for its rich cultural tapestry, pristine beaches, ‘tea country’ and […]",,0.8779,positive
244970,2025-07-09 12:17:31,LBO,ComBank launches Sri Lanka’s first AI-powered SME Credit Underwriting Solution,"The Commercial Bank of Ceylon has announced the launch of Sri Lanka’s first Artificial Intelligence-powered SME Credit Underwriting Solution, taking a transformative step in reshaping how small and medium enterprises (SMEs) access credit and financial solutions.  This custom-built AI platform, another breakthrough initiative by the country’s largest private sector bank, was fully developed as a […]",https://www.lankabusinessonline.com/2025/07/09/combank-launches-sri-lankas-first-ai-powered-sme-credit-underwriting-solution/,"ComBank launches Sri Lanka’s first AI-powered SME Credit Underwriting Solution The Commercial Bank of Ceylon has announced the launch of Sri Lanka’s first Artificial Intelligence-powered SME Credit Underwriting Solution, taking a transformative step in reshaping how small and medium enterprises (SMEs) access credit and financial solutions.  This custom-built AI platform, another breakthrough initiative by the country’s largest private sector bank, was fully developed as a […]",,0.9022,positive
244967,2025-07-08 11:03:18,LBO,"Don’t Drive Away What’s Helping Consumers, Advocata Pushes for Checkout Tax Reform","Thousands of parcels ordered by Sri Lankans from popular e-commerce platforms like TEMU, AliExpress, and eBay are now stuck at customs, caught in a legal grey zone that’s choking the flow of goods. Advocata Institute warns ensuring consumer choice through a competitive market is key to delivering reasonable prices and better quality for Sri Lankans. […]",https://www.lankabusinessonline.com/2025/07/08/dont-drive-away-whats-helping-consumers-advocata-pushes-for-checkout-tax-reform/,"Don’t Drive Away What’s Helping Consumers, Advocata Pushes for Checkout Tax Reform Thousands of parcels ordered by Sri Lankans from popular e-commerce platforms like TEMU, AliExpress, and eBay are now stuck at customs, caught in a legal grey zone that’s choking the flow of goods. Advocata Institute warns ensuring consumer choice through a competitive market is key to delivering reasonable prices and better quality for Sri Lankans. […]",,0.8176,positive
244965,2025-07-06 14:59:52,LBO,‘s eRL 2.0 Vehicle Revenue Licence System Down: ICTA,"The Information and Communication Technology Agency of Sri Lanka (ICTA) has announced the temporary unavailability of its crucial Vehicle Revenue Licence system (eRL 2.0). A critical technical infrastructure issue has rendered vehicle revenue license issuance services inaccessible since July 3rd, 2025, with an anticipated restoration date of July 9th, 2025. This outage is expected to […]",https://www.lankabusinessonline.com/2025/07/06/sri-lankas-erl-2-0-vehicle-revenue-licence-system-down-icta/,"‘s eRL 2.0 Vehicle Revenue Licence System Down: ICTA The Information and Communication Technology Agency of Sri Lanka (ICTA) has announced the temporary unavailability of its crucial Vehicle Revenue Licence system (eRL 2.0). A critical technical infrastructure issue has rendered vehicle revenue license issuance services inaccessible since July 3rd, 2025, with an anticipated restoration date of July 9th, 2025. This outage is expected to […]",,-0.3182,negative
244961,2025-07-04 11:03:08,LBO,CBSL Initiates Resolution Action on Nation Lanka Finance PLC,"The Central Bank of Sri Lanka (CBSL) announced today its decision to initiate resolution action on Nation Lanka Finance PLC (NLFP), a Licensed Finance Company, effective immediately. This decisive step has been taken due to NLFP’s persistent violations of the Finance Business Act, No. 42 of 2011 (FBA), and various related Directions and Rules, coupled […]",https://www.lankabusinessonline.com/2025/07/04/cbsl-initiates-resolution-action-on-nation-lanka-finance-plc/,"CBSL Initiates Resolution Action on Nation Lanka Finance PLC The Central Bank of Sri Lanka (CBSL) announced today its decision to initiate resolution action on Nation Lanka Finance PLC (NLFP), a Licensed Finance Company, effective immediately. This decisive step has been taken due to NLFP’s persistent violations of the Finance Business Act, No. 42 of 2011 (FBA), and various related Directions and Rules, coupled […]",,0.1531,positive
244949,2025-07-04 06:08:34,LBO,EFutures honoured with dual wins at SLASSCOM National Ingenuity Awards,"EFutures, a leading Sri Lankan software product engineering company, has been recognised with two prestigious honours at the SLASSCOM National Ingenuity Awards 2025, winning Best Innovative Product – Transportation and Logistics at both the Western Provincial and National levels. Presented by SLASSCOM, the national chamber for Sri Lanka’s IT and BPM industry, the annual awards […]",https://www.lankabusinessonline.com/2025/07/04/efutures-honoured-with-dual-wins-at-slasscom-national-ingenuity-awards/,"EFutures honoured with dual wins at SLASSCOM National Ingenuity Awards EFutures, a leading Sri Lankan software product engineering company, has been recognised with two prestigious honours at the SLASSCOM National Ingenuity Awards 2025, winning Best Innovative Product – Transportation and Logistics at both the Western Provincial and National levels. Presented by SLASSCOM, the national chamber for Sri Lanka’s IT and BPM industry, the annual awards […]",,0.9828,positive
244953,2025-07-03 21:42:58,LBO,Shah Rukh Khan to grace  grand opening of City of Dreams Sri Lanka,"Get ready, South Asia! The undisputed King of Bollywood, Shah Rukh Khan, is set to make a spectacular visit to Sri Lanka, gracing the highly anticipated grand opening of City of Dreams Sri Lanka on August 2, 2025, as special guest. Popularly regarded as “King Khan”, the presence of the multi-award-winning superstar at the by- […]",https://www.lankabusinessonline.com/2025/07/03/shah-rukh-khan-to-grace-grand-opening-of-city-of-dreams-sri-lanka/,"Shah Rukh Khan to grace  grand opening of City of Dreams Sri Lanka Get ready, South Asia! The undisputed King of Bollywood, Shah Rukh Khan, is set to make a spectacular visit to Sri Lanka, gracing the highly anticipated grand opening of City of Dreams Sri Lanka on August 2, 2025, as special guest. Popularly regarded as “King Khan”, the presence of the multi-award-winning superstar at the by- […]",,0.9722,positive
244939,2025-07-02 15:31:32,LBO,Why Sri Lanka needs a smarter approach to tobacco tax policy,Sri Lanka’s tobacco taxation strategy is facing renewed scrutiny as authorities navigate the dual priorities of public health and revenue generation. Central to recent tobacco tax policy discussions is the Tobacco Excise Tax Simulation Model (TETSiM)—a policy planning tool promoted by the World Health Organization (WHO) and adopted in several countries to project how adjustments […],https://www.lankabusinessonline.com/2025/07/02/why-sri-lanka-needs-a-smarter-approach-to-tobacco-tax-policy/,Why Sri Lanka needs a smarter approach to tobacco tax policy Sri Lanka’s tobacco taxation strategy is facing renewed scrutiny as authorities navigate the dual priorities of public health and revenue generation. Central to recent tobacco tax policy discussions is the Tobacco Excise Tax Simulation Model (TETSiM)—a policy planning tool promoted by the World Health Organization (WHO) and adopted in several countries to project how adjustments […],,0.7003,positive
244935,2025-07-02 15:05:25,LBO,"SLT-MOBITEL partners AI Pazz, Sri Lanka’s First AI-Powered Legal Research Platform","In a landmark move set to redefine legal research in Sri Lanka, SLT-MOBITEL Mobile has partnered with Redblocks AI (Pvt) Ltd to launch AI Pazz, the country’s first-ever AI-powered legal research platform featuring Sri Lanka’s largest and the most up-to-date digital legal library, to offer unprecedented access to advanced legal research tools. This revolutionary platform […]",https://www.lankabusinessonline.com/2025/07/02/slt-mobitel-partners-ai-pazz-sri-lankas-first-ai-powered-legal-research-platform/,"SLT-MOBITEL partners AI Pazz, Sri Lanka’s First AI-Powered Legal Research Platform In a landmark move set to redefine legal research in Sri Lanka, SLT-MOBITEL Mobile has partnered with Redblocks AI (Pvt) Ltd to launch AI Pazz, the country’s first-ever AI-powered legal research platform featuring Sri Lanka’s largest and the most up-to-date digital legal library, to offer unprecedented access to advanced legal research tools. This revolutionary platform […]",,0.7239,positive
244932,2025-07-02 11:41:38,LBO,Heads of Several Prominent Indian Companies Explore Investment Opportunities in Sri Lanka,"Indian entrepreneurs state that they are currently directing their attention towards new investment prospects in Sri Lanka, particularly in sectors like energy, infrastructure, the digital economy, tourism and agriculture, as well as on enhancing entrepreneurial capacity. A delegation of around 20 Indian entrepreneurs, comprising heads of several prominent Indian companies, is currently engaged in an […]",https://www.lankabusinessonline.com/2025/07/02/heads-of-several-prominent-indian-companies-explore-investment-opportunities-in-sri-lanka/,"Heads of Several Prominent Indian Companies Explore Investment Opportunities in Sri Lanka Indian entrepreneurs state that they are currently directing their attention towards new investment prospects in Sri Lanka, particularly in sectors like energy, infrastructure, the digital economy, tourism and agriculture, as well as on enhancing entrepreneurial capacity. A delegation of around 20 Indian entrepreneurs, comprising heads of several prominent Indian companies, is currently engaged in an […]",,0.9438,positive
244929,2025-07-02 10:21:20,LBO,"Banks Not Planning Widespread Parate Proceedings, Assures Sri Lanka Banks’ Association","The Sri Lanka Banks’ Association (SLBA), the collective voice of all licensed commercial banks in the country, today moved to quell alarmist claims regarding widespread parate proceedings now that the grace period for loan repayments has concluded. The SLBA firmly stated that banks have no intention of launching a flood of parate actions, emphasizing that […]",https://www.lankabusinessonline.com/2025/07/02/banks-not-planning-widespread-parate-proceedings-assures-sri-lanka-banks-association/,"Banks Not Planning Widespread Parate Proceedings, Assures Sri Lanka Banks’ Association The Sri Lanka Banks’ Association (SLBA), the collective voice of all licensed commercial banks in the country, today moved to quell alarmist claims regarding widespread parate proceedings now that the grace period for loan repayments has concluded. The SLBA firmly stated that banks have no intention of launching a flood of parate actions, emphasizing that […]",,0.4404,positive
244926,2025-07-02 10:11:44,LBO,Sri Lanka Receives 2.5 mn USD from Japan to Strengthen Anti-Corruption Mechanisms,"Corruption undermines sustainable development, the well-being of its citizens, their trust in institutions and tax morale. The cost of corruption is felt by all segments of society and the economy. Corruption significantly deters foreign investments, as it creates an unpredictable and risky business environment. Investors often perceive high levels of corruption as indicative of weak […]",https://www.lankabusinessonline.com/2025/07/02/sri-lanka-receives-2-5-mn-usd-from-japan-to-strengthen-anti-corruption-mechanisms/,"Sri Lanka Receives 2.5 mn USD from Japan to Strengthen Anti-Corruption Mechanisms Corruption undermines sustainable development, the well-being of its citizens, their trust in institutions and tax morale. The cost of corruption is felt by all segments of society and the economy. Corruption significantly deters foreign investments, as it creates an unpredictable and risky business environment. Investors often perceive high levels of corruption as indicative of weak […]",,0.1531,positive
244924,2025-07-02 10:03:10,LBO,"‘s EFF, Unlocking USD350 Mn in Support","The International Monetary Fund (IMF) Executive Board has successfully completed the Fourth Review under Sri Lanka’s 48-month Extended Fund Facility (EFF) Arrangement, allowing the authorities to draw SDR 254 million (about USD 350 million). This latest disbursement brings the total IMF financial support provided to Sri Lanka so far to SDR 1.27 billion (about USD […]",https://www.lankabusinessonline.com/2025/07/02/imf-executive-board-approves-fourth-review-of-sri-lankas-eff-unlocking-usd350-mn-in-support/,"‘s EFF, Unlocking USD350 Mn in Support The International Monetary Fund (IMF) Executive Board has successfully completed the Fourth Review under Sri Lanka’s 48-month Extended Fund Facility (EFF) Arrangement, allowing the authorities to draw SDR 254 million (about USD 350 million). This latest disbursement brings the total IMF financial support provided to Sri Lanka so far to SDR 1.27 billion (about USD […]",,0.8344,positive
244919,2025-07-02 09:53:06,LBO,TISL Launches Report on Sri Lanka’s Progress in Combating Corruption under UN Convention,"Transparency International Sri Lanka (TISL), on 26 June 2025, released an independent Civil Society Report assessing Sri Lanka’s progress in fulfilling its commitments under the United Nations Convention Against Corruption (UNCAC), the first legally binding global instrument to combat corruption. Sri Lanka signed and ratified the UNCAC in 2004, committing to align national laws and […]",https://www.lankabusinessonline.com/2025/07/02/tisl-launches-report-on-sri-lankas-progress-in-combating-corruption-under-un-convention/,"TISL Launches Report on Sri Lanka’s Progress in Combating Corruption under UN Convention Transparency International Sri Lanka (TISL), on 26 June 2025, released an independent Civil Society Report assessing Sri Lanka’s progress in fulfilling its commitments under the United Nations Convention Against Corruption (UNCAC), the first legally binding global instrument to combat corruption. Sri Lanka signed and ratified the UNCAC in 2004, committing to align national laws and […]",,0.8316,positive
244916,2025-06-29 19:11:04,LBO,VIDEO: The AI Boom’s Multi-Billion Dollar Blind Spot,"AI reasoning models were supposed to be the industry’s next leap, promising smarter systems able to tackle more complex problems. Now, a string of research is calling that into question. In June, a team of Apple researchers released a white paper titled “The Illusion of Thinking,” which found that once problems get complex enough, AI […]",https://www.lankabusinessonline.com/2025/06/29/video-the-ai-booms-multi-billion-dollar-blind-spot/,"VIDEO: The AI Boom’s Multi-Billion Dollar Blind Spot AI reasoning models were supposed to be the industry’s next leap, promising smarter systems able to tackle more complex problems. Now, a string of research is calling that into question. In June, a team of Apple researchers released a white paper titled “The Illusion of Thinking,” which found that once problems get complex enough, AI […]",,-0.3976,negative
244914,2025-06-29 14:40:44,LBO,“Dream Destination” Project Commenced Renovation of 100 Railway Stations,"President Anura Kumara Disanayake stated that the primary objective of the current Government is not to pursue incremental reforms within the existing framework, but rather to transform and elevate the nation to a significantly higher level of development. The President emphasized that the current political leadership has already taken steps to break away from the […]",https://www.lankabusinessonline.com/2025/06/29/dream-destination-project-commenced-renovation-of-100-railway-stations/,"“Dream Destination” Project Commenced Renovation of 100 Railway Stations President Anura Kumara Disanayake stated that the primary objective of the current Government is not to pursue incremental reforms within the existing framework, but rather to transform and elevate the nation to a significantly higher level of development. The President emphasized that the current political leadership has already taken steps to break away from the […]",,0.0,neutral
244911,2025-06-25 09:20:10,LBO,Union Bank Launches Trade Connect For Seamless Trade Services,"Union Bank proudly unveiled Union Bank Trade Connect, a modern, fully equipped one-stop hub for all trade services. Union Bank Trade Connect was inaugurated by Dilshan Rodrigo, Director/CEO at the Bank’s Head Office and marks a new milestone in delivering seamless, efficient trade solutions to the Bank’s valued customers.",https://www.lankabusinessonline.com/2025/06/25/union-bank-launches-trade-connect-for-seamless-trade-services/,"Union Bank Launches Trade Connect For Seamless Trade Services Union Bank proudly unveiled Union Bank Trade Connect, a modern, fully equipped one-stop hub for all trade services. Union Bank Trade Connect was inaugurated by Dilshan Rodrigo, Director/CEO at the Bank’s Head Office and marks a new milestone in delivering seamless, efficient trade solutions to the Bank’s valued customers.",,0.875,positive
244908,2025-06-24 16:10:56,LBO,‘s historic Rs. One Billion Green Bond funds renewable expansion,"Resus Energy PLC has made history with the launch of the country’s first-ever Green Bond issue by a local energy company, aiming to raise Rs. 1 billion to accelerate the nation’s transition to clean energy. The issue, scheduled to be opened on 25th June 2025, is also the country’s first Green Bond issue by a […]",https://www.lankabusinessonline.com/2025/06/24/resus-energys-historic-rs-one-billion-green-bond-funds-renewable-expansion/,"‘s historic Rs. One Billion Green Bond funds renewable expansion Resus Energy PLC has made history with the launch of the country’s first-ever Green Bond issue by a local energy company, aiming to raise Rs. 1 billion to accelerate the nation’s transition to clean energy. The issue, scheduled to be opened on 25th June 2025, is also the country’s first Green Bond issue by a […]",,0.7906,positive
244904,2025-06-23 16:37:05,LBO,Harshana Suriyapperuma Appointed New Secretary to the Ministry of Finance,President Anura Kumara Disanayake has appointed Dr. Harshana Suriyapperuma as the new Secretary to the Ministry of Finance. The letter of appointment was handed over to Dr. Harshana Suriyapperuma by the Secretary to the President Dr. Nandika Sanath Kumanayake this morning (23) at the Presidential Secretariat. Dr. Suriyapperuma has been involved in capital market regulation […],https://www.lankabusinessonline.com/2025/06/23/harshana-suriyapperuma-appointed-new-secretary-to-the-ministry-of-finance/,Harshana Suriyapperuma Appointed New Secretary to the Ministry of Finance President Anura Kumara Disanayake has appointed Dr. Harshana Suriyapperuma as the new Secretary to the Ministry of Finance. The letter of appointment was handed over to Dr. Harshana Suriyapperuma by the Secretary to the President Dr. Nandika Sanath Kumanayake this morning (23) at the Presidential Secretariat. Dr. Suriyapperuma has been involved in capital market regulation […],,0.0,neutral
244899,2025-06-23 16:34:06,LBO,Transparency International Sri Lanka Challenges the Companies (Amendment) Bill,"Transparency International Sri Lanka (TISL) filed legal action on Thursday 19 June 2025, in the Supreme Court challenging the Bill to amend the Companies Act No. 07 of 2007. The petition has been filed in the public interest. The amendment introduces a critical anti-corruption tool – a Beneficial Ownership Information (BOI) register. TISL contends that […]",https://www.lankabusinessonline.com/2025/06/23/transparency-international-sri-lanka-challenges-the-companies-amendment-bill/,"Transparency International Sri Lanka Challenges the Companies (Amendment) Bill Transparency International Sri Lanka (TISL) filed legal action on Thursday 19 June 2025, in the Supreme Court challenging the Bill to amend the Companies Act No. 07 of 2007. The petition has been filed in the public interest. The amendment introduces a critical anti-corruption tool – a Beneficial Ownership Information (BOI) register. TISL contends that […]",,0.8625,positive
244897,2025-06-23 13:41:34,LBO,Sri Lanka calls upon all parties to take concrete steps to de-escalate the situation in the Middle East region,Sri Lanka is gravely concerned about the latest developments in the Middle East. We continue to call upon all parties to take concrete steps to de-escalate the situation. All concerned parties should return to dialogue and engage in intense diplomatic efforts to establish and maintain peace with a view to ensuring stability in the Middle […],https://www.lankabusinessonline.com/2025/06/23/sri-lanka-calls-upon-all-parties-to-take-concrete-steps-to-de-escalate-the-situation-in-the-middle-east-region/,Sri Lanka calls upon all parties to take concrete steps to de-escalate the situation in the Middle East region Sri Lanka is gravely concerned about the latest developments in the Middle East. We continue to call upon all parties to take concrete steps to de-escalate the situation. All concerned parties should return to dialogue and engage in intense diplomatic efforts to establish and maintain peace with a view to ensuring stability in the Middle […],,0.9169,positive
244895,2025-06-22 16:06:17,LBO,India to Facilitate Flights for Sri Lankans Leaving Iran,"The Ministry of Foreign Affairs, Foreign Employment and Tourism informs all Sri Lankans in the Islamic Republic of Iran that the Government of Sri Lanka has made arrangements with the Government of India to assist Sri Lankans who wish to leave Iran by accommodating them in their flights. Accordingly, any Sri Lankans who wish to […]",https://www.lankabusinessonline.com/2025/06/22/india-to-facilitate-flights-for-sri-lankans-leaving-iran/,"India to Facilitate Flights for Sri Lankans Leaving Iran The Ministry of Foreign Affairs, Foreign Employment and Tourism informs all Sri Lankans in the Islamic Republic of Iran that the Government of Sri Lanka has made arrangements with the Government of India to assist Sri Lankans who wish to leave Iran by accommodating them in their flights. Accordingly, any Sri Lankans who wish to […]",,0.6369,positive
244892,2025-06-22 15:55:42,LBO,Dimuthu Abeyesekera takes over as Chairman of the CSE,"The Colombo Stock Exchange (CSE) announces that Mr. Dimuthu Abeyesekera, took over as the Chairman following the conclusion of the Annual General Meeting of the CSE on 19th June 2025, where the incumbent Chairman Mr. Dilshan Wirasekara, stepped down upon completion of his three-year tenure.  Mr. Abeyesekera, who has served on the CSE Board for […]",https://www.lankabusinessonline.com/2025/06/22/dimuthu-abeyesekera-takes-over-as-chairman-of-the-cse/,"Dimuthu Abeyesekera takes over as Chairman of the CSE The Colombo Stock Exchange (CSE) announces that Mr. Dimuthu Abeyesekera, took over as the Chairman following the conclusion of the Annual General Meeting of the CSE on 19th June 2025, where the incumbent Chairman Mr. Dilshan Wirasekara, stepped down upon completion of his three-year tenure.  Mr. Abeyesekera, who has served on the CSE Board for […]",,0.0,neutral
244890,2025-06-22 09:17:04,LBO,"CBSL Warns Against Misleading Overseas Property Investments, Threatens Legal Action",The Central Bank of Sri Lanka (CBSL) has issued a stern warning to the public regarding misleading advertisements promoting overseas investments in immovable properties and offering guidance on obtaining foreign financing for such ventures. The CBSL emphasizes that many of these advertised activities contravene the country’s foreign exchange regulations and has signaled its intent to […],https://www.lankabusinessonline.com/2025/06/22/cbsl-warns-against-misleading-overseas-property-investments-threatens-legal-action/,"CBSL Warns Against Misleading Overseas Property Investments, Threatens Legal Action The Central Bank of Sri Lanka (CBSL) has issued a stern warning to the public regarding misleading advertisements promoting overseas investments in immovable properties and offering guidance on obtaining foreign financing for such ventures. The CBSL emphasizes that many of these advertised activities contravene the country’s foreign exchange regulations and has signaled its intent to […]",,-0.7783,negative
244887,2025-06-22 09:00:54,LBO,UN High Commissioner for Human Rights to Visit Sri Lanka Tomorrow,"The United Nations High Commissioner for Human Rights Volker Türk will undertake an official visit to Sri Lanka from 23 to 26June 2025. This marks the first visit by a UN High Commissioner for Human Rights to Sri Lanka since February 2016. During the visit, the High Commissioner is scheduled to call on the President […]",https://www.lankabusinessonline.com/2025/06/22/un-high-commissioner-for-human-rights-to-visit-sri-lanka-tomorrow/,"UN High Commissioner for Human Rights to Visit Sri Lanka Tomorrow The United Nations High Commissioner for Human Rights Volker Türk will undertake an official visit to Sri Lanka from 23 to 26June 2025. This marks the first visit by a UN High Commissioner for Human Rights to Sri Lanka since February 2016. During the visit, the High Commissioner is scheduled to call on the President […]",,0.4215,positive
244884,2025-06-21 08:16:44,LBO,Human Development progress is decelerating at an alarming rate says new UNDP Human Development Report,"For 30 years, the Human Development Index (HDI) showed a consistent increase in development progress and a decrease in inequality. Although the crises of 2020-2021 disrupted this trend, last year’s report saw tentative signs of recovery. The 2025 HDR has quashed this optimism.  Amid ongoing global turmoil, inequality has increased for the fourth consecutive year. […]",https://www.lankabusinessonline.com/2025/06/21/human-development-progress-is-decelerating-at-an-alarming-rate-says-new-undp-human-development-report/,"Human Development progress is decelerating at an alarming rate says new UNDP Human Development Report For 30 years, the Human Development Index (HDI) showed a consistent increase in development progress and a decrease in inequality. Although the crises of 2020-2021 disrupted this trend, last year’s report saw tentative signs of recovery. The 2025 HDR has quashed this optimism.  Amid ongoing global turmoil, inequality has increased for the fourth consecutive year. […]",,0.8786,positive
244881,2025-06-21 08:10:46,LBO,Constituent Change in the S&P Sri Lanka 20 Index,"The Colombo Stock Exchange (CSE) announces the following change in S&P Sri Lanka 20 index constituents made by S&P Dow Jones Indices at the 2025 Mid-Year rebalance. The exclusion and inclusion as announced by S&P Dow Jones Indices, effective from 23rd June 2025 (after the market close of 20th June 2025) are presented below.  Exclusion […]",https://www.lankabusinessonline.com/2025/06/21/constituent-change-in-the-sp-sri-lanka-20-index-2-2/,"Constituent Change in the S&P Sri Lanka 20 Index The Colombo Stock Exchange (CSE) announces the following change in S&P Sri Lanka 20 index constituents made by S&P Dow Jones Indices at the 2025 Mid-Year rebalance. The exclusion and inclusion as announced by S&P Dow Jones Indices, effective from 23rd June 2025 (after the market close of 20th June 2025) are presented below.  Exclusion […]",,-0.0772,negative
244878,2025-06-20 14:43:53,LBO,Foreign Direct Investment records 90-pct Increase in First Quarter of 2025,"The Board of Investment (BOI) of Sri Lanka has successfully increased Foreign Direct Investment (FDI) by US$96 million in the first quarter of 2025, compared with the same period in 2024. This was disclosed today (20) during a progress review meeting of the Board of Investment of Sri Lanka, chaired by President Anura Kumara Disanayake […]",https://www.lankabusinessonline.com/2025/06/20/foreign-direct-investment-records-90-pct-increase-in-first-quarter-of-2025/,"Foreign Direct Investment records 90-pct Increase in First Quarter of 2025 The Board of Investment (BOI) of Sri Lanka has successfully increased Foreign Direct Investment (FDI) by US$96 million in the first quarter of 2025, compared with the same period in 2024. This was disclosed today (20) during a progress review meeting of the Board of Investment of Sri Lanka, chaired by President Anura Kumara Disanayake […]",,0.8555,positive
244868,2025-06-20 09:19:46,LBO,“The Gathering of Giants” returns for 2025 at Cinnamon Habarana,"Cinnamon Hotels & Resorts, in collaboration with Cinnamon Nature Trails and in valued partnership with Seylan Bank, is honoured to announce the return of The Gathering of Giants—a pioneer conservation initiative set to take place from 25 to 27 July 2025 at Cinnamon Habarana Complex. Rooted in a deep respect for Sri Lanka’s natural heritage, […]",https://www.lankabusinessonline.com/2025/06/20/the-gathering-of-giants-returns-for-2025-at-cinnamon-habarana/,"“The Gathering of Giants” returns for 2025 at Cinnamon Habarana Cinnamon Hotels & Resorts, in collaboration with Cinnamon Nature Trails and in valued partnership with Seylan Bank, is honoured to announce the return of The Gathering of Giants—a pioneer conservation initiative set to take place from 25 to 27 July 2025 at Cinnamon Habarana Complex. Rooted in a deep respect for Sri Lanka’s natural heritage, […]",,0.8934,positive
244864,2025-06-17 17:28:54,LBO,Government Focuses on Developing a Unique Food Security Index for Sri Lanka,"The government is currently prioritizing the development of a country-specific Food Security Index, with the goal of completing the initiative within the next three months. This tailored index is expected to better reflect Sri Lanka’s unique food security landscape, addressing the limitations of global indices such as the Global Food Security Index (GFSI), which have […]",https://www.lankabusinessonline.com/2025/06/17/government-focuses-on-developing-a-unique-food-security-index-for-sri-lanka/,"Government Focuses on Developing a Unique Food Security Index for Sri Lanka The government is currently prioritizing the development of a country-specific Food Security Index, with the goal of completing the initiative within the next three months. This tailored index is expected to better reflect Sri Lanka’s unique food security landscape, addressing the limitations of global indices such as the Global Food Security Index (GFSI), which have […]",,0.8885,positive
244860,2025-06-17 17:10:40,LBO,Resus Energy connects 5 MW Solar PV power plant to the national grid,"Resus Energy PLC, a forerunner in renewable energy, recently connected a 5.0MW ground mounted solar PV power plant to the national grid. Built at a cost of over Rs. 750 million with state-of-the-art equipment encompassing tier-1 solar PV panels and top-of-the-range auxiliary equipment, the plant is expected to generate about 10 million units of electricity […]",https://www.lankabusinessonline.com/2025/06/17/resus-energy-connects-5-mw-solar-pv-power-plant-to-the-national-grid/,"Resus Energy connects 5 MW Solar PV power plant to the national grid Resus Energy PLC, a forerunner in renewable energy, recently connected a 5.0MW ground mounted solar PV power plant to the national grid. Built at a cost of over Rs. 750 million with state-of-the-art equipment encompassing tier-1 solar PV panels and top-of-the-range auxiliary equipment, the plant is expected to generate about 10 million units of electricity […]",,0.6486,positive
244858,2025-06-17 10:57:25,LBO,From risk assessment to protection: how to build an effective security strategy in industrial enterprises,"By Adrian Hia, Managing Director for Asia Pacific, Kaspersky  Industrial sectors face escalating cyber threats that jeopardize operations, safety, financial stability and further technological development. In 2024, 40% of industrial organizations globally reported cyber incidents according to Kaspersky. Proactive cybersecurity measures are no longer optional but a necessity to ensure business continuity, regulatory compliance and […]",https://www.lankabusinessonline.com/2025/06/17/from-risk-assessment-to-protection-how-to-build-an-effective-security-strategy-in-industrial-enterprises/,"From risk assessment to protection: how to build an effective security strategy in industrial enterprises By Adrian Hia, Managing Director for Asia Pacific, Kaspersky  Industrial sectors face escalating cyber threats that jeopardize operations, safety, financial stability and further technological development. In 2024, 40% of industrial organizations globally reported cyber incidents according to Kaspersky. Proactive cybersecurity measures are no longer optional but a necessity to ensure business continuity, regulatory compliance and […]",,0.7096,positive
244854,2025-06-17 10:41:18,LBO,Opinion: Sri Lanka’s Missing Economic Pillar – The Case for a Sovereign Wealth Fund,"By Jithendra Antonio  In the sterile corridors of the Central Bank of Sri Lanka, where foreign reserve monitors once displayed catastrophic readings of $50 million in 2022—a 99% collapse from $7.6 billion just three years prior—a fundamental question haunts policymakers: Why does a nation with $84 billion in GDP, strategic Indian Ocean positioning, and diverse […]",https://www.lankabusinessonline.com/2025/06/17/opinion-sri-lankas-missing-economic-pillar-the-case-for-a-sovereign-wealth-fund/,"Opinion: Sri Lanka’s Missing Economic Pillar – The Case for a Sovereign Wealth Fund By Jithendra Antonio  In the sterile corridors of the Central Bank of Sri Lanka, where foreign reserve monitors once displayed catastrophic readings of $50 million in 2022—a 99% collapse from $7.6 billion just three years prior—a fundamental question haunts policymakers: Why does a nation with $84 billion in GDP, strategic Indian Ocean positioning, and diverse […]",,-0.7506,negative
244852,2025-06-17 10:27:05,LBO,CSE Clear to Operate as Sri Lanka’s Central Counterparty for Equity Transactions,"The Colombo Stock Exchange (CSE) is set to launch a Central Counterparty (CCP) framework next month, marking a significant advancement in the evolution of Sri Lanka’s capital market infrastructure. This move is aimed at enhancing the safety, efficiency, and transparency of the market, ensuring the smooth settlement of trades. Since August 2021, the CSE has […]",https://www.lankabusinessonline.com/2025/06/17/cse-clear-to-operate-as-sri-lankas-central-counterparty-for-equity-transactions/,"CSE Clear to Operate as Sri Lanka’s Central Counterparty for Equity Transactions The Colombo Stock Exchange (CSE) is set to launch a Central Counterparty (CCP) framework next month, marking a significant advancement in the evolution of Sri Lanka’s capital market infrastructure. This move is aimed at enhancing the safety, efficiency, and transparency of the market, ensuring the smooth settlement of trades. Since August 2021, the CSE has […]",,0.8689,positive
244846,2025-06-16 19:12:07,LBO,"IMF Chief Warns Sri Lanka Against “Reform Fatigue,” Hails “Remarkable Progress” Post-Crisis","The International Monetary Fund (IMF) today lauded Sri Lanka’s “remarkable progress” in its economic recovery but issued a stark warning against abandoning crucial reforms. Speaking at a conference in Colombo, IMF First Deputy Managing Director Gita Gopinath emphasized that the island nation’s current path “this time must be different.” Gopinath highlighted significant strides since the […]",https://www.lankabusinessonline.com/2025/06/16/imf-chief-warns-sri-lanka-against-reform-fatigue-hails-remarkable-progress-post-crisis/,"IMF Chief Warns Sri Lanka Against “Reform Fatigue,” Hails “Remarkable Progress” Post-Crisis The International Monetary Fund (IMF) today lauded Sri Lanka’s “remarkable progress” in its economic recovery but issued a stark warning against abandoning crucial reforms. Speaking at a conference in Colombo, IMF First Deputy Managing Director Gita Gopinath emphasized that the island nation’s current path “this time must be different.” Gopinath highlighted significant strides since the […]",,-0.6705,negative
244841,2025-06-16 16:19:59,LBO,Sri Lanka records 4.8-pct GDP growth rate for 1Q 2025,"Issuing a communiqué, on releasing National Accounts Estimates, the DCS states that the GDP growth rate for the first quarter of 2025 has been estimated as 4.8 percent of positive growth rate. Accordingly, the Gross Domestic Product for Sri Lanka for the first quarter of the year 2025 at constant price (2015) has increased up […]",https://www.lankabusinessonline.com/2025/06/16/sri-lanka-records-4-8-pct-gdp-growth-rate-for-1q-2025/,"Sri Lanka records 4.8-pct GDP growth rate for 1Q 2025 Issuing a communiqué, on releasing National Accounts Estimates, the DCS states that the GDP growth rate for the first quarter of 2025 has been estimated as 4.8 percent of positive growth rate. Accordingly, the Gross Domestic Product for Sri Lanka for the first quarter of the year 2025 at constant price (2015) has increased up […]",,0.8555,positive
244839,2025-06-16 10:44:17,LBO,Central Bank Governor to Address Ceylon Chamber’s 186th AGM,"The Ceylon Chamber of Commerce will hold its 186th Annual General Meeting on Wednesday, 26th June 2025, at 5.30 PM at The Studio, Cinnamon Life. Dr. Nandalal Weerasinghe, Governor of the Central Bank of Sri Lanka, will attend as Chief Guest, addressing the business community at a time when economic resilience and reform remain key […]",https://www.lankabusinessonline.com/2025/06/16/central-bank-governor-to-address-ceylon-chambers-186th-agm/,"Central Bank Governor to Address Ceylon Chamber’s 186th AGM The Ceylon Chamber of Commerce will hold its 186th Annual General Meeting on Wednesday, 26th June 2025, at 5.30 PM at The Studio, Cinnamon Life. Dr. Nandalal Weerasinghe, Governor of the Central Bank of Sri Lanka, will attend as Chief Guest, addressing the business community at a time when economic resilience and reform remain key […]",,0.0,neutral
244834,2025-06-12 19:40:19,LBO,VIDEO: Air India plane crashes shortly after take off in Ahmedabad; more than 200 killed,"An Air India plane has crashed shortly after taking off from Ahmedabad airport in western India, local media has reported. Air India said on Thursday that Flight AI171, a passenger flight to London Gatwick airport, was “involved in an incident”. “At this moment, we are ascertaining the details and will share further updates,” Air India […]",https://www.lankabusinessonline.com/2025/06/12/video-air-india-plane-crashes-shortly-after-take-off-in-ahmedabad-more-than-200-killed/,"VIDEO: Air India plane crashes shortly after take off in Ahmedabad; more than 200 killed An Air India plane has crashed shortly after taking off from Ahmedabad airport in western India, local media has reported. Air India said on Thursday that Flight AI171, a passenger flight to London Gatwick airport, was “involved in an incident”. “At this moment, we are ascertaining the details and will share further updates,” Air India […]",,-0.552,negative
244832,2025-06-12 16:09:54,LBO,"CBSL Extends Relief Measures for Affected SMEs, Offers Further Concessions",The Central Bank of Sri Lanka (CBSL) has announced an extension of relief measures and additional concessions for Small and Medium Enterprises (SMEs) that have been adversely affected in the recent past. This move aims to facilitate the sustainable revival of these businesses. Licensed commercial banks and licensed specialized banks have been advised by the […],https://www.lankabusinessonline.com/2025/06/12/cbsl-extends-relief-measures-for-affected-smes-offers-further-concessions/,"CBSL Extends Relief Measures for Affected SMEs, Offers Further Concessions The Central Bank of Sri Lanka (CBSL) has announced an extension of relief measures and additional concessions for Small and Medium Enterprises (SMEs) that have been adversely affected in the recent past. This move aims to facilitate the sustainable revival of these businesses. Licensed commercial banks and licensed specialized banks have been advised by the […]",,0.5719,positive
244830,2025-06-12 14:29:34,LBO,First Deputy Managing Director of the International Monetary Fund to Visit Sri Lanka,"Dr. Gita Gopinath, the First Deputy Managing Director (FDMD) of the International Monetary Fund (IMF), is scheduled to visit Sri Lanka from 15-16 June 2025. This visit is significant, as it marks the first time since 2005 that a serving FDMD of the IMF visits Sri Lanka. During this visit, Dr. Gopinath will be the […]",https://www.lankabusinessonline.com/2025/06/12/first-deputy-managing-director-of-the-international-monetary-fund-to-visit-sri-lanka/,"First Deputy Managing Director of the International Monetary Fund to Visit Sri Lanka Dr. Gita Gopinath, the First Deputy Managing Director (FDMD) of the International Monetary Fund (IMF), is scheduled to visit Sri Lanka from 15-16 June 2025. This visit is significant, as it marks the first time since 2005 that a serving FDMD of the IMF visits Sri Lanka. During this visit, Dr. Gopinath will be the […]",,0.2023,positive
244827,2025-06-12 11:13:28,LBO,Pelwatte Dairy Launches First-Ever Pension Scheme for Sri Lankan Dairy Farmers,"In a historic move that redefines rural financial security, Pelwatte Dairy Industries has announced the launch of Sri Lanka’s first pension scheme for dairy farmers, reinforcing its commitment to both national self-sufficiency and the welfare of the farming community. Pelwatte Dairy, one of Sri Lanka’s foremost homegrown dairy brands, has long been a pillar in […]",https://www.lankabusinessonline.com/2025/06/12/pelwatte-dairy-launches-first-ever-pension-scheme-for-sri-lankan-dairy-farmers/,"Pelwatte Dairy Launches First-Ever Pension Scheme for Sri Lankan Dairy Farmers In a historic move that redefines rural financial security, Pelwatte Dairy Industries has announced the launch of Sri Lanka’s first pension scheme for dairy farmers, reinforcing its commitment to both national self-sufficiency and the welfare of the farming community. Pelwatte Dairy, one of Sri Lanka’s foremost homegrown dairy brands, has long been a pillar in […]",,0.6124,positive
244822,2025-06-11 17:11:19,LBO,PUCSL Announces 15-pct Overall Electricity Tariff Increase Effective Tonight,"The Public Utilities Commission of Sri Lanka (PUCSL) announced today a 15% increase in electricity tariffs, effective from June 12, 2025. This decision follows a comprehensive review of utility bills and public feedback submitted by the Ceylon Electricity Board for the June to September 2025 period. Despite this immediate increase, the PUCSL emphasizes that the […]",https://www.lankabusinessonline.com/2025/06/11/pucsl-announces-15-pct-overall-electricity-tariff-increase-effective-tonight/,"PUCSL Announces 15-pct Overall Electricity Tariff Increase Effective Tonight The Public Utilities Commission of Sri Lanka (PUCSL) announced today a 15% increase in electricity tariffs, effective from June 12, 2025. This decision follows a comprehensive review of utility bills and public feedback submitted by the Ceylon Electricity Board for the June to September 2025 period. Despite this immediate increase, the PUCSL emphasizes that the […]",,0.8701,positive
244819,2025-06-11 12:35:29,LBO,Global Economy Set for Weakest Run Since 2008 Outside of Recessions: World Bank,"Heightened trade tensions and policy uncertainty are expected to drive global growth down this year to its slowest pace since 2008 outside of outright global recessions, according to the World Bank’s latest Global Economic Prospects report. The turmoil has resulted in growth forecasts being cut in nearly 70% of all economies—across all regions and income groups. Global […]",https://www.lankabusinessonline.com/2025/06/11/global-economy-set-for-weakest-run-since-2008-outside-of-recessions/,"Global Economy Set for Weakest Run Since 2008 Outside of Recessions: World Bank Heightened trade tensions and policy uncertainty are expected to drive global growth down this year to its slowest pace since 2008 outside of outright global recessions, according to the World Bank’s latest Global Economic Prospects report. The turmoil has resulted in growth forecasts being cut in nearly 70% of all economies—across all regions and income groups. Global […]",,-0.6808,negative
244810,2025-06-11 11:21:38,LBO,Colombo’s evolving retail landscape: A vision for Rajagiriya,"In the last few decades, Colombo’s skyline has been steadily reshaped by the rise of shopping malls, architectural symbols of economic aspiration, and urban transformation. From the modest beginnings of Liberty Plaza in the 1980s to the ambitious scale of One Galle Face , Colombo City Center and Cinnamon Life, malls have become embedded in […]",https://www.lankabusinessonline.com/2025/06/11/colombos-evolving-retail-landscape-a-vision-for-rajagiriya/,"Colombo’s evolving retail landscape: A vision for Rajagiriya In the last few decades, Colombo’s skyline has been steadily reshaped by the rise of shopping malls, architectural symbols of economic aspiration, and urban transformation. From the modest beginnings of Liberty Plaza in the 1980s to the ambitious scale of One Galle Face , Colombo City Center and Cinnamon Life, malls have become embedded in […]",,0.8176,positive
244806,2025-06-09 13:55:52,LBO,"Sri Lanka targets energy security via Mullikulam & Hayleys Fentons, unlocking Mannar wind power: Minister","Sri Lanka’s Energy Minister, Engineer Kumara Jayakody, reaffirmed the government’s commitment to fully harness the wind power generation potential of the Mannar region, aiming to overcome the nation’s energy challenges through strategic investment and the adoption of new technologies. The Minister’s statement came during a comprehensive visit to proposed and operational wind power plant sites […]",https://www.lankabusinessonline.com/2025/06/09/sri-lanka-targets-energy-security-via-mullikulam-hayleys-fentons-unlocking-mannar-wind-power-minister/,"Sri Lanka targets energy security via Mullikulam & Hayleys Fentons, unlocking Mannar wind power: Minister Sri Lanka’s Energy Minister, Engineer Kumara Jayakody, reaffirmed the government’s commitment to fully harness the wind power generation potential of the Mannar region, aiming to overcome the nation’s energy challenges through strategic investment and the adoption of new technologies. The Minister’s statement came during a comprehensive visit to proposed and operational wind power plant sites […]",,0.891,positive
244804,2025-06-09 13:31:55,LBO,"President to undertake an official visit to Berlin, Germany","President Anura Kumara Disanayaka will undertake an official visit to the Federal Republic of Germany from 11 to 13 June 2025 on the invitation of the President of Germany, Frank-Walter Steinmeier. During this visit President Disanayaka will hold bilateral discussions with the President of Germany, key ministers of the Federal Government and other dignitaries to […]",https://www.lankabusinessonline.com/2025/06/09/president-to-undertake-an-official-visit-to-berlin-germany/,"President to undertake an official visit to Berlin, Germany President Anura Kumara Disanayaka will undertake an official visit to the Federal Republic of Germany from 11 to 13 June 2025 on the invitation of the President of Germany, Frank-Walter Steinmeier. During this visit President Disanayaka will hold bilateral discussions with the President of Germany, key ministers of the Federal Government and other dignitaries to […]",,0.1531,positive
244802,2025-06-09 10:51:10,LBO,Ceylon Chamber to Host High-Level Business Delegation from Bangladesh for Trade & Investment Talks,"The Ceylon Chamber of Commerce, in collaboration with the Sri Lanka – Bangladesh Business Council, will host a visiting business delegation from the Dhaka Chamber of Commerce & Industry (DCCI), Bangladesh, on 17 June 2025 at the Hilton Colombo Residence. The delegation comprises 24 representatives from 22 Bangladeshi companies, spanning a wide range of sectors […]",https://www.lankabusinessonline.com/2025/06/09/ceylon-chamber-to-host-high-level-business-delegation-from-bangladesh-for-trade-investment-talks/,"Ceylon Chamber to Host High-Level Business Delegation from Bangladesh for Trade & Investment Talks The Ceylon Chamber of Commerce, in collaboration with the Sri Lanka – Bangladesh Business Council, will host a visiting business delegation from the Dhaka Chamber of Commerce & Industry (DCCI), Bangladesh, on 17 June 2025 at the Hilton Colombo Residence. The delegation comprises 24 representatives from 22 Bangladeshi companies, spanning a wide range of sectors […]",,0.0,neutral
244799,2025-06-06 16:50:04,LBO,‘s impeachment,"An intense public feud erupted between President Donald Trump and his one-time ally, billionaire Elon Musk, with an argument about Trump’s massive tax and domestic policy bill raging across social media and in the Oval Office.",https://www.lankabusinessonline.com/2025/06/06/video-musk-calls-for-president-trumps-impeachment/,"‘s impeachment An intense public feud erupted between President Donald Trump and his one-time ally, billionaire Elon Musk, with an argument about Trump’s massive tax and domestic policy bill raging across social media and in the Oval Office.",,-0.7906,negative
244796,2025-06-06 13:53:57,LBO,Amana Takaful General PLC and Seylan Bank PLC Forge Game-Changing Bancassurance Alliance,"In a significant move to reshape the landscape of insurance accessibility in Sri Lanka, Amana Takaful General PLC, one of the nation’s fastest-growing insurance providers, has entered into a strategic bancassurance agreement with Seylan Bank PLC, a trusted name among Sri Lankan banks. The partnership marks a milestone in customer-centric innovation, allowing Seylan Bank customers […]",https://www.lankabusinessonline.com/2025/06/06/amana-takaful-general-plc-and-seylan-bank-plc-forge-game-changing-bancassurance-alliance/,"Amana Takaful General PLC and Seylan Bank PLC Forge Game-Changing Bancassurance Alliance In a significant move to reshape the landscape of insurance accessibility in Sri Lanka, Amana Takaful General PLC, one of the nation’s fastest-growing insurance providers, has entered into a strategic bancassurance agreement with Seylan Bank PLC, a trusted name among Sri Lankan banks. The partnership marks a milestone in customer-centric innovation, allowing Seylan Bank customers […]",,0.8658,positive
244793,2025-06-06 13:27:22,LBO,Port City Colombo & University Of Moratuwa Host First-ever ‘smart City Ideathon’ To Advance Urban Innovation,"Port City Colombo, in collaboration with the Department of Town and Country Planning of the University of Moratuwa, has launched the inaugural “Smart City Ideathon: Innovate, Plan, and Transform Urban Futures of Port City Colombo” workshop. Hosted at the Sales Gallery, the pioneering initiative aims to explore innovative and practical approaches to urban planning, design, […]",https://www.lankabusinessonline.com/2025/06/06/port-city-colombo-university-of-moratuwa-host-first-ever-smart-city-ideathon-to-advance-urban-innovation/,"Port City Colombo & University Of Moratuwa Host First-ever ‘smart City Ideathon’ To Advance Urban Innovation Port City Colombo, in collaboration with the Department of Town and Country Planning of the University of Moratuwa, has launched the inaugural “Smart City Ideathon: Innovate, Plan, and Transform Urban Futures of Port City Colombo” workshop. Hosted at the Sales Gallery, the pioneering initiative aims to explore innovative and practical approaches to urban planning, design, […]",,0.8481,positive
244791,2025-06-05 14:27:56,LBO,Navigating Global Trade Shifts: Sri Lanka Exports for Global Success,"By Shiran Fernando Chief Economic Policy Advisor at The Ceylon Chamber of Commerce Sri Lanka has weathered a relentless succession of economic shocks in recent years. The turmoil began with the constitutional crisis in 2018, followed by the tragic Easter Sunday attacks in 2019. As the country began charting a path to recovery, the COVID-19 […]",https://www.lankabusinessonline.com/2025/06/05/navigating-global-trade-shifts-sri-lanka-exports-for-global-success/,"Navigating Global Trade Shifts: Sri Lanka Exports for Global Success By Shiran Fernando Chief Economic Policy Advisor at The Ceylon Chamber of Commerce Sri Lanka has weathered a relentless succession of economic shocks in recent years. The turmoil began with the constitutional crisis in 2018, followed by the tragic Easter Sunday attacks in 2019. As the country began charting a path to recovery, the COVID-19 […]",,-0.8555,negative
244786,2025-06-04 11:13:33,LBO,CIC Holdings delivers resilient FY25 results with 9-pct topline growth,"Agriculture-rich diversified conglomerate CIC Holdings PLC (CSE: CIC) recorded steady revenue growth during the year ended 31 March 2025 (FY25), navigating macroeconomic headwinds and intense competition. The Group posted consolidated revenue of Rs. 83.3 billion, reflecting a 9.0% year-on-year (YoY) growth, driven by broad-based momentum across its core businesses. Group gross profit rose to Rs. […]",https://www.lankabusinessonline.com/2025/06/04/cic-holdings-delivers-resilient-fy25-results-with-9-pct-topline-growth/,"CIC Holdings delivers resilient FY25 results with 9-pct topline growth Agriculture-rich diversified conglomerate CIC Holdings PLC (CSE: CIC) recorded steady revenue growth during the year ended 31 March 2025 (FY25), navigating macroeconomic headwinds and intense competition. The Group posted consolidated revenue of Rs. 83.3 billion, reflecting a 9.0% year-on-year (YoY) growth, driven by broad-based momentum across its core businesses. Group gross profit rose to Rs. […]",,0.7845,positive
244782,2025-06-03 13:53:54,LBO,Samsung Sri Lanka unveils One UI 8 beta program: Pioneering AI for new Galaxy foldables,"Samsung Electronics has officially announced the launch of its One UI 8 Beta Program, marking the dawn of a new generation in mobile software intelligence. Sri Lankan users can look forward to a revolutionary AI experience with the upcoming One UI 8, designed to redefine how Galaxy devices interact with their users. This first-generation upgrade […]",https://www.lankabusinessonline.com/2025/06/03/samsung-sri-lanka-unveils-one-ui-8-beta-program-pioneering-ai-for-new-galaxy-foldables/,"Samsung Sri Lanka unveils One UI 8 beta program: Pioneering AI for new Galaxy foldables Samsung Electronics has officially announced the launch of its One UI 8 Beta Program, marking the dawn of a new generation in mobile software intelligence. Sri Lankan users can look forward to a revolutionary AI experience with the upcoming One UI 8, designed to redefine how Galaxy devices interact with their users. This first-generation upgrade […]",,0.4767,positive
244776,2025-06-03 10:31:31,LBO,Transforming Sri Lanka: Paving the path from traditional to digital economy,"The Old Boys’ Association (OBA) of Maris Stella College, Negombo, proudly announces the upcoming edition of its flagship annual College Day oration and panel discussion, Maris Panorama 2025, scheduled to take place on 6th June 2025, from 5:30 PM to 7:30 PM at Hotel Grandeeza, Negombo. Recognized as a nationally relevant platform for discourse on […]",https://www.lankabusinessonline.com/2025/06/03/transforming-sri-lanka-paving-the-path-from-traditional-to-digital-economy/,"Transforming Sri Lanka: Paving the path from traditional to digital economy The Old Boys’ Association (OBA) of Maris Stella College, Negombo, proudly announces the upcoming edition of its flagship annual College Day oration and panel discussion, Maris Panorama 2025, scheduled to take place on 6th June 2025, from 5:30 PM to 7:30 PM at Hotel Grandeeza, Negombo. Recognized as a nationally relevant platform for discourse on […]",,0.6124,positive
244772,2025-06-02 14:33:33,LBO,CDS and Sampath Bank sign MOU to Streamline Foreign Investor Onboarding through Digital Integration,"The Central Depository Systems (Pvt) Limited (CDS), a wholly owned subsidiary of the Colombo Stock Exchange (CSE), signed a Memorandum of Understanding (MoU) with Sampath Bank PLC to enhance the facilitation of Inward Investment Accounts (IIAs) for non-resident foreign individuals (FIs) in Sri Lanka. The CDS serves as the depository and custodian for securities traded […]",https://www.lankabusinessonline.com/2025/06/02/cds-and-sampath-bank-sign-mou-to-streamline-foreign-investor-onboarding-through-digital-integration/,"CDS and Sampath Bank sign MOU to Streamline Foreign Investor Onboarding through Digital Integration The Central Depository Systems (Pvt) Limited (CDS), a wholly owned subsidiary of the Colombo Stock Exchange (CSE), signed a Memorandum of Understanding (MoU) with Sampath Bank PLC to enhance the facilitation of Inward Investment Accounts (IIAs) for non-resident foreign individuals (FIs) in Sri Lanka. The CDS serves as the depository and custodian for securities traded […]",,0.0772,positive
244770,2025-06-02 11:53:39,LBO,Range of Global Geopolitical Risk Scenarios is Widening: Fitch Ratings,"Rapid shifts in foreign policy positions and a more bilateral and transactional US foreign policy may contribute to global geopolitical volatility in the next few years, amplifying uncertainty in geostrategic hotspots, says Fitch Ratings. Geopolitics has become an increasingly relevant risk for global credit, with rising geostrategic competition between the US and China, the Russian […]",https://www.lankabusinessonline.com/2025/06/02/range-of-global-geopolitical-risk-scenarios-is-widening-fitch-ratings/,"Range of Global Geopolitical Risk Scenarios is Widening: Fitch Ratings Rapid shifts in foreign policy positions and a more bilateral and transactional US foreign policy may contribute to global geopolitical volatility in the next few years, amplifying uncertainty in geostrategic hotspots, says Fitch Ratings. Geopolitics has become an increasingly relevant risk for global credit, with rising geostrategic competition between the US and China, the Russian […]",,-0.4588,negative
244767,2025-06-02 11:31:43,LBO,Port City Colombo Commemorates Tenant Handover Of The Business Centre,"Port City Colombo commemorated the formal handover of office space to key anchor tenants with a special ceremony, which was held on 30th May 2025. The event was graced by the presence of Mr. Chen Zhong, Deputy General Manager, China Communications Construction Group, Mr. Harsha Amarasekera, Chairman, the Colombo Port City Economic Commission, Mr. Bai […]",https://www.lankabusinessonline.com/2025/06/02/port-city-colombo-commemorates-tenant-handover-of-the-business-centre/,"Port City Colombo Commemorates Tenant Handover Of The Business Centre Port City Colombo commemorated the formal handover of office space to key anchor tenants with a special ceremony, which was held on 30th May 2025. The event was graced by the presence of Mr. Chen Zhong, Deputy General Manager, China Communications Construction Group, Mr. Harsha Amarasekera, Chairman, the Colombo Port City Economic Commission, Mr. Bai […]",,0.5574,positive
244763,2025-05-31 15:37:25,LBO,CAL Marks Key Milestone with Listing on the Colombo Stock Exchange,"The shares of Capital Alliance Holdings Limited (CODE: CALH-N-0000) commenced trading on the Colombo Stock Exchange (CSE) on 30th May 2025. The shares are listed on the Main Board of the CSE under the ‘Diversified Financials’ sector. The occasion was marked with a special Bell Ringing Ceremony. The Company’s Offer for Subscription of 157,500,000 ordinary […]",https://www.lankabusinessonline.com/2025/05/31/cal-marks-key-milestone-with-listing-on-the-colombo-stock-exchange/,"CAL Marks Key Milestone with Listing on the Colombo Stock Exchange The shares of Capital Alliance Holdings Limited (CODE: CALH-N-0000) commenced trading on the Colombo Stock Exchange (CSE) on 30th May 2025. The shares are listed on the Main Board of the CSE under the ‘Diversified Financials’ sector. The occasion was marked with a special Bell Ringing Ceremony. The Company’s Offer for Subscription of 157,500,000 ordinary […]",,0.6369,positive
244761,2025-05-31 14:44:27,LBO,PickMe Delivers Rs. 1.17 bn PAT for FY2024/25 — Stellar First Full-Year Results Post-IPO,"PickMe announced its financial results for the fiscal year ended 31 March 2025, reporting a Profit After Tax (PAT) of Rs. 1.17 billion, marking a 72% year-on-year increase. The Company also recorded its strongest quarterly performance to date, with accelerated growth across both revenue and profitability metrics. Group revenue grew by 49% to Rs. 5.8 […]",https://www.lankabusinessonline.com/2025/05/31/pickme-delivers-rs-1-17-bn-pat-for-fy2024-25-stellar-first-full-year-results-post-ipo/,"PickMe Delivers Rs. 1.17 bn PAT for FY2024/25 — Stellar First Full-Year Results Post-IPO PickMe announced its financial results for the fiscal year ended 31 March 2025, reporting a Profit After Tax (PAT) of Rs. 1.17 billion, marking a 72% year-on-year increase. The Company also recorded its strongest quarterly performance to date, with accelerated growth across both revenue and profitability metrics. Group revenue grew by 49% to Rs. 5.8 […]",,0.8957,positive
244752,2025-05-29 14:34:55,LBO,"Building dreams, driving change: BYD gains ground in Sri Lanka’s auto market","The world’s leading New Energy Vehicle (NEV) brand, BYD is making significant inroads in Sri Lanka’s automotive market just months after entering the country. Since the easing of import restrictions in early 2025, the brand has rapidly gained traction among Sri Lankan consumers, with growing demand for its electric and plug-in hybrid vehicle range. The […]",https://www.lankabusinessonline.com/2025/05/29/building-dreams-driving-change-byd-gains-ground-in-sri-lankas-auto-market/,"Building dreams, driving change: BYD gains ground in Sri Lanka’s auto market The world’s leading New Energy Vehicle (NEV) brand, BYD is making significant inroads in Sri Lanka’s automotive market just months after entering the country. Since the easing of import restrictions in early 2025, the brand has rapidly gained traction among Sri Lankan consumers, with growing demand for its electric and plug-in hybrid vehicle range. The […]",,0.8957,positive
244743,2025-05-29 14:27:30,LBO,Sri Lanka’s liquid gold: The evolving story of pure Ceylon tea,"The world recently celebrated International Tea Day on 21 May 2025 under the theme “Bringing people together over a cup of tea.” The day aims to raise awareness of tea’s long history and its deep cultural and economic significance worldwide, promoting collective action for sustainable production and consumption while highlighting tea’s fundamental role in uplifting […]",https://www.lankabusinessonline.com/2025/05/29/sri-lankas-liquid-gold-the-evolving-story-of-pure-ceylon-tea/,"Sri Lanka’s liquid gold: The evolving story of pure Ceylon tea The world recently celebrated International Tea Day on 21 May 2025 under the theme “Bringing people together over a cup of tea.” The day aims to raise awareness of tea’s long history and its deep cultural and economic significance worldwide, promoting collective action for sustainable production and consumption while highlighting tea’s fundamental role in uplifting […]",,0.8074,positive
244739,2025-05-29 11:31:02,LBO,Discussion Focused on a Long-Term Industrial Development Strategy to Overcome Export Barriers,"A discussion on the challenges facing Sri Lanka’s export industry was held this morning (28) at the Presidential Secretariat, under the patronage of President Anura Kumara Disanayake. The meeting brought together heads of institutions under the Ministry of Industry and Entrepreneurship Development, as well as officials from the Ministry of Finance and Planning. The discussion […]",https://www.lankabusinessonline.com/2025/05/29/discussion-focused-on-a-long-term-industrial-development-strategy-to-overcome-export-barriers/,"Discussion Focused on a Long-Term Industrial Development Strategy to Overcome Export Barriers A discussion on the challenges facing Sri Lanka’s export industry was held this morning (28) at the Presidential Secretariat, under the patronage of President Anura Kumara Disanayake. The meeting brought together heads of institutions under the Ministry of Industry and Entrepreneurship Development, as well as officials from the Ministry of Finance and Planning. The discussion […]",,0.6124,positive
244736,2025-05-29 11:22:41,LBO,Korean Ambassador Explores Investment Opportunities at Hambantota Intl. Port,"The Ambassador for the Republic of Korea in Sri Lanka, Ms. Miyon Lee visited the Hambantota International Port (HIP), in late May, to explore potential business collaborations and assess the port’s operational capabilities for Korean investment and trade. During a guided tour of HIP’s state-of-the-art facilities, the Ambassador and her entourage comprising Deputy Head of […]",https://www.lankabusinessonline.com/2025/05/29/korean-ambassador-explores-investment-opportunities-at-hambantota-intl-port/,"Korean Ambassador Explores Investment Opportunities at Hambantota Intl. Port The Ambassador for the Republic of Korea in Sri Lanka, Ms. Miyon Lee visited the Hambantota International Port (HIP), in late May, to explore potential business collaborations and assess the port’s operational capabilities for Korean investment and trade. During a guided tour of HIP’s state-of-the-art facilities, the Ambassador and her entourage comprising Deputy Head of […]",,0.3818,positive
244733,2025-05-27 11:06:15,LBO,Alibaba.com’s Export Strategist to Guide Sri Lankan SMEs on Expanding Global Footprint,"The Ceylon Chamber of Commerce will host a special session on May 29th featuring a high-level executive from Alibaba.com, aimed at helping Sri Lankan Small and Medium Enterprises (SMEs) expand their global footprint and tap into new overseas markets.  The session will be conducted by Ma Haobo, Business Development Manager at Alibaba.com, who has supported […]",https://www.lankabusinessonline.com/2025/05/27/alibaba-coms-export-strategist-to-guide-sri-lankan-smes-on-expanding-global-footprint/,"Alibaba.com’s Export Strategist to Guide Sri Lankan SMEs on Expanding Global Footprint The Ceylon Chamber of Commerce will host a special session on May 29th featuring a high-level executive from Alibaba.com, aimed at helping Sri Lankan Small and Medium Enterprises (SMEs) expand their global footprint and tap into new overseas markets.  The session will be conducted by Ma Haobo, Business Development Manager at Alibaba.com, who has supported […]",,0.8176,positive
244729,2025-05-27 11:03:00,LBO,UK Trade Envoy on inaugural visit to Sri Lanka,"The UK Prime Minister’s Trade Envoy for Sri Lanka, Lord Hannett of Everton, is visiting Colombo from 25th-28th May. This is his first visit to Sri Lanka since he was appointed in January 2025. Lord Hannett will meet with the Minister of Trade, Commerce, Food Security and Cooperative Development Hon. Wasantha Samarasinghe, Deputy Minister for […]",https://www.lankabusinessonline.com/2025/05/27/uk-trade-envoy-on-inaugural-visit-to-sri-lanka/,"UK Trade Envoy on inaugural visit to Sri Lanka The UK Prime Minister’s Trade Envoy for Sri Lanka, Lord Hannett of Everton, is visiting Colombo from 25th-28th May. This is his first visit to Sri Lanka since he was appointed in January 2025. Lord Hannett will meet with the Minister of Trade, Commerce, Food Security and Cooperative Development Hon. Wasantha Samarasinghe, Deputy Minister for […]",,0.34,positive
244725,2025-05-26 15:51:56,LBO,Strong April 2025 performance of Sri Lanka’s Apparel sector; JAAF,"Sri Lanka’s apparel industry recorded an encouraging 15.14% year-on-year growth in April 2025, reflecting a notable rebound in demand from major global markets. According to data released by the Joint Apparel Association Forum (JAAF), exports to the EU (excluding the UK) surged by an impressive 27.04%, while shipments to the USA and UK grew by […]",https://www.lankabusinessonline.com/2025/05/26/strong-april-2025-performance-of-sri-lankas-apparel-sector-jaaf/,"Strong April 2025 performance of Sri Lanka’s Apparel sector; JAAF Sri Lanka’s apparel industry recorded an encouraging 15.14% year-on-year growth in April 2025, reflecting a notable rebound in demand from major global markets. According to data released by the Joint Apparel Association Forum (JAAF), exports to the EU (excluding the UK) surged by an impressive 27.04%, while shipments to the USA and UK grew by […]",,0.9022,positive
244722,2025-05-26 12:42:05,LBO,Sri Lanka’s Exports Surge to USD 5.5 Billion in First Four Months of 2025,"Sri Lanka’s export sector demonstrated remarkable resilience and steady progress during the first four months of 2025, with total exports reaching US$ 5,583.25 Mn, marking a robust 6.9% increase compared to the same period in 2024. This upward trend reflects renewed momentum across key industries and underscores the sector’s adaptability in an evolving global trade […]",https://www.lankabusinessonline.com/2025/05/26/sri-lankas-exports-surge-to-usd-5-5-billion-in-first-four-months-of-2025/,"Sri Lanka’s Exports Surge to USD 5.5 Billion in First Four Months of 2025 Sri Lanka’s export sector demonstrated remarkable resilience and steady progress during the first four months of 2025, with total exports reaching US$ 5,583.25 Mn, marking a robust 6.9% increase compared to the same period in 2024. This upward trend reflects renewed momentum across key industries and underscores the sector’s adaptability in an evolving global trade […]",,0.9038,positive
244715,2025-05-26 12:04:46,LBO,Stakeholders validate apparel curriculum for persons with disabilities,"A diverse group of stakeholders from Sri Lanka’s apparel industry, vocational training institutes, the Department of Social Services, Vocational Training Authority, Tertiary and Vocational Education Commission, EFC’s disability resource centre, organizations for persons with disabilities and international development agencies convened recently at the NH CollectionColombo for a national workshop focused on validating an inclusive apparel […]",https://www.lankabusinessonline.com/2025/05/26/stakeholders-validate-apparel-curriculum-for-persons-with-disabilities/,"Stakeholders validate apparel curriculum for persons with disabilities A diverse group of stakeholders from Sri Lanka’s apparel industry, vocational training institutes, the Department of Social Services, Vocational Training Authority, Tertiary and Vocational Education Commission, EFC’s disability resource centre, organizations for persons with disabilities and international development agencies convened recently at the NH CollectionColombo for a national workshop focused on validating an inclusive apparel […]",,0.8941,positive
244712,2025-05-25 10:51:54,LBO,ComBank and MD/CEO Sanath Manatunge clinch top honours as ‘Sri Lanka’s Best’ from The Asian Banker,"The Commercial Bank of Ceylon and its Managing Director/CEO Mr Sanath Manatunge have been named the ‘Best Managed Bank’ and the ‘Best Bank CEO’ in Sri Lanka respectively by The Asian Banker (TAB) magazine, bestowing on them two prestigious accolades that are presented once in every three years. These awards, in respect of the 2022-2024 […]",https://www.lankabusinessonline.com/2025/05/25/combank-and-md-ceo-sanath-manatunge-clinch-top-honours-as-sri-lankas-best-from-the-asian-banker/,"ComBank and MD/CEO Sanath Manatunge clinch top honours as ‘Sri Lanka’s Best’ from The Asian Banker The Commercial Bank of Ceylon and its Managing Director/CEO Mr Sanath Manatunge have been named the ‘Best Managed Bank’ and the ‘Best Bank CEO’ in Sri Lanka respectively by The Asian Banker (TAB) magazine, bestowing on them two prestigious accolades that are presented once in every three years. These awards, in respect of the 2022-2024 […]",,0.91,positive
244709,2025-05-25 10:44:19,LBO,Hambantota International Port Group Enhances Vehicle Clearance Efficiency,"Hambantota International Port Group (HIPG) has responded decisively to recent complaints regarding delays in vehicle clearance. Since February 2025, more than 9,151 vehicles, both used and brand new, have entered the country through the HIP, placing increased demand on port operations. In light of this, the Hambantota International Port Group (HIPG) has implemented a series […]",https://www.lankabusinessonline.com/2025/05/25/hambantota-international-port-group-enhances-vehicle-clearance-efficiency/,"Hambantota International Port Group Enhances Vehicle Clearance Efficiency Hambantota International Port Group (HIPG) has responded decisively to recent complaints regarding delays in vehicle clearance. Since February 2025, more than 9,151 vehicles, both used and brand new, have entered the country through the HIP, placing increased demand on port operations. In light of this, the Hambantota International Port Group (HIPG) has implemented a series […]",,0.1027,positive
244706,2025-05-24 10:07:36,LBO,Sri Lankan Delegation to Engage in Tariff Talks in Washington,"A Sri Lankan delegation is set to participate in discussions in Washington, D.C., focusing on tariff-related matters, following an invitation extended by the Office of the United States Trade Representative (USTR). This is the second in-person meeting aimed at ongoing efforts to strengthen bilateral trade relations between the two nations. This initiative builds on several […]",https://www.lankabusinessonline.com/2025/05/24/sri-lankan-delegation-to-engage-in-tariff-talks-in-washington/,"Sri Lankan Delegation to Engage in Tariff Talks in Washington A Sri Lankan delegation is set to participate in discussions in Washington, D.C., focusing on tariff-related matters, following an invitation extended by the Office of the United States Trade Representative (USTR). This is the second in-person meeting aimed at ongoing efforts to strengthen bilateral trade relations between the two nations. This initiative builds on several […]",,0.765,positive
244703,2025-05-23 10:20:02,LBO,"‘s Electricity Reforms, Financing Assurances Review for Next Tranche","The much-anticipated approval of Sri Lanka’s Extended Fund Facility (EFF) program by the International Monetary Fund (IMF) Executive Board is expected “in the coming weeks,” but its precise timing hinges on two key contingencies, according to Julie Kozack, Director of the IMF’s Communications Department. During a press briefing on May 22, 2025, Kozack addressed questions […]",https://www.lankabusinessonline.com/2025/05/23/imf-puts-spotlight-on-sri-lankas-electricity-reforms-financing-assurances-review-for-next-tranche/,"‘s Electricity Reforms, Financing Assurances Review for Next Tranche The much-anticipated approval of Sri Lanka’s Extended Fund Facility (EFF) program by the International Monetary Fund (IMF) Executive Board is expected “in the coming weeks,” but its precise timing hinges on two key contingencies, according to Julie Kozack, Director of the IMF’s Communications Department. During a press briefing on May 22, 2025, Kozack addressed questions […]",,0.4118,positive
244701,2025-05-22 08:17:16,LBO,Central Bank further reduces Overnight Policy Rate by 0.25-pct,"The Monetary Policy Board decided to reduce the OPR by 25 bps to 7.75% at its meeting held yesterday, thereby easing monetary policy further. The Board arrived at this decision after carefully considering the developments both domestically and globally. The Board is of the view that this measured easing of monetary policy stance will support […]",https://www.lankabusinessonline.com/2025/05/22/central-bank-further-reduces-overnight-policy-rate-by-0-25-pct/,"Central Bank further reduces Overnight Policy Rate by 0.25-pct The Monetary Policy Board decided to reduce the OPR by 25 bps to 7.75% at its meeting held yesterday, thereby easing monetary policy further. The Board arrived at this decision after carefully considering the developments both domestically and globally. The Board is of the view that this measured easing of monetary policy stance will support […]",,0.7351,positive
244692,2025-05-16 10:11:45,LBO,Going Beyond the US Reciprocal Tariffs: Sri Lanka’s Exposure to the Tariffs and Exemptions,"By Dr Asanka Wijesinghe The United States’ (US) proclamation of “reciprocal tariffs” dealt a blow to the global trade system based on the World Trade Organisation (WTO) principles. With the individualised tariff rates, the US has discarded non-discrimination in the Most-Favoured-Nation (MFN) tariff structure. The “reciprocal tariff” rate does not show any reciprocity but rather […]",https://www.lankabusinessonline.com/2025/05/16/going-beyond-the-us-reciprocal-tariffs-sri-lankas-exposure-to-the-tariffs-and-exemptions/,"Going Beyond the US Reciprocal Tariffs: Sri Lanka’s Exposure to the Tariffs and Exemptions By Dr Asanka Wijesinghe The United States’ (US) proclamation of “reciprocal tariffs” dealt a blow to the global trade system based on the World Trade Organisation (WTO) principles. With the individualised tariff rates, the US has discarded non-discrimination in the Most-Favoured-Nation (MFN) tariff structure. The “reciprocal tariff” rate does not show any reciprocity but rather […]",,0.0516,positive
244689,2025-05-15 17:05:10,LBO,Hemas Holdings PLC Appoints Ashish Chandra as Group Chief Executive Officer,"Hemas Holdings PLC, announced the appointment of Ashish Chandra as its new Group Chief Executive Officer, effective 1st July 2025.  This appointment marks a strategic inflection point for Hemas as the Group sharpens its focus on accelerating growth across larger emerging markets, expansion into adjacencies, and driving technology-led transformation to position the business for sustained success.  A seasoned […]",https://www.lankabusinessonline.com/2025/05/15/hemas-holdings-plc-appoints-ashish-chandra-as-group-chief-executive-officer/,"Hemas Holdings PLC Appoints Ashish Chandra as Group Chief Executive Officer Hemas Holdings PLC, announced the appointment of Ashish Chandra as its new Group Chief Executive Officer, effective 1st July 2025.  This appointment marks a strategic inflection point for Hemas as the Group sharpens its focus on accelerating growth across larger emerging markets, expansion into adjacencies, and driving technology-led transformation to position the business for sustained success.  A seasoned […]",,0.8555,positive
244684,2025-05-15 15:19:38,LBO,U.S. Embassy Transfers USD 1 Mn in Advanced Nuclear Detection Equipment to Strengthen SL’s Maritime Security,"The U.S. Embassy in Sri Lanka has provided state-of-the-art radiation and chemical detection equipment valued at $1 million (299 million LKR) to the Sri Lanka Navy, significantly boosting the country’s capacity to detect and respond to nuclear, radiological, and chemical threats in its maritime domain. This advanced equipment, supplied through the Department of Energy’s National […]",https://www.lankabusinessonline.com/2025/05/15/u-s-embassy-transfers-usd1-mn-in-advanced-nuclear-detection-equipment-to-strengthen-sls-maritime-security/,"U.S. Embassy Transfers USD 1 Mn in Advanced Nuclear Detection Equipment to Strengthen SL’s Maritime Security The U.S. Embassy in Sri Lanka has provided state-of-the-art radiation and chemical detection equipment valued at $1 million (299 million LKR) to the Sri Lanka Navy, significantly boosting the country’s capacity to detect and respond to nuclear, radiological, and chemical threats in its maritime domain. This advanced equipment, supplied through the Department of Energy’s National […]",,0.8573,positive
244681,2025-05-15 15:12:22,LBO,”; Outlook Stable,"Fitch Ratings has affirmed the National Long-Term Ratings of Sri Lanka-based conglomerate Melstacorp PLC and its subsidiary, Distilleries Company of Sri Lanka PLC (DIST), at ‘AAA(lka)’. The Outlook is Stable. The ratings on Melstacorp and its stronger subsidiary DIST are based on the consolidated credit profile of Melstacorp, in line with Fitch’s Parent and Subsidiary Linkage […]",https://www.lankabusinessonline.com/2025/05/15/fitch-affirms-melstacorp-and-subsidiary-distilleries-at-aaalka-outlook-stable-2/,"”; Outlook Stable Fitch Ratings has affirmed the National Long-Term Ratings of Sri Lanka-based conglomerate Melstacorp PLC and its subsidiary, Distilleries Company of Sri Lanka PLC (DIST), at ‘AAA(lka)’. The Outlook is Stable. The ratings on Melstacorp and its stronger subsidiary DIST are based on the consolidated credit profile of Melstacorp, in line with Fitch’s Parent and Subsidiary Linkage […]",,0.8225,positive
244669,2025-05-15 12:03:14,LBO,"Sri Lanka’s Land Market Shows Strong Momentum Amid Growing Demand, Reports LankaPropertyWeb","The Sri Lankan land market is gaining renewed strength, with Colombo and the broader Western Province leading the way in price growth, according to the latest Land Price Index (LPI) published by LankaPropertyWeb (LPW). The 2025 index reveals that land prices in Colombo city (Colombo 1-15) have risen by 7% year-on-year, while the overall Western […]",https://www.lankabusinessonline.com/2025/05/15/sri-lankas-land-market-shows-strong-momentum-amid-growing-demand-reports-lankapropertyweb/,"Sri Lanka’s Land Market Shows Strong Momentum Amid Growing Demand, Reports LankaPropertyWeb The Sri Lankan land market is gaining renewed strength, with Colombo and the broader Western Province leading the way in price growth, according to the latest Land Price Index (LPI) published by LankaPropertyWeb (LPW). The 2025 index reveals that land prices in Colombo city (Colombo 1-15) have risen by 7% year-on-year, while the overall Western […]",,0.9022,positive
244667,2025-05-15 11:48:14,LBO,ComBank ends Q1 as first private sector banking group on cusp of Rs 3 Tn. assets milestone,"Loan book grows by Rs 116.75 Bn. in 3 months to Rs 1.642 Tn. Net interest income up 23.53% to Rs 34.21 Bn. Improves provision cover and interest margin alongside balance sheet growth   Reports 3-month PBT of Rs 22.56 Bn. and PAT of Rs 14.97 Bn., with taxes amounting to Rs. 11.61 Bn. The […]",https://www.lankabusinessonline.com/2025/05/15/combank-ends-q1-as-first-private-sector-banking-group-on-cusp-of-rs-3-tn-assets-milestone/,"ComBank ends Q1 as first private sector banking group on cusp of Rs 3 Tn. assets milestone Loan book grows by Rs 116.75 Bn. in 3 months to Rs 1.642 Tn. Net interest income up 23.53% to Rs 34.21 Bn. Improves provision cover and interest margin alongside balance sheet growth   Reports 3-month PBT of Rs 22.56 Bn. and PAT of Rs 14.97 Bn., with taxes amounting to Rs. 11.61 Bn. The […]",,0.9022,positive
244664,2025-05-15 11:43:10,LBO,Hameedia launches ‘We Create’ – Sri Lanka’s first-ever online tailoring platform,"Hameedia, Sri Lanka’s leading menswear brand, recently launched ‘We Create’, the country’s first-ever digital tailoring platform, via www.envoylondontailorstore.com. This innovation reflects Hameedia’s 75-year legacy of craftsmanship combined with modern technology, allowing customers to design personalized garments online. More than just clothing, Hameedia views fashion as the art of crafting identity. The brand has built a […]",https://www.lankabusinessonline.com/2025/05/15/hameedia-launches-we-create-sri-lankas-first-ever-online-tailoring-platform/,"Hameedia launches ‘We Create’ – Sri Lanka’s first-ever online tailoring platform Hameedia, Sri Lanka’s leading menswear brand, recently launched ‘We Create’, the country’s first-ever digital tailoring platform, via www.envoylondontailorstore.com. This innovation reflects Hameedia’s 75-year legacy of craftsmanship combined with modern technology, allowing customers to design personalized garments online. More than just clothing, Hameedia views fashion as the art of crafting identity. The brand has built a […]",,0.5423,positive
244657,2025-05-15 11:14:43,LBO,NSBM signs loan agreement with BOC to accelerate phase II University development,"NSBM Green University has signed a strategic loan agreement with the Bank of Ceylon (BOC) to support the ongoing Phase II development of its Homagama campus in a signing ceremony held on the 8th of May 2025 at the NSBM premises. The agreement was signed by Professor E. A. Weerasinghe, Vice Chancellor of NSBM, together with Professor Chaminda Rathnayake, […]",https://www.lankabusinessonline.com/2025/05/15/nsbm-signs-loan-agreement-with-boc-to-accelerate-phase-ii-university-development/,"NSBM signs loan agreement with BOC to accelerate phase II University development NSBM Green University has signed a strategic loan agreement with the Bank of Ceylon (BOC) to support the ongoing Phase II development of its Homagama campus in a signing ceremony held on the 8th of May 2025 at the NSBM premises. The agreement was signed by Professor E. A. Weerasinghe, Vice Chancellor of NSBM, together with Professor Chaminda Rathnayake, […]",,0.9062,positive
244654,2025-05-14 11:18:44,LBO,US-China Tariff De-escalation Does Not Signal Trade Normalisation: Fitch Ratings,"The Joint Statement on US-China Economic and Trade Meeting in Geneva published on 12 May appears to be a significant de-escalation of the trade war between the two countries, Fitch Ratings says. But in the absence of a lasting deal, uncertainty over where tariff rates will settle and the impact of those already implemented will […]",https://www.lankabusinessonline.com/2025/05/14/us-china-tariff-de-escalation-does-not-signal-trade-normalisation-fitch-ratings/,"US-China Tariff De-escalation Does Not Signal Trade Normalisation: Fitch Ratings The Joint Statement on US-China Economic and Trade Meeting in Geneva published on 12 May appears to be a significant de-escalation of the trade war between the two countries, Fitch Ratings says. But in the absence of a lasting deal, uncertainty over where tariff rates will settle and the impact of those already implemented will […]",,-0.631,negative
244649,2025-05-13 13:59:41,LBO,Navigating Sri Lanka’s digital future: A conversation with Dr. Hans Wijayasuriya,"By Ashanthi Ratnasingham Sri Lanka is entering a defining chapter in its digital journey—one that could reshape how citizens live, work, and connect. As global economies accelerate toward smarter governance, inclusive connectivity, and resilient digital infrastructure, Sri Lanka is laying the groundwork to leapfrog into a digitally empowered future. Leading this transformation is Dr. Hans […]",https://www.lankabusinessonline.com/2025/05/13/navigating-sri-lankas-digital-future-a-conversation-with-dr-hans-wijayasuriya/,"Navigating Sri Lanka’s digital future: A conversation with Dr. Hans Wijayasuriya By Ashanthi Ratnasingham Sri Lanka is entering a defining chapter in its digital journey—one that could reshape how citizens live, work, and connect. As global economies accelerate toward smarter governance, inclusive connectivity, and resilient digital infrastructure, Sri Lanka is laying the groundwork to leapfrog into a digitally empowered future. Leading this transformation is Dr. Hans […]",,0.4588,positive
244646,2025-05-13 09:51:56,LBO,U.S Effective Tariff Rate Declines to 13% from 23% with Lower China Duty: Fitch Ratings,"Fitch Ratings has updated the U.S. Effective Tariff Monitor following the Joint Statement on U.S.-China Economic and Trade Meeting in Geneva, May 12, 2025, that reduces reciprocal tariffs. Fitch estimates that the U.S. effective tariff rate (ETR) is now 13.1%, a notable decline from 22.8% prior to the statement. The 34% reciprocal rate imposed by the U.S. […]",https://www.lankabusinessonline.com/2025/05/13/u-s-effective-tariff-rate-declines-to-13-from-23-with-lower-china-duty-fitch-ratings/,"U.S Effective Tariff Rate Declines to 13% from 23% with Lower China Duty: Fitch Ratings Fitch Ratings has updated the U.S. Effective Tariff Monitor following the Joint Statement on U.S.-China Economic and Trade Meeting in Geneva, May 12, 2025, that reduces reciprocal tariffs. Fitch estimates that the U.S. effective tariff rate (ETR) is now 13.1%, a notable decline from 22.8% prior to the statement. The 34% reciprocal rate imposed by the U.S. […]",,0.7783,positive
244644,2025-05-09 17:25:40,LBO,Sri Lanka CERT Issues Cybersecurity Alert Amid Regional Concerns,"In light of recent cybersecurity reports emerging from the South Asian region, Sri Lanka Computer Emergency Readiness Team (CERT) has issued an urgent advisory urging all public and private sector organizations within the nation to elevate their cybersecurity vigilance and implement necessary precautionary measures. While Sri Lanka CERT explicitly stated that there is no direct […]",https://www.lankabusinessonline.com/2025/05/09/sri-lanka-cert-issues-cybersecurity-alert-amid-regional-concerns/,"Sri Lanka CERT Issues Cybersecurity Alert Amid Regional Concerns In light of recent cybersecurity reports emerging from the South Asian region, Sri Lanka Computer Emergency Readiness Team (CERT) has issued an urgent advisory urging all public and private sector organizations within the nation to elevate their cybersecurity vigilance and implement necessary precautionary measures. While Sri Lanka CERT explicitly stated that there is no direct […]",,0.0516,positive
244642,2025-05-09 08:26:45,LBO,"Trade War Hits Emerging Market Growth, Weaker Dollar Eases Some Risks: Fitch Ratings","Emerging-market (EM) issuers are variously exposed to direct and indirect impacts from the global trade war, Fitch Ratings says in a new report. Credit pressures may become most evident in EMs where tariff effects combine with aggravating factors or add to pre-existing pressures, even if direct US tariff exposures are small. APAC’s high trade openness […]",https://www.lankabusinessonline.com/2025/05/09/trade-war-hits-emerging-market-growth-weaker-dollar-eases-some-risks-fitch-ratings/,"Trade War Hits Emerging Market Growth, Weaker Dollar Eases Some Risks: Fitch Ratings Emerging-market (EM) issuers are variously exposed to direct and indirect impacts from the global trade war, Fitch Ratings says in a new report. Credit pressures may become most evident in EMs where tariff effects combine with aggravating factors or add to pre-existing pressures, even if direct US tariff exposures are small. APAC’s high trade openness […]",,-0.875,negative
244636,2025-05-08 16:28:11,LBO,U.S. and Sri Lanka Mark 20 Years of Port Security Cooperation with Colombo Radiation Detection Upgrade,"U.S. Ambassador to Sri Lanka Julie Chung commissioned new radiation detection equipment at Port of Colombo on Friday, March 28, provided by the U.S. Department of Energy/National Nuclear Security Administration (DOE/NNSA)’s Office of Nuclear Smuggling Detection and Deterrence (NSDD) through its Megaports Initiative. The equipment, valued at approximately $500,000 (Rs. 148 million), will be used […]",https://www.lankabusinessonline.com/2025/05/08/u-s-and-sri-lanka-mark-20-years-of-port-security-cooperation-with-colombo-radiation-detection-upgrade/,"U.S. and Sri Lanka Mark 20 Years of Port Security Cooperation with Colombo Radiation Detection Upgrade U.S. Ambassador to Sri Lanka Julie Chung commissioned new radiation detection equipment at Port of Colombo on Friday, March 28, provided by the U.S. Department of Energy/National Nuclear Security Administration (DOE/NNSA)’s Office of Nuclear Smuggling Detection and Deterrence (NSDD) through its Megaports Initiative. The equipment, valued at approximately $500,000 (Rs. 148 million), will be used […]",,0.5574,positive
244634,2025-05-08 12:31:56,LBO,Human Development progress slows to a 35-year low according to UN Development Programme report,"Human development progress is experiencing an unprecedented slowdown according to a new report released today by the United Nations Development Programme (UNDP). The report shows how Artificial Intelligence (AI) could reignite development. Instead of seeing sustained recovery following the period of exceptional crises of 2020-2021, the report reveals unexpectedly weak progress. Excluding those crisis years, […]",https://www.lankabusinessonline.com/2025/05/08/human-development-progress-slows-to-a-35-year-low-according-to-un-development-programme-report/,"Human Development progress slows to a 35-year low according to UN Development Programme report Human development progress is experiencing an unprecedented slowdown according to a new report released today by the United Nations Development Programme (UNDP). The report shows how Artificial Intelligence (AI) could reignite development. Instead of seeing sustained recovery following the period of exceptional crises of 2020-2021, the report reveals unexpectedly weak progress. Excluding those crisis years, […]",,0.6369,positive
244632,2025-05-08 12:20:35,LBO,Civil society organizations Urge Government to Recommit to Open Government Partnership Amid Risk of Expulsion,"As co-conveners of the Civil Society Organizations (CSOs) of the Open Government Partnership (OGP) process in Sri Lanka, Transparency International Sri Lanka (TISL) and the Sarvodaya Shramadana Movement express deep concern over the government’s continued lack of commitment to participatory governance. This inaction jeopardizes Sri Lanka’s membership in the OGP and starkly contradicts the government’s […]",https://www.lankabusinessonline.com/2025/05/08/civil-society-organizations-urge-government-to-recommit-to-open-government-partnership-amid-risk-of-expulsion/,"Civil society organizations Urge Government to Recommit to Open Government Partnership Amid Risk of Expulsion As co-conveners of the Civil Society Organizations (CSOs) of the Open Government Partnership (OGP) process in Sri Lanka, Transparency International Sri Lanka (TISL) and the Sarvodaya Shramadana Movement express deep concern over the government’s continued lack of commitment to participatory governance. This inaction jeopardizes Sri Lanka’s membership in the OGP and starkly contradicts the government’s […]",,-0.6652,negative
244629,2025-05-08 12:15:11,LBO,”’,"Fitch Ratings has assigned Seylan Bank PLC’s (A+(lka)/Stable) proposed Sri Lankan rupee-denominated, Basel III-compliant subordinated debentures of up to LKR15 billion an expected National Long-Term Rating of ‘A-(EXP)(lka)’. The proposed debentures, which will have maturities of five, seven and 10 years, will be listed on the Colombo Stock Exchange. The bank plans to use the […]",https://www.lankabusinessonline.com/2025/05/08/fitch-rates-seylan-banks-basel-iii-subordinated-debt-a-explka/,"”’ Fitch Ratings has assigned Seylan Bank PLC’s (A+(lka)/Stable) proposed Sri Lankan rupee-denominated, Basel III-compliant subordinated debentures of up to LKR15 billion an expected National Long-Term Rating of ‘A-(EXP)(lka)’. The proposed debentures, which will have maturities of five, seven and 10 years, will be listed on the Colombo Stock Exchange. The bank plans to use the […]",,0.0,neutral
244610,2025-05-07 14:43:22,LBO,RIUNIT suburban real  estate update: Rajagiriya,"A residential oasis Rajagiriya, once a quiet Colombo suburb was initiallyflagged in the RIUNIT Real Estate Market report in 2014 as having one of the highest growth potentials amongst all the suburbs in the Western Province. Since then, the area has consolidated its position as a high-growth real estate hub, leveraging its strategic urban proximity […]",https://www.lankabusinessonline.com/2025/05/07/riunit-suburban-real-estate-update-rajagiriya/,"RIUNIT suburban real  estate update: Rajagiriya A residential oasis Rajagiriya, once a quiet Colombo suburb was initiallyflagged in the RIUNIT Real Estate Market report in 2014 as having one of the highest growth potentials amongst all the suburbs in the Western Province. Since then, the area has consolidated its position as a high-growth real estate hub, leveraging its strategic urban proximity […]",,0.3818,positive
244607,2025-05-04 10:35:03,LBO,CSE and NCE Partner to Empower Sri Lankan Exporters,"The Colombo Stock Exchange (CSE) and the National Chamber of Exporters of Sri Lanka (NCE) entered into a strategic partnership to support Sri Lankan exporters by enhancing their access to capital market opportunities and broadening visibility for their businesses. The partnership agreement was signed by Mr. Shiham Marikar, Secretary General / CEO, The National Chamber […]",https://www.lankabusinessonline.com/2025/05/04/cse-and-nce-partner-to-empower-sri-lankan-exporters/,"CSE and NCE Partner to Empower Sri Lankan Exporters The Colombo Stock Exchange (CSE) and the National Chamber of Exporters of Sri Lanka (NCE) entered into a strategic partnership to support Sri Lankan exporters by enhancing their access to capital market opportunities and broadening visibility for their businesses. The partnership agreement was signed by Mr. Shiham Marikar, Secretary General / CEO, The National Chamber […]",,0.8176,positive
244601,2025-05-02 13:02:44,LBO,”’,"Fitch Ratings has assigned Bank of Ceylon’s (BOC, CCC+/CCC+/AA-(lka)/Stable) proposed Sri Lankan rupee-denominated Basel III-compliant subordinated debentures of up to LKR15 billion a final National Long-Term Rating of ‘A(lka)’. The final rating is the same as the expected rating assigned on 2 April 2025, as it follows the receipt of documents conforming to information already […]",https://www.lankabusinessonline.com/2025/05/02/fitch-rates-bank-of-ceylons-basel-iii-subordinated-debt-final-alka/,"”’ Fitch Ratings has assigned Bank of Ceylon’s (BOC, CCC+/CCC+/AA-(lka)/Stable) proposed Sri Lankan rupee-denominated Basel III-compliant subordinated debentures of up to LKR15 billion a final National Long-Term Rating of ‘A(lka)’. The final rating is the same as the expected rating assigned on 2 April 2025, as it follows the receipt of documents conforming to information already […]",,0.0,neutral
244598,2025-04-30 15:56:10,LBO,"Positively considering GSP+ review, says Charles Whiteley, Head of South Asia Division of EU","The Head of South Asia Division, European External Action Service of the European Union Mr. Charles Whiteley stated that the European Union has a favorable perspective on the current GSP+ review process. He made these remarks during a meeting held today (30) at the Presidential Secretariat with President Anura Kumara Disanayake, as part of an […]",https://www.lankabusinessonline.com/2025/04/30/positively-considering-gsp-review-says-charles-whiteley-head-of-south-asia-division-of-eu/,"Positively considering GSP+ review, says Charles Whiteley, Head of South Asia Division of EU The Head of South Asia Division, European External Action Service of the European Union Mr. Charles Whiteley stated that the European Union has a favorable perspective on the current GSP+ review process. He made these remarks during a meeting held today (30) at the Presidential Secretariat with President Anura Kumara Disanayake, as part of an […]",,0.7579,positive
244594,2025-04-29 15:58:48,LBO,Sri Lanka Ports Authority Welcomes MSC MARIELLA – The Largest Container Vessel Ever to Call at Sri Lanka,"Marking a historic milestone for Sri Lanka’s maritime industry, the ultra-large container vessel (ULCV) MSC MARIELLA, one of the largest container vessels in the world and the largest in the MSC fleet, made its maiden call at the Colombo East Container Terminal (CECT) of the Sri Lanka Ports Authority (SLPA) at the Port of Colombo […]",https://www.lankabusinessonline.com/2025/04/29/sri-lanka-ports-authority-welcomes-msc-mariella-the-largest-container-vessel-ever-to-call-at-sri-lanka/,"Sri Lanka Ports Authority Welcomes MSC MARIELLA – The Largest Container Vessel Ever to Call at Sri Lanka Marking a historic milestone for Sri Lanka’s maritime industry, the ultra-large container vessel (ULCV) MSC MARIELLA, one of the largest container vessels in the world and the largest in the MSC fleet, made its maiden call at the Colombo East Container Terminal (CECT) of the Sri Lanka Ports Authority (SLPA) at the Port of Colombo […]",,0.5106,positive
244591,2025-04-29 11:35:18,LBO,IGT 1 officially on-boards at Business Centre at Port City Colombo,"IGT 1 Outsourcing Lanka (Private) Ltd, hereafter referred to as ‘IGT 1 Lanka’, the subsidiary of IGT Holding I Sweden AB, and sister company of IFS Sri Lanka, recently signed an agreement to officially on-board as office tenant at the Business Centre at Port City Colombo. The leasing agreement was signed by Sal Laher, IGT […]",https://www.lankabusinessonline.com/2025/04/29/igt-1-officially-on-boards-at-business-centre-at-port-city-colombo/,"IGT 1 officially on-boards at Business Centre at Port City Colombo IGT 1 Outsourcing Lanka (Private) Ltd, hereafter referred to as ‘IGT 1 Lanka’, the subsidiary of IGT Holding I Sweden AB, and sister company of IFS Sri Lanka, recently signed an agreement to officially on-board as office tenant at the Business Centre at Port City Colombo. The leasing agreement was signed by Sal Laher, IGT […]",,0.7506,positive
244588,2025-04-28 09:29:59,LBO,”; Outlook Stable,"Fitch Ratings has affirmed the National Long-Term Rating on Sri Lankan consumer brands and healthcare company, Hemas Holdings PLC, at ‘AAA(lka)’ with a Stable Outlook. The rating underscores Hemas’ defensive operating cash flows, driven by its healthcare and consumer brands businesses, which contribute approximately 90% of the group’s EBIT. The Stable Outlook is supported by […]",https://www.lankabusinessonline.com/2025/04/28/fitch-affirms-hemas-holdings-at-aaalka-outlook-stable-2/,"”; Outlook Stable Fitch Ratings has affirmed the National Long-Term Rating on Sri Lankan consumer brands and healthcare company, Hemas Holdings PLC, at ‘AAA(lka)’ with a Stable Outlook. The rating underscores Hemas’ defensive operating cash flows, driven by its healthcare and consumer brands businesses, which contribute approximately 90% of the group’s EBIT. The Stable Outlook is supported by […]",,0.7906,positive
244586,2025-04-27 10:38:13,LBO,Colombo Stock Exchange Introduces GSS+ Bonds to the Sri Lankan Capital Market,"In line with a broader, more inclusive approach and in alignment with evolving global standards, the Colombo Stock Exchange (CSE) is pleased to announce the launch of the GSS+ Bonds Regulatory Framework, effective March 2025. This marks the first comprehensive regulatory framework in Sri Lanka dedicated to thematic bonds. Under this initiative, the term “Sustainability […]",https://www.lankabusinessonline.com/2025/04/27/colombo-stock-exchange-introduces-gss-bonds-to-the-sri-lankan-capital-market/,"Colombo Stock Exchange Introduces GSS+ Bonds to the Sri Lankan Capital Market In line with a broader, more inclusive approach and in alignment with evolving global standards, the Colombo Stock Exchange (CSE) is pleased to announce the launch of the GSS+ Bonds Regulatory Framework, effective March 2025. This marks the first comprehensive regulatory framework in Sri Lanka dedicated to thematic bonds. Under this initiative, the term “Sustainability […]",,0.875,positive
244583,2025-04-27 10:35:30,LBO,First Seven Seals RORO Vessel Carrying Used Vehicles Arrives at HIP Post Removal of Import Restrictions,"Hambantota International Port (HIP) received a consignment of 1,560 used vehicles last week, marking the first shipment on a Seven Seals vessel to the port since the lifting of the import ban. Among the arrivals were four High and Heavy units, with the rest comprising popular models such as the Toyota Land Cruiser, Prado, BMW, […]",https://www.lankabusinessonline.com/2025/04/27/first-seven-seals-roro-vessel-carrying-used-vehicles-arrives-at-hip-post-removal-of-import-restrictions/,"First Seven Seals RORO Vessel Carrying Used Vehicles Arrives at HIP Post Removal of Import Restrictions Hambantota International Port (HIP) received a consignment of 1,560 used vehicles last week, marking the first shipment on a Seven Seals vessel to the port since the lifting of the import ban. Among the arrivals were four High and Heavy units, with the rest comprising popular models such as the Toyota Land Cruiser, Prado, BMW, […]",,-0.2023,negative
244581,2025-04-26 09:54:31,LBO,EU GSP+ Monitoring Mission to visit Sri Lanka next week,A team of senior European Union (EU) officials will undertake a visit to Sri Lanka from 28 April – 07May 2025 to review Sri Lanka’s progress in implementing the 27 international conventions under the Generalized Scheme of Preferences Plus (GSP+) trade preferences program of the EU. The EU is Sri Lanka’s second largest export destination […],https://www.lankabusinessonline.com/2025/04/26/eu-gsp-monitoring-mission-to-visit-sri-lanka-next-week/,EU GSP+ Monitoring Mission to visit Sri Lanka next week A team of senior European Union (EU) officials will undertake a visit to Sri Lanka from 28 April – 07May 2025 to review Sri Lanka’s progress in implementing the 27 international conventions under the Generalized Scheme of Preferences Plus (GSP+) trade preferences program of the EU. The EU is Sri Lanka’s second largest export destination […],,0.4215,positive
244579,2025-04-25 18:10:12,LBO,Sri Lanka delegation agrees to work with US in lowering tariff and non-tariff barriers,"Statement by the Government of Sri Lanka on discussions held in Washington DC with United States Trade Representative (USTR) Office on reciprocal tariff A Sri Lankan delegation met with US Trade Representative Ambassador Jamieson Greer on the 22nd of April, 2025 at the US Trade Representative Office in Washington D.C. Sri Lankan delegation on the […]",https://www.lankabusinessonline.com/2025/04/25/sri-lanka-delegation-agrees-to-work-with-us-in-lowering-tariff-and-non-tariff-barriers/,"Sri Lanka delegation agrees to work with US in lowering tariff and non-tariff barriers Statement by the Government of Sri Lanka on discussions held in Washington DC with United States Trade Representative (USTR) Office on reciprocal tariff A Sri Lankan delegation met with US Trade Representative Ambassador Jamieson Greer on the 22nd of April, 2025 at the US Trade Representative Office in Washington D.C. Sri Lankan delegation on the […]",,0.3818,positive
244577,2025-04-25 17:53:16,LBO,IMF Reaches Staff-Level Agreement on Fourth Review under EFF with Sri Lanka; Global Trade Policy Uncertainty Poses Risks,"IMF staff and the Sri Lankan authorities have reached staff-level agreement on economic policies to conclude the Fourth Review of Sri Lanka’s reform program supported by the IMF’s Extended Fund Facility. Once the review is approved by the IMF Executive Board, Sri Lanka will have access to about US$344 million in financing. Program performance remains […]",https://www.lankabusinessonline.com/2025/04/25/imf-reaches-staff-level-agreement-on-fourth-review-under-eff-with-sri-lanka-global-trade-policy-uncertainty-poses-risks/,"IMF Reaches Staff-Level Agreement on Fourth Review under EFF with Sri Lanka; Global Trade Policy Uncertainty Poses Risks IMF staff and the Sri Lankan authorities have reached staff-level agreement on economic policies to conclude the Fourth Review of Sri Lanka’s reform program supported by the IMF’s Extended Fund Facility. Once the review is approved by the IMF Executive Board, Sri Lanka will have access to about US$344 million in financing. Program performance remains […]",,0.8225,positive
