symbol,report_type,year,title,url
ABAN.N0000,Annual,2025.0,ANNUAL REPORT AS OF 31-03-2025,https://www.cse.lk/cmt/upload_report_file/642_1756460085368.pdf
ABAN.N0000,Annual,2024.0,Annual Report 2023/2024,https://www.cse.lk/cmt/upload_report_file/642_1725016991782.pdf
ABAN.N0000,Annual,2023.0,Annual Report 2022/23,https://www.cse.lk/cmt/upload_report_file/642_1693480831962.pdf
ABAN.N0000,Annual,2022.0,ANNUAL REPORT 2021/2022,https://www.cse.lk/cmt/upload_report_file/642_1661936913660.pdf
ABAN.N0000,Annual,2021.0,Annual Report 2020/2021,https://www.cse.lk/cmt/upload_report_file/642_1630324841413.pdf
ABAN.N0000,Annual,2020.0,Annual Report 2019/2020,https://www.cse.lk/cmt/upload_report_file/642_1598611245789.pdf
ABAN.N0000,Annual,2019.0,Annual Report 2018/2019,https://www.cse.lk/cmt/upload_report_file/642_1566810811231.R. 2018-19.pdf
ABAN.N0000,Annual,2018.0,Annual Report 2017/2018,https://www.cse.lk/upload_report_file/642_1535023338016.pdf
ABAN.N0000,Annual,2017.0,Annual Report 2016/2017,https://www.cse.lk/upload_report_file/642_1502793422.pdf
ABAN.N0000,Annual,2016.0,Annual Report 2015/2016,https://www.cse.lk/upload_report_file/642_1472640290991.pdf
ABAN.N0000,Annual,2015.0,Annual Report 2014/2015,https://www.cse.lk/upload_report_file/642_1439205876382.pdf
ABAN.N0000,Annual,2014.0,Annual Report 2013/2014,https://www.cse.lk/upload_report_file/642_1409311641215.pdf
ABAN.N0000,Annual,2013.0,Annual Report 2012/2013,https://www.cse.lk/upload_report_file/642_1378122133786.pdf
ABAN.N0000,Annual,2012.0,Annual Report 2011/2012,https://www.cse.lk/upload_report_file/642_1345719746.pdf
AEL.N0000,Annual,2025.0,Annual Report 2024/25 (Updated),https://www.cse.lk/cmt/upload_report_file/1141_1753438557109.pdf
AEL.N0000,Annual,2025.0,Annual Report 2024/25,https://www.cse.lk/cmt/upload_report_file/1141_1753269401292.pdf
AEL.N0000,Annual,2024.0,Annual Report 2023/24,https://www.cse.lk/cmt/upload_report_file/1141_1724759174228.pdf
AEL.N0000,Annual,2023.0,Annual Report 2022/23,https://www.cse.lk/cmt/upload_report_file/1141_1693318557043.pdf
AEL.N0000,Annual,2022.0,Annual Report for the Financial Year ended 31st March 2022,https://www.cse.lk/cmt/upload_report_file/1141_1662346653352.pdf
AEL.N0000,Annual,2021.0,Annual Report 2020/2021,https://www.cse.lk/cmt/upload_report_file/1141_1628762723577.pdf
AEL.N0000,Annual,2020.0,Annual Report as at 31.03.2020,https://www.cse.lk/cmt/upload_report_file/1141_1597316551116.pdf
AEL.N0000,Annual,2019.0,Annual Report as at 31.03.2019,https://www.cse.lk/upload_report_file/1141_1563445339847.pdf
AEL.N0000,Annual,2018.0,Annual Report 2017/2018,https://www.cse.lk/upload_report_file/1141_1535368365883.pdf
AEL.N0000,Annual,2017.0,Annual Report 2016/2017,https://www.cse.lk/upload_report_file/1141_1501846888.pdf
AEL.N0000,Annual,2016.0,Annual Report 2015/2016,https://www.cse.lk/upload_report_file/1141_1469099857.pdf
AEL.N0000,Annual,2015.0,Annual Report 2014/2015,https://www.cse.lk/upload_report_file/1141_1438858903.pdf
AEL.N0000,Annual,2014.0,Annual Report 2013/2014,https://www.cse.lk/upload_report_file/1141_1407238010157.pdf
AEL.N0000,Annual,2013.0,Annual Report 2012 / 2013,https://www.cse.lk/upload_report_file/1141_1376911071.pdf
AEL.N0000,Annual,2012.0,Annual Report 2011/2012,https://www.cse.lk/upload_report_file/1141_1345546204.pdf
ACL.N0000,Annual,2025.0,Annual Report 2024/25,https://www.cse.lk/cmt/upload_report_file/644_1756468586206.pdf
ACL.N0000,Annual,2024.0,Annual Report 2023/24,https://www.cse.lk/cmt/upload_report_file/644_1722913499503.pdf
ACL.N0000,Annual,2023.0,Annual Report for the year ended 31st March 2023,https://www.cse.lk/cmt/upload_report_file/644_1693299997744.pdf
ACL.N0000,Annual,2022.0,Annual Report 2021/22,https://www.cse.lk/cmt/upload_report_file/644_1661936544770.pdf
ACL.N0000,Annual,2021.0,Annual Report 2020/2021,https://www.cse.lk/cmt/upload_report_file/644_1633512134927.pdf
ACL.N0000,Annual,2020.0,Annual Report 31st March 2020,https://www.cse.lk/cmt/upload_report_file/644_1598348972850.pdf
ACL.N0000,Annual,2019.0,Annual Report 31st March 2019,https://www.cse.lk/upload_report_file/644_1564739378501.pdf
ACL.N0000,Annual,2018.0,Annual Report as at 31st March 2018,https://www.cse.lk/upload_report_file/644_1531300808572.pdf
ACL.N0000,Annual,2017.0,Annual Report 2016/2017,https://www.cse.lk/upload_report_file/644_1500434024071.pdf
ACL.N0000,Annual,2016.0,Annual Report 2015/2016,https://www.cse.lk/upload_report_file/644_1468324150013..16.pdf
ACL.N0000,Annual,2015.0,Annual Report 2014/2015,https://www.cse.lk/upload_report_file/644_1438775902.pdf
ACL.N0000,Annual,2014.0,Annual Report 2013/14,https://www.cse.lk/upload_report_file/644_1409565153395.pdf
ACL.N0000,Annual,2013.0,Annual Report 2012/13,https://www.cse.lk/upload_report_file/644_1377832453064.pdf
ACL.N0000,Annual,2012.0,Annual Report 2011/12,https://www.cse.lk/upload_report_file/644_1344600960688.pdf
APLA.N0000,Annual,2025.0,Annual Report for the year ended 31st March 2025,https://www.cse.lk/cmt/upload_report_file/643_1756350200465.pdf
APLA.N0000,Annual,2024.0,Annual Report for the year ended 31st March 2024,https://www.cse.lk/cmt/upload_report_file/643_1722851207975.pdf
APLA.N0000,Annual,2023.0,Annual Report for the year ended 31st March 2023,https://www.cse.lk/cmt/upload_report_file/643_1693299898314.pdf
APLA.N0000,Annual,2022.0,Annual Report for the year ended 31st March 2022,https://www.cse.lk/cmt/upload_report_file/643_1661936842790.pdf
APLA.N0000,Annual,2021.0,Annual Report 2020/21,https://www.cse.lk/cmt/upload_report_file/643_1633669291158.pdf
APLA.N0000,Annual,2020.0,Annual Report 2019/20,https://www.cse.lk/cmt/upload_report_file/643_1598351560341.pdf
APLA.N0000,Annual,2019.0,ACL PLASTICS PLC-Annual Report for YE 2018/19,https://www.cse.lk/upload_report_file/643_1564739339581.pdf
APLA.N0000,Annual,2018.0,Annual Report- ACL Plastics PLC- 2017/18,https://www.cse.lk/upload_report_file/643_1531214131136.pdf
APLA.N0000,Annual,2017.0,Annual Report 2016/17,https://www.cse.lk/upload_report_file/643_1500375807913.pdf
APLA.N0000,Annual,2016.0,Annual Report 2015/16,https://www.cse.lk/upload_report_file/643_1468324268957.pdf
APLA.N0000,Annual,2015.0,Annual Report 2014/2015,https://www.cse.lk/upload_report_file/643_1438776157.pdf
APLA.N0000,Annual,2014.0,Annual Report 2013/14,https://www.cse.lk/upload_report_file/643_1409564598030.pdf
APLA.N0000,Annual,2013.0,Annual Report 2012/13,https://www.cse.lk/upload_report_file/643_1377684262401.pdf
APLA.N0000,Annual,2012.0,Annual Report 2011/12,https://www.cse.lk/upload_report_file/643_1344591346129.pdf
AFSL.N0000,Annual,2025.0,ANNUAL REPORT AS OF 31-03-2025,https://www.cse.lk/cmt/upload_report_file/1069_1756460396267.pdf
AFSL.N0000,Annual,2025.0,AUDITED FINANCIAL STATEMENT AS OF 31ST MARCH 2025,https://www.cse.lk/cmt/upload_report_file/1069_1749200776284.pdf
AFSL.N0000,Annual,2024.0,ANNUAL REPORT AS OF 31-03-2024,https://www.cse.lk/cmt/upload_report_file/1069_1724672115922.pdf
AFSL.N0000,Annual,2024.0,AUDITED FINANCIAL STATEMENT AS OF 31ST MARCH 2024,https://www.cse.lk/cmt/upload_report_file/1069_1719398632354.pdf
AFSL.N0000,Annual,2023.0,ANNUAL REPORT AS OF 31-03-2023,https://www.cse.lk/cmt/upload_report_file/1069_1692956588528.pdf
AFSL.N0000,Annual,2023.0,AUDITED FINANCIAL STATEMENT AS OF 31ST MARCH 2023,https://www.cse.lk/cmt/upload_report_file/1069_1687951572919.pdf
AFSL.N0000,Annual,2022.0,ANNUAL REPORT 2021/2022,https://www.cse.lk/cmt/upload_report_file/1069_1661766123991.pdf
AFSL.N0000,Annual,2022.0,Audited Financial Statements as of 31st March 2022,https://www.cse.lk/cmt/upload_report_file/1069_1654157829723.pdf
AFSL.N0000,Annual,2021.0,Annual Report 2020/2021,https://www.cse.lk/cmt/upload_report_file/1069_1630413418263.pdf
AFSL.N0000,Annual,2021.0,Audited Financial Statement as of 31st March 2021,https://www.cse.lk/cmt/upload_report_file/1069_1624960067895.03.2021.pdf
AFSL.N0000,Annual,2020.0,Annual Report 2019/2020,https://www.cse.lk/cmt/upload_report_file/1069_1598611302021.pdf
AFSL.N0000,Annual,2020.0,Audited Financial Statements 31st March 2020,https://www.cse.lk/cmt/upload_report_file/1069_1593490613296.pdf
AFSL.N0000,Annual,2019.0,Annual Report 2018/2019,https://www.cse.lk/cmt/upload_report_file/1069_1566988542557.pdf
AFSL.N0000,Annual,2019.0,Audited Financial Statements as of 31-03-2019,https://www.cse.lk/upload_report_file/1069_1561691387451.pdf
AFSL.N0000,Annual,2018.0,Annual Report 2017/2018,https://www.cse.lk/upload_report_file/1069_1534418741814.pdf
AFSL.N0000,Annual,2018.0,Audited Financial Statements 31.03.2018 (Amended),https://www.cse.lk/upload_report_file/1069_1530696665126.pdf
AFSL.N0000,Annual,2018.0,Audited Financial Statement as of 31/03/2018,https://www.cse.lk/upload_report_file/1069_1530183845751.03.2018.pdf
AFSL.N0000,Annual,2017.0,Annual Report 2016/2017,https://www.cse.lk/upload_report_file/1069_1504090268437..2017.pdf
AFSL.N0000,Annual,2017.0,AUDITED FINANCIAL STATEMENT AS OF 31-03-2017,https://www.cse.lk/upload_report_file/1069_1498556708535.pdf
AFSL.N0000,Annual,2016.0,Annual Report 2015/2016,https://www.cse.lk/upload_report_file/1069_1472640478798.pdf
AFSL.N0000,Annual,2016.0,Audited Financial Statement as of 31-03-2016,https://www.cse.lk/upload_report_file/1069_1467110852417.pdf
AFSL.N0000,Annual,2015.0,Annual Report 2014/2015,https://www.cse.lk/upload_report_file/1069_1441019132401.pdf
AFSL.N0000,Annual,2015.0,Audited Financial Statement as of 31-03-2015,https://www.cse.lk/upload_report_file/1069_1435314232622.pdf
AFSL.N0000,Annual,2014.0,Annual Report 2013/2014,https://www.cse.lk/upload_report_file/1069_1408968023628.pdf
AFSL.N0000,Annual,2014.0,Audited Financial Statements as of 31-03-2014,https://www.cse.lk/upload_report_file/1069_1403867469086.03.2014.pdf
AFSL.N0000,Annual,2013.0,Annual Report 2012/2013,https://www.cse.lk/upload_report_file/1069_1377686376028.pdf
AFSL.N0000,Annual,2013.0,Audited Financial Statements as at 31-03-2013,https://www.cse.lk/upload_report_file/1069_1376633720685. 2012-13.pdf
AFSL.N0000,Annual,2012.0,Annual Report  2011/2012,https://www.cse.lk/upload_report_file/1069_1339043588425.pdf
ACME.N0000,Annual,2025.0,Annual Report 2024/2025,https://www.cse.lk/cmt/upload_report_file/661_1755486530533.pdf
ACME.N0000,Annual,2024.0,Annual Report 2023/2024,https://www.cse.lk/cmt/upload_report_file/661_1726049068042.pdf
ACME.N0000,Annual,2023.0,Annual Report 2022/2023,https://www.cse.lk/cmt/upload_report_file/661_1693535010142.pdf
ACME.N0000,Annual,2022.0,Annual Report - 2021/2022,https://www.cse.lk/cmt/upload_report_file/661_1661948992591.pdf
ACME.N0000,Annual,2021.0,Annual Report 2020/2021,https://www.cse.lk/cmt/upload_report_file/661_1630466468936.pdf
ACME.N0000,Annual,2020.0,Annual Report 2019/2020,https://www.cse.lk/cmt/upload_report_file/661_1604396767364.pdf
ACME.N0000,Annual,2019.0,Annual Report 2018/2019,https://www.cse.lk/cmt/upload_report_file/661_1566295135169.pdf
ACME.N0000,Annual,2018.0,Annual  Report 2017/2018,https://www.cse.lk/upload_report_file/661_1535015899227.pdf
ACME.N0000,Annual,2017.0,Annual Report 2016 - 2017,https://www.cse.lk/upload_report_file/661_1503652209015.pdf
ACME.N0000,Annual,2016.0,Annual Report 2015/2016,https://www.cse.lk/upload_report_file/661_1472461514166.pdf
ACME.N0000,Annual,2015.0,Annual Report 2014/2015,https://www.cse.lk/upload_report_file/661_1441016067393.pdf
ACME.N0000,Annual,2014.0,Annual Report 2013/2014,https://www.cse.lk/upload_report_file/661_1409303829178.pdf
ACME.N0000,Annual,2013.0,Annual Report 2012-2013,https://www.cse.lk/upload_report_file/661_1377767511016.pdf
ACME.N0000,Annual,2012.0,Annual Report 2011/2012,https://www.cse.lk/upload_report_file/661_1346318163259.pdf
AGST.X0000,Annual,2025.0,Annual Report 2024/2025,https://www.cse.lk/cmt/upload_report_file/1121_1755513168267.pdf
AGST.X0000,Annual,2024.0,Annual Report 2023/2024,https://www.cse.lk/cmt/upload_report_file/1121_1725245066138.pdf
AGST.X0000,Annual,2023.0,ANNUAL REPORT 2022/2023,https://www.cse.lk/cmt/upload_report_file/1121_1692671301524.pdf
AGST.X0000,Annual,2022.0,Annual Report 2021/2022,https://www.cse.lk/cmt/upload_report_file/1121_1662023074936.pdf
AGST.X0000,Annual,2021.0,Annual Report 2020/2021,https://www.cse.lk/cmt/upload_report_file/1121_1624614867687.pdf
AGST.X0000,Annual,2020.0,Annual Report 2019/20,https://www.cse.lk/cmt/upload_report_file/1121_1595503609832.pdf
AGST.X0000,Annual,2019.0,Annual Report 2018/2019,https://www.cse.lk/upload_report_file/1121_1559899335232.pdf
AGST.X0000,Annual,2018.0,Annual Report 2017/2018,https://www.cse.lk/upload_report_file/1121_1528283750080.pdf
AGST.X0000,Annual,2017.0,Annual Report 2016/2017,https://www.cse.lk/upload_report_file/1121_1496749110.pdf
AGST.X0000,Annual,2016.0,Annual Report 2015/2016,https://www.cse.lk/upload_report_file/1121_1465553477984.pdf
AGST.X0000,Annual,2015.0,Annual Report 2014/2015,https://www.cse.lk/upload_report_file/1121_1433816875.pdf
AGST.X0000,Annual,2014.0,Annual Report 2013/2014,https://www.cse.lk/upload_report_file/1121_1402310661752.pdf
AGST.X0000,Annual,2013.0,Annual Report 2012 / 2013,https://www.cse.lk/upload_report_file/1121_1373256046029.pdf
AGST.X0000,Annual,2012.0,Annual Report  2011/2012,https://www.cse.lk/upload_report_file/1121_1341572759813.pdf
AGAL.N0000,Annual,2024.0,ANNUAL REPORT 2024,https://www.cse.lk/cmt/upload_report_file/704_1748572002435.pdf
AGAL.N0000,Annual,2023.0,ANNUAL REPORT - 2023 ,https://www.cse.lk/cmt/upload_report_file/704_1717063102761.pdf
AGAL.N0000,Annual,2022.0,ANNUAL REPORT - 2022 ,https://www.cse.lk/cmt/upload_report_file/704_1685530366997.pdf
AGAL.N0000,Annual,2021.0,ANNUAL REPORT _ YEAR 2021 ,https://www.cse.lk/cmt/upload_report_file/704_1654053876785.pdf
AGAL.N0000,Annual,2020.0,Annual Report  for the year 2020,https://www.cse.lk/cmt/upload_report_file/704_1622459861041.pdf
AGAL.N0000,Annual,2019.0,Annual Report 2019,https://www.cse.lk/cmt/upload_report_file/704_1600425554619..pdf
AGAL.N0000,Annual,2018.0,Annual Report 2018,https://www.cse.lk/cmt/upload_report_file/704_1574934975726.pdf
AGAL.N0000,Annual,2017.0,Annual Report 2017,https://www.cse.lk/upload_report_file/704_1527765482655.pdf
AGAL.N0000,Annual,2016.0,Annual Report for 2016,https://www.cse.lk/upload_report_file/704_1516183779653.pdf
AGAL.N0000,Annual,2015.0,Annual Report for 2015,https://www.cse.lk/upload_report_file/704_1516183582576.pdf
AGAL.N0000,Annual,2015.0,Audited Financial Statements as at 31-12-2015,https://www.cse.lk/upload_report_file/704_1499246239923..pdf
AGAL.N0000,Annual,2017.0,Re-Audited Financial Statements for the Year Ended 31-12-2014,https://www.cse.lk/upload_report_file/704_1488946815415.PDF
AGAL.N0000,Annual,2014.0,Annual Report 2014,https://www.cse.lk/upload_report_file/704_1433152342137.pdf
AGAL.N0000,Annual,2013.0,Annual Report 2013,https://www.cse.lk/upload_report_file/704_1398655351692.pdf
AGAL.N0000,Annual,2012.0,Annual Report 2012,https://www.cse.lk/upload_report_file/704_1368007573.pdf
AGST.N0000,Annual,2025.0,Annual Report 2024/2025,https://www.cse.lk/cmt/upload_report_file/1121_1755513168267.pdf
AGST.N0000,Annual,2024.0,Annual Report 2023/2024,https://www.cse.lk/cmt/upload_report_file/1121_1725245066138.pdf
AGST.N0000,Annual,2023.0,ANNUAL REPORT 2022/2023,https://www.cse.lk/cmt/upload_report_file/1121_1692671301524.pdf
AGST.N0000,Annual,2022.0,Annual Report 2021/2022,https://www.cse.lk/cmt/upload_report_file/1121_1662023074936.pdf
AGST.N0000,Annual,2021.0,Annual Report 2020/2021,https://www.cse.lk/cmt/upload_report_file/1121_1624614867687.pdf
AGST.N0000,Annual,2020.0,Annual Report 2019/20,https://www.cse.lk/cmt/upload_report_file/1121_1595503609832.pdf
AGST.N0000,Annual,2019.0,Annual Report 2018/2019,https://www.cse.lk/upload_report_file/1121_1559899335232.pdf
AGST.N0000,Annual,2018.0,Annual Report 2017/2018,https://www.cse.lk/upload_report_file/1121_1528283750080.pdf
AGST.N0000,Annual,2017.0,Annual Report 2016/2017,https://www.cse.lk/upload_report_file/1121_1496749110.pdf
AGST.N0000,Annual,2016.0,Annual Report 2015/2016,https://www.cse.lk/upload_report_file/1121_1465553477984.pdf
AGST.N0000,Annual,2015.0,Annual Report 2014/2015,https://www.cse.lk/upload_report_file/1121_1433816875.pdf
AGST.N0000,Annual,2014.0,Annual Report 2013/2014,https://www.cse.lk/upload_report_file/1121_1402310661752.pdf
AGST.N0000,Annual,2013.0,Annual Report 2012 / 2013,https://www.cse.lk/upload_report_file/1121_1373256046029.pdf
AGST.N0000,Annual,2012.0,Annual Report  2011/2012,https://www.cse.lk/upload_report_file/1121_1341572759813.pdf
AHUN.N0000,Annual,2025.0,Annual Report 2024/2025,https://www.cse.lk/cmt/upload_report_file/521_1749719155360.pdf
AHUN.N0000,Annual,2024.0,Annual Report 2023/24,https://www.cse.lk/cmt/upload_report_file/521_1721040988007.pdf
AHUN.N0000,Annual,2023.0,Aitken Spence Hotel Holdings PLC - Annual Report for the year ended 31st March 2023,https://www.cse.lk/cmt/upload_report_file/521_1686129566846.03.2023.pdf
AHUN.N0000,Annual,2022.0,Annual Report 2021/22,https://www.cse.lk/cmt/upload_report_file/521_1654595513955.pdf
AHUN.N0000,Annual,2021.0,Aitken Spence Hotel Holdings PLC - Annual Report 2020/21,https://www.cse.lk/cmt/upload_report_file/521_1623056688970.pdf
AHUN.N0000,Annual,2020.0,Aitken Spence Hotel Holdings PLC - Annual Report 2019/20,https://www.cse.lk/cmt/upload_report_file/521_1591607121405.pdf
AHUN.N0000,Annual,,Annual Report 2018/2019,https://www.cse.lk/upload_report_file/521_1559814081.pdf
AHUN.N0000,Annual,2018.0,Annual Financial Report for the year ended 31st March 2018,https://www.cse.lk/upload_report_file/521_1528106734618.pdf
AHUN.N0000,Annual,2017.0,Annual report -2016/2017,https://www.cse.lk/upload_report_file/521_1496661727577.pdf
AHUN.N0000,Annual,2016.0,Annual Financial Report 2015/2016,https://www.cse.lk/upload_report_file/521_1465298253637.pdf
AHUN.N0000,Annual,2015.0,Annual Report 2014/2015,https://www.cse.lk/upload_report_file/521_1433502972773.pdf
AHUN.N0000,Annual,2014.0,Annual Report 2013/2014,https://www.cse.lk/upload_report_file/521_1401960706.pdf
AHUN.N0000,Annual,2013.0,Annual Report 2012/2013,https://www.cse.lk/upload_report_file/521_1370338756302.pdf
AHUN.N0000,Annual,2012.0,Annual Financial Report 2011-2012,https://www.cse.lk/upload_report_file/521_1338892400169.pdf
SPEN.N0000,Annual,2025.0,Annual Report 2024/2025,https://www.cse.lk/cmt/upload_report_file/501_1749719055782.pdf
SPEN.N0000,Annual,2024.0,Annual Report 2023/24,https://www.cse.lk/cmt/upload_report_file/501_1721034503033.pdf
SPEN.N0000,Annual,2023.0,Annual Report 2022/2023,https://www.cse.lk/cmt/upload_report_file/501_1686128542885.pdf
SPEN.N0000,Annual,2022.0,Annual Report 2021/2022,https://www.cse.lk/cmt/upload_report_file/501_1654592562150.pdf
SPEN.N0000,Annual,2021.0,Annual Report 2020-2021,https://www.cse.lk/cmt/upload_report_file/501_1623056702606.pdf
SPEN.N0000,Annual,2020.0,Annual Report 2019/2020,https://www.cse.lk/cmt/upload_report_file/501_1591848398132.pdf
SPEN.N0000,Annual,,Annual Report 2018/2019,https://www.cse.lk/upload_report_file/501_1559819110.pdf
SPEN.N0000,Annual,,Annual Report 2017/2018,https://www.cse.lk/upload_report_file/501_1528107252.pdf
SPEN.N0000,Annual,2017.0,Annual report -2016/2017,https://www.cse.lk/upload_report_file/501_1496661590548.pdf
SPEN.N0000,Annual,2016.0,Annual Financial Report 2015/2016,https://www.cse.lk/upload_report_file/501_1465298342804.pdf
SPEN.N0000,Annual,2015.0,Annual Report 2014/2015,https://www.cse.lk/upload_report_file/501_1433502225185.pdf
SPEN.N0000,Annual,2014.0,Annual Report 2013/2014,https://www.cse.lk/upload_report_file/501_1401960180.pdf
SPEN.N0000,Annual,2013.0,Annual Report 2012/13,https://www.cse.lk/upload_report_file/501_1370338092614.pdf
SPEN.N0000,Annual,2012.0,Annual Financial Report 2011-2012,https://www.cse.lk/upload_report_file/501_1338892322084.pdf
AFS.N0000,Annual,2025.0,Annual Report 2024/25,https://www.cse.lk/cmt/upload_report_file/2774_1756694240492.pdf
AFS.N0000,Annual,2024.0,Annual Report 2023/24,https://www.cse.lk/cmt/upload_report_file/2774_1724816000439.08.27_compressed.pdf
AFS.N0000,Annual,2023.0,Annual Report 2022/23,https://www.cse.lk/cmt/upload_report_file/2774_1693479113452.pdf
AFS.N0000,Annual,2022.0,ANNUAL REPORT 2021/2022,https://www.cse.lk/cmt/upload_report_file/2772_1670319239620.pdf
ABL.N0000,Annual,2024.0,Annual Report - 2024,https://www.cse.lk/cmt/upload_report_file/1303_1742470050705.pdf
ABL.N0000,Annual,2023.0,ANNUAL REPORT FOR THE YEAR ENDED 31ST DECEMBER 2023,https://www.cse.lk/cmt/upload_report_file/1303_1709027207410.pdf
ABL.N0000,Annual,2022.0,Annual Report - 2022,https://www.cse.lk/cmt/upload_report_file/1303_1677488849590.pdf
ABL.N0000,Annual,2021.0,Annual Report - 2021,https://www.cse.lk/cmt/upload_report_file/1303_1645694474711.pdf
ABL.N0000,Annual,2020.0,Annual Report 2020,https://www.cse.lk/cmt/upload_report_file/1303_1616749448330.pdf
ABL.N0000,Annual,2019.0,Annual Report 2019,https://www.cse.lk/cmt/upload_report_file/1303_1583140679363.pdf
ABL.N0000,Annual,,Annual Report 2018,https://www.cse.lk/upload_report_file/1303_1551348674.pdf
ABL.N0000,Annual,2017.0,Annual Report 2017,https://www.cse.lk/upload_report_file/1303_1522033819707.pdf
ABL.N0000,Annual,2016.0,Annual Report 2016,https://www.cse.lk/upload_report_file/1303_1495534895124.pdf
ABL.N0000,Annual,2015.0,Annual Report 2015,https://www.cse.lk/upload_report_file/1303_1461922131726.pdf
ABL.N0000,Annual,2014.0,Annual Report 2014,https://www.cse.lk/upload_report_file/1303_1430134768301.pdf
ABL.N0000,Annual,2013.0,Annual Report 2013,https://www.cse.lk/upload_report_file/1303_1398683038.pdf
ABL.N0000,Annual,1969.0,Audited Financial Statements as at 31-12-2013,https://www.cse.lk/upload_report_file/1303_1396348832.pdf
ALUM.N0000,Annual,2025.0,Annual Report 2024/25,https://www.cse.lk/cmt/upload_report_file/1323_1748600615099.25.pdf
ALUM.N0000,Annual,2024.0,Annual Report 2023/24,https://www.cse.lk/cmt/upload_report_file/1323_1716973539009.pdf
ALUM.N0000,Annual,2023.0,Annual Report 2022/23,https://www.cse.lk/cmt/upload_report_file/1323_1685698633732.pdf
ALUM.N0000,Annual,2022.0,Annual Report 2021/22,https://www.cse.lk/cmt/upload_report_file/1323_1654510162987.pdf
ALUM.N0000,Annual,2021.0,Annual Report as of 31/03/2021,https://www.cse.lk/cmt/upload_report_file/1323_1622546260582.pdf
ALUM.N0000,Annual,2020.0,Annual Report as of 31/03/2020,https://www.cse.lk/cmt/upload_report_file/1323_1593510460006.pdf
ALUM.N0000,Annual,2019.0,Annual Report 2018/19,https://www.cse.lk/upload_report_file/1323_1558519677021.pdf
ALUM.N0000,Annual,2018.0,Annual Report 2017/18,https://www.cse.lk/upload_report_file/1323_1527074719487.pdf
ALUM.N0000,Annual,2017.0,Annual Report 2016/2017,https://www.cse.lk/upload_report_file/1323_1496224380317.pdf
ALUM.N0000,Annual,2016.0,Annual Report 2015/2016,https://www.cse.lk/upload_report_file/1323_1464602748.pdf
ALUM.N0000,Annual,2015.0,Annual Report 2014/15,https://www.cse.lk/upload_report_file/1323_1432720644838.pdf
ALUM.N0000,Annual,2014.0,Annual Report 2013/2014,https://www.cse.lk/upload_report_file/1323_1401794671181.pdf
ALLI.N0000,Annual,2025.0,ANNUAL REPORT 2024/25,https://www.cse.lk/cmt/upload_report_file/341_1749177212157.pdf
ALLI.N0000,Annual,2024.0,ANNUAL REPORT 2023/24,https://www.cse.lk/cmt/upload_report_file/341_1717467516981.pdf
ALLI.N0000,Annual,2023.0,Annual Report 2022/23,https://www.cse.lk/cmt/upload_report_file/341_1693540187585.pdf
ALLI.N0000,Annual,2023.0,Audited Accounts 31/3/2023 Alliance Finance Company PLC,https://www.cse.lk/cmt/upload_report_file/341_1688040452312.pdf
ALLI.N0000,Annual,2022.0,Annual Report - 2021/2022,https://www.cse.lk/cmt/upload_report_file/341_1661744283483.22.pdf
ALLI.N0000,Annual,2022.0,Audited Financial Statements as at 31.03.2022,https://www.cse.lk/cmt/upload_report_file/341_1656498247517.pdf
ALLI.N0000,Annual,2021.0,Annual Report 2020/21,https://www.cse.lk/cmt/upload_report_file/341_1623237166290.pdf
ALLI.N0000,Annual,2020.0,Annual Report 2019/20,https://www.cse.lk/cmt/upload_report_file/341_1596108332852.pdf
ALLI.N0000,Annual,2020.0,Alliance Finance Company PLC Audited Financials as at 31/3/2020,https://www.cse.lk/cmt/upload_report_file/341_1593484801269.pdf
ALLI.N0000,Annual,2019.0,Annual Report 2018/2019,https://www.cse.lk/upload_report_file/341_1562758093027.pdf
ALLI.N0000,Annual,2019.0,Audited Financial Statements as at 31.03.2019 (Amended),https://www.cse.lk/upload_report_file/341_1562666033526.pdf
ALLI.N0000,Annual,2019.0,Audited Financial Statements as of 31-03-2019,https://www.cse.lk/upload_report_file/341_1561720712465.pdf
ALLI.N0000,Annual,2018.0,Annual Report 2017/2018,https://www.cse.lk/upload_report_file/341_1528284569401.pdf
ALLI.N0000,Annual,2017.0,Annual Report 2016/2017,https://www.cse.lk/upload_report_file/341_1496834600.pdf
ALLI.N0000,Annual,2016.0,Annual Report 2015/2016,https://www.cse.lk/upload_report_file/341_1472710037493.pdf
ALLI.N0000,Annual,2016.0,Audited Financial Statements as at 31-03-2016,https://www.cse.lk/upload_report_file/341_1472038407087.pdf
ALLI.N0000,Annual,2015.0,Annual Report 2014/2015,https://www.cse.lk/upload_report_file/341_1433846956.pdf
ALLI.N0000,Annual,2014.0,Annual Report 2013/2014,https://www.cse.lk/upload_report_file/341_1402286025954.pdf
ALLI.N0000,Annual,2013.0,Annual Report 2012/2013,https://www.cse.lk/upload_report_file/341_1377596221644.pdf
ALLI.N0000,Annual,2013.0,Audited Financial Statement as of 31.03.2013,https://www.cse.lk/upload_report_file/341_1372650574929.pdf
ALLI.N0000,Annual,2012.0,Annual Report 2011/2012,https://www.cse.lk/upload_report_file/341_1341917943.pdf
GREG.N0000,Annual,2025.0,Annual Report 2024/25,https://www.cse.lk/cmt/upload_report_file/782_1755651574447.pdf
GREG.N0000,Annual,2024.0,Annual Report 2023/24,https://www.cse.lk/cmt/upload_report_file/782_1724325318165.pdf
GREG.N0000,Annual,2023.0,Annual Report 2022/23,https://www.cse.lk/cmt/upload_report_file/782_1693277767969.pdf
GREG.N0000,Annual,2022.0,Annual Report 2021/22,https://www.cse.lk/cmt/upload_report_file/782_1661856074042.pdf
GREG.N0000,Annual,2021.0,Annual Report 2020/21,https://www.cse.lk/cmt/upload_report_file/782_1630409927642.pdf
GREG.N0000,Annual,2020.0,Annual Report for the financial year ended 31 March 2020,https://www.cse.lk/cmt/upload_report_file/782_1604574229996.pdf
GREG.N0000,Annual,2019.0,Annual Report 2018/2019,https://www.cse.lk/cmt/upload_report_file/782_1567394529237.pdf
GREG.N0000,Annual,2019.0,Audited Financial Statements for the year ended 31 March 2019,https://www.cse.lk/cmt/upload_report_file/782_1565175345043.pdf
GREG.N0000,Annual,2018.0,Annual Report 2017/2018,https://www.cse.lk/upload_report_file/782_1535712910019.pdf
GREG.N0000,Annual,2018.0,Audited Financial Statements as of 31-03-2018,https://www.cse.lk/upload_report_file/782_1531825734219.03.2018_opt (NXPowerLite Copy)(1).pdf
GREG.N0000,Annual,2017.0,Annual Report -2016/2017-LCI,https://www.cse.lk/upload_report_file/782_1504174042957.pdf
GREG.N0000,Annual,2016.0,Annual Report 2015/2016,https://www.cse.lk/upload_report_file/782_1471344789713.pdf
GREG.N0000,Annual,2015.0,Annual Report 2014/2015,https://www.cse.lk/upload_report_file/782_1436523692341.pdf
GREG.N0000,Annual,2014.0,Annual Report 2013/2014,https://www.cse.lk/upload_report_file/782_1409572915086.pdf
GREG.N0000,Annual,2013.0,Annual Report 2012/2013,https://www.cse.lk/upload_report_file/782_1378207382693.pdf
GREG.N0000,Annual,2012.0,Annual Report 2011/2012,https://www.cse.lk/upload_report_file/782_1346067238.pdf
TAP.N0000,Annual,2025.0,Annual Report 2024/25,https://www.cse.lk/cmt/upload_report_file/1181_1755652569338.pdf
TAP.N0000,Annual,2024.0,Annual Report 2023/2024,https://www.cse.lk/cmt/upload_report_file/1181_1724325730545.pdf
TAP.N0000,Annual,2023.0,Annual Report 2022/2023,https://www.cse.lk/cmt/upload_report_file/1181_1693277344401.pdf
TAP.N0000,Annual,2022.0,Annual Report 2021/2022,https://www.cse.lk/cmt/upload_report_file/1181_1661851356971.pdf
TAP.N0000,Annual,2021.0,Annual Report 2020/2021,https://www.cse.lk/cmt/upload_report_file/1181_1630411564754.pdf
TAP.N0000,Annual,2020.0,Annual Report 2019/20,https://www.cse.lk/cmt/upload_report_file/1181_1604550469505.pdf
TAP.N0000,Annual,2019.0,Annual Report 2018/2019,https://www.cse.lk/cmt/upload_report_file/1181_1567076498646.pdf
TAP.N0000,Annual,2019.0,Audited Financial Statements as of 31-03-2019,https://www.cse.lk/cmt/upload_report_file/1181_1565864396547.pdf
TAP.N0000,Annual,2018.0,Annual Report 2017/2018,https://www.cse.lk/upload_report_file/1181_1535706489137.pdf
TAP.N0000,Annual,2018.0,Audited Financial Statements as of 31-03-2018,https://www.cse.lk/upload_report_file/1181_1533276832296.pdf
TAP.N0000,Annual,2017.0,Annual Report 2016/2017,https://www.cse.lk/upload_report_file/1181_1504176632373.17_CSE upload.pdf
TAP.N0000,Annual,2016.0,Annual Report 2015/2016,https://www.cse.lk/upload_report_file/1181_1472551481950.pdf
TAP.N0000,Annual,2015.0,Annual Report 2014/2015,https://www.cse.lk/upload_report_file/1181_1440668885566.pdf
TAP.N0000,Annual,2014.0,Annual Report 2013/2014,https://www.cse.lk/upload_report_file/1181_1409564428766.pdf
TAP.N0000,Annual,2013.0,Annual Report 2012/2013,https://www.cse.lk/upload_report_file/1181_1377862928908.pdf
TAP.N0000,Annual,2012.0,Annual Report 2011/12,https://www.cse.lk/upload_report_file/1181_1351683112012.pdf
AMCL.N0000,Annual,2024.0,Annual Report 2024,https://www.cse.lk/cmt/upload_report_file/1065_1748608242372.pdf
AMCL.N0000,Annual,2024.0,Audited Financial Statements as of 31.12.2024,https://www.cse.lk/cmt/upload_report_file/1065_1743128764258.pdf
AMCL.N0000,Annual,2023.0,Annual Report 2023,https://www.cse.lk/cmt/upload_report_file/1065_1717382189290.pdf
AMCL.N0000,Annual,2024.0, Audited Financial Statements as of 31-12-2023,https://www.cse.lk/cmt/upload_report_file/1065_1711630892310.pdf
AMCL.N0000,Annual,2022.0,Annual Report 2022,https://www.cse.lk/cmt/upload_report_file/1065_1685529852212.pdf
AMCL.N0000,Annual,2022.0,Audited Financial Statements as of 31-12-2022,https://www.cse.lk/cmt/upload_report_file/1065_1680235205076.pdf
AMCL.N0000,Annual,2021.0,Annual Report 2021,https://www.cse.lk/cmt/upload_report_file/1065_1653907976569.pdf
AMCL.N0000,Annual,2021.0,Audited Financial Statements as of 31-12-2021,https://www.cse.lk/cmt/upload_report_file/1065_1648700695567.pdf
AMCL.N0000,Annual,2020.0,Annual Report 2020,https://www.cse.lk/cmt/upload_report_file/1065_1622198460581.pdf
AMCL.N0000,Annual,2020.0,Audited Financial Statements as of 31-12-2020,https://www.cse.lk/cmt/upload_report_file/1065_1617165193329.12.2020-min.pdf
AMCL.N0000,Annual,2019.0,Annual Report 2019,https://www.cse.lk/cmt/upload_report_file/1065_1597317259051.pdf
AMCL.N0000,Annual,2019.0,Audited Financial Statements as at 31.12.2019,https://www.cse.lk/cmt/upload_report_file/1065_1591847445744.pdf
AMCL.N0000,Annual,2018.0,Annual Report 2018,https://www.cse.lk/upload_report_file/1065_1559040649702.pdf
AMCL.N0000,Annual,2018.0,Audited Financial Statements as of 31.03.2018,https://www.cse.lk/upload_report_file/1065_1530242146018.pdf
AMCL.N0000,Annual,2017.0,Annual Report 2017,https://www.cse.lk/upload_report_file/1065_1527218833891.pdf
AMCL.N0000,Annual,2017.0,Audited Financial Statements as of 31-03-2017,https://www.cse.lk/upload_report_file/1065_1498736156645.pdf
AMCL.N0000,Annual,2016.0,Annual Report 2016,https://www.cse.lk/upload_report_file/1065_1496292091663.pdf
AMCL.N0000,Annual,2016.0,Audited Financial Statements as of 31-03-2016,https://www.cse.lk/upload_report_file/1065_1467360409.pdf
AMCL.N0000,Annual,2014.0,Annual Report 2014,https://www.cse.lk/upload_report_file/1065_1464611922618.pdf
AMCL.N0000,Annual,2015.0,Annual Report 2015,https://www.cse.lk/upload_report_file/1065_1464610407803.pdf
AMCL.N0000,Annual,2014.0,Audited Financial Statements as at 31/03/2014,https://www.cse.lk/upload_report_file/1065_1404126031181.3.2014.pdf
AMCL.N0000,Annual,2013.0,Annual Report 2013,https://www.cse.lk/upload_report_file/1065_1400237752608.pdf
AMCL.N0000,Annual,2013.0,Audited Financial Statements as at 31-03-2013,https://www.cse.lk/upload_report_file/1065_1372418862.pdf
AMCL.N0000,Annual,2012.0,Annual Report 2012,https://www.cse.lk/upload_report_file/1065_1369219406.pdf
AMCL.N0000,Annual,2012.0,Audited Financial Statements as at 31-12-2012,https://www.cse.lk/upload_report_file/1065_1368700877255.pdf
AMCL.N0000,Annual,2012.0,Audited Financial Statements as at 31-03-2012,https://www.cse.lk/upload_report_file/1065_1340970359.pdf
ATLL.N0000,Annual,2024.0,Annual Report - 31st December 2024,https://www.cse.lk/cmt/upload_report_file/1484_1748601551398.pdf
ATLL.N0000,Annual,2023.0,Annual Report for the year 2023,https://www.cse.lk/cmt/upload_report_file/1484_1716982877047.pdf
ATLL.N0000,Annual,2022.0,Annual Report for the year 2022,https://www.cse.lk/cmt/upload_report_file/1484_1685439499467.pdf
ATLL.N0000,Annual,2022.0,Annual Report 2021,https://www.cse.lk/cmt/upload_report_file/1484_1653992198172.pdf
ATLL.N0000,Annual,2020.0,Annual Report 2020,https://www.cse.lk/cmt/upload_report_file/1484_1622431167178.pdf
ATLL.N0000,Annual,2020.0,Annual Report 2019,https://www.cse.lk/cmt/upload_report_file/1484_1592477842062.pdf
ATLL.N0000,Annual,2018.0,Annual Report 2018,https://www.cse.lk/upload_report_file/1484_1554377772916.pdf
ATLL.N0000,Annual,2017.0,Annual Report 2017,https://www.cse.lk/upload_report_file/1484_1523501881420.pdf
ATLL.N0000,Annual,2016.0,Annual Report 2016,https://www.cse.lk/upload_report_file/1484_1493809005451.pdf
ATL.N0000,Annual,2024.0,Annual Report - 31st December 2024,https://www.cse.lk/cmt/upload_report_file/361_1748602092640.pdf
ATL.N0000,Annual,2023.0,Annual Report for the year 2023,https://www.cse.lk/cmt/upload_report_file/361_1716980654005.pdf
ATL.N0000,Annual,2022.0,Annual Report for the year 2022,https://www.cse.lk/cmt/upload_report_file/361_1685438729652.pdf
ATL.N0000,Annual,2021.0,Annual Report for the year 2021,https://www.cse.lk/cmt/upload_report_file/361_1653988078174.pdf
ATL.N0000,Annual,2020.0,Annual Report 2020,https://www.cse.lk/cmt/upload_report_file/361_1622430624221.pdf
ATL.N0000,Annual,2019.0,Annual Report 2019,https://www.cse.lk/cmt/upload_report_file/361_1592477815890.pdf
ATL.N0000,Annual,2018.0,Annual Report 2018,https://www.cse.lk/upload_report_file/361_1554376928172.pdf
ATL.N0000,Annual,2017.0,Annual Report 2017,https://www.cse.lk/upload_report_file/361_1523503534223.pdf
ATL.N0000,Annual,2016.0,Annual Report 2016,https://www.cse.lk/upload_report_file/361_1493809316.pdf
ATL.N0000,Annual,2016.0,Annual Report 2015,https://www.cse.lk/upload_report_file/361_1461840873945.pdf
ATL.N0000,Annual,2014.0,Annual Report 2014,https://www.cse.lk/upload_report_file/361_1431427679738.pdf
ATL.N0000,Annual,2013.0,Annual Report 2013,https://www.cse.lk/upload_report_file/361_1396868450.pdf
ATL.N0000,Annual,2012.0,Annual Report 2012,https://www.cse.lk/upload_report_file/361_1367831964.pdf
ALHP.N0000,Annual,2024.0,Annual Report as at 31st March 2024,https://www.cse.lk/cmt/upload_report_file/1283_1765172567285.pdf
ALHP.N0000,Annual,2023.0,Annual Report 2022/23 (Clearer Version),https://www.cse.lk/cmt/upload_report_file/1283_1733737317030.pdf
ALHP.N0000,Annual,2023.0,Annual Report 2022/23 (Financial Statements) ,https://www.cse.lk/cmt/upload_report_file/1283_1729740504841.pdf
ALHP.N0000,Annual,2023.0,Annual Report 2022 / 2023,https://www.cse.lk/cmt/upload_report_file/1283_1707214846045.pdf
ALHP.N0000,Annual,2022.0,Annual Report 2021 / 2022,https://www.cse.lk/cmt/upload_report_file/1283_1685528275574.pdf
ALHP.N0000,Annual,2021.0,Annual Report 2020 / 2021,https://www.cse.lk/cmt/upload_report_file/1283_1643028544264.pdf
ALHP.N0000,Annual,2020.0,Amended Annual Report 2019/20,https://www.cse.lk/cmt/upload_report_file/1283_1612177767576.pdf
ALHP.N0000,Annual,2020.0,Annual Report 2019/20,https://www.cse.lk/cmt/upload_report_file/1283_1611659897852.pdf
ALHP.N0000,Annual,2019.0,Annual Report 2018/2019,https://www.cse.lk/cmt/upload_report_file/1283_1568197460098.pdf
ALHP.N0000,Annual,2018.0,Annual Report 2017/2018,https://www.cse.lk/upload_report_file/1283_1544181308247.pdf
ALHP.N0000,Annual,2017.0,Amended Annual Report 2016/2017,https://www.cse.lk/upload_report_file/1283_1510136564801.pdf
ALHP.N0000,Annual,2017.0,Annual Report 2016/2017,https://www.cse.lk/upload_report_file/1283_1508497022.pdf
ALHP.N0000,Annual,2016.0,Annual Report 2015/2016,https://www.cse.lk/upload_report_file/1283_1474976907590.pdf
ALHP.N0000,Annual,2015.0,Annual Report 2014/2015,https://www.cse.lk/upload_report_file/1283_1441019535006.pdf
ALHP.N0000,Annual,2014.0,Annual Report 2013/2014,https://www.cse.lk/upload_report_file/1283_1409311556685.pdf
ALHP.N0000,Annual,2013.0,Annual Report 2012/2013,https://www.cse.lk/upload_report_file/1283_1383907164.pdf
ALHP.N0000,Annual,2013.0,AUDITED FINANCIAL STATEMENTS 31-03-2013,https://www.cse.lk/upload_report_file/1283_1379929973.pdf
AAF.N0000,Annual,2025.0,Annual Report 2024/2025,https://www.cse.lk/cmt/upload_report_file/1108_1756350479532.pdf
AAF.N0000,Annual,2025.0,Audited Financial Statements for the year ended 31.3.2025,https://www.cse.lk/cmt/upload_report_file/1108_1750242249298.pdf
AAF.N0000,Annual,2024.0,Annual Report 2023/2024,https://www.cse.lk/cmt/upload_report_file/1108_1724926416698.pdf
AAF.N0000,Annual,2024.0,Audited Financial Statements for the year ended 31.3.2024,https://www.cse.lk/cmt/upload_report_file/1108_1719485087348.pdf
AAF.N0000,Annual,2023.0,Annual Report 2022/2023,https://www.cse.lk/cmt/upload_report_file/1108_1691663949821.pdf
AAF.N0000,Annual,2023.0,Audited Financial Statements for the year ended 31.3.2023,https://www.cse.lk/cmt/upload_report_file/1108_1688097475304.pdf
AAF.N0000,Annual,2022.0,Annual Report for the financial Year 2021/2022,https://www.cse.lk/cmt/upload_report_file/1108_1661962975983.pdf
AAF.N0000,Annual,2022.0,Audited Financial statements as of 31.03.2022,https://www.cse.lk/cmt/upload_report_file/1108_1655353430246.pdf
AAF.N0000,Annual,2021.0,Annual Report 2020/21,https://www.cse.lk/cmt/upload_report_file/1108_1631072461381.pdf
AAF.N0000,Annual,2021.0,Audited Financial Statements for the year ended 31.03.2021,https://www.cse.lk/cmt/upload_report_file/1108_1623731965414.pdf
AAF.N0000,Annual,2020.0,Annual Report 2019/20,https://www.cse.lk/cmt/upload_report_file/1108_1608806151470.pdf
AAF.N0000,Annual,2020.0,Audited Financial Statements as at 31.03.2020,https://www.cse.lk/cmt/upload_report_file/1108_1595245199965.pdf
AAF.N0000,Annual,2019.0,Annual Report 2018/2019,https://www.cse.lk/cmt/upload_report_file/1108_1567075172702.pdf
AAF.N0000,Annual,2019.0,Audited Financial Statements as at 31.03.2019,https://www.cse.lk/upload_report_file/1108_1562582488746.pdf
AAF.N0000,Annual,2018.0,Annual Report 2017/2018,https://www.cse.lk/upload_report_file/1108_1535712490594.pdf
AAF.N0000,Annual,2018.0,Audited Financial Statements 31.03.2018,https://www.cse.lk/upload_report_file/1108_1530244804498.pdf
AAF.N0000,Annual,2017.0,Annual Report 2016/2017,https://www.cse.lk/upload_report_file/1108_1502277034.pdf
AAF.N0000,Annual,2017.0,Audited Financial Statements as at 31-03-2017,https://www.cse.lk/upload_report_file/1108_1496657664106.pdf
AAF.N0000,Annual,2016.0,Annual Report 2015/2016,https://www.cse.lk/upload_report_file/1108_1472640650057.pdf
AAF.N0000,Annual,2016.0,Audited Financial Statements as at 31-03-2016,https://www.cse.lk/upload_report_file/1108_1462794236959.pdf
AAF.N0000,Annual,2015.0,Annual Report 2014/2015,https://www.cse.lk/upload_report_file/1108_1441706636221.pdf
AAF.N0000,Annual,2015.0,Audited Financial Statements as at 31-03-2015,https://www.cse.lk/upload_report_file/1108_1431594955406.pdf
AAF.N0000,Annual,2014.0,Annual Report 2013/2014,https://www.cse.lk/upload_report_file/1108_1420175552913.pdf
AAF.N0000,Annual,2014.0,Audited Financial Statements as at 31-03-2014,https://www.cse.lk/upload_report_file/1108_1409717104361.pdf
AAF.N0000,Annual,2013.0,Annual Report 2012/2013,https://www.cse.lk/upload_report_file/1108_1392300398.pdf
AAF.N0000,Annual,2013.0,Audited Financial Statements as at 31-03-2013,https://www.cse.lk/upload_report_file/1108_1385029488.pdf
AAF.N0000,Annual,2012.0,Annual Report 2011/12,https://www.cse.lk/upload_report_file/1108_1345805630.pdf
AINS.N0000,Annual,2024.0,Annual Report 2024,https://www.cse.lk/cmt/upload_report_file/1405_1748608816948.pdf
AINS.N0000,Annual,2023.0,Annual Report 2023,https://www.cse.lk/cmt/upload_report_file/1405_1717168337299.pdf
AINS.N0000,Annual,2022.0,Annual Report-2022,https://www.cse.lk/cmt/upload_report_file/1405_1685438807430.pdf
AINS.N0000,Annual,2021.0,Annual Report 2021,https://www.cse.lk/cmt/upload_report_file/1405_1650454605796.pdf
AINS.N0000,Annual,2020.0,Annual Report 2020,https://www.cse.lk/cmt/upload_report_file/1405_1619766099787.pdf
AINS.N0000,Annual,2019.0,Annual Report 2019,https://www.cse.lk/cmt/upload_report_file/1405_1597830976653.pdf
AINS.N0000,Annual,2019.0,Annual Report 2018,https://www.cse.lk/upload_report_file/1405_1559210778875.pdf
AINS.N0000,Annual,2017.0,Annual Report 2017,https://www.cse.lk/upload_report_file/1405_1522755192081.pdf
AINS.N0000,Annual,2016.0,Annual Report 2016,https://www.cse.lk/upload_report_file/1405_1491189494202.pdf
AINS.N0000,Annual,2015.0,Annual Report 2015,https://www.cse.lk/upload_report_file/1405_1465213329.pdf
AINS.N0000,Annual,2014.0,Annual Report 2014,https://www.cse.lk/upload_report_file/1405_1432900468928.pdf
ACAP.N0000,Annual,2025.0,Annual Report 2024/2025,https://www.cse.lk/cmt/upload_report_file/363_1757388590473.pdf
ACAP.N0000,Annual,2024.0,Errata to the Annual Report 2023/24 (Amended Independent Auditor s Report,https://www.cse.lk/cmt/upload_report_file/363_1728529824657.pdf
ACAP.N0000,Annual,2024.0,Annual Report 2023/2024,https://www.cse.lk/cmt/upload_report_file/363_1728391543306.pdf
ACAP.N0000,Annual,2023.0,Annual Report 2022/23,https://www.cse.lk/cmt/upload_report_file/363_1694089042971.pdf
ACAP.N0000,Annual,2022.0,ANNUAL REPORT 2021/2022,https://www.cse.lk/cmt/upload_report_file/363_1661938062797.pdf
ACAP.N0000,Annual,2021.0,Annual Report 2020/21,https://www.cse.lk/cmt/upload_report_file/363_1630297298298.pdf
ACAP.N0000,Annual,2020.0,Annual Report 2019/20,https://www.cse.lk/cmt/upload_report_file/363_1606735550518.pdf
ACAP.N0000,Annual,2019.0,Annual Report 2018/2019,https://www.cse.lk/cmt/upload_report_file/363_1567076153418.pdf
ACAP.N0000,Annual,2018.0,Annual Report 2017/2018,https://www.cse.lk/upload_report_file/363_1535711123768.pdf
ACAP.N0000,Annual,2017.0,Annual Report 2016/2017,https://www.cse.lk/upload_report_file/363_1504175014.pdf
ACAP.N0000,Annual,2016.0,Annual Report 2015/2016,https://www.cse.lk/upload_report_file/363_1472468339320.pdf
ACAP.N0000,Annual,2015.0,Annual Report 2014/2015,https://www.cse.lk/upload_report_file/363_1440070264.pdf
ACAP.N0000,Annual,2014.0,Annual Report 2013/2014,https://www.cse.lk/upload_report_file/363_1417606393186.pdf
ACAP.N0000,Annual,2013.0,Annual Report 2012/2013,https://www.cse.lk/upload_report_file/363_1388746135917.pdf
ACAP.N0000,Annual,2012.0,Annual Report 2011/12,https://www.cse.lk/upload_report_file/363_1346142948435.pdf
ASIY.N0000,Annual,2025.0,Annual Report 2024/2025,https://www.cse.lk/cmt/upload_report_file/1205_1756459445644.pdf
ASIY.N0000,Annual,2024.0,Annual Report 2023/2024,https://www.cse.lk/cmt/upload_report_file/1205_1724841296347.pdf
ASIY.N0000,Annual,2023.0,Annual Report 2022/2023,https://www.cse.lk/cmt/upload_report_file/1205_1693798606130.pdf
ASIY.N0000,Annual,2023.0,Audited Financial Statements 31.03.2023,https://www.cse.lk/cmt/upload_report_file/1205_1693479014965.pdf
ASIY.N0000,Annual,2022.0,Annual Report 2021/2022,https://www.cse.lk/cmt/upload_report_file/1205_1662463322395.pdf
ASIY.N0000,Annual,2021.0,Annual Report 2020/21,https://www.cse.lk/cmt/upload_report_file/1205_1631014669457.pdf
ASIY.N0000,Annual,2021.0,Audited Financial statements as of 31.03.2021,https://www.cse.lk/cmt/upload_report_file/1205_1630404467630.pdf
ASIY.N0000,Annual,2020.0,Annual Report as at 31.03.2020,https://www.cse.lk/cmt/upload_report_file/1205_1601976866402.pdf
ASIY.N0000,Annual,2019.0,Annual Report 2018/2019,https://www.cse.lk/cmt/upload_report_file/1205_1567074859693.pdf
ASIY.N0000,Annual,2018.0,Annual Report 2017/2018,https://www.cse.lk/upload_report_file/1205_1535711310934.pdf
ASIY.N0000,Annual,2018.0,Audited financial Statements for the period ended 03/31/2018,https://www.cse.lk/upload_report_file/1205_1533899429068.pdf
ASIY.N0000,Annual,2017.0,Annual Report 2016/2017,https://www.cse.lk/upload_report_file/1205_1500605801.pdf
ASIY.N0000,Annual,2016.0,Asia Siyaka Commodities PLC - Annual Report 2015-2016,https://www.cse.lk/upload_report_file/1205_1467627625368.pdf
ASIY.N0000,Annual,2015.0,Annual Report 2014/2015,https://www.cse.lk/upload_report_file/1205_1438082376826.compressed.pdf
ASIY.N0000,Annual,2014.0,Annual Report 2013/2014,https://www.cse.lk/upload_report_file/1205_1408675066.pdf
ASIY.N0000,Annual,2013.0,Annual Report 2012/2013,https://www.cse.lk/upload_report_file/1205_1377860853.pdf
AHPL.N0000,Annual,2025.0,Annual Report 2024/25,https://www.cse.lk/cmt/upload_report_file/690_1748361067533.pdf
AHPL.N0000,Annual,2024.0,Annual Report 2023/24,https://www.cse.lk/cmt/upload_report_file/690_1716340840640.pdf
AHPL.N0000,Annual,2023.0,Annual Report Information 2022/23,https://www.cse.lk/cmt/upload_report_file/690_1684836419713.pdf
AHPL.N0000,Annual,2022.0,Annual Report 2021/22,https://www.cse.lk/cmt/upload_report_file/690_1653299749241.pdf
AHPL.N0000,Annual,2021.0,Annual Report Information 2020/21,https://www.cse.lk/cmt/upload_report_file/690_1621849628438.pdf
AHPL.N0000,Annual,2020.0,Annual Report 2019/2020,https://www.cse.lk/cmt/upload_report_file/690_1590053850082.pdf
AHPL.N0000,Annual,2019.0,Annual Report as at 31st March 2019,https://www.cse.lk/upload_report_file/690_1559213218357.pdf
AHPL.N0000,Annual,2018.0,Annual Report 2017/18,https://www.cse.lk/upload_report_file/690_1527505756893.pdf
AHPL.N0000,Annual,2017.0,Annual Report as at 31st March 2017,https://www.cse.lk/upload_report_file/690_1496135121422.pdf
AHPL.N0000,Annual,2016.0,Annual Financial Statements as @ 31st March 2016,https://www.cse.lk/upload_report_file/690_1464342264482.pdf
AHPL.N0000,Annual,2015.0,Annual Report 2014/2015,https://www.cse.lk/upload_report_file/690_1433408906345.pdf
AHPL.N0000,Annual,2014.0,Annual Report 2013/2014,https://www.cse.lk/upload_report_file/690_1401879749423.pdf
AHPL.N0000,Annual,2013.0,Annual Report 2012 / 2013,https://www.cse.lk/upload_report_file/690_1370249710496.pdf
AHPL.N0000,Annual,2012.0,Annual Report 2011/12,https://www.cse.lk/upload_report_file/690_1338470003397.pdf
AMSL.N0000,Annual,2025.0,Annual Report as at 31st March 2025,https://www.cse.lk/cmt/upload_report_file/513_1764148122811.pdf
AMSL.N0000,Annual,2024.0,Annual Report 2023/2024,https://www.cse.lk/cmt/upload_report_file/513_1725593089259.pdf
AMSL.N0000,Annual,2023.0,Annual Report 2022/2023,https://www.cse.lk/cmt/upload_report_file/513_1693821538929.pdf
AMSL.N0000,Annual,2022.0,ANNUAL REPORT 2021/2022,https://www.cse.lk/cmt/upload_report_file/513_1658981724351.pdf
AMSL.N0000,Annual,2021.0,"Annual Report for the year ended 31st March, 2021",https://www.cse.lk/cmt/upload_report_file/513_1627900404100.pdf
AMSL.N0000,Annual,2020.0,Annual Report 2019/2020,https://www.cse.lk/cmt/upload_report_file/513_1599476280427.pdf
AMSL.N0000,Annual,2019.0,Annual Report 2018/2019 ,https://www.cse.lk/cmt/upload_report_file/513_1566900545144.pdf
AMSL.N0000,Annual,2018.0,Annual Report 2017/2018,https://www.cse.lk/upload_report_file/513_1535020317054.pdf
AMSL.N0000,Annual,2017.0,Annual Report 2016/17,https://www.cse.lk/upload_report_file/513_1503485699451.pdf
AMSL.N0000,Annual,2016.0,Annual Report 2015-2016,https://www.cse.lk/upload_report_file/513_1472035589352.pdf
AMSL.N0000,Annual,2015.0,Annual Report 2014/2015,https://www.cse.lk/upload_report_file/513_1440760704310.pdf
AMSL.N0000,Annual,2014.0,Annual Report 2013/2014,https://www.cse.lk/upload_report_file/513_1409652215213.pdf
AMSL.N0000,Annual,2013.0,Annual Report 2012/2013,https://www.cse.lk/upload_report_file/513_1377768144.pdf
AMSL.N0000,Annual,2012.0,Annual Report 2011/12,https://www.cse.lk/upload_report_file/513_1345461015.pdf
AMF.N0000,Annual,2025.0,Annual Report 2024/2025,https://www.cse.lk/cmt/upload_report_file/1068_1754298794260.pdf
AMF.N0000,Annual,2025.0,Audited Financial as of 31st March 2025,https://www.cse.lk/cmt/upload_report_file/1068_1746788342214.pdf
AMF.N0000,Annual,2024.0,Amended Annual Report 2023/2024,https://www.cse.lk/cmt/upload_report_file/1068_1726218853337.pdf
AMF.N0000,Annual,2024.0,Annual Report 2023/2024,https://www.cse.lk/cmt/upload_report_file/1068_1724925162511.pdf
AMF.N0000,Annual,2024.0,Audited Financial as of 31st March 2024,https://www.cse.lk/cmt/upload_report_file/1068_1717498468339.pdf
AMF.N0000,Annual,2023.0,Annual Report 2022/2023,https://www.cse.lk/cmt/upload_report_file/1068_1692874591989.pdf
AMF.N0000,Annual,2023.0,Amended Audited Financial as of 31st March 2023,https://www.cse.lk/cmt/upload_report_file/1068_1686915098782.03.2023- Updated.pdf
AMF.N0000,Annual,2023.0,Audited Financial as of 31st March 2023,https://www.cse.lk/cmt/upload_report_file/1068_1686733749704.03.2023.pdf
AMF.N0000,Annual,2022.0,Annual Report 2021/2022,https://www.cse.lk/cmt/upload_report_file/1068_1661765819832.pdf
AMF.N0000,Annual,2022.0,Audited  Financial as of 31 March 2022,https://www.cse.lk/cmt/upload_report_file/1068_1654510638987.03.2022 (1) (2).pdf
AMF.N0000,Annual,2021.0,Annual Report 2020/2021,https://www.cse.lk/cmt/upload_report_file/1068_1630318081201.pdf
AMF.N0000,Annual,2021.0,Audited Financial as of 31-03-2021,https://www.cse.lk/cmt/upload_report_file/1068_1627985631813.pdf
AMF.N0000,Annual,2020.0,Annual report 2019/2020,https://www.cse.lk/cmt/upload_report_file/1068_1599818975470.pdf
AMF.N0000,Annual,2019.0,Annual Report 2018/2019,https://www.cse.lk/cmt/upload_report_file/1068_1566986441018.pdf
AMF.N0000,Annual,2019.0,Audited Financials as of 31-03-2019,https://www.cse.lk/upload_report_file/1068_1561713395840.pdf
AMF.N0000,Annual,2018.0,Annual Report 2017/2018,https://www.cse.lk/upload_report_file/1068_1535623368073.pdf
AMF.N0000,Annual,2018.0,Audited Financial Statements as of 31-03-2018,https://www.cse.lk/upload_report_file/1068_1530010908924.pdf
AMF.N0000,Annual,2017.0,Annual Report 2016/2017,https://www.cse.lk/upload_report_file/1068_1504088896.pdf
AMF.N0000,Annual,2017.0,Audited Financials as of 31-03-2017,https://www.cse.lk/upload_report_file/1068_1497952716048.pdf
AMF.N0000,Annual,2016.0,Annual Report 2015/2016,https://www.cse.lk/upload_report_file/1068_1472636893736.pdf
AMF.N0000,Annual,2016.0,Audited Financials as of 31-03-2016,https://www.cse.lk/upload_report_file/1068_1467192848237.pdf
AMF.N0000,Annual,2015.0,Annual Report 2014/2015,https://www.cse.lk/upload_report_file/1068_1440154990960.pdf
AMF.N0000,Annual,2015.0,Audited Financials as of 31-03-2015,https://www.cse.lk/upload_report_file/1068_1435573960380.pdf
AMF.N0000,Annual,2014.0,Annual Report 2013-14,https://www.cse.lk/upload_report_file/1068_1409305274810.pdf
AMF.N0000,Annual,2014.0,Audited Financial Statements as at 31-03-2014,https://www.cse.lk/upload_report_file/1068_1403868053329.pdf
AMF.N0000,Annual,2013.0,Annual Report 2012 / 2013,https://www.cse.lk/upload_report_file/1068_1375180976.pdf
AMF.N0000,Annual,2013.0,Audited Financial Statement as of 31.03.2013,https://www.cse.lk/upload_report_file/1068_1372392570697.pdf
AMF.N0000,Annual,2012.0,Annual Report 2011/2012,https://www.cse.lk/upload_report_file/1068_1346123830712.pdf
AMF.N0000,Annual,2012.0,Audited Financial Statements 31-03-2012,https://www.cse.lk/upload_report_file/1068_1344938053.pdf
ASIR.N0000,Annual,2025.0,Annual Report as at 31st March 2025,https://www.cse.lk/cmt/upload_report_file/512_1764147969254.pdf
ASIR.N0000,Annual,2024.0,Annual Report 2023/2024,https://www.cse.lk/cmt/upload_report_file/512_1725593130277.pdf
ASIR.N0000,Annual,2023.0,Annual Report 2022/2023,https://www.cse.lk/cmt/upload_report_file/512_1693821378748.pdf
ASIR.N0000,Annual,2022.0,ANNUAL REPORT 2021/2022,https://www.cse.lk/cmt/upload_report_file/512_1658995366423.pdf
ASIR.N0000,Annual,2021.0,"Annual Report for the year ended 31st March, 2021",https://www.cse.lk/cmt/upload_report_file/512_1627900295019.pdf
ASIR.N0000,Annual,2020.0,Annual Report 2019/2020,https://www.cse.lk/cmt/upload_report_file/512_1599476050495.pdf
ASIR.N0000,Annual,2019.0,Annual Report 2018/2019 ,https://www.cse.lk/cmt/upload_report_file/512_1566899520873.pdf
ASIR.N0000,Annual,2018.0,Annual Report 2017/2018,https://www.cse.lk/upload_report_file/512_1535020025059.pdf
ASIR.N0000,Annual,2017.0,Annual Report 2016/17,https://www.cse.lk/upload_report_file/512_1503485556439.pdf
ASIR.N0000,Annual,2016.0,Annual Report 2015-2016,https://www.cse.lk/upload_report_file/512_1472035475481.PDF
ASIR.N0000,Annual,2015.0,Annual Report 2014/2015,https://www.cse.lk/upload_report_file/512_1440760421442.pdf
ASIR.N0000,Annual,2014.0,Annual Report 2013/2014,https://www.cse.lk/upload_report_file/512_1409649819331.pdf
ASIR.N0000,Annual,2013.0,Annual Report 2012/2013,https://www.cse.lk/upload_report_file/512_1377768434.pdf
ASIR.N0000,Annual,2012.0,Annual Report 2011/12,https://www.cse.lk/upload_report_file/512_1345463499766.pdf
AGPL.N0000,Annual,2025.0,ANNUAL  REPORT FOR THE FINANCIAL YEAR 2024/2025,https://www.cse.lk/cmt/upload_report_file/3027_1754579595339.pdf
AGPL.N0000,Annual,2024.0,Annual Report 2023/2024,https://www.cse.lk/cmt/upload_report_file/3027_1725244158613.pdf
AGPL.N0000,Annual,2023.0,Annual Report 2022/2023,https://www.cse.lk/cmt/upload_report_file/3027_1694575212272.pdf
BPPL.N0000,Annual,2025.0,Annual Report 2024-25,https://www.cse.lk/cmt/upload_report_file/1524_1756466174898.pdf
BPPL.N0000,Annual,2024.0,Annual Report 2023-24,https://www.cse.lk/cmt/upload_report_file/1524_1723542734047.pdf
BPPL.N0000,Annual,2023.0,Annual Report 2022-23,https://www.cse.lk/cmt/upload_report_file/1524_1692356291008.pdf
BPPL.N0000,Annual,2022.0,Annual Report 2021/22,https://www.cse.lk/cmt/upload_report_file/1524_1661225525987.pdf
BPPL.N0000,Annual,2021.0,Annual Report 2020/21,https://www.cse.lk/cmt/upload_report_file/1524_1630406008827.pdf
BPPL.N0000,Annual,2020.0,Annual Report 2019/20,https://www.cse.lk/cmt/upload_report_file/1524_1599037711325.pdf
BPPL.N0000,Annual,2019.0,Annual Report 2018/19,https://www.cse.lk/upload_report_file/1524_1562145398177.pdf
BPPL.N0000,Annual,2018.0,Annual Report 2017/18,https://www.cse.lk/upload_report_file/1524_1530611783031.pdf
BPPL.N0000,Annual,2017.0,Annual Report 2016/2017,https://www.cse.lk/upload_report_file/1524_1501239992.pdf
BPPL.N0000,Annual,2017.0,Audited Financial Statement as at 31.03.2017,https://www.cse.lk/upload_report_file/1524_1498722551395.pdf
BPPL.N0000,Annual,2017.0,Unaudited Financial Statements as at 28-02-2017,https://www.cse.lk/upload_report_file/1524_1491277228336.pdf
BFL.N0000,Annual,2025.0,Annual Report 2024/2025,https://www.cse.lk/cmt/upload_report_file/452_1749030568326.pdf
BFL.N0000,Annual,2024.0,Annual Report 2023/2024,https://www.cse.lk/cmt/upload_report_file/452_1717498043374.pdf
BFL.N0000,Annual,2023.0,Annual Report 2022/2023,https://www.cse.lk/cmt/upload_report_file/452_1687511678569.pdf
BFL.N0000,Annual,2022.0,Annual Report 2021/22,https://www.cse.lk/cmt/upload_report_file/452_1654598981209.pdf
BFL.N0000,Annual,2021.0,BFL Annual Report-2020/2021,https://www.cse.lk/cmt/upload_report_file/452_1630404353197.pdf
BFL.N0000,Annual,2020.0,Annual Report as at 31.03.2020,https://www.cse.lk/cmt/upload_report_file/452_1602066657352.pdf
BFL.N0000,Annual,2019.0,Annual Report as at 31.03.2019,https://www.cse.lk/cmt/upload_report_file/452_1567072698317.pdf
BFL.N0000,Annual,2018.0,Annual Report 2017/2018,https://www.cse.lk/upload_report_file/452_1533294453846.pdf
BFL.N0000,Annual,2017.0,Annual Report 2016/2017,https://www.cse.lk/upload_report_file/452_1499168100.pdf
BFL.N0000,Annual,2016.0,Bairaha Farms PLC - Annual Report 2015/2016,https://www.cse.lk/upload_report_file/452_1467628388339.pdf
BFL.N0000,Annual,2015.0,Annual Report 2014/2015,https://www.cse.lk/upload_report_file/452_1435576700.pdf
BFL.N0000,Annual,2014.0,Annual Report 2013/2014,https://www.cse.lk/upload_report_file/452_1401708177082.pdf
BFL.N0000,Annual,2013.0,Annual Report 2012/2013,https://www.cse.lk/upload_report_file/452_1377688879909.pdf
BFL.N0000,Annual,2012.0,Annual Report 2011/12,https://www.cse.lk/upload_report_file/452_1340276689889.pdf
BALA.N0000,Annual,2024.0,ANNUAL REPORT 2024,https://www.cse.lk/cmt/upload_report_file/705_1748401042612.pdf
BALA.N0000,Annual,2023.0,Annual Report 2023,https://www.cse.lk/cmt/upload_report_file/705_1717147530131.pdf
BALA.N0000,Annual,2022.0,BALANGODA PLANTATATIIONS PLC ANNUAL REPORT 2022,https://www.cse.lk/cmt/upload_report_file/705_1685701749931.pdf
BALA.N0000,Annual,2021.0,Annual Report 2021,https://www.cse.lk/cmt/upload_report_file/705_1654157751691.pdf
BALA.N0000,Annual,2020.0,Annual Report 2020,https://www.cse.lk/cmt/upload_report_file/705_1625029835517.pdf
BALA.N0000,Annual,2019.0,Annual Report 2019,https://www.cse.lk/cmt/upload_report_file/705_1598609837249.pdf
BALA.N0000,Annual,2018.0,ANNUAL REPORT - 2018 ,https://www.cse.lk/upload_report_file/705_1559555793710.pdf
BALA.N0000,Annual,2017.0,ANNUAL REPORT - 2017 ,https://www.cse.lk/upload_report_file/705_1527507574836.pdf
BALA.N0000,Annual,2016.0,ANNUAL REPORT - 2016,https://www.cse.lk/upload_report_file/705_1496135171591.pdf
BALA.N0000,Annual,2016.0,Audited Financial Statements as of 31-12-2016,https://www.cse.lk/upload_report_file/705_1495711972.pdf
BALA.N0000,Annual,2015.0,ANNUAL REPORT - 2015 ,https://www.cse.lk/upload_report_file/705_1464089863181.pdf
BALA.N0000,Annual,2015.0,Audited Financial Statements as at 31st December 2015 ,https://www.cse.lk/upload_report_file/705_1463662043251.pdf
BALA.N0000,Annual,2014.0,Audited Financial Statements as at 31-12-2014,https://www.cse.lk/upload_report_file/705_1432719230364.pdf
BALA.N0000,Annual,2014.0,ANNUAL REPORT - 2014,https://www.cse.lk/upload_report_file/705_1432289600292.pdf
BALA.N0000,Annual,2013.0,ANNUAL REPORT - 2013 ,https://www.cse.lk/upload_report_file/705_1400837208918.pdf
BALA.N0000,Annual,2013.0,Audited Financial Statements as at 31-12-2013,https://www.cse.lk/upload_report_file/705_1399286949.pdf
BALA.N0000,Annual,2013.0,Annual Report 2012 ,https://www.cse.lk/upload_report_file/705_1370342943.pdf
BERU.N0000,Annual,2025.0,Annual Report 2024/2025,https://www.cse.lk/cmt/upload_report_file/1201_1750388086766.pdf
BERU.N0000,Annual,2024.0,Annual Report - 2023/2024,https://www.cse.lk/cmt/upload_report_file/1201_1724297239815.pdf
BERU.N0000,Annual,2023.0,Annual Report - 2022/2023,https://www.cse.lk/cmt/upload_report_file/1201_1693452433291.pdf
BERU.N0000,Annual,2022.0,Annual Report - 2021/2022,https://www.cse.lk/cmt/upload_report_file/1201_1661945571821.pdf
BERU.N0000,Annual,2021.0,Annual Report 2020/21,https://www.cse.lk/cmt/upload_report_file/1201_1632715395532.pdf
BERU.N0000,Annual,2020.0,Annual Report 2019/2020,https://www.cse.lk/cmt/upload_report_file/1201_1601630395271.pdf
BERU.N0000,Annual,2019.0,Annual Report  2018/2019,https://www.cse.lk/cmt/upload_report_file/1201_1567156612967.pdf
BERU.N0000,Annual,2018.0,Annual Report 2017/2018,https://www.cse.lk/upload_report_file/1201_1531134872573.pdf
BERU.N0000,Annual,2017.0,Annual Report 2016/2017,https://www.cse.lk/upload_report_file/1201_1497009843732.pdf
BERU.N0000,Annual,2016.0,Annual Report 2015/2016,https://www.cse.lk/upload_report_file/1201_1470137971949.pdf
BERU.N0000,Annual,2015.0,Annual Report 2014/2015,https://www.cse.lk/upload_report_file/1201_1435547843155.pdf
BERU.N0000,Annual,2014.0,Annual Financial Report 2013/2014,https://www.cse.lk/upload_report_file/1201_1403085646192.pdf
BERU.N0000,Annual,2013.0,Annual Report 2012/2013,https://www.cse.lk/upload_report_file/1201_1372073395695.pdf
BERU.N0000,Annual,2012.0,Annual Report 2011/2012,https://www.cse.lk/upload_report_file/1201_1344507079582.pdf
BRR.N0000,Annual,2025.0,Annual Report 2024/2025,https://www.cse.lk/cmt/upload_report_file/1322_1752746331343.pdf
BRR.N0000,Annual,2024.0,Annual Report 2023/2024,https://www.cse.lk/cmt/upload_report_file/1322_1722596710065.pdf
BRR.N0000,Annual,2023.0,Annual Report 2022/2023,https://www.cse.lk/cmt/upload_report_file/1322_1690974569697.pdf
BRR.N0000,Annual,2022.0,Annual Report 2021/2022,https://www.cse.lk/cmt/upload_report_file/1322_1659069787669.pdf
BRR.N0000,Annual,2021.0,Annual Report 2020/21,https://www.cse.lk/cmt/upload_report_file/1322_1629434610267.pdf
BRR.N0000,Annual,2020.0,Annual Report 2019/20,https://www.cse.lk/cmt/upload_report_file/1322_1596101689972.pdf
BRR.N0000,Annual,2019.0,Annual Report 2018/2019,https://www.cse.lk/cmt/upload_report_file/1322_1566814735204.pdf
BRR.N0000,Annual,2018.0,Annual Report 2017/2018,https://www.cse.lk/upload_report_file/1322_1533896180308.pdf
BRR.N0000,Annual,2017.0,Annual Report 2016/2017,https://www.cse.lk/upload_report_file/1322_1502364826547.pdf
BRR.N0000,Annual,2016.0,Annual Report 2015/2016,https://www.cse.lk/upload_report_file/1322_1469620657442.pdf
BRR.N0000,Annual,2015.0,Annual Report 2014/2015,https://www.cse.lk/upload_report_file/1322_1438246034592.pdf
BRR.N0000,Annual,2014.0,Audited Financial Statements as at 31-03-2014,https://www.cse.lk/upload_report_file/1322_1410345145055.pdf
BRR.N0000,Annual,2014.0,Annual Report 2013/2014,https://www.cse.lk/upload_report_file/1322_1409906867.pdf
BLI.N0000,Annual,2022.0,Annual Report 2021/2022,https://www.cse.lk/cmt/upload_report_file/1067_1747300933867.pdf
BLI.N0000,Annual,2022.0,Audited Financial Statements as at 31-03-2022,https://www.cse.lk/cmt/upload_report_file/1067_1735615886560.pdf
BLI.N0000,Annual,2021.0,Annual Report 2020/2021,https://www.cse.lk/cmt/upload_report_file/1067_1672302495764.pdf
BLI.N0000,Annual,2021.0,Audited Financial Statements as at 31-03-2021,https://www.cse.lk/cmt/upload_report_file/1067_1671443689984.pdf
BLI.N0000,Annual,2020.0,Annual Report 2019/2020,https://www.cse.lk/cmt/upload_report_file/1067_1617267862498.pdf
BLI.N0000,Annual,2020.0,Audited Financial Statements as of 31-03-2020,https://www.cse.lk/cmt/upload_report_file/1067_1616751869543.03.2020.pdf
BLI.N0000,Annual,2019.0,Annual Report 2018/2019,https://www.cse.lk/cmt/upload_report_file/1067_1567159862871.pdf
BLI.N0000,Annual,2019.0,Audited Financial Statements as of 31-03-2019,https://www.cse.lk/upload_report_file/1067_1562035968283.03.2019.pdf
BLI.N0000,Annual,2018.0,Annual Report 2017/2018,https://www.cse.lk/upload_report_file/1067_1535713296409.pdf
BLI.N0000,Annual,2017.0,Annual Report 2016/2017,https://www.cse.lk/upload_report_file/1067_1504173712685.pdf
BLI.N0000,Annual,2016.0,Annual Report 2015/2016,https://www.cse.lk/upload_report_file/1067_1473844760678.pdf
BLI.N0000,Annual,2015.0,Annual Report 2014/2015,https://www.cse.lk/upload_report_file/1067_1441362209404.pdf
BLI.N0000,Annual,2014.0,Annual Report 2013/2014,https://www.cse.lk/upload_report_file/1067_1409304201329.pdf
BLI.N0000,Annual,2013.0,Annual Report 2012/2013,https://www.cse.lk/upload_report_file/1067_1378119030618.pdf
BLI.N0000,Annual,2012.0,Annual Report  2011/2012,https://www.cse.lk/upload_report_file/1067_1340967342388.pdf
BLUE.X0000,Annual,2024.0,Annual Report as at 31st March 2024,https://www.cse.lk/cmt/upload_report_file/663_1765423608222..pdf
BLUE.X0000,Annual,2023.0,Annual Report 2022/2023,https://www.cse.lk/cmt/upload_report_file/663_1696587207201.pdf
BLUE.X0000,Annual,2022.0,ANNUAL REPORT 2021 /2022,https://www.cse.lk/cmt/upload_report_file/663_1669719004681.pdf
BLUE.X0000,Annual,2021.0,Annual Report 2020/21,https://www.cse.lk/cmt/upload_report_file/663_1634271046143.pdf
BLUE.X0000,Annual,2020.0,Annual report 2019/20,https://www.cse.lk/cmt/upload_report_file/663_1614683182436.pdf
BLUE.X0000,Annual,2019.0, Annual Report 2018/2019,https://www.cse.lk/cmt/upload_report_file/663_1575624964315.pdf
BLUE.X0000,Annual,2018.0,Annual Report 2017/2018,https://www.cse.lk/upload_report_file/663_1544180433874.pdf
BLUE.X0000,Annual,2017.0,Annual Report 2016/2017,https://www.cse.lk/upload_report_file/663_1507806102.pdf
BLUE.X0000,Annual,2016.0,Annual Report 2015/2016,https://www.cse.lk/upload_report_file/663_1479205879.pdf
BLUE.X0000,Annual,2015.0,Annual Report 2014/2015,https://www.cse.lk/upload_report_file/663_1444388662467.pdf
BLUE.X0000,Annual,2014.0,Annual Report 2013/2014,https://www.cse.lk/upload_report_file/663_1427350279724.pdf
BLUE.X0000,Annual,2013.0,Annual Report 2012/2013,https://www.cse.lk/upload_report_file/663_1378460739.pdf
BLUE.X0000,Annual,2012.0,Annual Report 2011/2012,https://www.cse.lk/upload_report_file/663_1346994108.pdf
BLUE.N0000,Annual,2024.0,Annual Report as at 31st March 2024,https://www.cse.lk/cmt/upload_report_file/663_1765423608222..pdf
BLUE.N0000,Annual,2023.0,Annual Report 2022/2023,https://www.cse.lk/cmt/upload_report_file/663_1696587207201.pdf
BLUE.N0000,Annual,2022.0,ANNUAL REPORT 2021 /2022,https://www.cse.lk/cmt/upload_report_file/663_1669719004681.pdf
BLUE.N0000,Annual,2021.0,Annual Report 2020/21,https://www.cse.lk/cmt/upload_report_file/663_1634271046143.pdf
BLUE.N0000,Annual,2020.0,Annual report 2019/20,https://www.cse.lk/cmt/upload_report_file/663_1614683182436.pdf
BLUE.N0000,Annual,2019.0, Annual Report 2018/2019,https://www.cse.lk/cmt/upload_report_file/663_1575624964315.pdf
BLUE.N0000,Annual,2018.0,Annual Report 2017/2018,https://www.cse.lk/upload_report_file/663_1544180433874.pdf
BLUE.N0000,Annual,2017.0,Annual Report 2016/2017,https://www.cse.lk/upload_report_file/663_1507806102.pdf
BLUE.N0000,Annual,2016.0,Annual Report 2015/2016,https://www.cse.lk/upload_report_file/663_1479205879.pdf
BLUE.N0000,Annual,2015.0,Annual Report 2014/2015,https://www.cse.lk/upload_report_file/663_1444388662467.pdf
BLUE.N0000,Annual,2014.0,Annual Report 2013/2014,https://www.cse.lk/upload_report_file/663_1427350279724.pdf
BLUE.N0000,Annual,2013.0,Annual Report 2012/2013,https://www.cse.lk/upload_report_file/663_1378460739.pdf
BLUE.N0000,Annual,2012.0,Annual Report 2011/2012,https://www.cse.lk/upload_report_file/663_1346994108.pdf
BOPL.N0000,Annual,2025.0,Annual Report 2024/2025,https://www.cse.lk/cmt/upload_report_file/706_1756380902159.pdf
BOPL.N0000,Annual,2024.0,Annual Financial Report 2023/2024,https://www.cse.lk/cmt/upload_report_file/706_1724925591500.pdf
BOPL.N0000,Annual,2023.0,ANNUAL REPORT 2022/2023,https://www.cse.lk/cmt/upload_report_file/706_1693474550042.pdf
BOPL.N0000,Annual,2022.0,Annual Report 2021/2022,https://www.cse.lk/cmt/upload_report_file/706_1661938408332.pdf
BOPL.N0000,Annual,2021.0,Annual Report 2020/21,https://www.cse.lk/cmt/upload_report_file/706_1630315660164.pdf
BOPL.N0000,Annual,2020.0,Annual Report 2019/2020,https://www.cse.lk/cmt/upload_report_file/706_1604912741229.pdf
BOPL.N0000,Annual,2019.0,Annual Report 2018/2019,https://www.cse.lk/cmt/upload_report_file/706_1567163724166.19_CSE.pdf
BOPL.N0000,Annual,2018.0,Annual Report 2017/2018,https://www.cse.lk/upload_report_file/706_1535711182579.pdf
BOPL.N0000,Annual,2017.0,Annual Report 2016/2017,https://www.cse.lk/upload_report_file/706_1504092195.pdf
BOPL.N0000,Annual,2016.0,Annual Report 2015/2016,https://www.cse.lk/upload_report_file/706_1472638791715.08.2016) CD.pdf
BOPL.N0000,Annual,2015.0,Annual Report 2014/2015,https://www.cse.lk/upload_report_file/706_1441020423257.pdf
BOPL.N0000,Annual,2014.0,Annual Report 2013/2014,https://www.cse.lk/upload_report_file/706_1409223038402.pdf
BOPL.N0000,Annual,2013.0,Annual Report 2012/2013,https://www.cse.lk/upload_report_file/706_1377863378.pdf
BOPL.N0000,Annual,2012.0,Annual Report 2011/12,https://www.cse.lk/upload_report_file/706_1346326866474.pdf
BOGA.N0000,Annual,2024.0,Annual Report 2024,https://www.cse.lk/cmt/upload_report_file/664_1741605658514.pdf
BOGA.N0000,Annual,2023.0,Annual Report - 2023,https://www.cse.lk/cmt/upload_report_file/664_1710149503552.pdf
BOGA.N0000,Annual,2022.0,Annual Report- 2022,https://www.cse.lk/cmt/upload_report_file/664_1680605156212.pdf
BOGA.N0000,Annual,2021.0,Annual Report - 2021,https://www.cse.lk/cmt/upload_report_file/664_1647425471151.pdf
BOGA.N0000,Annual,2020.0,Annual Report 2020,https://www.cse.lk/cmt/upload_report_file/664_1615972551717.pdf
BOGA.N0000,Annual,2019.0,Annual Report 2019,https://www.cse.lk/cmt/upload_report_file/664_1583981373521.pdf
BOGA.N0000,Annual,2019.0,Annual Report 2018,https://www.cse.lk/upload_report_file/664_1552648510940.pdf
BOGA.N0000,Annual,2017.0,Annual Report 2017,https://www.cse.lk/upload_report_file/664_1522986212898.pdf
BOGA.N0000,Annual,2016.0,Annual Report 2016,https://www.cse.lk/upload_report_file/664_1491478783.pdf
BOGA.N0000,Annual,2015.0,Annual Report 2015 ,https://www.cse.lk/upload_report_file/664_1461324318763.pdf
BOGA.N0000,Annual,2014.0,Annual Report 2014,https://www.cse.lk/upload_report_file/664_1428579520902.pdf
BOGA.N0000,Annual,2013.0,Annual Report 2013,https://www.cse.lk/upload_report_file/664_1394449662.pdf
BOGA.N0000,Annual,2012.0,Annual Report 2012,https://www.cse.lk/upload_report_file/664_1362138111707.pdf
BRWN.N0000,Annual,2025.0,Annual Report 2024/2025,https://www.cse.lk/cmt/upload_report_file/764_1756723782048.pdf
BRWN.N0000,Annual,2024.0,Annual Report 2023/2024,https://www.cse.lk/cmt/upload_report_file/764_1725243597942.pdf
BRWN.N0000,Annual,2023.0,ANNUAL REPORT FOR 2022/2023,https://www.cse.lk/cmt/upload_report_file/764_1693539473442.pdf
BRWN.N0000,Annual,2022.0,Annual Report 2021/2022,https://www.cse.lk/cmt/upload_report_file/764_1662038009764.pdf
BRWN.N0000,Annual,2021.0,Annual Report 2020/21,https://www.cse.lk/cmt/upload_report_file/764_1630466195418.pdf
BRWN.N0000,Annual,2020.0,Annual Report 2019/2020,https://www.cse.lk/cmt/upload_report_file/764_1604487308553.pdf
BRWN.N0000,Annual,2019.0,Annual Report 2018/2019,https://www.cse.lk/cmt/upload_report_file/764_1566814337554.pdf
BRWN.N0000,Annual,2018.0,Annual Report 2017/2018,https://www.cse.lk/upload_report_file/764_1535709128473.pdf
BRWN.N0000,Annual,2017.0,Annual Report 2016/2017,https://www.cse.lk/upload_report_file/764_1499419942.pdf
BRWN.N0000,Annual,2016.0,Annual Report 2015/2016,https://www.cse.lk/upload_report_file/764_1468408501.pdf
BRWN.N0000,Annual,2015.0,Annual Report 2014/2015,https://www.cse.lk/upload_report_file/764_1439977157.pdf
BRWN.N0000,Annual,2014.0,Annual Report 2013/2014,https://www.cse.lk/upload_report_file/764_1409572622416.pdf
BRWN.N0000,Annual,2013.0,Annual Report 2012/2013,https://www.cse.lk/upload_report_file/764_1377863569819.pdf
BRWN.N0000,Annual,2012.0,Annual Report 2011/2012,https://www.cse.lk/upload_report_file/764_1346238236951. PLC Annual Report 2011-2012.pdf
BBH.N0000,Annual,2025.0,Annual Report 2024/25,https://www.cse.lk/cmt/upload_report_file/525_1749725291926.pdf
BBH.N0000,Annual,2024.0,Annual Report 2023/24,https://www.cse.lk/cmt/upload_report_file/525_1721040862731.pdf
BBH.N0000,Annual,2023.0,Browns Beach Hotels PLC - Annual Report for the year ended 31st March 2023,https://www.cse.lk/cmt/upload_report_file/525_1686130010246.pdf
BBH.N0000,Annual,2022.0,Amendment to the Annual Report of Browns Beach Hotels PLC 2021-2022,https://www.cse.lk/cmt/upload_report_file/525_1654769975507.pdf
BBH.N0000,Annual,2022.0,Annual Report 2021/22,https://www.cse.lk/cmt/upload_report_file/525_1654595450447.pdf
BBH.N0000,Annual,2021.0,Annual Report 2020/21,https://www.cse.lk/cmt/upload_report_file/525_1623058554618.pdf
BBH.N0000,Annual,2020.0,Annual Report 2019/2020,https://www.cse.lk/cmt/upload_report_file/525_1596708213725.pdf
BBH.N0000,Annual,2019.0,Annual Financial Report 2018-2019,https://www.cse.lk/upload_report_file/525_1564998727392.pdf
BBH.N0000,Annual,2018.0,Annual Report 2017/2018,https://www.cse.lk/upload_report_file/525_1533635779268.pdf
BBH.N0000,Annual,2017.0,Annual Report 2016/2017,https://www.cse.lk/upload_report_file/525_1504177621608.pdf
BBH.N0000,Annual,2016.0,Annual Report 2015/2016,https://www.cse.lk/upload_report_file/525_1472640718436.pdf
BBH.N0000,Annual,2015.0,Annual Report 2014/2015,https://www.cse.lk/upload_report_file/525_1440150974302.pdf
BBH.N0000,Annual,2014.0,Annual Report 2013/2014,https://www.cse.lk/upload_report_file/525_1409281479408.pdf
BBH.N0000,Annual,2013.0,Annual Report 2012/13,https://www.cse.lk/upload_report_file/525_1375870571334.pdf
BBH.N0000,Annual,2012.0,Annual Report 2011/2012,https://www.cse.lk/upload_report_file/525_1344250476917.pdf
BUKI.N0000,Annual,2025.0,Annual Report - 2024/25,https://www.cse.lk/cmt/upload_report_file/456_1753102951843.pdf
BUKI.N0000,Annual,2024.0,Annual Report - 2023/24,https://www.cse.lk/cmt/upload_report_file/456_1721302558018.pdf
BUKI.N0000,Annual,2023.0,Annual Report for the year ended 31st March 2023,https://www.cse.lk/cmt/upload_report_file/456_1689764802723.pdf
BUKI.N0000,Annual,2022.0,Annual Financial Report 2021/2022,https://www.cse.lk/cmt/upload_report_file/456_1658314643059.pdf
BUKI.N0000,Annual,2021.0,Annual Report FY 2020/2021,https://www.cse.lk/cmt/upload_report_file/456_1628073110283.pdf
BUKI.N0000,Annual,2020.0,Annual Report for the year ended 31st March 2020,https://www.cse.lk/cmt/upload_report_file/456_1598433179546.pdf
BUKI.N0000,Annual,2019.0,Annual Report for the year ended 31st March 2019,https://www.cse.lk/upload_report_file/456_1564481313284.pdf
BUKI.N0000,Annual,2018.0,Annual Report FY 2017/18,https://www.cse.lk/upload_report_file/456_1530785395617.pdf
BUKI.N0000,Annual,2017.0,Annual Report FY 2016/17,https://www.cse.lk/upload_report_file/456_1504091621064.pdf
BUKI.N0000,Annual,2016.0,Annual Report 2015/2016,https://www.cse.lk/upload_report_file/456_1467716993116.pdf
BUKI.N0000,Annual,2015.0,Annual Report 2014/2015,https://www.cse.lk/upload_report_file/456_1437562748.pdf
BUKI.N0000,Annual,2014.0,Annual Report 2013/2014,https://www.cse.lk/upload_report_file/456_1404813412612.pdf
BUKI.N0000,Annual,2013.0,Annual Report 2012/2013,https://www.cse.lk/upload_report_file/456_1373288896912.pdf
BUKI.N0000,Annual,2012.0,Annual Report 2011/2012,https://www.cse.lk/upload_report_file/456_1339585902901.pdf
COLO.N0000,Annual,2025.0,Annual Report 2024/2025,https://www.cse.lk/cmt/upload_report_file/693_1749037557262.pdf
COLO.N0000,Annual,2024.0,Annual Report 2023/2024,https://www.cse.lk/cmt/upload_report_file/693_1724900677214.pdf
COLO.N0000,Annual,2023.0,Annual Report 2022/2023,https://www.cse.lk/cmt/upload_report_file/693_1693481455780.pdf
COLO.N0000,Annual,2022.0,Annual Report 2021/2022,https://www.cse.lk/cmt/upload_report_file/693_1661953547166.pdf
COLO.N0000,Annual,2021.0,Annual Report 2020/2021,https://www.cse.lk/cmt/upload_report_file/693_1632914416431.pdf
COLO.N0000,Annual,2020.0,Annual Report 2019/2020,https://www.cse.lk/cmt/upload_report_file/693_1607340844337.pdf
COLO.N0000,Annual,2019.0,Annual Report  2018/2019,https://www.cse.lk/cmt/upload_report_file/693_1567158022876.pdf
COLO.N0000,Annual,2018.0,Annual Financial Report  2017/2018,https://www.cse.lk/upload_report_file/693_1535709154436.pdf
COLO.N0000,Annual,2017.0,Annual Financial Report 2016/2017,https://www.cse.lk/upload_report_file/693_1503480128041.pdf
COLO.N0000,Annual,2016.0,Annual Report 2015/2016,https://www.cse.lk/upload_report_file/693_1472636835850.pdf
COLO.N0000,Annual,2015.0,Annual Financial Report 2014/2015,https://www.cse.lk/upload_report_file/693_1440062378081.pdf
COLO.N0000,Annual,2014.0,Annual Report 2013/2014,https://www.cse.lk/upload_report_file/693_1407380982076.pdf
COLO.N0000,Annual,2013.0,Annual Report 2012/2013,https://www.cse.lk/upload_report_file/693_1377863733127.pdf
COLO.N0000,Annual,2012.0,ANNUAL REPORT 2011/2012,https://www.cse.lk/upload_report_file/693_1341399689224.pdf
BIL.N0000,Annual,2025.0,Annual Report - 2024/25,https://www.cse.lk/cmt/upload_report_file/1077_1756468475064.pdf
BIL.N0000,Annual,2024.0,Annual Report 2023/2024,https://www.cse.lk/cmt/upload_report_file/1077_1725243457494.pdf
BIL.N0000,Annual,2023.0,ANNUAL REPORT FOR 2022/2023,https://www.cse.lk/cmt/upload_report_file/1077_1693540009738.pdf
BIL.N0000,Annual,2022.0,Annual Report 2021/2022,https://www.cse.lk/cmt/upload_report_file/1077_1662038799755.pdf
BIL.N0000,Annual,2021.0,Annual Report 2020/21,https://www.cse.lk/cmt/upload_report_file/1077_1630466341291.pdf
BIL.N0000,Annual,2020.0,Annual Report 2019/2020,https://www.cse.lk/cmt/upload_report_file/1077_1604489608338.pdf
BIL.N0000,Annual,2019.0,Annual Report 2018/2019,https://www.cse.lk/cmt/upload_report_file/1077_1566814466699.pdf
BIL.N0000,Annual,2018.0,Annual Report 2017/2018,https://www.cse.lk/upload_report_file/1077_1535709256726.pdf
BIL.N0000,Annual,2017.0,Annual Report 2016/2017,https://www.cse.lk/upload_report_file/1077_1503487476510.pdf
BIL.N0000,Annual,2016.0,Annual Report - 2015/2016,https://www.cse.lk/upload_report_file/1077_1472551996362.pdf
BIL.N0000,Annual,2015.0,Annual Report 2014/2015,https://www.cse.lk/upload_report_file/1077_1441015516788.pdf
BIL.N0000,Annual,2014.0,Annual Report 2013/2014,https://www.cse.lk/upload_report_file/1077_1409224523137.pdf
BIL.N0000,Annual,2013.0,Annual Report 2012/2013,https://www.cse.lk/upload_report_file/1077_1377860586528.pdf
BIL.N0000,Annual,2012.0,Annual Report 2011/2012,https://www.cse.lk/upload_report_file/1077_1346237850.pdf
CTHR.N0000,Annual,2025.0,Annual Report 2024-2025,https://www.cse.lk/cmt/upload_report_file/503_1751279579289.pdf
CTHR.N0000,Annual,2024.0,Annual Report 2023-2024,https://www.cse.lk/cmt/upload_report_file/503_1720607024997.pdf
CTHR.N0000,Annual,2023.0,Annual Report - 2022/2023,https://www.cse.lk/cmt/upload_report_file/503_1688640766769.pdf
CTHR.N0000,Annual,2022.0,ANNUAL REPORT 2021/2022,https://www.cse.lk/cmt/upload_report_file/503_1657167422789.pdf
CTHR.N0000,Annual,2021.0,Financial Report for Year ended 31 March 2021,https://www.cse.lk/cmt/upload_report_file/503_1623416074374.pdf
CTHR.N0000,Annual,2020.0,Annual Report 2019/2020,https://www.cse.lk/cmt/upload_report_file/503_1602242863830.pdf
CTHR.N0000,Annual,2019.0,Annual Report 2018/2019,https://www.cse.lk/upload_report_file/503_1562582642569.pdf
CTHR.N0000,Annual,2018.0,Annual Report 2017/2018,https://www.cse.lk/upload_report_file/503_1533556049260.pdf
CTHR.N0000,Annual,2017.0,Annual Report 2016/2017,https://www.cse.lk/upload_report_file/503_1496747290.pdf
CTHR.N0000,Annual,2016.0,Annual Report 2015/2016,https://www.cse.lk/upload_report_file/503_1466072468782.pdf
CTHR.N0000,Annual,2015.0,Annual Report 2014/2015,https://www.cse.lk/upload_report_file/503_1436757955738.pdf
CTHR.N0000,Annual,2014.0,Annual Report 2013/2014,https://www.cse.lk/upload_report_file/503_1408026374329.pdf
CTHR.N0000,Annual,2013.0,Annual Report 2012/2013,https://www.cse.lk/upload_report_file/503_1380274846.pdf
CTHR.N0000,Annual,2012.0,Annual Report 2011-2012,https://www.cse.lk/upload_report_file/503_1348659788116.pdf
CTLD.N0000,Annual,2025.0,ANNUAL REPORT 2024-2025,https://www.cse.lk/cmt/upload_report_file/614_1751283580812.pdf
CTLD.N0000,Annual,2024.0,ANNUAL REPORT 2023-2024,https://www.cse.lk/cmt/upload_report_file/614_1720661637571.pdf
CTLD.N0000,Annual,2023.0,ANNUAL REPORT 2022/23,https://www.cse.lk/cmt/upload_report_file/614_1688555503316.pdf
CTLD.N0000,Annual,2022.0,ANNUAL REPORT 2021/22,https://www.cse.lk/cmt/upload_report_file/614_1657164240152.pdf
CTLD.N0000,Annual,2021.0,Annual Report 2020/21,https://www.cse.lk/cmt/upload_report_file/614_1623320309546.pdf
CTLD.N0000,Annual,2020.0,Annual Report 2019/20,https://www.cse.lk/cmt/upload_report_file/614_1601638060583.pdf
CTLD.N0000,Annual,2019.0,Annual Report 2018/2019,https://www.cse.lk/upload_report_file/614_1562296044831.pdf
CTLD.N0000,Annual,2018.0,Annual Report 2017/2018,https://www.cse.lk/upload_report_file/614_1534242512693.pdf
CTLD.N0000,Annual,2017.0,Annual Report 2016/2017,https://www.cse.lk/upload_report_file/614_1496318102.pdf
CTLD.N0000,Annual,2016.0,Annual Report 2015/2016,https://www.cse.lk/upload_report_file/614_1465901280.pdf
CTLD.N0000,Annual,2015.0,Annual Report 2014/2015,https://www.cse.lk/upload_report_file/614_1436354098773.pdf
CTLD.N0000,Annual,2014.0,Annual Report 2013/2014,https://www.cse.lk/upload_report_file/614_1406777552662.pdf
CTLD.N0000,Annual,2013.0,Annual Report 2012/2013,https://www.cse.lk/upload_report_file/614_1378263729.pdf
CTLD.N0000,Annual,2012.0,Annual Report 2011/2012,https://www.cse.lk/upload_report_file/614_1346060173186.pdf
CWM.N0000,Annual,2025.0,Annual Report 2024/25,https://www.cse.lk/cmt/upload_report_file/765_1749120750163.W.Mackie PLC Annual Report as of 31.03.2025.pdf
CWM.N0000,Annual,2024.0,Annual Report 2023/24,https://www.cse.lk/cmt/upload_report_file/765_1717642429979. W. Mackie PLC Annual Report 2023-24.pdf
CWM.N0000,Annual,2023.0,Annual Report 2022/23,https://www.cse.lk/cmt/upload_report_file/765_1688611735940. W. Mackie PLC Annual Report As of 31-03-2023.pdf
CWM.N0000,Annual,2022.0,Annual Report 2021/22,https://www.cse.lk/cmt/upload_report_file/765_1656668601551.22.pdf
CWM.N0000,Annual,2021.0,Annual Report 2020/21,https://www.cse.lk/cmt/upload_report_file/765_1627376584169.pdf
CWM.N0000,Annual,2020.0,Annual Report 2019/20,https://www.cse.lk/cmt/upload_report_file/765_1598872862168.W Mackie Annual Report 2020 Final.pdf
CWM.N0000,Annual,2019.0,Annual Financial Report as of 31.03.2019,https://www.cse.lk/upload_report_file/765_1559817473411.03.2019.pdf
CWM.N0000,Annual,2018.0,Annual Report 2017/18,https://www.cse.lk/upload_report_file/765_1528167532434.pdf
CWM.N0000,Annual,2017.0,Annual Financial Report as of 31.03.2017,https://www.cse.lk/upload_report_file/765_1496401386580.03.2017.pdf
CWM.N0000,Annual,2016.0,Annual Report 2015/2016,https://www.cse.lk/upload_report_file/765_1465299282430.pdf
CWM.N0000,Annual,2015.0,Annual Report 2014/2015,https://www.cse.lk/upload_report_file/765_1433324921672.pdf
CWM.N0000,Annual,2014.0,Annual Report 2013/2014,https://www.cse.lk/upload_report_file/765_1401884388615.pdf
CWM.N0000,Annual,2013.0,Annual Report  2012/13,https://www.cse.lk/upload_report_file/765_1370344937383.pdf
CWM.N0000,Annual,2012.0,Annual Report 2011/12,https://www.cse.lk/upload_report_file/765_1338550602605.pdf
CSLK.N0000,Annual,2025.0,Annual Report 2024/25,https://www.cse.lk/cmt/upload_report_file/3198_1756130170581.pdf
CSLK.N0000,Annual,2024.0,Annual Report 2023/24,https://www.cse.lk/cmt/upload_report_file/3198_1726219357817.pdf
CALH.N0000,Annual,2025.0,Annual Report 2024/2025,https://www.cse.lk/cmt/upload_report_file/3319_1756349884006.pdf
CALT.N0000,Annual,2025.0,Annual Report 2024/2025,https://www.cse.lk/cmt/upload_report_file/2647_1753789009173.pdf
CALT.N0000,Annual,2024.0,Annual Report 2023/2024,https://www.cse.lk/cmt/upload_report_file/2647_1722939391318.pdf
CALT.N0000,Annual,2024.0,Audited Financial Statements for the year ended 31st March 2024,https://www.cse.lk/cmt/upload_report_file/2647_1722420295116.pdf
CALT.N0000,Annual,2023.0,Annual Report 2022/2023,https://www.cse.lk/cmt/upload_report_file/2647_1693216218370.pdf.pdf
CALT.N0000,Annual,2023.0,Audited Financial Statements as of 31.03.2023,https://www.cse.lk/cmt/upload_report_file/2647_1690943754433.pdf
CALT.N0000,Annual,2022.0,Annual Report - 2021/2022,https://www.cse.lk/cmt/upload_report_file/2647_1656929207171.pdf
CARG.N0000,Annual,2025.0,Annual Report 2024-2025,https://www.cse.lk/cmt/upload_report_file/457_1751017054218.pdf
CARG.N0000,Annual,2024.0,Annual Report 2023-2024,https://www.cse.lk/cmt/upload_report_file/457_1720610160626.pdf
CARG.N0000,Annual,2023.0,Annual Report - 2022/2023,https://www.cse.lk/cmt/upload_report_file/457_1688554970330.pdf
CARG.N0000,Annual,2022.0,Annual Report for Financial Year 2021/2022,https://www.cse.lk/cmt/upload_report_file/457_1657019493174.pdf
CARG.N0000,Annual,2021.0,Annual Report - 2020/2021,https://www.cse.lk/cmt/upload_report_file/457_1622802553979.pdf
CARG.N0000,Annual,2020.0,Annual Report 2019/20,https://www.cse.lk/cmt/upload_report_file/457_1596616183737.pdf
CARG.N0000,Annual,2019.0,Annual Report 2018/2019,https://www.cse.lk/upload_report_file/457_1562062888525.pdf
CARG.N0000,Annual,2018.0,Annual Report 2017/18,https://www.cse.lk/upload_report_file/457_1533205799824.pdf
CARG.N0000,Annual,2017.0,Annual Report 2016/2017,https://www.cse.lk/upload_report_file/457_1496718986.pdf
CARG.N0000,Annual,2016.0,Annual Report 2015/2016,https://www.cse.lk/upload_report_file/457_1465472557985.pdf
CARG.N0000,Annual,2015.0,Annual Report 2014/2015,https://www.cse.lk/upload_report_file/457_1436326044064.pdf
CARG.N0000,Annual,2014.0,Annual Report 2013/2014,https://www.cse.lk/upload_report_file/457_1407839396488.pdf
CARG.N0000,Annual,2013.0,Annual Report 2012/2013,https://www.cse.lk/upload_report_file/457_1377690344445.pdf
CARG.N0000,Annual,2012.0,ANNUAL REPORT 2011/2012,https://www.cse.lk/upload_report_file/457_1346152348054.pdf
CABO.N0000,Annual,2025.0,Annual Report 2024/2025,https://www.cse.lk/cmt/upload_report_file/615_1756091375180.pdf
CABO.N0000,Annual,2024.0,Amended Annual Report 2023/2024,https://www.cse.lk/cmt/upload_report_file/615_1725269745668.pdf
CABO.N0000,Annual,2024.0,Annual Report 2023/2024,https://www.cse.lk/cmt/upload_report_file/615_1725008527620.pdf
CABO.N0000,Annual,2023.0,Annual Report 2022/2023,https://www.cse.lk/cmt/upload_report_file/615_1693539601262.pdf
CABO.N0000,Annual,2022.0,Annual Report 2021/2022,https://www.cse.lk/cmt/upload_report_file/615_1661955632522.pdf
CABO.N0000,Annual,2021.0,Annual Report 2020/ 2021,https://www.cse.lk/cmt/upload_report_file/615_1630416371846.pdf
CABO.N0000,Annual,2020.0,ANNUAL REPORT 2019/2020,https://www.cse.lk/cmt/upload_report_file/615_1604310269448.pdf
CABO.N0000,Annual,2019.0,Annual Report 2018/2019,https://www.cse.lk/cmt/upload_report_file/615_1567163687405.pdf
CABO.N0000,Annual,2018.0,Annual Report 2017/2018,https://www.cse.lk/upload_report_file/615_1535450856627.pdf
CABO.N0000,Annual,2017.0,Annual Report 2016/2017,https://www.cse.lk/upload_report_file/615_1504092243.pdf
CABO.N0000,Annual,2016.0,Annual Report 2015/2016,https://www.cse.lk/upload_report_file/615_1472468382137.pdf
CABO.N0000,Annual,2015.0,Annual Report 2014/2015,https://www.cse.lk/upload_report_file/615_1440759409852.pdf
CABO.N0000,Annual,2014.0,Annual Report 2013/2014,https://www.cse.lk/upload_report_file/615_1409224023500.pdf
CABO.N0000,Annual,2013.0,Annual Report 2012/2013,https://www.cse.lk/upload_report_file/615_1377861036.pdf
CABO.N0000,Annual,2012.0,Annual Report 2011/12,https://www.cse.lk/upload_report_file/615_1346324771397.pdf
CBNK.N0000,Annual,2024.0,Annual Report 2024,https://www.cse.lk/cmt/upload_report_file/3118_1741167992407.pdf
CBNK.N0000,Annual,2023.0,Annual Report 2023,https://www.cse.lk/cmt/upload_report_file/3118_1711941575204.pdf
CARS.N0000,Annual,2025.0,Annual Report - 2024/25,https://www.cse.lk/cmt/upload_report_file/502_1753098344902.pdf
CARS.N0000,Annual,2024.0,Annual Report - 2023/24,https://www.cse.lk/cmt/upload_report_file/502_1721301844616.pdf
CARS.N0000,Annual,2023.0,Annual Report for the year ended 31st March 2023,https://www.cse.lk/cmt/upload_report_file/502_1689764574993.pdf
CARS.N0000,Annual,2022.0,Annual Financial Report 2021/2022,https://www.cse.lk/cmt/upload_report_file/502_1658313618342.pdf
CARS.N0000,Annual,2021.0,Annual Report FY 2020/2021,https://www.cse.lk/cmt/upload_report_file/502_1628072694885.pdf
CARS.N0000,Annual,2020.0,Annual Report for the year ended 31st March 2020,https://www.cse.lk/cmt/upload_report_file/502_1598433110036.pdf
CARS.N0000,Annual,2019.0,Annual Report for the year ended 31st March 2019,https://www.cse.lk/upload_report_file/502_1564481243738.pdf
CARS.N0000,Annual,2018.0,Annual Report FY 2017/18,https://www.cse.lk/upload_report_file/502_1530785325327.pdf
CARS.N0000,Annual,2017.0,Annual Report FY 2016/17,https://www.cse.lk/upload_report_file/502_1504091662462.pdf
CARS.N0000,Annual,2016.0,Annual Report 2015/2016,https://www.cse.lk/upload_report_file/502_1467717089981.pdf
CARS.N0000,Annual,2015.0,Annual Report 2014/2015,https://www.cse.lk/upload_report_file/502_1437563314.pdf
CARS.N0000,Annual,2014.0,Annual Report 2013/2014,https://www.cse.lk/upload_report_file/502_1404813517878.pdf
CARS.N0000,Annual,2013.0,Annual Report 2012/2013,https://www.cse.lk/upload_report_file/502_1373292818243.pdf
CARS.N0000,Annual,2012.0,Annual Report 2011/2012,https://www.cse.lk/upload_report_file/502_1339586008290.pdf
CFIN.N0000,Annual,2025.0,Annual Report 2024/25,https://www.cse.lk/cmt/upload_report_file/366_1749119928347.pdf
CFIN.N0000,Annual,2024.0,Annual Report 2023/24,https://www.cse.lk/cmt/upload_report_file/366_1717499296798.pdf
CFIN.N0000,Annual,2023.0,Annual Report 2022/23,https://www.cse.lk/cmt/upload_report_file/366_1686133038210.pdf
CFIN.N0000,Annual,2022.0,Annual Report 21/22,https://www.cse.lk/cmt/upload_report_file/366_1654659111432.pdf
CFIN.N0000,Annual,2021.0,Annual report for the year ended 31st March 2021,https://www.cse.lk/cmt/upload_report_file/366_1623060685923.pdf
CFIN.N0000,Annual,2020.0,Annual report for the year ended 31st March 2020 ,https://www.cse.lk/cmt/upload_report_file/366_1596536239080.pdf
CFIN.N0000,Annual,2019.0,Annual Report 2018/2019,https://www.cse.lk/upload_report_file/366_1559875540282.pdf
CFIN.N0000,Annual,2018.0,Annual Report 2017/2018,https://www.cse.lk/upload_report_file/366_1528282297546.pdf
CFIN.N0000,Annual,2017.0,Annual Report 2016/2017,https://www.cse.lk/upload_report_file/366_1496834476788.pdf
CFIN.N0000,Annual,2016.0,Annual Report 2015/2016,https://www.cse.lk/upload_report_file/366_1466593037428.pdf
CFIN.N0000,Annual,2015.0,Annual Report 2014/2015,https://www.cse.lk/upload_report_file/366_1435145135501.pdf
CFIN.N0000,Annual,2014.0,Annual Report 2013/2014,https://www.cse.lk/upload_report_file/366_1403262663381.pdf
CFIN.N0000,Annual,2013.0,Annual Report 2012/13,https://www.cse.lk/upload_report_file/366_1372331987069.pdf
CFIN.N0000,Annual,2012.0,Annual Report 2011/2012,https://www.cse.lk/upload_report_file/366_1340796744.pdf
CIND.N0000,Annual,2025.0,Annual Report 2024/25,https://www.cse.lk/cmt/upload_report_file/665_1748943262866.pdf
CIND.N0000,Annual,2024.0,Annual Report 2023/24,https://www.cse.lk/cmt/upload_report_file/665_1717411768959.pdf
CIND.N0000,Annual,2023.0,Annual Report 2022/23,https://www.cse.lk/cmt/upload_report_file/665_1686055079020.pdf
CIND.N0000,Annual,2022.0,Annual Report 2021/22,https://www.cse.lk/cmt/upload_report_file/665_1656323889600.pdf
CIND.N0000,Annual,2021.0,Annual Report 2020/21,https://www.cse.lk/cmt/upload_report_file/665_1624853987574.pdf
CIND.N0000,Annual,2020.0,Annual Report 2019/2020,https://www.cse.lk/cmt/upload_report_file/665_1594287607555.pdf
CIND.N0000,Annual,2019.0,Annual Financial Report as at 31st March 2019,https://www.cse.lk/upload_report_file/665_1562667365778.pdf
CIND.N0000,Annual,2018.0,Annual Report 2017/2018,https://www.cse.lk/upload_report_file/665_1530530509762.pdf
CIND.N0000,Annual,2017.0,Annual Report 2016/2017,https://www.cse.lk/upload_report_file/665_1500287961698.pdf
CIND.N0000,Annual,2016.0,Annual Report 2015/2016,https://www.cse.lk/upload_report_file/665_1467370419746.pdf
CIND.N0000,Annual,2015.0,Annual Report 2014/2015,https://www.cse.lk/upload_report_file/665_1436177238.pdf
CIND.N0000,Annual,2014.0,Annual Report 2013/2014,https://www.cse.lk/upload_report_file/665_1404730049915.pdf
CIND.N0000,Annual,2013.0,Annual Report 2012/2013,https://www.cse.lk/upload_report_file/665_1373365245.pdf
CIND.N0000,Annual,2012.0,Annual Report  2011/2012,https://www.cse.lk/upload_report_file/665_1341394433340.pdf
CINS.X0000,Annual,2024.0,ANNUAL FINANCIAL REPORT AS AT 31-12-2024,https://www.cse.lk/cmt/upload_report_file/367_1745406752092.pdf
CINS.X0000,Annual,2023.0,ANNUAL FINANCIAL REPORT AS AT 31-12-2023 ,https://www.cse.lk/cmt/upload_report_file/367_1714101098563.pdf
CINS.X0000,Annual,2022.0,ANNUAL FINANCIAL REPORT AS AS 31-12-2022,https://www.cse.lk/cmt/upload_report_file/367_1683111377590.pdf
CINS.X0000,Annual,2021.0,Annual Report 2021,https://www.cse.lk/cmt/upload_report_file/367_1650623503364.pdf
CINS.X0000,Annual,2020.0,Annual Report as at 31.12.2020,https://www.cse.lk/cmt/upload_report_file/367_1617960066819.pdf
CINS.X0000,Annual,2019.0,Annual Financial Statemets  as at 31st December 2019,https://www.cse.lk/cmt/upload_report_file/367_1591607144562.pdf
CINS.X0000,Annual,2018.0,Annual Report 2018,https://www.cse.lk/upload_report_file/367_1553679623013.pdf
CINS.X0000,Annual,2017.0,Annual Report 2017,https://www.cse.lk/upload_report_file/367_1525339089091.pdf
CINS.X0000,Annual,2016.0,Annual Report 2016,https://www.cse.lk/upload_report_file/367_1490610231442.pdf
CINS.X0000,Annual,2015.0,Annual Report - 2015,https://www.cse.lk/upload_report_file/367_1460020002122.pdf
CINS.X0000,Annual,2014.0,Annual Report 2014 ,https://www.cse.lk/upload_report_file/367_1427279429306.pdf
CINS.X0000,Annual,2013.0,Annual Report 2013,https://www.cse.lk/upload_report_file/367_1394102638186.pdf
CINS.X0000,Annual,2012.0,Annual Report 2012,https://www.cse.lk/upload_report_file/367_1363252922241.pdf
CINS.N0000,Annual,2024.0,ANNUAL FINANCIAL REPORT AS AT 31-12-2024,https://www.cse.lk/cmt/upload_report_file/367_1745406752092.pdf
CINS.N0000,Annual,2023.0,ANNUAL FINANCIAL REPORT AS AT 31-12-2023 ,https://www.cse.lk/cmt/upload_report_file/367_1714101098563.pdf
CINS.N0000,Annual,2022.0,ANNUAL FINANCIAL REPORT AS AS 31-12-2022,https://www.cse.lk/cmt/upload_report_file/367_1683111377590.pdf
CINS.N0000,Annual,2021.0,Annual Report 2021,https://www.cse.lk/cmt/upload_report_file/367_1650623503364.pdf
CINS.N0000,Annual,2020.0,Annual Report as at 31.12.2020,https://www.cse.lk/cmt/upload_report_file/367_1617960066819.pdf
CINS.N0000,Annual,2019.0,Annual Financial Statemets  as at 31st December 2019,https://www.cse.lk/cmt/upload_report_file/367_1591607144562.pdf
CINS.N0000,Annual,2018.0,Annual Report 2018,https://www.cse.lk/upload_report_file/367_1553679623013.pdf
CINS.N0000,Annual,2017.0,Annual Report 2017,https://www.cse.lk/upload_report_file/367_1525339089091.pdf
CINS.N0000,Annual,2016.0,Annual Report 2016,https://www.cse.lk/upload_report_file/367_1490610231442.pdf
CINS.N0000,Annual,2015.0,Annual Report - 2015,https://www.cse.lk/upload_report_file/367_1460020002122.pdf
CINS.N0000,Annual,2014.0,Annual Report 2014 ,https://www.cse.lk/upload_report_file/367_1427279429306.pdf
CINS.N0000,Annual,2013.0,Annual Report 2013,https://www.cse.lk/upload_report_file/367_1394102638186.pdf
CINS.N0000,Annual,2012.0,Annual Report 2012,https://www.cse.lk/upload_report_file/367_1363252922241.pdf
BREW.N0000,Annual,2025.0,Annual Report 2024/2025,https://www.cse.lk/cmt/upload_report_file/458_1751536812506.pdf
BREW.N0000,Annual,2024.0,Annual Report 2023/2024,https://www.cse.lk/cmt/upload_report_file/458_1718185229489.pdf
BREW.N0000,Annual,2023.0,Annual Report 2022/23,https://www.cse.lk/cmt/upload_report_file/458_1687429547397.pdf
BREW.N0000,Annual,2022.0,Annual Report 2021/22,https://www.cse.lk/cmt/upload_report_file/458_1657531999688.pdf
BREW.N0000,Annual,2021.0,Annual Report 2020/21,https://www.cse.lk/cmt/upload_report_file/458_1626777887328.pdf
BREW.N0000,Annual,2020.0,Annual Report for the year 2019/20,https://www.cse.lk/cmt/upload_report_file/458_1597401492213.pdf
BREW.N0000,Annual,2019.0,Annual Report 2018/19,https://www.cse.lk/upload_report_file/458_1561542527952.pdf
BREW.N0000,Annual,2018.0,Annual Report 2017/18,https://www.cse.lk/upload_report_file/458_1530177464713.pdf
BREW.N0000,Annual,2017.0,Annual Report 2016/17,https://www.cse.lk/upload_report_file/458_1498646301296.pdf
BREW.N0000,Annual,2016.0,Annual Report 2015/2016,https://www.cse.lk/upload_report_file/458_1466768549.pdf
BREW.N0000,Annual,2015.0,Annual Report 2014/2015,https://www.cse.lk/upload_report_file/458_1435661455117.pdf
BREW.N0000,Annual,2014.0,Annual Report 2013/2014,https://www.cse.lk/upload_report_file/458_1404214494113.pdf
BREW.N0000,Annual,2013.0,Annual Report 2012 / 2013,https://www.cse.lk/upload_report_file/458_1368615269921.pdf
BREW.N0000,Annual,2012.0,Annual Report 2011/12,https://www.cse.lk/upload_report_file/458_1337168865661.pdf
CCS.N0000,Annual,2025.0,Annual Report 2024/25,https://www.cse.lk/cmt/upload_report_file/462_1748230039237.pdf
CCS.N0000,Annual,2024.0,Annual Report 2023/24,https://www.cse.lk/cmt/upload_report_file/462_1716176528474.pdf
CCS.N0000,Annual,2023.0,Annual Report 2022/23,https://www.cse.lk/cmt/upload_report_file/462_1684725749073.pdf
CCS.N0000,Annual,2022.0,Annual Report 2021/22,https://www.cse.lk/cmt/upload_report_file/462_1653016767178.pdf
CCS.N0000,Annual,2021.0,Annual Report 2020/21,https://www.cse.lk/cmt/upload_report_file/462_1621570034624.pdf
CCS.N0000,Annual,2020.0,Annual Report 2019/2020,https://www.cse.lk/cmt/upload_report_file/462_1589963454446.pdf
CCS.N0000,Annual,2019.0,Annual Report 2018/2019,https://www.cse.lk/upload_report_file/462_1558522353815.pdf
CCS.N0000,Annual,2018.0,Annual Report as at 31st March 2018,https://www.cse.lk/upload_report_file/462_1527671405561.pdf
CCS.N0000,Annual,2017.0,Annual Report as at 31st March 2017,https://www.cse.lk/upload_report_file/462_1494926187682.pdf
CCS.N0000,Annual,2016.0,Annual Financial Statements as @ 31st March 2016,https://www.cse.lk/upload_report_file/462_1464168330106.pdf
CCS.N0000,Annual,2015.0,Annual Report 2014/2015,https://www.cse.lk/upload_report_file/462_1432631279657.pdf
CCS.N0000,Annual,2014.0,Annual Report 2013/2014,https://www.cse.lk/upload_report_file/462_1401961558.pdf
CCS.N0000,Annual,2013.0,Annual Report 2012 / 2013,https://www.cse.lk/upload_report_file/462_1370249512.pdf
CCS.N0000,Annual,2012.0,Annual Report 2011/2012,https://www.cse.lk/upload_report_file/462_1338552232.pdf
GRAN.N0000,Annual,2024.0,Annual Report 2024,https://www.cse.lk/cmt/upload_report_file/671_1745923889078.pdf
GRAN.N0000,Annual,2023.0,Annual Report 2023,https://www.cse.lk/cmt/upload_report_file/671_1713783510891.pdf
GRAN.N0000,Annual,2022.0,Annual Report for the year 31st December 2022,https://www.cse.lk/cmt/upload_report_file/671_1682676963524.pdf
GRAN.N0000,Annual,2021.0,Annual Report 2021,https://www.cse.lk/cmt/upload_report_file/671_1650879573601.pdf
GRAN.N0000,Annual,2020.0,Annual Report 2020,https://www.cse.lk/cmt/upload_report_file/671_1619088311448.pdf
GRAN.N0000,Annual,2019.0,Annual Report - 2019,https://www.cse.lk/cmt/upload_report_file/671_1590743725039.pdf
GRAN.N0000,Annual,2018.0,Annual Report 2018,https://www.cse.lk/upload_report_file/671_1554889401478.pdf
GRAN.N0000,Annual,2017.0,Annual Report 2017,https://www.cse.lk/upload_report_file/671_1523006281744.pdf
GRAN.N0000,Annual,2016.0,Annual Report 2016,https://www.cse.lk/upload_report_file/671_1491470267754.pdf
GRAN.N0000,Annual,2015.0,Annual Report 2015,https://www.cse.lk/upload_report_file/671_1461754807.pdf
GRAN.N0000,Annual,2014.0,Annual Report 2014,https://www.cse.lk/upload_report_file/671_1429783236948.pdf
GRAN.N0000,Annual,2013.0,Annual Report  2013,https://www.cse.lk/upload_report_file/671_1397034773248.pdf
GRAN.N0000,Annual,2012.0,Annual Report 2012,https://www.cse.lk/upload_report_file/671_1366195823.pdf
GUAR.N0000,Annual,2025.0,Annual Report 2024/25,https://www.cse.lk/cmt/upload_report_file/607_1751457338259.pdf
GUAR.N0000,Annual,2024.0,Annual Report 2023/24,https://www.cse.lk/cmt/upload_report_file/607_1720005523348.pdf
GUAR.N0000,Annual,2023.0,Annual Report 2022-23,https://www.cse.lk/cmt/upload_report_file/607_1687952961209.pdf
GUAR.N0000,Annual,2022.0,Annual Report FY 2021/22,https://www.cse.lk/cmt/upload_report_file/607_1658141426368.pdf
GUAR.N0000,Annual,2021.0,Annual Report 2020/21,https://www.cse.lk/cmt/upload_report_file/607_1627299600763.pdf
GUAR.N0000,Annual,2020.0,Annual Report for the year ended 31st March 2020,https://www.cse.lk/cmt/upload_report_file/607_1597916001195.pdf
GUAR.N0000,Annual,2019.0,Annual Report for the year ended 31st March 2019,https://www.cse.lk/upload_report_file/607_1562144666275.pdf
GUAR.N0000,Annual,2018.0,Annual Report for the year ended 31/03/2018,https://www.cse.lk/upload_report_file/607_1530700298882.pdf
GUAR.N0000,Annual,2017.0,Annual Report 2016/2017,https://www.cse.lk/upload_report_file/607_1499168715.pdf
GUAR.N0000,Annual,2016.0,Annual report 2015/2016,https://www.cse.lk/upload_report_file/607_1467280596194.pdf
GUAR.N0000,Annual,2015.0,Annual Report 2014/2015,https://www.cse.lk/upload_report_file/607_1437130732972.pdf
GUAR.N0000,Annual,2014.0,Annual Report 2013/2014,https://www.cse.lk/upload_report_file/607_1404730373638.pdf
GUAR.N0000,Annual,2013.0,Annual Report - 2012/2013,https://www.cse.lk/upload_report_file/607_1373019560178.13.pdf
GUAR.N0000,Annual,2012.0,Annual Report 2011/2012,https://www.cse.lk/upload_report_file/607_1339412577870.pdf
CHL.X0000,Annual,2025.0,Annual Report for the year ended 31 March 2025,https://www.cse.lk/cmt/upload_report_file/514_1755513097550.pdf
CHL.X0000,Annual,2024.0,Annual Report for the year ended 31 March 2024,https://www.cse.lk/cmt/upload_report_file/514_1722334119353.pdf
CHL.X0000,Annual,2023.0,Annual Report for the year ended 31 March 2023,https://www.cse.lk/cmt/upload_report_file/514_1688554581192.pdf
CHL.X0000,Annual,2022.0,Annual Report for the year ended 31 March 2022,https://www.cse.lk/cmt/upload_report_file/514_1654255965534.pdf
CHL.X0000,Annual,2021.0,Annual Report for the year ended 31 March 2021,https://www.cse.lk/cmt/upload_report_file/514_1622712229580.pdf
CHL.X0000,Annual,2020.0,Annual Report 2019/20,https://www.cse.lk/cmt/upload_report_file/514_1596535745671.pdf
CHL.X0000,Annual,2019.0,Annual Report for the year ended 31 March 2019,https://www.cse.lk/upload_report_file/514_1559555761392.pdf
CHL.X0000,Annual,2018.0,Annual Report 2017/2018,https://www.cse.lk/upload_report_file/514_1528190923470.pdf
CHL.X0000,Annual,2017.0,Annual Report 2016/2017,https://www.cse.lk/upload_report_file/514_1496744275.pdf
CHL.X0000,Annual,2016.0,Annual Report for 2015/2016,https://www.cse.lk/upload_report_file/514_1464862393752.pdf
CHL.X0000,Annual,2015.0,Annual Report 2014/2015,https://www.cse.lk/upload_report_file/514_1433499761319.pdf
CHL.X0000,Annual,2014.0,Annual Report 2013/2014,https://www.cse.lk/upload_report_file/514_1401964647705.pdf
CHL.X0000,Annual,2013.0,Annual Report 2012 / 2013,https://www.cse.lk/upload_report_file/514_1370343169.pdf
CHL.X0000,Annual,2012.0,Annual Report  2011/2012,https://www.cse.lk/upload_report_file/514_1339066256846.pdf
CHL.N0000,Annual,2025.0,Annual Report for the year ended 31 March 2025,https://www.cse.lk/cmt/upload_report_file/514_1755513097550.pdf
CHL.N0000,Annual,2024.0,Annual Report for the year ended 31 March 2024,https://www.cse.lk/cmt/upload_report_file/514_1722334119353.pdf
CHL.N0000,Annual,2023.0,Annual Report for the year ended 31 March 2023,https://www.cse.lk/cmt/upload_report_file/514_1688554581192.pdf
CHL.N0000,Annual,2022.0,Annual Report for the year ended 31 March 2022,https://www.cse.lk/cmt/upload_report_file/514_1654255965534.pdf
CHL.N0000,Annual,2021.0,Annual Report for the year ended 31 March 2021,https://www.cse.lk/cmt/upload_report_file/514_1622712229580.pdf
CHL.N0000,Annual,2020.0,Annual Report 2019/20,https://www.cse.lk/cmt/upload_report_file/514_1596535745671.pdf
CHL.N0000,Annual,2019.0,Annual Report for the year ended 31 March 2019,https://www.cse.lk/upload_report_file/514_1559555761392.pdf
CHL.N0000,Annual,2018.0,Annual Report 2017/2018,https://www.cse.lk/upload_report_file/514_1528190923470.pdf
CHL.N0000,Annual,2017.0,Annual Report 2016/2017,https://www.cse.lk/upload_report_file/514_1496744275.pdf
CHL.N0000,Annual,2016.0,Annual Report for 2015/2016,https://www.cse.lk/upload_report_file/514_1464862393752.pdf
CHL.N0000,Annual,2015.0,Annual Report 2014/2015,https://www.cse.lk/upload_report_file/514_1433499761319.pdf
CHL.N0000,Annual,2014.0,Annual Report 2013/2014,https://www.cse.lk/upload_report_file/514_1401964647705.pdf
CHL.N0000,Annual,2013.0,Annual Report 2012 / 2013,https://www.cse.lk/upload_report_file/514_1370343169.pdf
CHL.N0000,Annual,2012.0,Annual Report  2011/2012,https://www.cse.lk/upload_report_file/514_1339066256846.pdf
CHOT.N0000,Annual,2025.0,Annual Report 2024/25,https://www.cse.lk/cmt/upload_report_file/545_1756725166998.pdf
CHOT.N0000,Annual,2024.0,Annual Report 2023/24,https://www.cse.lk/cmt/upload_report_file/545_1725013357192.pdf
CHOT.N0000,Annual,2023.0,Annual Report 2022/23,https://www.cse.lk/cmt/upload_report_file/545_1693796423417.pdf
CHOT.N0000,Annual,2022.0,ANNUAL REPORT 2021/2022,https://www.cse.lk/cmt/upload_report_file/545_1662000805299.pdf
CHOT.N0000,Annual,2021.0,Annual Report 2020/2021,https://www.cse.lk/cmt/upload_report_file/545_1630406601842.pdf
CHOT.N0000,Annual,2020.0,Annual Report for the year 2019/2020,https://www.cse.lk/cmt/upload_report_file/545_1606297261848.pdf
CHOT.N0000,Annual,2019.0,Annual Report 2018/2019,https://www.cse.lk/cmt/upload_report_file/545_1566555542731.pdf
CHOT.N0000,Annual,2018.0,Annual Report 2017/2018,https://www.cse.lk/upload_report_file/545_1535687168101.pdf
CHOT.N0000,Annual,2017.0,Annual Report 2016/2017,https://www.cse.lk/upload_report_file/545_1504171446826.PDF
CHOT.N0000,Annual,2016.0,Annual Report 2015/2016,https://www.cse.lk/upload_report_file/545_1472123213.pdf
CHOT.N0000,Annual,2015.0,Annual Reprot 2014/2015,https://www.cse.lk/upload_report_file/545_1441016089683.pdf
CHOT.N0000,Annual,2014.0,Annual Report 2013-2014,https://www.cse.lk/upload_report_file/545_1404986252231.pdf
CHOT.N0000,Annual,2013.0,Annual Report 2012/2013,https://www.cse.lk/upload_report_file/545_1377858661128.pdf
CHOT.N0000,Annual,2012.0,Annual Report 2011/2012,https://www.cse.lk/upload_report_file/545_1346843870.pdf
CINV.N0000,Annual,2025.0,Annual Report 2024-25,https://www.cse.lk/cmt/upload_report_file/608_1751456132488.pdf
CINV.N0000,Annual,2024.0,Annual Report 2023-24,https://www.cse.lk/cmt/upload_report_file/608_1720005536233.pdf
CINV.N0000,Annual,2023.0,Annual Report 2022-23,https://www.cse.lk/cmt/upload_report_file/608_1687953025501.pdf
CINV.N0000,Annual,2022.0,Annual Report 2021-22,https://www.cse.lk/cmt/upload_report_file/608_1658140588727.pdf
CINV.N0000,Annual,2021.0,Annual Report 2020/21,https://www.cse.lk/cmt/upload_report_file/608_1627295578822.pdf
CINV.N0000,Annual,2020.0,Annual Report for the year 2019/20,https://www.cse.lk/cmt/upload_report_file/608_1597917033059.pdf
CINV.N0000,Annual,2019.0,Annual Report for the year ended 31st March 2019,https://www.cse.lk/upload_report_file/608_1562144712358.pdf
CINV.N0000,Annual,2018.0,Annual Report for the year ended 31/03/2018,https://www.cse.lk/upload_report_file/608_1530698859268.pdf
CINV.N0000,Annual,2017.0,Annual Report 2016/2017,https://www.cse.lk/upload_report_file/608_1499168945.pdf
CINV.N0000,Annual,2016.0,Annual report 2015/2016,https://www.cse.lk/upload_report_file/608_1467280681700.pdf
CINV.N0000,Annual,2015.0,Interim Financial Report as of 31/12/2015,https://www.cse.lk/upload_report_file/608_1455274431754.pdf
CINV.N0000,Annual,2015.0,Annual Report 2014/2015,https://www.cse.lk/upload_report_file/608_1437126473337.pdf
CINV.N0000,Annual,2014.0,Annual Report 2013/2014,https://www.cse.lk/upload_report_file/608_1404728862991.pdf
CINV.N0000,Annual,2013.0,Annual Report - 2012/2013,https://www.cse.lk/upload_report_file/608_1373019640444.13.pdf
CINV.N0000,Annual,2012.0,Annual Report 2011/2012,https://www.cse.lk/upload_report_file/608_1339412258320.pdf
KZOO.N0000,Annual,2025.0,Annual Report 2024/25,https://www.cse.lk/cmt/upload_report_file/732_1756436798166.pdf
KZOO.N0000,Annual,2024.0,Annual Report 2023/24,https://www.cse.lk/cmt/upload_report_file/732_1724753463834.pdf
KZOO.N0000,Annual,2023.0,Annual Report 2022/2023,https://www.cse.lk/cmt/upload_report_file/732_1692093716495.pdf
KZOO.N0000,Annual,2022.0,Annual Report 2021/22,https://www.cse.lk/cmt/upload_report_file/732_1660733648158.pdf
KZOO.N0000,Annual,2021.0,Annual Report 2020/21,https://www.cse.lk/cmt/upload_report_file/732_1627616313643.pdf
KZOO.N0000,Annual,2020.0,Annual Report 2019/20,https://www.cse.lk/cmt/upload_report_file/732_1599215289878.pdf
KZOO.N0000,Annual,2019.0,Annual Report 2018/2019,https://www.cse.lk/upload_report_file/732_1564139453869.pdf
KZOO.N0000,Annual,2018.0,Annual Report 2017/2018,https://www.cse.lk/upload_report_file/732_1534389843804.pdf
KZOO.N0000,Annual,2017.0,Annual Report 2016/2017,https://www.cse.lk/upload_report_file/732_1502852791575.pdf
KZOO.N0000,Annual,2016.0,Annual Report 2015/2016,https://www.cse.lk/upload_report_file/732_1472030097828.pdf
KZOO.N0000,Annual,2015.0,Annual Report 2014/2015,https://www.cse.lk/upload_report_file/732_1442486583799.pdf
KZOO.N0000,Annual,2014.0,Annual Report 2013/2014,https://www.cse.lk/upload_report_file/732_1410951315051.pdf
KZOO.N0000,Annual,2013.0,Annual Report 2012/2013,https://www.cse.lk/upload_report_file/732_1383907519793.pdf
KZOO.N0000,Annual,2012.0,ANNUAL REPORT 2011/2012,https://www.cse.lk/upload_report_file/732_1346318623.pdf
CTBL.N0000,Annual,2025.0,Annual Report 2024/25,https://www.cse.lk/cmt/upload_report_file/923_1761300741287.pdf
CTBL.N0000,Annual,2024.0,Annual Report 2023/24,https://www.cse.lk/cmt/upload_report_file/923_1725016884562.pdf
CTBL.N0000,Annual,2023.0,Annual Report 2022/2023,https://www.cse.lk/cmt/upload_report_file/923_1691146749824.pdf
CTBL.N0000,Annual,2022.0,Annual Report 2021/2022,https://www.cse.lk/cmt/upload_report_file/923_1659582092500.pdf
CTBL.N0000,Annual,2021.0,Annual Report 2020/21,https://www.cse.lk/cmt/upload_report_file/923_1627904835834.pdf
CTBL.N0000,Annual,2020.0,Annual Report 2019/20,https://www.cse.lk/cmt/upload_report_file/923_1598870723048.pdf
CTBL.N0000,Annual,2019.0,Annual Report as at 31.03.2019,https://www.cse.lk/upload_report_file/923_1559643936838.pdf
CTBL.N0000,Annual,2018.0,Annual Report 2017/2018,https://www.cse.lk/upload_report_file/923_1528264902587.pdf
CTBL.N0000,Annual,2017.0,Annual Report 2016/2017,https://www.cse.lk/upload_report_file/923_1496660396.pdf
CTBL.N0000,Annual,2016.0,Audited Financial Statements as of 31-03-2016,https://www.cse.lk/upload_report_file/923_1470137752411.pdf
CTBL.N0000,Annual,2016.0,Annual Report 2015/2016,https://www.cse.lk/upload_report_file/923_1470137432378.pdf
CTBL.N0000,Annual,2015.0,Annual Report 2014/2015,https://www.cse.lk/upload_report_file/923_1439550202.pdf
CTBL.N0000,Annual,2014.0,Annual Report 2013/2014,https://www.cse.lk/upload_report_file/923_1409137681383.pdf
CTBL.N0000,Annual,2014.0,Audited Financial Statements as at 31-03-2014,https://www.cse.lk/upload_report_file/923_1407498740709.pdf
CTBL.N0000,Annual,2013.0,Annual Report 2012/2013,https://www.cse.lk/upload_report_file/923_1377688567374.pdf
CTBL.N0000,Annual,2012.0,ANNUAL REPORT 2011/2012,https://www.cse.lk/upload_report_file/923_1346654294.pdf
CTC.N0000,Annual,2024.0,Annual Report 2024 ,https://www.cse.lk/cmt/upload_report_file/460_1745319496525.pdf
CTC.N0000,Annual,2023.0,Annual Report 2023,https://www.cse.lk/cmt/upload_report_file/460_1713752522299.pdf
CTC.N0000,Annual,2022.0,Annual Report 2022,https://www.cse.lk/cmt/upload_report_file/460_1682413467551.pdf
CTC.N0000,Annual,2021.0,Annual Report for the Financial Year ended 31st December 2021 ,https://www.cse.lk/cmt/upload_report_file/460_1650882497084.pdf
CTC.N0000,Annual,2020.0,Annual Report of Ceylon Tobacco Company 2020,https://www.cse.lk/cmt/upload_report_file/460_1619687146669.pdf
CTC.N0000,Annual,2019.0, Annual Report 2019,https://www.cse.lk/cmt/upload_report_file/460_1590466336624.pdf
CTC.N0000,Annual,2018.0,Annual Report 2018,https://www.cse.lk/upload_report_file/460_1555498758602.pdf
CTC.N0000,Annual,2017.0,Annual Report 2017,https://www.cse.lk/upload_report_file/460_1522664563893.pdf
CTC.N0000,Annual,2016.0,Annual Report 2016,https://www.cse.lk/upload_report_file/460_1490610645939.PDF
CTC.N0000,Annual,2015.0,Annual Report 2015,https://www.cse.lk/upload_report_file/460_1457427884653.pdf
CTC.N0000,Annual,2014.0,Annual Report 2014,https://www.cse.lk/upload_report_file/460_1425636720253.pdf
CTC.N0000,Annual,2013.0,Annual Report 2013,https://www.cse.lk/upload_report_file/460_1394531695844.pdf
CTC.N0000,Annual,2012.0,Annual Report 2012,https://www.cse.lk/upload_report_file/460_1362481699706.pdf
CHMX.N0000,Annual,2025.0,Further Announcement to the Notice of Meeting - Annual Report 2024/25,https://www.cse.lk/cmt/upload_report_file/492_1750244778515.pdf
CHMX.N0000,Annual,2025.0,Further Announcement to the Notice of Meeting - Annual Report 2024/25,https://www.cse.lk/cmt/upload_report_file/492_1748948598925.pdf
CHMX.N0000,Annual,2025.0,Annual Report 2024/25,https://www.cse.lk/cmt/upload_report_file/492_1748922994402.pdf
CHMX.N0000,Annual,2024.0,Annual Report 2023/24,https://www.cse.lk/cmt/upload_report_file/492_1717161411555.pdf
CHMX.N0000,Annual,2023.0,Annual Report 2022/23,https://www.cse.lk/cmt/upload_report_file/492_1685966797121.pdf
CHMX.N0000,Annual,2022.0,Annual Report of Chemanex PLC - 2021/22 ,https://www.cse.lk/cmt/upload_report_file/492_1654256006915.pdf
CHMX.N0000,Annual,2021.0,Annual Report 2020/2021,https://www.cse.lk/cmt/upload_report_file/492_1622692330885.pdf
CHMX.N0000,Annual,2020.0,Annual Report 2019/20,https://www.cse.lk/cmt/upload_report_file/492_1599210682703.pdf
CHMX.N0000,Annual,2019.0,Annual Report 2018/19,https://www.cse.lk/upload_report_file/492_1559561659092.pdf
CHMX.N0000,Annual,2018.0,Annual Report 2017/18,https://www.cse.lk/upload_report_file/492_1527852704846.pdf
CHMX.N0000,Annual,2017.0,Annual Report 2016/2017,https://www.cse.lk/upload_report_file/492_1499168223.pdf
CHMX.N0000,Annual,2016.0,Annual Report 2015/2016,https://www.cse.lk/upload_report_file/492_1465205412.pdf
CHMX.N0000,Annual,2015.0,Annual Report 2014/15,https://www.cse.lk/upload_report_file/492_1433331091957.pdf
CHMX.N0000,Annual,2014.0,Annual Report 2013/14,https://www.cse.lk/upload_report_file/492_1401789372100.pdf
CHMX.N0000,Annual,2013.0,Annual Report 2012/13,https://www.cse.lk/upload_report_file/492_1370434606607.pdf
CHMX.N0000,Annual,2012.0,Annual Report 2011/12,https://www.cse.lk/upload_report_file/492_1338896880528.pdf
LLUB.N0000,Annual,2024.0,Annual Report 2024,https://www.cse.lk/cmt/upload_report_file/668_1746439503183.pdf
LLUB.N0000,Annual,2023.0,Annual Report 2023,https://www.cse.lk/cmt/upload_report_file/668_1714986416419.pdf
LLUB.N0000,Annual,2022.0,ANNUAL REPORT 2022,https://www.cse.lk/cmt/upload_report_file/668_1683515296343.pdf
LLUB.N0000,Annual,2021.0,Annual Report 2021,https://www.cse.lk/cmt/upload_report_file/668_1650272624178.pdf
LLUB.N0000,Annual,2020.0,Annual Report 2020,https://www.cse.lk/cmt/upload_report_file/668_1619577087594.pdf
LLUB.N0000,Annual,2019.0,Annual Report 2019,https://www.cse.lk/cmt/upload_report_file/668_1591264507882.pdf
LLUB.N0000,Annual,2019.0,Audited Financial Statements as of 31.12.2019,https://www.cse.lk/cmt/upload_report_file/668_1589367211532.12.2019 .pdf
LLUB.N0000,Annual,2018.0,Annual Report 2018,https://www.cse.lk/upload_report_file/668_1553768132964.pdf
LLUB.N0000,Annual,2017.0,Annual Report 2017,https://www.cse.lk/upload_report_file/668_1522923512699.pdf
LLUB.N0000,Annual,2016.0,Annual Report 2016,https://www.cse.lk/upload_report_file/668_1490610786306.pdf
LLUB.N0000,Annual,2015.0,Annual Report for the year 2015,https://www.cse.lk/upload_report_file/668_1457514483276.pdf
LLUB.N0000,Annual,2014.0,Annual Report for the year 2014,https://www.cse.lk/upload_report_file/668_1427450206105.pdf
LLUB.N0000,Annual,2013.0,Annual Report 2013,https://www.cse.lk/upload_report_file/668_1395032330078.pdf
LLUB.N0000,Annual,2012.0,Annual Report 2012,https://www.cse.lk/upload_report_file/668_1362393517785.pdf
CWL.N0000,Annual,2025.0,Annual Report 2024/2025,https://www.cse.lk/cmt/upload_report_file/2236_1756781564070.pdf
CWL.N0000,Annual,2024.0,Annual Report 2023/24,https://www.cse.lk/cmt/upload_report_file/2236_1724998621331.pdf
CWL.N0000,Annual,2023.0,Annual Report 2022/23,https://www.cse.lk/cmt/upload_report_file/2236_1693539273365.pdf
CWL.N0000,Annual,2022.0,Annual Report 2021/22,https://www.cse.lk/cmt/upload_report_file/2236_1661827010187.pdf
CWL.N0000,Annual,2021.0,Annual Report 2020/21,https://www.cse.lk/cmt/upload_report_file/2236_1641526227983.pdf
CWL.N0000,Annual,2021.0,Audited financial Statements for the Year ended 31.03.2021,https://www.cse.lk/cmt/upload_report_file/2236_1627534480812.pdf
CIC.X0000,Annual,2025.0,Annual Report 2024/2025,https://www.cse.lk/cmt/upload_report_file/493_1749006067334.pdf
CIC.X0000,Annual,2024.0,Annual Report 2023/24,https://www.cse.lk/cmt/upload_report_file/493_1717383729804.pdf
CIC.X0000,Annual,2023.0,ANNUAL REPORT 2022/2023,https://www.cse.lk/cmt/upload_report_file/493_1686135084725.pdf
CIC.X0000,Annual,2022.0,CIC Holdings PLC Annual Report 2021-22,https://www.cse.lk/cmt/upload_report_file/493_1654280691165.pdf
CIC.X0000,Annual,2021.0,Annual Report 2020/2021,https://www.cse.lk/cmt/upload_report_file/493_1622691450894.pdf
CIC.X0000,Annual,2020.0,Annual Report 2019/20,https://www.cse.lk/cmt/upload_report_file/493_1599210225020.pdf
CIC.X0000,Annual,2019.0,Annual Report 2018/19,https://www.cse.lk/upload_report_file/493_1559561326070.pdf
CIC.X0000,Annual,2018.0,Annual Report 2017/18,https://www.cse.lk/upload_report_file/493_1527852523222.pdf
CIC.X0000,Annual,2017.0,Annual Report 2016/2017,https://www.cse.lk/upload_report_file/493_1498815708.pdf
CIC.X0000,Annual,2016.0,Annual Report 2015/2016,https://www.cse.lk/upload_report_file/493_1465185235.pdf
CIC.X0000,Annual,2015.0,Annual Report 2014/15,https://www.cse.lk/upload_report_file/493_1433329248178.pdf
CIC.X0000,Annual,2014.0,Annual Report 2013/14,https://www.cse.lk/upload_report_file/493_1401795374142.pdf
CIC.X0000,Annual,2013.0,Annual Report 2012/13,https://www.cse.lk/upload_report_file/493_1370424135408.pdf
CIC.X0000,Annual,2012.0,Annual Report 2011/12,https://www.cse.lk/upload_report_file/493_1338956194608.pdf
CIC.N0000,Annual,2025.0,Annual Report 2024/2025,https://www.cse.lk/cmt/upload_report_file/493_1749006067334.pdf
CIC.N0000,Annual,2024.0,Annual Report 2023/24,https://www.cse.lk/cmt/upload_report_file/493_1717383729804.pdf
CIC.N0000,Annual,2023.0,ANNUAL REPORT 2022/2023,https://www.cse.lk/cmt/upload_report_file/493_1686135084725.pdf
CIC.N0000,Annual,2022.0,CIC Holdings PLC Annual Report 2021-22,https://www.cse.lk/cmt/upload_report_file/493_1654280691165.pdf
CIC.N0000,Annual,2021.0,Annual Report 2020/2021,https://www.cse.lk/cmt/upload_report_file/493_1622691450894.pdf
CIC.N0000,Annual,2020.0,Annual Report 2019/20,https://www.cse.lk/cmt/upload_report_file/493_1599210225020.pdf
CIC.N0000,Annual,2019.0,Annual Report 2018/19,https://www.cse.lk/upload_report_file/493_1559561326070.pdf
CIC.N0000,Annual,2018.0,Annual Report 2017/18,https://www.cse.lk/upload_report_file/493_1527852523222.pdf
CIC.N0000,Annual,2017.0,Annual Report 2016/2017,https://www.cse.lk/upload_report_file/493_1498815708.pdf
CIC.N0000,Annual,2016.0,Annual Report 2015/2016,https://www.cse.lk/upload_report_file/493_1465185235.pdf
CIC.N0000,Annual,2015.0,Annual Report 2014/15,https://www.cse.lk/upload_report_file/493_1433329248178.pdf
CIC.N0000,Annual,2014.0,Annual Report 2013/14,https://www.cse.lk/upload_report_file/493_1401795374142.pdf
CIC.N0000,Annual,2013.0,Annual Report 2012/13,https://www.cse.lk/upload_report_file/493_1370424135408.pdf
CIC.N0000,Annual,2012.0,Annual Report 2011/12,https://www.cse.lk/upload_report_file/493_1338956194608.pdf
CDB.X0000,Annual,2025.0,Annual Report 2024/25,https://www.cse.lk/cmt/upload_report_file/981_1749178046328.pdf
CDB.X0000,Annual,2024.0,Annual Report 2023/24,https://www.cse.lk/cmt/upload_report_file/981_1719399519671.pdf
CDB.X0000,Annual,2023.0,Annual Report 2022/23,https://www.cse.lk/cmt/upload_report_file/981_1688987824650.pdf
CDB.X0000,Annual,2023.0,Audited Financial Statements as at 31.03.2023,https://www.cse.lk/cmt/upload_report_file/981_1687948766687.03.2023.pdf
CDB.X0000,Annual,2022.0,Annual Report for Financial Year 2021/22,https://www.cse.lk/cmt/upload_report_file/981_1656933199435.pdf
CDB.X0000,Annual,2022.0,Audited Financial Statements for the year ended 31st March 2022,https://www.cse.lk/cmt/upload_report_file/981_1655695890312.pdf
CDB.X0000,Annual,2021.0,Annual Report 2020/2021,https://www.cse.lk/cmt/upload_report_file/981_1625563263890.pdf
CDB.X0000,Annual,2021.0,Audited Financial Statements for the year ended 31st March 2021,https://www.cse.lk/cmt/upload_report_file/981_1623295276445.pdf
CDB.X0000,Annual,2020.0,Annual Report 2019/2020,https://www.cse.lk/cmt/upload_report_file/981_1596705626195.pdf
CDB.X0000,Annual,2020.0,Audited Financial Statements for the year ended 31st March 2020,https://www.cse.lk/cmt/upload_report_file/981_1594805020673.pdf
CDB.X0000,Annual,2019.0,Annual Report 2018/2019,https://www.cse.lk/cmt/upload_report_file/981_1566300573328.pdf
CDB.X0000,Annual,2019.0,Audited Financial Statements as at 31.03.2019,https://www.cse.lk/upload_report_file/981_1564628633438.pdf
CDB.X0000,Annual,2018.0,Annual Report 2017/18,https://www.cse.lk/upload_report_file/981_1528285743075.pdf
CDB.X0000,Annual,2017.0,Annual Report 2016/17,https://www.cse.lk/upload_report_file/981_1496805813294.pdf
CDB.X0000,Annual,2016.0,Annual Report 2015/2016,https://www.cse.lk/upload_report_file/981_1465383939.pdf
CDB.X0000,Annual,2015.0,Annual Report 2014/2015,https://www.cse.lk/upload_report_file/981_1433763124286.pdf
CDB.X0000,Annual,2014.0,Annual Report 2013/2014,https://www.cse.lk/upload_report_file/981_1401962140.pdf
CDB.X0000,Annual,2013.0,Annual Report 2012/2013,https://www.cse.lk/upload_report_file/981_1370516495.pdf
CDB.X0000,Annual,2012.0,Annual Report 2011/12,https://www.cse.lk/upload_report_file/981_1339070344429.pdf
CDB.N0000,Annual,2025.0,Annual Report 2024/25,https://www.cse.lk/cmt/upload_report_file/981_1749178046328.pdf
CDB.N0000,Annual,2024.0,Annual Report 2023/24,https://www.cse.lk/cmt/upload_report_file/981_1719399519671.pdf
CDB.N0000,Annual,2023.0,Annual Report 2022/23,https://www.cse.lk/cmt/upload_report_file/981_1688987824650.pdf
CDB.N0000,Annual,2023.0,Audited Financial Statements as at 31.03.2023,https://www.cse.lk/cmt/upload_report_file/981_1687948766687.03.2023.pdf
CDB.N0000,Annual,2022.0,Annual Report for Financial Year 2021/22,https://www.cse.lk/cmt/upload_report_file/981_1656933199435.pdf
CDB.N0000,Annual,2022.0,Audited Financial Statements for the year ended 31st March 2022,https://www.cse.lk/cmt/upload_report_file/981_1655695890312.pdf
CDB.N0000,Annual,2021.0,Annual Report 2020/2021,https://www.cse.lk/cmt/upload_report_file/981_1625563263890.pdf
CDB.N0000,Annual,2021.0,Audited Financial Statements for the year ended 31st March 2021,https://www.cse.lk/cmt/upload_report_file/981_1623295276445.pdf
CDB.N0000,Annual,2020.0,Annual Report 2019/2020,https://www.cse.lk/cmt/upload_report_file/981_1596705626195.pdf
CDB.N0000,Annual,2020.0,Audited Financial Statements for the year ended 31st March 2020,https://www.cse.lk/cmt/upload_report_file/981_1594805020673.pdf
CDB.N0000,Annual,2019.0,Annual Report 2018/2019,https://www.cse.lk/cmt/upload_report_file/981_1566300573328.pdf
CDB.N0000,Annual,2019.0,Audited Financial Statements as at 31.03.2019,https://www.cse.lk/upload_report_file/981_1564628633438.pdf
CDB.N0000,Annual,2018.0,Annual Report 2017/18,https://www.cse.lk/upload_report_file/981_1528285743075.pdf
CDB.N0000,Annual,2017.0,Annual Report 2016/17,https://www.cse.lk/upload_report_file/981_1496805813294.pdf
CDB.N0000,Annual,2016.0,Annual Report 2015/2016,https://www.cse.lk/upload_report_file/981_1465383939.pdf
CDB.N0000,Annual,2015.0,Annual Report 2014/2015,https://www.cse.lk/upload_report_file/981_1433763124286.pdf
CDB.N0000,Annual,2014.0,Annual Report 2013/2014,https://www.cse.lk/upload_report_file/981_1401962140.pdf
CDB.N0000,Annual,2013.0,Annual Report 2012/2013,https://www.cse.lk/upload_report_file/981_1370516495.pdf
CDB.N0000,Annual,2012.0,Annual Report 2011/12,https://www.cse.lk/upload_report_file/981_1339070344429.pdf
REEF.N0000,Annual,2025.0,Annual Report 2024/25,https://www.cse.lk/cmt/upload_report_file/568_1756695457310.pdf
REEF.N0000,Annual,2024.0,Annual Report 2023/24,https://www.cse.lk/cmt/upload_report_file/568_1725245058164.pdf
REEF.N0000,Annual,2023.0,Annual Report as at 31.03.2023,https://www.cse.lk/cmt/upload_report_file/568_1693568870427.pdf
REEF.N0000,Annual,2022.0,Annual Report for the Financial Year ended 31st March 2022,https://www.cse.lk/cmt/upload_report_file/568_1662110054684.pdf
REEF.N0000,Annual,2021.0,Annual Report for the year ended 31st March 2021,https://www.cse.lk/cmt/upload_report_file/568_1630575079093.pdf
REEF.N0000,Annual,2020.0,Annual Report for the year ended 31st March 2020,https://www.cse.lk/cmt/upload_report_file/568_1607677780743.pdf
REEF.N0000,Annual,2019.0,Annual Report 2018/2019,https://www.cse.lk/cmt/upload_report_file/568_1567161515283.pdf
REEF.N0000,Annual,2018.0,Annual Report 2017/2018,https://www.cse.lk/upload_report_file/568_1536290513604.pdf
REEF.N0000,Annual,2017.0,Annual Report 2016/2017,https://www.cse.lk/upload_report_file/568_1504178262846.pdf
REEF.N0000,Annual,2016.0,Annual Report 2015/2016,https://www.cse.lk/upload_report_file/568_1472643032922.pdf
REEF.N0000,Annual,2015.0,Annual Report 2014/2015,https://www.cse.lk/upload_report_file/568_1441107316.pdf
REEF.N0000,Annual,2014.0,Annual Report 2013/2014,https://www.cse.lk/upload_report_file/568_1409573632980.pdf
REEF.N0000,Annual,2013.0,Annual Report 2012/2013,https://www.cse.lk/upload_report_file/568_1377859268.pdf
REEF.N0000,Annual,2012.0,Annual Report 2011/12,https://www.cse.lk/upload_report_file/568_1346901534992.pdf
COOP.N0000,Annual,2024.0,Annual Report for the year ended 31st December 2024 -Revised ,https://www.cse.lk/cmt/upload_report_file/2692_1750412776116.pdf
COOP.N0000,Annual,2024.0,Annual Report 2024,https://www.cse.lk/cmt/upload_report_file/2692_1749017138690.pdf
COOP.N0000,Annual,2023.0,Annual Report 2023,https://www.cse.lk/cmt/upload_report_file/2692_1717413067142.pdf
COOP.N0000,Annual,2022.0,Annual Report 2022,https://www.cse.lk/cmt/upload_report_file/2692_1689588604787.pdf
COOP.N0000,Annual,2021.0,Co-operative Insurance Co. PLC Annual Report 2021,https://www.cse.lk/cmt/upload_report_file/2692_1653988026892.pdf
CHOU.N0000,Annual,2019.0,Annual Report 2018/2019,https://www.cse.lk/cmt/upload_report_file/616_1567739771268.pdf
CHOU.N0000,Annual,2018.0,Annual Report 2017/2018,https://www.cse.lk/upload_report_file/616_1535974374241.pdf
CHOU.N0000,Annual,2017.0,Annual Report 2016/2017,https://www.cse.lk/upload_report_file/616_1504175720337. PLC. Annual Report 2016-17.pdf
CHOU.N0000,Annual,2016.0,Annual Report 2015/2016,https://www.cse.lk/upload_report_file/616_1472554465515.pdf
CHOU.N0000,Annual,2015.0,Annual Report 2014-2015,https://www.cse.lk/upload_report_file/616_1441016805662.pdf
CHOU.N0000,Annual,2014.0,Annual Report 2013/2014,https://www.cse.lk/upload_report_file/616_1409310743633.pdf
CHOU.N0000,Annual,2013.0,Annual Report 2012/2013,https://www.cse.lk/upload_report_file/616_1377773406767.PLC Annual Report 2013.pdf
CHOU.N0000,Annual,2012.0,ANNUAL REPORT 2011/2012,https://www.cse.lk/upload_report_file/616_1346232282.pdf
PHAR.N0000,Annual,2025.0,Annual Report 2024/25,https://www.cse.lk/cmt/upload_report_file/744_1755652134999.pdf
PHAR.N0000,Annual,2024.0,Annual Report 2023/24,https://www.cse.lk/cmt/upload_report_file/744_1724326592065.pdf
PHAR.N0000,Annual,2023.0,Annual Report 2022/23,https://www.cse.lk/cmt/upload_report_file/744_1693278020403.pdf
PHAR.N0000,Annual,2022.0,Annual Report 2021/22,https://www.cse.lk/cmt/upload_report_file/744_1661937722946.pdf
PHAR.N0000,Annual,2021.0,Annual Report 2020/21,https://www.cse.lk/cmt/upload_report_file/744_1630409986930.pdf
PHAR.N0000,Annual,2020.0,ANNUAL REPORT 2019/2020,https://www.cse.lk/cmt/upload_report_file/744_1604629555781.pdf
PHAR.N0000,Annual,2019.0,Annual Report 2018/2019,https://www.cse.lk/cmt/upload_report_file/744_1567394496753.pdf
PHAR.N0000,Annual,2018.0,Annual Report 2017/2018,https://www.cse.lk/upload_report_file/744_1535973458579.pdf
PHAR.N0000,Annual,2017.0,Annual Report for 2016/2017,https://www.cse.lk/upload_report_file/744_1502708227361.pdf
PHAR.N0000,Annual,2016.0,Annual Report 2015/2016,https://www.cse.lk/upload_report_file/744_1470997252355.pdf
PHAR.N0000,Annual,2015.0,Annual Report for 2014/2015,https://www.cse.lk/upload_report_file/744_1436433495028.pdf
PHAR.N0000,Annual,2014.0,Annual Report 2013/2014,https://www.cse.lk/upload_report_file/744_1409573176475.pdf
PHAR.N0000,Annual,2013.0,Annual Report 2012/2013,https://www.cse.lk/upload_report_file/744_1378207422497.pdf
PHAR.N0000,Annual,2012.0,ANNUAL REPORT 2011/2012,https://www.cse.lk/upload_report_file/744_1346151095.pdf
DOCK.N0000,Annual,2024.0,Annual Report 2024,https://www.cse.lk/cmt/upload_report_file/442_1749209047642.pdf
DOCK.N0000,Annual,2023.0,Annual Report 2023,https://www.cse.lk/cmt/upload_report_file/442_1717385761696.pdf
DOCK.N0000,Annual,2022.0,Annual Report 2022,https://www.cse.lk/cmt/upload_report_file/442_1680579090542.pdf
DOCK.N0000,Annual,2021.0,Annual Report 2021,https://www.cse.lk/cmt/upload_report_file/442_1654520360706.pdf
DOCK.N0000,Annual,2020.0,Annual Report 2020,https://www.cse.lk/cmt/upload_report_file/442_1618224425291.pdf
DOCK.N0000,Annual,2020.0,Annual Report 2019,https://www.cse.lk/cmt/upload_report_file/442_1597033828566.pdf
DOCK.N0000,Annual,2018.0,Annual Report 2018,https://www.cse.lk/upload_report_file/442_1551777992505.pdf
DOCK.N0000,Annual,2017.0,Annual Report 2017,https://www.cse.lk/upload_report_file/442_1520328005622.pdf
DOCK.N0000,Annual,2016.0,Annual Report 2016,https://www.cse.lk/upload_report_file/442_1490175901680.pdf
DOCK.N0000,Annual,2015.0,Annual Report 2015,https://www.cse.lk/upload_report_file/442_1464602595963.pdf
DOCK.N0000,Annual,2014.0,Annual Report 2014,https://www.cse.lk/upload_report_file/442_1425896418051.pdf
DOCK.N0000,Annual,2013.0,Annual Report 2013,https://www.cse.lk/upload_report_file/442_1394015745339.pdf
DOCK.N0000,Annual,2012.0,Annual Report 2012,https://www.cse.lk/upload_report_file/442_1362393363.pdf
CIT.N0000,Annual,2025.0,Annual Report 2024/2025,https://www.cse.lk/cmt/upload_report_file/610_1752462473235.pdf
CIT.N0000,Annual,2024.0,Annual Report 2023/2024,https://www.cse.lk/cmt/upload_report_file/610_1723200404651.pdf
CIT.N0000,Annual,2023.0,Annual Report 2022/2023,https://www.cse.lk/cmt/upload_report_file/610_1685097423938.pdf
CIT.N0000,Annual,2022.0,Annual Report - 2021/2022,https://www.cse.lk/cmt/upload_report_file/610_1659352644828.08.2022) Final.pdf
CIT.N0000,Annual,2021.0,Annual Report 2020/21,https://www.cse.lk/cmt/upload_report_file/610_1627385692962.pdf
CIT.N0000,Annual,2020.0,Annual Report 2019/20,https://www.cse.lk/cmt/upload_report_file/610_1596540685050.pdf
CIT.N0000,Annual,2019.0,Annual Report  2018/2019,https://www.cse.lk/cmt/upload_report_file/610_1566467943969.pdf
CIT.N0000,Annual,2018.0,Annual Report 2017/2018,https://www.cse.lk/upload_report_file/610_1533695674429.pdf
CIT.N0000,Annual,2017.0,Annual Report 2016/2017,https://www.cse.lk/upload_report_file/610_1503312427740.pdf
CIT.N0000,Annual,2016.0,Annual Financial Report 2015/2016,https://www.cse.lk/upload_report_file/610_1465204866251.CIT Annual Report 2016
CIT.N0000,Annual,2015.0,Annual Report 2014/2015,https://www.cse.lk/upload_report_file/610_1435057624581.pdf
CIT.N0000,Annual,2014.0,Annual Report 2013/2014,https://www.cse.lk/upload_report_file/610_1403694380302.pdf
CIT.N0000,Annual,2013.0,Annual Report 2012/13,https://www.cse.lk/upload_report_file/610_1372765004120.pdf
CIT.N0000,Annual,2012.0,Annual Report 2011/2012,https://www.cse.lk/upload_report_file/610_1338285301112.pdf
CFI.N0000,Annual,2025.0,Annual Report 2024/2025,https://www.cse.lk/cmt/upload_report_file/609_1752237358409.pdf
CFI.N0000,Annual,2024.0,Annual Report 2023/2024,https://www.cse.lk/cmt/upload_report_file/609_1723199948231.pdf
CFI.N0000,Annual,2023.0,Annual Report 2022/2023,https://www.cse.lk/cmt/upload_report_file/609_1685097615534.pdf
CFI.N0000,Annual,2022.0,Annual Report - 2021/2022,https://www.cse.lk/cmt/upload_report_file/609_1659353804741.08.22).pdf
CFI.N0000,Annual,2021.0,Annual Report 2020/21,https://www.cse.lk/cmt/upload_report_file/609_1627385382819.pdf
CFI.N0000,Annual,2020.0,Annual Report 2019/20,https://www.cse.lk/cmt/upload_report_file/609_1596540387480.pdf
CFI.N0000,Annual,2019.0,Annual Report  2018/2019,https://www.cse.lk/cmt/upload_report_file/609_1566467878850.pdf
CFI.N0000,Annual,2018.0,Annual Report 2017/2018,https://www.cse.lk/upload_report_file/609_1533695623905.pdf
CFI.N0000,Annual,2017.0,Annual Report 2016/2017,https://www.cse.lk/upload_report_file/609_1503312105101.pdf
CFI.N0000,Annual,2016.0,Annual Financial Report 2015/2016,https://www.cse.lk/upload_report_file/609_1465204777870.CFI Annual Report 2016
CFI.N0000,Annual,2015.0,Annual Report 2014/2015,https://www.cse.lk/upload_report_file/609_1435057751799.pdf
CFI.N0000,Annual,2014.0,Annual Report 2013/2014,https://www.cse.lk/upload_report_file/609_1403694320100.pdf
CFI.N0000,Annual,2013.0,Annual Report 2012/13,https://www.cse.lk/upload_report_file/609_1373367035753.pdf
CFI.N0000,Annual,2012.0,Annual Report 2011/2012,https://www.cse.lk/upload_report_file/609_1338290941.pdf
CLND.N0000,Annual,2024.0,Annual Report 2024,https://www.cse.lk/cmt/upload_report_file/618_1748480469759.pdf
CLND.N0000,Annual,2023.0,Annual Report 2023,https://www.cse.lk/cmt/upload_report_file/618_1717382443594.pdf
CLND.N0000,Annual,2023.0,Annual Report 2022,https://www.cse.lk/cmt/upload_report_file/618_1685530620764.pdf
CLND.N0000,Annual,2021.0,Final Version of the Annual Report - 2021,https://www.cse.lk/cmt/upload_report_file/618_1654071353939.pdf
CLND.N0000,Annual,2021.0,Annual Report 2021,https://www.cse.lk/cmt/upload_report_file/618_1653993812148.pdf
CLND.N0000,Annual,2020.0,Annual Report 2020,https://www.cse.lk/cmt/upload_report_file/618_1622541424667.pdf
CLND.N0000,Annual,2019.0,Annual Report 2019,https://www.cse.lk/cmt/upload_report_file/618_1600423279092.pdf
CLND.N0000,Annual,,Annual Report 2018,https://www.cse.lk/upload_report_file/618_1559554169.pdf
CLND.N0000,Annual,2017.0,Annual Report 2017,https://www.cse.lk/upload_report_file/618_1527822906502.pdf
CLND.N0000,Annual,2016.0,Annual Report 2016,https://www.cse.lk/upload_report_file/618_1496228492608.pdf
CLND.N0000,Annual,2015.0,Annual Report 2015 ,https://www.cse.lk/upload_report_file/618_1464860503459.pdf
CLND.N0000,Annual,2014.0,Annual Report 2014,https://www.cse.lk/upload_report_file/618_1433128526529.pdf
CLND.N0000,Annual,2013.0,Annual Report 2013,https://www.cse.lk/upload_report_file/618_1401681447031.pdf
CLND.N0000,Annual,2012.0,Annual Report 2012,https://www.cse.lk/upload_report_file/618_1369994891.pdf
COMB.X0000,Annual,2024.0,Commercial Bank of Ceylon PLC - Annual Report 2024,https://www.cse.lk/cmt/upload_report_file/369_1741169817422.pdf
COMB.X0000,Annual,2023.0,Commercial Bank of Ceylon PLC - Annual Report 2023,https://www.cse.lk/cmt/upload_report_file/369_1709636062232.pdf
COMB.X0000,Annual,2022.0,Amended Commercial Bank of Ceylon PLC - Annual Report 2022,https://www.cse.lk/cmt/upload_report_file/369_1680255608786.pdf
COMB.X0000,Annual,2022.0,Commercial Bank of Ceylon PLC - Annual Report 2022,https://www.cse.lk/cmt/upload_report_file/369_1678267982722.pdf
COMB.X0000,Annual,2021.0,Amended Commercial Bank of Ceylon PLC - Annual Report 2021,https://www.cse.lk/cmt/upload_report_file/369_1648812033946.pdf
COMB.X0000,Annual,2021.0,Commercial Bank of Ceylon PLC - Annual Report 2021,https://www.cse.lk/cmt/upload_report_file/369_1646645087138.pdf
COMB.X0000,Annual,2020.0,Commercial Bank of Ceylon PLC - Annual Report 2020,https://www.cse.lk/cmt/upload_report_file/369_1614941592096.pdf
COMB.X0000,Annual,2019.0,Annual Report- 2019,https://www.cse.lk/cmt/upload_report_file/369_1583404269645.pdf
COMB.X0000,Annual,2018.0,Annual Report 2018,https://www.cse.lk/upload_report_file/369_1551785067190.pdf
COMB.X0000,Annual,2017.0,Annual Report 2017,https://www.cse.lk/upload_report_file/369_1520335626246.pdf
COMB.X0000,Annual,2016.0,Annual Report 2016,https://www.cse.lk/upload_report_file/369_1488973763.pdf
COMB.X0000,Annual,2015.0,Annual Report 2015,https://www.cse.lk/upload_report_file/369_1457090594.pdf
COMB.X0000,Annual,2014.0,Annual Report 2014,https://www.cse.lk/upload_report_file/369_1425987571516.pdf
COMB.X0000,Annual,2013.0,Annual Report 2013,https://www.cse.lk/upload_report_file/369_1394419945.pdf
COMB.X0000,Annual,2012.0,Annual Report 2012,https://www.cse.lk/upload_report_file/369_1372043496.pdf
COMB.N0000,Annual,2024.0,Commercial Bank of Ceylon PLC - Annual Report 2024,https://www.cse.lk/cmt/upload_report_file/369_1741169817422.pdf
COMB.N0000,Annual,2023.0,Commercial Bank of Ceylon PLC - Annual Report 2023,https://www.cse.lk/cmt/upload_report_file/369_1709636062232.pdf
COMB.N0000,Annual,2022.0,Amended Commercial Bank of Ceylon PLC - Annual Report 2022,https://www.cse.lk/cmt/upload_report_file/369_1680255608786.pdf
COMB.N0000,Annual,2022.0,Commercial Bank of Ceylon PLC - Annual Report 2022,https://www.cse.lk/cmt/upload_report_file/369_1678267982722.pdf
COMB.N0000,Annual,2021.0,Amended Commercial Bank of Ceylon PLC - Annual Report 2021,https://www.cse.lk/cmt/upload_report_file/369_1648812033946.pdf
COMB.N0000,Annual,2021.0,Commercial Bank of Ceylon PLC - Annual Report 2021,https://www.cse.lk/cmt/upload_report_file/369_1646645087138.pdf
COMB.N0000,Annual,2020.0,Commercial Bank of Ceylon PLC - Annual Report 2020,https://www.cse.lk/cmt/upload_report_file/369_1614941592096.pdf
COMB.N0000,Annual,2019.0,Annual Report- 2019,https://www.cse.lk/cmt/upload_report_file/369_1583404269645.pdf
COMB.N0000,Annual,2018.0,Annual Report 2018,https://www.cse.lk/upload_report_file/369_1551785067190.pdf
COMB.N0000,Annual,2017.0,Annual Report 2017,https://www.cse.lk/upload_report_file/369_1520335626246.pdf
COMB.N0000,Annual,2016.0,Annual Report 2016,https://www.cse.lk/upload_report_file/369_1488973763.pdf
COMB.N0000,Annual,2015.0,Annual Report 2015,https://www.cse.lk/upload_report_file/369_1457090594.pdf
COMB.N0000,Annual,2014.0,Annual Report 2014,https://www.cse.lk/upload_report_file/369_1425987571516.pdf
COMB.N0000,Annual,2013.0,Annual Report 2013,https://www.cse.lk/upload_report_file/369_1394419945.pdf
COMB.N0000,Annual,2012.0,Annual Report 2012,https://www.cse.lk/upload_report_file/369_1372043496.pdf
COCR.N0000,Annual,2025.0,Annual Report 2024/2025,https://www.cse.lk/cmt/upload_report_file/1063_1756868422095.pdf
COCR.N0000,Annual,2025.0,Audited Financial Statements for the Year Ended 31/03/2025,https://www.cse.lk/cmt/upload_report_file/1063_1752552078845.03.31 (2) (1).pdf
COCR.N0000,Annual,2024.0,Annual Report 2023/2024,https://www.cse.lk/cmt/upload_report_file/1063_1720516727834.pdf
COCR.N0000,Annual,2024.0,Audited Financial Statements for the Year Ended 31/03/2024,https://www.cse.lk/cmt/upload_report_file/1063_1717587400760.pdf
COCR.N0000,Annual,2023.0,Annual Report 2022/23,https://www.cse.lk/cmt/upload_report_file/1063_1691551914890.pdf
COCR.N0000,Annual,2023.0,Audited Financial Statements for the year ended 31.3.2023,https://www.cse.lk/cmt/upload_report_file/1063_1688019605676.pdf
COCR.N0000,Annual,2022.0, Annual Report 2021/22,https://www.cse.lk/cmt/upload_report_file/1063_1660820265419.pdf
COCR.N0000,Annual,2022.0,Audited Financial Statements as at 31st March 2022,https://www.cse.lk/cmt/upload_report_file/1063_1655977060210.pdf
COCR.N0000,Annual,2021.0,"Annual Report for the Year Ended 31st March, 2021",https://www.cse.lk/cmt/upload_report_file/1063_1628760983764.pdf
COCR.N0000,Annual,2021.0,Audited Financial Statements as at 31.03.2021,https://www.cse.lk/cmt/upload_report_file/1063_1624964725986.pdf
COCR.N0000,Annual,2020.0,Annual Report 2019/2020,https://www.cse.lk/cmt/upload_report_file/1063_1599470211787.pdf
COCR.N0000,Annual,2020.0,Audited Financial Statements as at 31.03.2020,https://www.cse.lk/cmt/upload_report_file/1063_1593429387559.pdf
COCR.N0000,Annual,2019.0,Annual Report 2018/2019,https://www.cse.lk/upload_report_file/1063_1564570944453.pdf
COCR.N0000,Annual,2019.0,Audited Financial Statements as of 31-03-2019,https://www.cse.lk/upload_report_file/1063_1561715466538.pdf
COCR.N0000,Annual,2018.0,Annual Report 2017/2018,https://www.cse.lk/upload_report_file/1063_1531824018370.pdf
COCR.N0000,Annual,2018.0,"Audited Financial Statements - 31 March, 2018",https://www.cse.lk/upload_report_file/1063_1530268384110.pdf
COCR.N0000,Annual,2017.0,Annual Report 2016/2017,https://www.cse.lk/upload_report_file/1063_1497003613.pdf
COCR.N0000,Annual,2016.0,Annual Report 2015/2016,https://www.cse.lk/upload_report_file/1063_1468489382.pdf
COCR.N0000,Annual,2016.0,Audited Accounts as at 31.03.2016,https://www.cse.lk/upload_report_file/1063_1467278606142.03.2016.pdf
COCR.N0000,Annual,2015.0,Annual Report 2014/2015,https://www.cse.lk/upload_report_file/1063_1434627412335.pdf
COCR.N0000,Annual,2014.0,Annual Report 2013/2014,https://www.cse.lk/upload_report_file/1063_1401964723797.pdf
COCR.N0000,Annual,2013.0,Annual Report 2012/2013,https://www.cse.lk/upload_report_file/1063_1375787173.pdf
COCR.N0000,Annual,2013.0,Audited Financial Statements as at 31-03-2013,https://www.cse.lk/upload_report_file/1063_1372650643.pdf
COCR.N0000,Annual,2012.0,ANNUAL REPORT 2011/2012,https://www.cse.lk/upload_report_file/1063_1346231397.pdf
COCR.N0000,Annual,2012.0,Audited financial as at statements 31-03-2012,https://www.cse.lk/upload_report_file/1063_1341380169104.pdf
COMD.N0000,Annual,2024.0,Annual Report - 2024,https://www.cse.lk/cmt/upload_report_file/619_1741086982627.pdf
COMD.N0000,Annual,2023.0,Annual Report - 2023,https://www.cse.lk/cmt/upload_report_file/619_1709545685851.pdf
COMD.N0000,Annual,2022.0,"Annual Report for the year ended December 31, 2022",https://www.cse.lk/cmt/upload_report_file/619_1678276362776.pdf
COMD.N0000,Annual,2021.0,"Annual Report for the year ended December 31, 2021",https://www.cse.lk/cmt/upload_report_file/619_1646730731283.pdf
COMD.N0000,Annual,2020.0,"Annual Report for the year ended December 31, 2020",https://www.cse.lk/cmt/upload_report_file/619_1615173821085.pdf
COMD.N0000,Annual,2019.0,Annual Report 2019,https://www.cse.lk/cmt/upload_report_file/619_1583119476654.pdf
COMD.N0000,Annual,2018.0,Annual Report 2018,https://www.cse.lk/upload_report_file/619_1554952856629.pdf
COMD.N0000,Annual,2017.0,Annual Report 2017,https://www.cse.lk/upload_report_file/619_1523957792576.pdf
COMD.N0000,Annual,2016.0,Annual Report 2016,https://www.cse.lk/upload_report_file/619_1491534916486.pdf
COMD.N0000,Annual,2015.0,Annual Report 2015,https://www.cse.lk/upload_report_file/619_1459220089091.pdf
COMD.N0000,Annual,2014.0,Annual Report 2014,https://www.cse.lk/upload_report_file/619_1427798581804.pdf
COMD.N0000,Annual,2013.0,Annual Report 2013,https://www.cse.lk/upload_report_file/619_1396494089.pdf
COMD.N0000,Annual,2013.0,Annual Report 2012,https://www.cse.lk/upload_report_file/619_1367838824903.pdf
SOY.N0000,Annual,2025.0,Annual Report 2024/2025,https://www.cse.lk/cmt/upload_report_file/488_1753958711587.pdf
SOY.N0000,Annual,2024.0,ANNUAL REPORT 2023/2024,https://www.cse.lk/cmt/upload_report_file/488_1723725000656.pdf
SOY.N0000,Annual,2024.0,Audited financial Statements for the year ended 31.03.2024,https://www.cse.lk/cmt/upload_report_file/488_1722422767119.pdf
SOY.N0000,Annual,2023.0,ANNUAL REPORT 2022-2023,https://www.cse.lk/cmt/upload_report_file/488_1692180630099.pdf
SOY.N0000,Annual,2023.0,Audited Financial Report for 2022/2023,https://www.cse.lk/cmt/upload_report_file/488_1690808403067.pdf
SOY.N0000,Annual,2022.0,Annual Financial Report 2021/22,https://www.cse.lk/cmt/upload_report_file/488_1660707877212.pdf
SOY.N0000,Annual,2022.0,Audited financial Statements for the year ended 31.03.2022,https://www.cse.lk/cmt/upload_report_file/488_1659353078211.pdf
SOY.N0000,Annual,2021.0,Annual Report 2020/21,https://www.cse.lk/cmt/upload_report_file/488_1629455904879.pdf
SOY.N0000,Annual,2021.0,Audited Financial statements as of 31.03.2021,https://www.cse.lk/cmt/upload_report_file/488_1627380634923.pdf
SOY.N0000,Annual,2020.0,Annual Report 2019/20,https://www.cse.lk/cmt/upload_report_file/488_1598007959745.pdf
SOY.N0000,Annual,2020.0,Audited Financial Statements as of 31-03-2020,https://www.cse.lk/cmt/upload_report_file/488_1596541072731.pdf
SOY.N0000,Annual,2019.0,Annual Report as at 31.03.2019,https://www.cse.lk/cmt/upload_report_file/488_1566471278549.pdf
SOY.N0000,Annual,2019.0,Audited Financial Statements as of 31-03-2019,https://www.cse.lk/upload_report_file/488_1564744764796.pdf
SOY.N0000,Annual,2018.0,Annual Report 2017/2018,https://www.cse.lk/upload_report_file/488_1535452948258.pdf
SOY.N0000,Annual,2018.0,Audited financial Statements for the period ended 03/31/2018,https://www.cse.lk/upload_report_file/488_1534229296624.18.pdf
SOY.N0000,Annual,2017.0,Annual Report 2016/2017,https://www.cse.lk/upload_report_file/488_1504005245.pdf
SOY.N0000,Annual,2017.0,Audited Financial Statements as of 31-03-2017,https://www.cse.lk/upload_report_file/488_1499426942.pdf
SOY.N0000,Annual,2016.0,Annual Report 2015/2016,https://www.cse.lk/upload_report_file/488_1470047539321.pdf
SOY.N0000,Annual,2016.0,Audited Financial Statements as at 31st March 2016,https://www.cse.lk/upload_report_file/488_1468322718897.pdf
SOY.N0000,Annual,2015.0,Annual Report 2014/2015,https://www.cse.lk/upload_report_file/488_1438861271764.pdf
SOY.N0000,Annual,2015.0,Audited Financial Statements as at 31-03-2015,https://www.cse.lk/upload_report_file/488_1436867694538.03.2015.pdf
SOY.N0000,Annual,2014.0,Annual Report 2013/2014,https://www.cse.lk/upload_report_file/488_1407842098.pdf
SOY.N0000,Annual,2014.0,Audited Financial Statements as at 31-03-2014,https://www.cse.lk/upload_report_file/488_1405593583114.pdf
SOY.N0000,Annual,2013.0,Annual Report 2012/13,https://www.cse.lk/upload_report_file/488_1377573314526.pdf
SOY.N0000,Annual,2012.0,Annual Report 2011/2012,https://www.cse.lk/upload_report_file/488_1346841477.pdf
SOY.N0000,Annual,2012.0,Audited financial statements as at 31-03-2012,https://www.cse.lk/upload_report_file/488_1345116590713.pdf
DFCC.N0000,Annual,2024.0,Annual Report 2024,https://www.cse.lk/cmt/upload_report_file/371_1740736762724.pdf
DFCC.N0000,Annual,2023.0,(Revised) Annual Report 2023,https://www.cse.lk/cmt/upload_report_file/371_1709545887555.pdf
DFCC.N0000,Annual,2023.0,Annual Report 2023,https://www.cse.lk/cmt/upload_report_file/371_1709286271830.pdf
DFCC.N0000,Annual,2022.0,Annual Report 2022,https://www.cse.lk/cmt/upload_report_file/371_1677663678542.pdf
DFCC.N0000,Annual,2021.0,Annual Report - 2021,https://www.cse.lk/cmt/upload_report_file/371_1646217576562.pdf
DFCC.N0000,Annual,2020.0,Annual Report - 2020,https://www.cse.lk/cmt/upload_report_file/371_1614591002086.pdf
DFCC.N0000,Annual,2019.0,Annual Report 2019,https://www.cse.lk/cmt/upload_report_file/371_1583141049118.PDF
DFCC.N0000,Annual,2018.0,Annual Report 2018,https://www.cse.lk/upload_report_file/371_1551408995818.pdf
DFCC.N0000,Annual,2017.0,Annual Report 2017,https://www.cse.lk/upload_report_file/371_1519811530224.pdf
DFCC.N0000,Annual,2016.0,Annual Report 2016,https://www.cse.lk/upload_report_file/371_1488791292275.pdf
DFCC.N0000,Annual,2015.0,Annual Report 2015,https://www.cse.lk/upload_report_file/371_1456910994595.pdf
DFCC.N0000,Annual,2015.0,Annual Report 2014/2015,https://www.cse.lk/upload_report_file/371_1433497131692.pdf
DFCC.N0000,Annual,2014.0,Annual Report 2013-2014,https://www.cse.lk/upload_report_file/371_1401967406950.pdf
DFCC.N0000,Annual,2013.0,Annual Report 2012-13,https://www.cse.lk/upload_report_file/371_1370511577824.pdf
DFCC.N0000,Annual,2012.0,Annual Report - 2011/12,https://www.cse.lk/upload_report_file/371_1338979336307.pdf
DPL.N0000,Annual,2025.0,Annual Report 2024/25,https://www.cse.lk/cmt/upload_report_file/669_1756465495286.pdf
DPL.N0000,Annual,2024.0,Annual Report 2023/24,https://www.cse.lk/cmt/upload_report_file/669_1725246075662.pdf
DPL.N0000,Annual,2023.0,Annual Report 2022/23,https://www.cse.lk/cmt/upload_report_file/669_1693538092226.pdf
DPL.N0000,Annual,2022.0,Annual Report 2021/22,https://www.cse.lk/cmt/upload_report_file/669_1661999610564.pdf
DPL.N0000,Annual,2021.0,Annual Report 2020/21,https://www.cse.lk/cmt/upload_report_file/669_1630553848794.pdf
DPL.N0000,Annual,2020.0,Annual Report for the financial year ended 31 March 2020,https://www.cse.lk/cmt/upload_report_file/669_1604889827801.pdf
DPL.N0000,Annual,2019.0,Annual Report 2018/19,https://www.cse.lk/cmt/upload_report_file/669_1567161987612.pdf
DPL.N0000,Annual,2018.0,Annual Report for 2017/2018,https://www.cse.lk/upload_report_file/669_1535710148642.pdf
DPL.N0000,Annual,2017.0,Annual Report 2016/2017,https://www.cse.lk/upload_report_file/669_1504523975.pdf
DPL.N0000,Annual,2016.0,Annual Report for 2015/2016,https://www.cse.lk/upload_report_file/669_1470908621076.pdf
DPL.N0000,Annual,2015.0,Annual Report 2014/2015,https://www.cse.lk/upload_report_file/669_1441019552160.pdf
DPL.N0000,Annual,2014.0,Annual Report 2013/2014,https://www.cse.lk/upload_report_file/669_1408966735679.pdf
DPL.N0000,Annual,2013.0,Annual Report 2012 / 2013,https://www.cse.lk/upload_report_file/669_1376909434.pdf
DPL.N0000,Annual,2012.0,ANNUAL REPORT 2011/2012,https://www.cse.lk/upload_report_file/669_1346153517072.pdf
DIAL.N0000,Annual,2024.0,Annual Report - 2024,https://www.cse.lk/cmt/upload_report_file/389_1747616410421.pdf
DIAL.N0000,Annual,2023.0,Annual Report 2023,https://www.cse.lk/cmt/upload_report_file/389_1716197702103.pdf
DIAL.N0000,Annual,2022.0,Annual Report 2022,https://www.cse.lk/cmt/upload_report_file/389_1684228919923.pdf
DIAL.N0000,Annual,2021.0,Annual Financial Report as of 31-12-2021,https://www.cse.lk/cmt/upload_report_file/389_1653904111630.pdf
DIAL.N0000,Annual,2020.0,Annual Report 2020,https://www.cse.lk/cmt/upload_report_file/389_1622604449850.pdf
DIAL.N0000,Annual,2019.0,Annual Report - 2019,https://www.cse.lk/cmt/upload_report_file/389_1591607671780.pdf
DIAL.N0000,Annual,,Annual Report 2018,https://www.cse.lk/upload_report_file/389_1558497142.pdf
DIAL.N0000,Annual,2017.0,Annual Report 2017,https://www.cse.lk/upload_report_file/389_1523523800883.pdf
DIAL.N0000,Annual,2016.0,Annual Report 2016,https://www.cse.lk/upload_report_file/389_1492399504471.pdf
DIAL.N0000,Annual,2015.0,Annual Report 2015,https://www.cse.lk/upload_report_file/389_1464147771501.pdf
DIAL.N0000,Annual,2014.0,Annual Report 2014,https://www.cse.lk/upload_report_file/389_1432544585987.pdf
DIAL.N0000,Annual,2013.0,Annual Report 2013,https://www.cse.lk/upload_report_file/389_1401102901546.pdf
DIAL.N0000,Annual,2012.0,Annual Report 2012,https://www.cse.lk/upload_report_file/389_1365748536.pdf
CALF.N0000,Annual,2024.0,Annual Report 2024,https://www.cse.lk/cmt/upload_report_file/1101_1747389212959.pdf
CALF.N0000,Annual,2024.0,Audited Financial statements as of 31-12-2024,https://www.cse.lk/cmt/upload_report_file/1101_1742802306833.12.2024(Dialog Finance PLC).pdf
CALF.N0000,Annual,2023.0,Annual Report 2023,https://www.cse.lk/cmt/upload_report_file/1101_1715855169614.pdf
CALF.N0000,Annual,2023.0,Audited Financial statements as of 31-12-2023,https://www.cse.lk/cmt/upload_report_file/1101_1710906098178.pdf
CALF.N0000,Annual,2022.0,Annual Report 2022,https://www.cse.lk/cmt/upload_report_file/1101_1683886275589.pdf
CALF.N0000,Annual,2022.0,Audited Financial statements as of 31-12-2022,https://www.cse.lk/cmt/upload_report_file/1101_1679913450382.pdf
CALF.N0000,Annual,2021.0,Annual Report 2021,https://www.cse.lk/cmt/upload_report_file/1101_1653469991726.pdf
CALF.N0000,Annual,2021.0,Audited Financial statements as of 31.12.2021,https://www.cse.lk/cmt/upload_report_file/1101_1648526381178.pdf
CALF.N0000,Annual,2020.0,Annual Report - 2020,https://www.cse.lk/cmt/upload_report_file/1101_1621945312278.pdf
CALF.N0000,Annual,2020.0,Annual Audited Financial Report as of 31.12.2020,https://www.cse.lk/cmt/upload_report_file/1101_1616583264115.pdf
CALF.N0000,Annual,2019.0,Annual Report - December 2019,https://www.cse.lk/cmt/upload_report_file/1101_1591175268035.pdf
CALF.N0000,Annual,2019.0,Annual Financial Report as of 31-12-2019,https://www.cse.lk/cmt/upload_report_file/1101_1589769926530.pdf
CALF.N0000,Annual,2019.0,Annual Report 2018/19,https://www.cse.lk/cmt/upload_report_file/1101_1567157283014.pdf
CALF.N0000,Annual,2019.0,Annual Financial Report as at 31-03-2019 ,https://www.cse.lk/upload_report_file/1101_1561714400105.pdf
CALF.N0000,Annual,2018.0,Annual Report 2017/2018,https://www.cse.lk/upload_report_file/1101_1533721538897.pdf
CALF.N0000,Annual,2018.0,Audited Financial Statements as of 31/03/2018,https://www.cse.lk/upload_report_file/1101_1530266940492.pdf
CALF.N0000,Annual,2017.0,Annual Report 2016/2017,https://www.cse.lk/upload_report_file/1101_1503918960.pdf
CALF.N0000,Annual,2017.0,Audited Financial Statements as at 31-03-2017,https://www.cse.lk/upload_report_file/1101_1498643261.pdf
CALF.N0000,Annual,2016.0,Annual Report 2015/2016,https://www.cse.lk/upload_report_file/1101_1468583190259.pdf
CALF.N0000,Annual,2016.0,Audited Financial Statements as of 03/31/2016,https://www.cse.lk/upload_report_file/1101_1465555153644.pdf
CALF.N0000,Annual,2015.0,Annual Report 2014/2015,https://www.cse.lk/upload_report_file/1101_1440761233.pdf
CALF.N0000,Annual,2015.0,Audited Financial Statements as of 03/31/2015,https://www.cse.lk/upload_report_file/1101_1435577192396.pdf
CALF.N0000,Annual,2014.0,Annual Report 2013/2014,https://www.cse.lk/upload_report_file/1101_1402477911530.pdf
CALF.N0000,Annual,2014.0,Audited Financial Statements as at 31-03-2014,https://www.cse.lk/upload_report_file/1101_1400670568139.pdf
CALF.N0000,Annual,2013.0,Annual Report 2012/2013,https://www.cse.lk/upload_report_file/1101_1377855079.pdf
CALF.N0000,Annual,2013.0,Audited Financial Statement as of 31.03.2013,https://www.cse.lk/upload_report_file/1101_1375878334236.pdf
CALF.N0000,Annual,2012.0,Annual Report 2011/2012,https://www.cse.lk/upload_report_file/1101_1346237404475.pdf
CALF.N0000,Annual,2012.0,Audited Financial Statements as at 31-03-2012,https://www.cse.lk/upload_report_file/1101_1340882129664.PDF
DIMO.N0000,Annual,2025.0, UPDATED ANNUAL REPORT 2024/2025,https://www.cse.lk/cmt/upload_report_file/694_1749727575663.pdf
DIMO.N0000,Annual,2025.0,Annual Report 2024/25,https://www.cse.lk/cmt/upload_report_file/694_1749182190689.pdf
DIMO.N0000,Annual,2024.0,Annual Report 2023/24,https://www.cse.lk/cmt/upload_report_file/694_1719198202523.pdf
DIMO.N0000,Annual,2023.0,DIESEL & MOTOR ENGINEERING PLC - INTEGRATED ANNUAL REPORT 2022 2023,https://www.cse.lk/cmt/upload_report_file/694_1685974816079.pdf
DIMO.N0000,Annual,2022.0,Annual Report for the financial year 2021/22,https://www.cse.lk/cmt/upload_report_file/694_1654526608371.pdf
DIMO.N0000,Annual,2021.0,Annual Report 2020/21 (Amended as per Errata),https://www.cse.lk/cmt/upload_report_file/694_1623066325218.pdf
DIMO.N0000,Annual,2021.0,Annual Report 2020/2021,https://www.cse.lk/cmt/upload_report_file/694_1622685536375.pdf
DIMO.N0000,Annual,2020.0,Annual Report 2019/2020,https://www.cse.lk/cmt/upload_report_file/694_1591586440596.pdf
DIMO.N0000,Annual,,Annual Report 2018/2019,https://www.cse.lk/upload_report_file/694_1559644401.pdf
DIMO.N0000,Annual,2018.0,Annual Report 2017-2018,https://www.cse.lk/upload_report_file/694_1528109203420.pdf
DIMO.N0000,Annual,2017.0,Annual Report 2016/2017,https://www.cse.lk/upload_report_file/694_1496746469.pdf
DIMO.N0000,Annual,2016.0,Annual Report 2015/2016,https://www.cse.lk/upload_report_file/694_1465299145488.pdf
DIMO.N0000,Annual,2015.0,Annual Report 2014/2015,https://www.cse.lk/upload_report_file/694_1433500991.pdf
DIMO.N0000,Annual,2014.0,Annual Report 2013/2014,https://www.cse.lk/upload_report_file/694_1401937303333.pdf
DIMO.N0000,Annual,2013.0,Annual Report 2012/2013,https://www.cse.lk/upload_report_file/694_1370574257.pdf
DIMO.N0000,Annual,2012.0,Annual Report 2011/12,https://www.cse.lk/upload_report_file/694_1339070244633.pdf
CTEA.N0000,Annual,2025.0,Annual Report 2024/25,https://www.cse.lk/cmt/upload_report_file/489_1752029644114.pdf
CTEA.N0000,Annual,2024.0,Annual Report 2023/24,https://www.cse.lk/cmt/upload_report_file/489_1722396266387.pdf
CTEA.N0000,Annual,2023.0,Annual Report 2022/23,https://www.cse.lk/cmt/upload_report_file/489_1693539028085.pdf
CTEA.N0000,Annual,2022.0,Annual Report 2021/22,https://www.cse.lk/cmt/upload_report_file/489_1662002347253.pdf
CTEA.N0000,Annual,2021.0,Annual Report 2020/21,https://www.cse.lk/cmt/upload_report_file/489_1630410253501.pdf
CTEA.N0000,Annual,2020.0,Annual Report 2019/20,https://www.cse.lk/cmt/upload_report_file/489_1603883921043.pdf
CTEA.N0000,Annual,2019.0,Annual Report 2018/19,https://www.cse.lk/cmt/upload_report_file/489_1565690177633.pdf
CTEA.N0000,Annual,2018.0,Annual Report 2017/18,https://www.cse.lk/upload_report_file/489_1535599873490.pdf
CTEA.N0000,Annual,2017.0,Annual Report 2016/17,https://www.cse.lk/upload_report_file/489_1504516754898.pdf
CTEA.N0000,Annual,2016.0,Annual Report 2015/2016,https://www.cse.lk/upload_report_file/489_1473074901.pdf
CTEA.N0000,Annual,2015.0,Annual Report 2014/2015,https://www.cse.lk/upload_report_file/489_1439369094339.pdf
CTEA.N0000,Annual,2014.0,Annual Report 2013/2014,https://www.cse.lk/upload_report_file/489_1407413885539.pdf
CTEA.N0000,Annual,2013.0,Annual Report 2012 / 2013,https://www.cse.lk/upload_report_file/489_1373284812858.pdf
CTEA.N0000,Annual,2012.0,Annual Report  2011/2012,https://www.cse.lk/upload_report_file/489_1340768452334.pdf
CTEA.N0000,Annual,1969.0,Annual Report 2007/2008,https://www.cse.lk/upload_report_file/489_1219238399.pdf
PKME.N0000,Annual,2025.0,Annual Report 2024/2025,https://www.cse.lk/cmt/upload_report_file/3218_1748918615265.pdf
DIPD.N0000,Annual,2025.0,Annual Report 2024/25,https://www.cse.lk/cmt/upload_report_file/670_1748949953384.pdf
DIPD.N0000,Annual,2024.0,Annual Report 2023/24,https://www.cse.lk/cmt/upload_report_file/670_1717411738246.pdf
DIPD.N0000,Annual,2023.0,Annual Report for the year 2022/2023,https://www.cse.lk/cmt/upload_report_file/670_1685963425614.pdf
DIPD.N0000,Annual,2022.0,Annual Report for the year 2021/2022,https://www.cse.lk/cmt/upload_report_file/670_1654248377721.pdf
DIPD.N0000,Annual,2021.0,Annual Report for the year 2020/2021,https://www.cse.lk/cmt/upload_report_file/670_1622711236445.pdf
DIPD.N0000,Annual,2020.0,Annual Report as of 31/03/2020,https://www.cse.lk/cmt/upload_report_file/670_1593770208212.pdf
DIPD.N0000,Annual,2019.0,Annual Report 2018/19,https://www.cse.lk/upload_report_file/670_1559561098270.pdf
DIPD.N0000,Annual,2018.0,Annual Report 2017/18,https://www.cse.lk/upload_report_file/670_1527762532.pdf
DIPD.N0000,Annual,2017.0,Annual Report 2016/2017,https://www.cse.lk/upload_report_file/670_1496140187481.pdf
DIPD.N0000,Annual,2016.0,Annual Report 2015/2016,https://www.cse.lk/upload_report_file/670_1464774214100.pdf
DIPD.N0000,Annual,2015.0,Annual Report 2014/2015,https://www.cse.lk/upload_report_file/670_1433149914266.pdf
DIPD.N0000,Annual,2014.0,Annual Report 2013/2014,https://www.cse.lk/upload_report_file/670_1401708556995.pdf
DIPD.N0000,Annual,2013.0,Annual Report 2012 / 2013,https://www.cse.lk/upload_report_file/670_1370343339.pdf
DIPD.N0000,Annual,2012.0,Annual Report  2011/2012,https://www.cse.lk/upload_report_file/670_1338548325191.pdf
DIST.N0000,Annual,2025.0,Annual Report 2024/2025,https://www.cse.lk/cmt/upload_report_file/463_1756462545322.pdf
DIST.N0000,Annual,2024.0,Annual Report 2023/24,https://www.cse.lk/cmt/upload_report_file/463_1724901387762.pdf
DIST.N0000,Annual,2023.0,Annual Report 2022/23,https://www.cse.lk/cmt/upload_report_file/463_1693539277877.pdf
DIST.N0000,Annual,2022.0,Annual report 2021/22,https://www.cse.lk/cmt/upload_report_file/463_1661941205322.pdf
DIST.N0000,Annual,2021.0,Annual report 2020/21,https://www.cse.lk/cmt/upload_report_file/463_1630578218133.pdf
DIST.N0000,Annual,2020.0,Annual Report 2019/20,https://www.cse.lk/cmt/upload_report_file/463_1602760804023.pdf
DIST.N0000,Annual,2019.0,Annual Report 2018/2019,https://www.cse.lk/cmt/upload_report_file/463_1565692174145.pdf
DIST.N0000,Annual,2018.0,Annual Report 2017/2018,https://www.cse.lk/upload_report_file/463_1535944936144.pdf
DIST.N0000,Annual,2017.0,Annual Report 2016/2017,https://www.cse.lk/upload_report_file/463_1504063276.pdf
DIST.N0000,Annual,2016.0,Annual Report 2015/2016,https://www.cse.lk/upload_report_file/463_1470912879378.pdf
DIST.N0000,Annual,2015.0,Annual Report 2014/2015,https://www.cse.lk/upload_report_file/463_1440673839082.pdf
DIST.N0000,Annual,2014.0,Annual Report 2013/2014,https://www.cse.lk/upload_report_file/463_1409223366821.pdf
DIST.N0000,Annual,2013.0,Annual Report 2012/2013,https://www.cse.lk/upload_report_file/463_1377858398.pdf
DIST.N0000,Annual,2012.0,Annual Report 2011/2012,https://www.cse.lk/upload_report_file/463_1346843612.pdf
STAF.N0000,Annual,2025.0,Annual Report 2024/25,https://www.cse.lk/cmt/upload_report_file/603_1756350639940.pdf
STAF.N0000,Annual,2024.0,Annual Report 2023/24,https://www.cse.lk/cmt/upload_report_file/603_1725244061380.pdf
STAF.N0000,Annual,2023.0,Annual Report 2022/2023,https://www.cse.lk/cmt/upload_report_file/603_1693532412782.pdf
STAF.N0000,Annual,2022.0,Annual Report 2021/2022,https://www.cse.lk/cmt/upload_report_file/603_1662005091513.pdf
STAF.N0000,Annual,2021.0,Annual Report 2020/21,https://www.cse.lk/cmt/upload_report_file/603_1630413323004.pdf
STAF.N0000,Annual,2020.0,Annual Report 2019/2020,https://www.cse.lk/cmt/upload_report_file/603_1599041812415.pdf
STAF.N0000,Annual,2019.0,Annual Report 2018/2019,https://www.cse.lk/upload_report_file/603_1561979209077.pdf
STAF.N0000,Annual,2018.0,Annual Report 2017/2018,https://www.cse.lk/upload_report_file/603_1530267767599.pdf
STAF.N0000,Annual,2017.0,Annual Report 2016/17,https://www.cse.lk/upload_report_file/603_1496316019271.pdf
STAF.N0000,Annual,2016.0,Annual Report 2015/2016,https://www.cse.lk/upload_report_file/603_1467108940.pdf
STAF.N0000,Annual,2015.0,Annual Report 2014/2015,https://www.cse.lk/upload_report_file/603_1434536145.pdf
STAF.N0000,Annual,2014.0,Annual Report 2013/2014,https://www.cse.lk/upload_report_file/603_1402483214120.pdf
STAF.N0000,Annual,2013.0,Annual Report 2012/13,https://www.cse.lk/upload_report_file/603_1371468429100.pdf
STAF.N0000,Annual,2012.0,Annual Report 2011/2012,https://www.cse.lk/upload_report_file/603_1340103002.pdf
EBCR.N0000,Annual,2025.0,Annual Report 2024/2025,https://www.cse.lk/cmt/upload_report_file/745_1751625444631.pdf
EBCR.N0000,Annual,2024.0,Annual Report 2023/2024,https://www.cse.lk/cmt/upload_report_file/745_1724987509148.B Creasy & Co. PLC- Annual Report 2023-2024.pdf
EBCR.N0000,Annual,2023.0,Annual Report 2022/2023,https://www.cse.lk/cmt/upload_report_file/745_1693537856146.pdf
EBCR.N0000,Annual,2022.0,Annual Report 2021/2022,https://www.cse.lk/cmt/upload_report_file/745_1661917657938.pdf
EBCR.N0000,Annual,2021.0,Annual Report 2020/2021,https://www.cse.lk/cmt/upload_report_file/745_1633492799603.B.Creasy Annual Report 2021.pdf
EBCR.N0000,Annual,2020.0,Annual Report 2019/2020,https://www.cse.lk/cmt/upload_report_file/745_1607334269292. B. Creasy & Company PLC AR 2019-20.pdf
EBCR.N0000,Annual,2019.0,Annual Report 2018/2019,https://www.cse.lk/cmt/upload_report_file/745_1567166467838.pdf
EBCR.N0000,Annual,2018.0,Annual Report 2017/2018,https://www.cse.lk/upload_report_file/745_1531480323307.B._Creasy_&_Company_PLC_2017-18.pdf
EBCR.N0000,Annual,2017.0,Annual Report 2016/2017,https://www.cse.lk/upload_report_file/745_1502183260558.pdf
EBCR.N0000,Annual,2016.0,Annual Report 2015/2016,https://www.cse.lk/upload_report_file/745_1470397322.pdf
EBCR.N0000,Annual,2015.0,Annual Report 2014/2015,https://www.cse.lk/upload_report_file/745_1441017445421.pdf
EBCR.N0000,Annual,2014.0,Annual Report 2013/2014,https://www.cse.lk/upload_report_file/745_1401969677543.pdf
EBCR.N0000,Annual,2013.0,Annual Report 2012 / 2013,https://www.cse.lk/upload_report_file/745_1370604567381.B. Creasy & Company PLC - AR 2012-13.pdf
EBCR.N0000,Annual,2012.0,Annual Report 2011/2012,https://www.cse.lk/upload_report_file/745_1338979970859.pdf
EML.N0000,Annual,2024.0,Annual Report 31.12.2024,https://www.cse.lk/cmt/upload_report_file/2386_1748599791204.pdf
EML.N0000,Annual,2023.0,Annual Report for the year 2023,https://www.cse.lk/cmt/upload_report_file/2386_1717150743104.pdf
EML.N0000,Annual,2022.0,Annual Report for the year 2022,https://www.cse.lk/cmt/upload_report_file/2386_1685526753112.pdf
EML.N0000,Annual,2021.0,Annual Report for the year 2021,https://www.cse.lk/cmt/upload_report_file/2386_1653990584278.pdf
EDEN.N0000,Annual,2025.0,Annual Report 2024/2025,https://www.cse.lk/cmt/upload_report_file/533_1756376383727.pdf
EDEN.N0000,Annual,2024.0,Annual Report 2023/24,https://www.cse.lk/cmt/upload_report_file/533_1725243712808.pdf
EDEN.N0000,Annual,2023.0,Annual Report 2022/2023,https://www.cse.lk/cmt/upload_report_file/533_1693532024249.pdf
EDEN.N0000,Annual,2022.0,Annual Report 2021/22,https://www.cse.lk/cmt/upload_report_file/533_1662004537299.pdf
EDEN.N0000,Annual,2021.0,Annual Report 2020/21,https://www.cse.lk/cmt/upload_report_file/533_1630413436599.pdf
EDEN.N0000,Annual,2020.0,ANNUAL REPORT FOR 2019/20,https://www.cse.lk/cmt/upload_report_file/533_1604488722800.pdf
EDEN.N0000,Annual,2019.0,Annual Report 2018/2019,https://www.cse.lk/cmt/upload_report_file/533_1566904721387.pdf
EDEN.N0000,Annual,2018.0,Annual Report as of 03/31/2018,https://www.cse.lk/upload_report_file/533_1535706360193.pdf
EDEN.N0000,Annual,2017.0,Annual Report 2016/2017,https://www.cse.lk/upload_report_file/533_1503569665.pdf
EDEN.N0000,Annual,2016.0,Annual Report 2015/2016,https://www.cse.lk/upload_report_file/533_1470395477913.pdf
EDEN.N0000,Annual,2015.0,Annual Report 2014/2015,https://www.cse.lk/upload_report_file/533_1438861947914.pdf
EDEN.N0000,Annual,2014.0,Annual Report 2013/2014,https://www.cse.lk/upload_report_file/533_1404731725029.pdf
EDEN.N0000,Annual,2013.0,Annual Report 2012/2013,https://www.cse.lk/upload_report_file/533_1377077407.pdf
EDEN.N0000,Annual,2012.0,ANNUAL REPORT 2011/2012,https://www.cse.lk/upload_report_file/533_1346153245.pdf
ELPL.N0000,Annual,2025.0,Annual Report 2024/25,https://www.cse.lk/cmt/upload_report_file/707_1749093566197.pdf
ELPL.N0000,Annual,2024.0,Annual Report 2023/24,https://www.cse.lk/cmt/upload_report_file/707_1717584306912.pdf
ELPL.N0000,Annual,2023.0,Annual Report 2022/23,https://www.cse.lk/cmt/upload_report_file/707_1686042450270.pdf
ELPL.N0000,Annual,2022.0,Elpitiya Plantations PLC - Annual Report 2021/22,https://www.cse.lk/cmt/upload_report_file/707_1654506619649.pdf
ELPL.N0000,Annual,2021.0,Annual Report 2020/21,https://www.cse.lk/cmt/upload_report_file/707_1630464876769.pdf
ELPL.N0000,Annual,2020.0,Annual Report for the Financial Year ended 31st March 2020,https://www.cse.lk/cmt/upload_report_file/707_1598436269398.pdf
ELPL.N0000,Annual,2019.0,Annual Report 2018/2019,https://www.cse.lk/cmt/upload_report_file/707_1566991591147.pdf
ELPL.N0000,Annual,2018.0,Annual Report 2017/2018,https://www.cse.lk/upload_report_file/707_1535620139016.pdf
ELPL.N0000,Annual,2017.0,Annual Report 2016/2017,https://www.cse.lk/upload_report_file/707_1504090630358.pdf
ELPL.N0000,Annual,2016.0,Annual Financial Report 2015/16,https://www.cse.lk/upload_report_file/707_1472527561499.pdf
ELPL.N0000,Annual,2015.0,Annual Report 2014/2015,https://www.cse.lk/upload_report_file/707_1441017266089.pdf
ELPL.N0000,Annual,2014.0,Annual Financial Report 2013/14,https://www.cse.lk/upload_report_file/707_1409304625882.pdf
ELPL.N0000,Annual,2013.0,Annual Report 2012/13,https://www.cse.lk/upload_report_file/707_1377860214152.pdf
ELPL.N0000,Annual,2012.0,Annual Report 2011/2012,https://www.cse.lk/upload_report_file/707_1346321851.pdf
ETWO.N0000,Annual,2025.0,Annual Report 2024/2025,https://www.cse.lk/cmt/upload_report_file/621_1749004490301.pdf
ETWO.N0000,Annual,2024.0,Annual Report 2023/2024,https://www.cse.lk/cmt/upload_report_file/621_1717493284188.pdf
ETWO.N0000,Annual,2023.0,Annual Report 2022/2023,https://www.cse.lk/cmt/upload_report_file/621_1686046850037. Equity Two AR-2223.pdf
ETWO.N0000,Annual,2022.0,Annual Report 2021-2022,https://www.cse.lk/cmt/upload_report_file/621_1654509528081.pdf
ETWO.N0000,Annual,2021.0,Annual Report 2020/21,https://www.cse.lk/cmt/upload_report_file/621_1625228232551.pdf
ETWO.N0000,Annual,2020.0,Annual Report 2019/20,https://www.cse.lk/cmt/upload_report_file/621_1597229555269.pdf
ETWO.N0000,Annual,2019.0,Annual Report 2018/2019,https://www.cse.lk/upload_report_file/621_1558495139048.pdf
ETWO.N0000,Annual,2018.0,Annual Report 2017/18,https://www.cse.lk/upload_report_file/621_1527067796398.pdf
ETWO.N0000,Annual,2017.0,Annual Report 2016/17,https://www.cse.lk/upload_report_file/621_1495620426487.pdf
ETWO.N0000,Annual,2016.0,Annual Report 2015/16,https://www.cse.lk/upload_report_file/621_1464259085600.pdf
ETWO.N0000,Annual,2015.0,Annual Report 2014/2015,https://www.cse.lk/upload_report_file/621_1432725846266.pdf
ETWO.N0000,Annual,2014.0,Annual Report 2013/2014,https://www.cse.lk/upload_report_file/621_1401191626102.pdf
ETWO.N0000,Annual,2013.0,Annual Report 2012/13,https://www.cse.lk/upload_report_file/621_1369739546872.pdf
ETWO.N0000,Annual,2012.0,Annual Report 2011/2012,https://www.cse.lk/upload_report_file/621_1338200079533.pdf
EMER.N0000,Annual,2025.0,Annual Report 2024/2025,https://www.cse.lk/cmt/upload_report_file/767_1757342088157.pdf
EMER.N0000,Annual,2024.0,Annual Report 2023/2024,https://www.cse.lk/cmt/upload_report_file/767_1725419623481.pdf
EMER.N0000,Annual,2023.0,Annual Report 2022/2023,https://www.cse.lk/cmt/upload_report_file/767_1694169455554.pdf
EMER.N0000,Annual,2022.0,Annual Report 2021/22,https://www.cse.lk/cmt/upload_report_file/767_1663062244435.pdf
EMER.N0000,Annual,2021.0,Annual Report 31-03-2021,https://www.cse.lk/cmt/upload_report_file/767_1633519190917.pdf
EMER.N0000,Annual,2020.0,ANNUAL REPORT 2019/2020,https://www.cse.lk/cmt/upload_report_file/767_1604310029879.pdf
EMER.N0000,Annual,2019.0,Annual Report 2018/2019,https://www.cse.lk/cmt/upload_report_file/767_1567071724237.pdf
EMER.N0000,Annual,2018.0,Annual Report 2017/2018,https://www.cse.lk/upload_report_file/767_1535366797140.pdf
EMER.N0000,Annual,2017.0,Annual Report 2016/2017,https://www.cse.lk/upload_report_file/767_1504781161.pdf
EMER.N0000,Annual,2016.0,Annual Report 2015/2016,https://www.cse.lk/upload_report_file/767_1472639558420.pdf
EMER.N0000,Annual,2015.0,Annual Report 2014/2015,https://www.cse.lk/upload_report_file/767_1441105128841.pdf
EMER.N0000,Annual,2014.0,Annual Report 2013/2014,https://www.cse.lk/upload_report_file/767_1409196545255.pdf
EMER.N0000,Annual,2013.0,Annual Report 2012/2013,https://www.cse.lk/upload_report_file/767_1378375446.pdf
EMER.N0000,Annual,2012.0,Annual Report 2011/2012,https://www.cse.lk/upload_report_file/767_1346843100.pdf
ECL.N0000,Annual,2024.0,Annual Report 2024 ,https://www.cse.lk/cmt/upload_report_file/374_1748599033070.05.25).pdf
ECL.N0000,Annual,2023.0,Annual Report 2023,https://www.cse.lk/cmt/upload_report_file/374_1713438614029.pdf
ECL.N0000,Annual,2022.0,Annual Report 2022,https://www.cse.lk/cmt/upload_report_file/374_1681726587256.pdf
ECL.N0000,Annual,2021.0,Annual Report 2021,https://www.cse.lk/cmt/upload_report_file/374_1650277553678.pdf
ECL.N0000,Annual,2020.0,Annual Report 2020,https://www.cse.lk/cmt/upload_report_file/374_1617015382048.pdf
ECL.N0000,Annual,2019.0,Annual Report 2019,https://www.cse.lk/cmt/upload_report_file/374_1592997849507.pdf
ECL.N0000,Annual,2018.0,Annual Report 2018,https://www.cse.lk/upload_report_file/374_1551779751378.pdf
ECL.N0000,Annual,2017.0,Annual Report 2017,https://www.cse.lk/upload_report_file/374_1523524397888.pdf
ECL.N0000,Annual,2016.0,Annual Report 2016,https://www.cse.lk/upload_report_file/374_1493370966723.pdf
ECL.N0000,Annual,2016.0,Annual Report 2015/16,https://www.cse.lk/upload_report_file/374_1472548052142.pdf
ECL.N0000,Annual,2015.0,Annual Report 2014/15,https://www.cse.lk/upload_report_file/374_1441016190624.pdf
ECL.N0000,Annual,2014.0,Annual Report 2013/2014,https://www.cse.lk/upload_report_file/374_1409304095507.pdf
ECL.N0000,Annual,2013.0,Annual Report 2012-2013,https://www.cse.lk/upload_report_file/374_1378114855472.pdf
ECL.N0000,Annual,2012.0,ANNUAL REPORT 2011/2012,https://www.cse.lk/upload_report_file/374_1346673675.pdf
EAST.N0000,Annual,2025.0,Annual Report 2024/2025,https://www.cse.lk/cmt/upload_report_file/620_1756900572545.pdf
EAST.N0000,Annual,2025.0,Audited Financial Statements 31.03.2025,https://www.cse.lk/cmt/upload_report_file/620_1756466116857.pdf
EAST.N0000,Annual,2024.0,Annual Report 2023/2024,https://www.cse.lk/cmt/upload_report_file/620_1725017331394.pdf
EAST.N0000,Annual,2023.0,Annual Report 2022/2023,https://www.cse.lk/cmt/upload_report_file/620_1693221501494.pdf
EAST.N0000,Annual,2022.0,Annual Report 2021/22,https://www.cse.lk/cmt/upload_report_file/620_1662721485499.pdf
EAST.N0000,Annual,2021.0,Annual Report 2020/21,https://www.cse.lk/cmt/upload_report_file/620_1633004456678.pdf
EAST.N0000,Annual,2020.0,Annual Report 2019/20,https://www.cse.lk/cmt/upload_report_file/620_1609820997381.pdf
EAST.N0000,Annual,2019.0,Annual Report 2018/2019,https://www.cse.lk/cmt/upload_report_file/620_1576204231889.pdf
EAST.N0000,Annual,2018.0,Annual Report 2017/2018,https://www.cse.lk/upload_report_file/620_1544408888175.pdf
EAST.N0000,Annual,2018.0,Audited Financial Statements 31.03.2018,https://www.cse.lk/upload_report_file/620_1544003289857.pdf
EAST.N0000,Annual,2017.0,Annual Report 2016/2017,https://www.cse.lk/upload_report_file/620_1508382261.pdf
EAST.N0000,Annual,2016.0,Annual Report 2015-2016,https://www.cse.lk/upload_report_file/620_1474973920547.09.27.pdf
EAST.N0000,Annual,2015.0,Annual Report 2014/2015,https://www.cse.lk/upload_report_file/620_1449461548724.pdf
EAST.N0000,Annual,2014.0,Annual Report 2013-2014,https://www.cse.lk/upload_report_file/620_1417170716428.pdf
EAST.N0000,Annual,2013.0,Annual Report 2012/2013,https://www.cse.lk/upload_report_file/620_1383903445130.pdf
EAST.N0000,Annual,2012.0,Annual Report 2011/2012,https://www.cse.lk/upload_report_file/620_1350637573601.pdf
PACK.N0000,Annual,2025.0,Annual Report 2024/2025 ,https://www.cse.lk/cmt/upload_report_file/2511_1749092631974.pdf
PACK.N0000,Annual,2024.0,Annual Report 2023/2024 ,https://www.cse.lk/cmt/upload_report_file/2511_1717498855747.pdf
PACK.N0000,Annual,2023.0,Annual Report 2022/23,https://www.cse.lk/cmt/upload_report_file/2511_1693477338781.pdf
PACK.N0000,Annual,2022.0,Annual Report 2021/22,https://www.cse.lk/cmt/upload_report_file/2511_1661833618577.pdf
EXT.N0000,Annual,2025.0,Annual Report 2024/2025,https://www.cse.lk/cmt/upload_report_file/2741_1759375113438.pdf
EXT.N0000,Annual,2024.0,Annual Report -2023/2024,https://www.cse.lk/cmt/upload_report_file/2741_1726065027313.pdf
EXT.N0000,Annual,2023.0,Annual Report -2022/2023 - Amended ,https://www.cse.lk/cmt/upload_report_file/2741_1691753017429.pdf
EXT.N0000,Annual,2023.0,Annual Report -2022/2023,https://www.cse.lk/cmt/upload_report_file/2741_1691058662589.pdf
EXT.N0000,Annual,2022.0,Annual Report 2021/22 - Amended,https://www.cse.lk/cmt/upload_report_file/2741_1660646258625.pdf
EXT.N0000,Annual,2022.0,ANNUAL REPORT 2021/2022,https://www.cse.lk/cmt/upload_report_file/2741_1659705481053.pdf
CFVF.N0000,Annual,2025.0,Annual Report 2024/2025,https://www.cse.lk/cmt/upload_report_file/698_1749222802375.pdf
CFVF.N0000,Annual,2024.0,ANNUAL REPORT 2023 /2024,https://www.cse.lk/cmt/upload_report_file/698_1717580757897.pdf
CFVF.N0000,Annual,2023.0,Annual Report 2022/23,https://www.cse.lk/cmt/upload_report_file/698_1692327410565.pdf
CFVF.N0000,Annual,2022.0,ANNUAL REPORT 2021 /2022,https://www.cse.lk/cmt/upload_report_file/698_1660793601868.pdf
CFVF.N0000,Annual,2021.0,Annual Report 2020/2021,https://www.cse.lk/cmt/upload_report_file/698_1628823127325.pdf
CFVF.N0000,Annual,2020.0,Annual report 2019/20,https://www.cse.lk/cmt/upload_report_file/698_1597283860308.pdf
CFVF.N0000,Annual,2019.0,Annual Report 2018/19,https://www.cse.lk/cmt/upload_report_file/698_1565695394709.pdf
CFVF.N0000,Annual,2018.0,Annual Report 2017/2018,https://www.cse.lk/upload_report_file/698_1534155519996.pdf
CFVF.N0000,Annual,2017.0,Annual Report 2016/2017,https://www.cse.lk/upload_report_file/698_1502881356.pdf
CFVF.N0000,Annual,2016.0,Annual Report 2015/2016,https://www.cse.lk/upload_report_file/698_1470973266695.pdf
CFVF.N0000,Annual,2015.0,Annual Report 2014/2015,https://www.cse.lk/upload_report_file/698_1439467478.pdf
CFVF.N0000,Annual,2014.0,Annual Report - 2013/2014,https://www.cse.lk/upload_report_file/698_1407320526.pdf
CFVF.N0000,Annual,2013.0,Annual Report 2012/2013,https://www.cse.lk/upload_report_file/698_1375789183751.pdf
CFVF.N0000,Annual,2012.0,Annual Report 2011/2012,https://www.cse.lk/upload_report_file/698_1343991161806.pdf
FCT.N0000,Annual,2025.0,Annual Report 2024/2025,https://www.cse.lk/cmt/upload_report_file/1426_1749223407370.pdf
FCT.N0000,Annual,2024.0,Annual Report 2023/24,https://www.cse.lk/cmt/upload_report_file/1426_1717560945715.pdf
FCT.N0000,Annual,2023.0,Annual Report 2022/23,https://www.cse.lk/cmt/upload_report_file/1426_1692327276064.pdf
FCT.N0000,Annual,2022.0,ANNUAL REPORT 2021 /2022,https://www.cse.lk/cmt/upload_report_file/1426_1660730741652.pdf
FCT.N0000,Annual,2021.0,Annual Report 2020/2021,https://www.cse.lk/cmt/upload_report_file/1426_1629977600357.pdf
FCT.N0000,Annual,2020.0, Annual Report 2019/2020,https://www.cse.lk/cmt/upload_report_file/1426_1599477604388.pdf
FCT.N0000,Annual,2019.0,Annual Report  2018/19,https://www.cse.lk/cmt/upload_report_file/1426_1565946687897.pdf
FCT.N0000,Annual,2018.0,Annual Report 2017/2018,https://www.cse.lk/upload_report_file/1426_1535714483314.pdf
FCT.N0000,Annual,2018.0,Audited Financial Statements 31.03.2018,https://www.cse.lk/upload_report_file/1426_1535089710844.pdf
FCT.N0000,Annual,2017.0,Annual Report 2016/2017,https://www.cse.lk/upload_report_file/1426_1503659841.pdf
FCT.N0000,Annual,2017.0,Audited Financial Statements as of 31-03-2017,https://www.cse.lk/upload_report_file/1426_1502853851.pdf
FCT.N0000,Annual,2016.0,Annual Report 2015/2016,https://www.cse.lk/upload_report_file/1426_1473162057051.pdf
FCT.N0000,Annual,2016.0,Audited Financial Statements as at 31-03-2016,https://www.cse.lk/upload_report_file/1426_1471323151671.pdf
FCT.N0000,Annual,2015.0,Annual Report 2014/2015,https://www.cse.lk/upload_report_file/1426_1442287674.pdf
FCT.N0000,Annual,2015.0,Audited Financial Statements as of 31-03-2015,https://www.cse.lk/upload_report_file/1426_1439795406112.pdf
WAPO.N0000,Annual,2025.0,Annual Report 2024/25,https://www.cse.lk/cmt/upload_report_file/612_1756436565786.pdf
WAPO.N0000,Annual,2024.0,Annual Report 2023/24,https://www.cse.lk/cmt/upload_report_file/612_1724753378932.pdf
WAPO.N0000,Annual,2023.0,Annual Report 2022/2023,https://www.cse.lk/cmt/upload_report_file/612_1692093826827.pdf
WAPO.N0000,Annual,2022.0,Annual Report 2021/22,https://www.cse.lk/cmt/upload_report_file/612_1660623159450.pdf
WAPO.N0000,Annual,2021.0,Annual Report 2020/21,https://www.cse.lk/cmt/upload_report_file/612_1624333229629.pdf
WAPO.N0000,Annual,2020.0,Annual Report for the year 2019/20,https://www.cse.lk/cmt/upload_report_file/612_1597916625448.pdf
WAPO.N0000,Annual,2019.0,Annual Report 2018/19,https://www.cse.lk/upload_report_file/612_1557310266185.pdf
WAPO.N0000,Annual,2018.0,Amended Annual Report 2017/18,https://www.cse.lk/upload_report_file/612_1528197315876.pdf
WAPO.N0000,Annual,2018.0,Annual Report 2017/2018,https://www.cse.lk/upload_report_file/612_1525774065182.pdf
WAPO.N0000,Annual,2017.0,Annual Report 2016/17,https://www.cse.lk/upload_report_file/612_1494320818088.pdf
WAPO.N0000,Annual,2016.0,Annual Report 2015/2016,https://www.cse.lk/upload_report_file/612_1462962044467.pdf
WAPO.N0000,Annual,2015.0,Annual Report for the year 2014/15,https://www.cse.lk/upload_report_file/612_1431429263025.15.pdf
WAPO.N0000,Annual,2014.0,Annual Report 2013/2014,https://www.cse.lk/upload_report_file/612_1399981605201.pdf
WAPO.N0000,Annual,2013.0,Annual Report 2012/2013,https://www.cse.lk/upload_report_file/612_1368180979004.pdf
WAPO.N0000,Annual,2012.0,Annual Report 2011/2012,https://www.cse.lk/upload_report_file/612_1337075260974.pdf
GHLL.N0000,Annual,2024.0,Annual Report 2024,https://www.cse.lk/cmt/upload_report_file/541_1749006701825.pdf
GHLL.N0000,Annual,2023.0,Galadari Annual Report for the Year Ended 31st December 2023,https://www.cse.lk/cmt/upload_report_file/541_1717501654562. Galadari Annual Report for the Year Ended 31st December 2023.pdf
GHLL.N0000,Annual,2022.0,Galadari Annual Report for the Year Ended 31st December 2022,https://www.cse.lk/cmt/upload_report_file/541_1686043445431.pdf
GHLL.N0000,Annual,2021.0,Galadari Annual Report for the Year Ended 31st December 2021,https://www.cse.lk/cmt/upload_report_file/541_1654514126045.pdf
GHLL.N0000,Annual,2020.0,Annual Report - 2020,https://www.cse.lk/cmt/upload_report_file/541_1626776537962.pdf
GHLL.N0000,Annual,2019.0,Annual Report 2019,https://www.cse.lk/cmt/upload_report_file/541_1597661525329.pdf
GHLL.N0000,Annual,2018.0,Annual Report 2018,https://www.cse.lk/upload_report_file/541_1559641817286.pdf
GHLL.N0000,Annual,2017.0,"Galadari Hotels (Lanka) PLC - Annual Report for the Year Ended 31st December, 2017",https://www.cse.lk/upload_report_file/541_1528103159754.pdf
GHLL.N0000,Annual,2016.0,Annual Report 2016,https://www.cse.lk/upload_report_file/541_1496743158.pdf
GHLL.N0000,Annual,2015.0,Annual Report 2015,https://www.cse.lk/upload_report_file/541_1464347702.pdf
GHLL.N0000,Annual,2014.0,Annual Report 2014,https://www.cse.lk/upload_report_file/541_1428549724245.pdf
GHLL.N0000,Annual,2013.0,Annual Report 2013,https://www.cse.lk/upload_report_file/541_1428549661744.pdf
GHLL.N0000,Annual,2012.0,Annual Report 2012,https://www.cse.lk/upload_report_file/541_1369822167.pdf
GEST.N0000,Annual,2025.0,Annual Report 2024/25 ,https://www.cse.lk/cmt/upload_report_file/746_1756723776861.pdf
GEST.N0000,Annual,2024.0,Annual Report 2023/24,https://www.cse.lk/cmt/upload_report_file/746_1725012282625.pdf
GEST.N0000,Annual,2023.0,Annual Report 2022/23,https://www.cse.lk/cmt/upload_report_file/746_1693477122655.Annual Report. FY 2022.2023.pdf
GEST.N0000,Annual,2022.0,ANNUAL REPORT 2021/2022,https://www.cse.lk/cmt/upload_report_file/746_1661490264905.08.22 CSE & WEBSITE.pdf
GEST.N0000,Annual,2021.0,Annual Report - 2020/2021,https://www.cse.lk/cmt/upload_report_file/746_1631105616510.09.2021.pdf
GEST.N0000,Annual,2020.0,Annual Report 2019/2020,https://www.cse.lk/cmt/upload_report_file/746_1609126723476.pdf
GEST.N0000,Annual,2019.0,Annual Report 2018/2019,https://www.cse.lk/cmt/upload_report_file/746_1567160478850.pdf
GEST.N0000,Annual,2018.0,Annual Report 2017/2018,https://www.cse.lk/upload_report_file/746_1535711837073.18_CSE.pdf
GEST.N0000,Annual,2017.0,Annual Report 2016/2017,https://www.cse.lk/upload_report_file/746_1504178961.pdf
GEST.N0000,Annual,2016.0,Annual Report 2015/2016,https://www.cse.lk/upload_report_file/746_1472552671246.pdf
GEST.N0000,Annual,2015.0,Annual Report 2014/2015,https://www.cse.lk/upload_report_file/746_1441016896251.pdf
GEST.N0000,Annual,2014.0,Annual Report 2013/2014,https://www.cse.lk/upload_report_file/746_1409313302987.pdf
GEST.N0000,Annual,2013.0,Annual Report 2012/2013,https://www.cse.lk/upload_report_file/746_1377855184.pdf
GEST.N0000,Annual,2012.0,ANNUAL REPORT 2011/2012,https://www.cse.lk/upload_report_file/746_1346324224.pdf
HAPU.N0000,Annual,2025.0,Annual Report 2024/2025,https://www.cse.lk/cmt/upload_report_file/708_1756468196099.pdf
HAPU.N0000,Annual,2024.0,Annual Report 2023/2024,https://www.cse.lk/cmt/upload_report_file/708_1725244797528.pdf
HAPU.N0000,Annual,2023.0,Annual Report 2022/23,https://www.cse.lk/cmt/upload_report_file/708_1693486030540.pdf
HAPU.N0000,Annual,2021.0,Annual Report 2021,https://www.cse.lk/cmt/upload_report_file/708_1653987854805.pdf
HAPU.N0000,Annual,2020.0,Annual Report 2020,https://www.cse.lk/cmt/upload_report_file/708_1622460759386.pdf
HAPU.N0000,Annual,2019.0,Annual Report 2019,https://www.cse.lk/cmt/upload_report_file/708_1599448125461.pdf
HAPU.N0000,Annual,2018.0,Annual Report 2018,https://www.cse.lk/upload_report_file/708_1554719035548.pdf
HAPU.N0000,Annual,2017.0,Annual  Report 2017,https://www.cse.lk/upload_report_file/708_1522145629031.pdf
HAPU.N0000,Annual,2016.0,Annual Report 2016,https://www.cse.lk/upload_report_file/708_1490691804068.pdf
HAPU.N0000,Annual,2015.0,Annual Report 2015,https://www.cse.lk/upload_report_file/708_1461748267647.pdf
HAPU.N0000,Annual,2014.0,Annual Report 2014,https://www.cse.lk/upload_report_file/708_1430817954705.pdf
HAPU.N0000,Annual,2013.0,Annual Report 2013,https://www.cse.lk/upload_report_file/708_1401865056796.pdf
HAPU.N0000,Annual,2012.0,Annual Report 2012,https://www.cse.lk/upload_report_file/708_1369818811495.pdf
HARI.N0000,Annual,2025.0,Annual Report 2024/2025,https://www.cse.lk/cmt/upload_report_file/482_1754994358225.pdf
HARI.N0000,Annual,2024.0,Annual Report 2023/2024,https://www.cse.lk/cmt/upload_report_file/482_1723628876925.pdf
HARI.N0000,Annual,2023.0,Annual Report for the year ended 31st March 2023,https://www.cse.lk/cmt/upload_report_file/482_1692094094617.pdf
HARI.N0000,Annual,2022.0,Annual Report 2021/22,https://www.cse.lk/cmt/upload_report_file/482_1661918747173.pdf
HARI.N0000,Annual,2021.0,The Annual Report as at 31st March 2021,https://www.cse.lk/cmt/upload_report_file/482_1630402814928.pdf
HARI.N0000,Annual,2020.0,Annual Report 2019/2020,https://www.cse.lk/cmt/upload_report_file/482_1603275446595.pdf
HARI.N0000,Annual,2019.0,Annual Report 2018/2019,https://www.cse.lk/cmt/upload_report_file/482_1566986495391.pdf
HARI.N0000,Annual,2018.0,Annual Report 2017/2018,https://www.cse.lk/upload_report_file/482_1535537919176.pdf
HARI.N0000,Annual,2017.0,Annual Report 2016/2017,https://www.cse.lk/upload_report_file/482_1504089011.pdf
HARI.N0000,Annual,2016.0,Annual Report 2015/2016,https://www.cse.lk/upload_report_file/482_1472464170036.pdf
HARI.N0000,Annual,2015.0,Annual Report 2014/2015,https://www.cse.lk/upload_report_file/482_1440150900018.pdf
HARI.N0000,Annual,2014.0,Annual Report 2013/2014,https://www.cse.lk/upload_report_file/482_1409310641640.pdf
HARI.N0000,Annual,2013.0,Annual Report 2012/2013,https://www.cse.lk/upload_report_file/482_1377683934.pdf
HARI.N0000,Annual,2012.0,Annual Report 2011/2012,https://www.cse.lk/upload_report_file/482_1346842461.pdf
MEL.N0000,Annual,2025.0, Annual Report 2024/25,https://www.cse.lk/cmt/upload_report_file/1161_1758527727138.pdf
MEL.N0000,Annual,2024.0,Annual Report 2023/24,https://www.cse.lk/cmt/upload_report_file/1161_1728357653479.pdf
MEL.N0000,Annual,2023.0,Annual Report 2022-2023,https://www.cse.lk/cmt/upload_report_file/1161_1703222253575.pdf
MEL.N0000,Annual,2022.0,ANNUAL REPORT 2021/2022,https://www.cse.lk/cmt/upload_report_file/1161_1662456549398.pdf
MEL.N0000,Annual,2021.0,Annual Report 2020-2021,https://www.cse.lk/cmt/upload_report_file/1161_1637578805240.pdf
MEL.N0000,Annual,2020.0,Annual Report 2019/20,https://www.cse.lk/cmt/upload_report_file/1161_1620017386647.pdf
MEL.N0000,Annual,2019.0,Annual Report 2018/2019,https://www.cse.lk/cmt/upload_report_file/1161_1575884643581.pdf
MEL.N0000,Annual,,Annual Report 2017/2018,https://www.cse.lk/upload_report_file/1161_1552907226.pdf
MEL.N0000,Annual,2017.0,Annual Report 2016/17,https://www.cse.lk/upload_report_file/1161_1521194351309.pdf
MEL.N0000,Annual,2016.0,Annual Report 2015/2016,https://www.cse.lk/upload_report_file/1161_1477968790858.pdf
MEL.N0000,Annual,2015.0,Annual Report 2014/2015,https://www.cse.lk/upload_report_file/1161_1441105787470.pdf
MEL.N0000,Annual,2014.0,Annual Report 2013/2014,https://www.cse.lk/upload_report_file/1161_1409562568249. PLC AR.pdf
MEL.N0000,Annual,2013.0,Annual Report 2012/2013,https://www.cse.lk/upload_report_file/1161_1377862137.pdf
MEL.N0000,Annual,2012.0,Annual Report 2011/2012,https://www.cse.lk/upload_report_file/1161_1347014493.pdf
HNB.X0000,Annual,2024.0,Annual Report 2024,https://www.cse.lk/cmt/upload_report_file/373_1740970516193.pdf
HNB.X0000,Annual,2023.0,Annual Report 2023,https://www.cse.lk/cmt/upload_report_file/373_1709294486302.pdf
HNB.X0000,Annual,2022.0,Annual Report 2022,https://www.cse.lk/cmt/upload_report_file/373_1678180085123.pdf
HNB.X0000,Annual,2021.0,Annual Report 2021,https://www.cse.lk/cmt/upload_report_file/373_1646366766297.5).pdf
HNB.X0000,Annual,2020.0,Annual Report 2020,https://www.cse.lk/cmt/upload_report_file/373_1614914747401.pdf
HNB.X0000,Annual,2019.0,Annual Report 2019,https://www.cse.lk/cmt/upload_report_file/373_1583493089370.pdf
HNB.X0000,Annual,2018.0,Annual Report 2018,https://www.cse.lk/upload_report_file/373_1551865084359.pdf
HNB.X0000,Annual,2017.0,Annual Report 2017,https://www.cse.lk/upload_report_file/373_1520306036662.pdf
HNB.X0000,Annual,2016.0,Annual Report 2016,https://www.cse.lk/upload_report_file/373_1488877466340.pdf
HNB.X0000,Annual,2015.0,Annual Report 2015,https://www.cse.lk/upload_report_file/373_1457002796757.pdf
HNB.X0000,Annual,2014.0,Annual Report 2014,https://www.cse.lk/upload_report_file/373_1425295213.pdf
HNB.X0000,Annual,2013.0,Annual Report 2013,https://www.cse.lk/upload_report_file/373_1394015044824.pdf
HNB.X0000,Annual,2012.0,Annual Report 2012,https://www.cse.lk/upload_report_file/373_1362454465069.pdf
HNB.N0000,Annual,2024.0,Annual Report 2024,https://www.cse.lk/cmt/upload_report_file/373_1740970516193.pdf
HNB.N0000,Annual,2023.0,Annual Report 2023,https://www.cse.lk/cmt/upload_report_file/373_1709294486302.pdf
HNB.N0000,Annual,2022.0,Annual Report 2022,https://www.cse.lk/cmt/upload_report_file/373_1678180085123.pdf
HNB.N0000,Annual,2021.0,Annual Report 2021,https://www.cse.lk/cmt/upload_report_file/373_1646366766297.5).pdf
HNB.N0000,Annual,2020.0,Annual Report 2020,https://www.cse.lk/cmt/upload_report_file/373_1614914747401.pdf
HNB.N0000,Annual,2019.0,Annual Report 2019,https://www.cse.lk/cmt/upload_report_file/373_1583493089370.pdf
HNB.N0000,Annual,2018.0,Annual Report 2018,https://www.cse.lk/upload_report_file/373_1551865084359.pdf
HNB.N0000,Annual,2017.0,Annual Report 2017,https://www.cse.lk/upload_report_file/373_1520306036662.pdf
HNB.N0000,Annual,2016.0,Annual Report 2016,https://www.cse.lk/upload_report_file/373_1488877466340.pdf
HNB.N0000,Annual,2015.0,Annual Report 2015,https://www.cse.lk/upload_report_file/373_1457002796757.pdf
HNB.N0000,Annual,2014.0,Annual Report 2014,https://www.cse.lk/upload_report_file/373_1425295213.pdf
HNB.N0000,Annual,2013.0,Annual Report 2013,https://www.cse.lk/upload_report_file/373_1394015044824.pdf
HNB.N0000,Annual,2012.0,Annual Report 2012,https://www.cse.lk/upload_report_file/373_1362454465069.pdf
HPL.N0000,Annual,2025.0,Annual Report 2024-2025,https://www.cse.lk/cmt/upload_report_file/1045_1753183212599.pdf
HPL.N0000,Annual,2024.0,Annual Report 2023-2024,https://www.cse.lk/cmt/upload_report_file/1045_1724668160024.pdf
HPL.N0000,Annual,2023.0,Annual Report 2022-2023,https://www.cse.lk/cmt/upload_report_file/1045_1693304350355.pdf
HPL.N0000,Annual,2022.0,Hatton Plantations PLC - Annual Report 2021-2022,https://www.cse.lk/cmt/upload_report_file/1045_1661938258350.pdf
HPL.N0000,Annual,2021.0,Hatton Plantations PLC - Annual Report 2020-2021,https://www.cse.lk/cmt/upload_report_file/1045_1630321600396.pdf
HPL.N0000,Annual,2020.0,Annual Report 2019/20,https://www.cse.lk/cmt/upload_report_file/1045_1607051688348.pdf
HPL.N0000,Annual,,Annual Report 2018/2019,https://www.cse.lk/upload_report_file/1045_1559818272.pdf
HPL.N0000,Annual,2018.0,Annual Report 2017/18,https://www.cse.lk/upload_report_file/1045_1528168841632.pdf
HAYC.N0000,Annual,2025.0,Annual Report 2024/25,https://www.cse.lk/cmt/upload_report_file/494_1748949593898.pdf
HAYC.N0000,Annual,2024.0,Annual Report 2023/24,https://www.cse.lk/cmt/upload_report_file/494_1717407552503.pdf
HAYC.N0000,Annual,2023.0,Annual Report 2022/23,https://www.cse.lk/cmt/upload_report_file/494_1686042401351.pdf
HAYC.N0000,Annual,2022.0,Annual Report 2021/22,https://www.cse.lk/cmt/upload_report_file/494_1654269948032.pdf
HAYC.N0000,Annual,2021.0,Annual Report as of 31.03.2021,https://www.cse.lk/cmt/upload_report_file/494_1622624857565.pdf
HAYC.N0000,Annual,2020.0,Annual Report as of 31/03/2020,https://www.cse.lk/cmt/upload_report_file/494_1593769881044.pdf
HAYC.N0000,Annual,,Annual Report 2018/2019,https://www.cse.lk/upload_report_file/494_1559562355.pdf
HAYC.N0000,Annual,2018.0,Annual Report 2017/18,https://www.cse.lk/upload_report_file/494_1527852060353.pdf
HAYC.N0000,Annual,2017.0,Annual Report 2016/2017,https://www.cse.lk/upload_report_file/494_1496140132070.pdf
HAYC.N0000,Annual,2016.0,Annual Report 2015/2016,https://www.cse.lk/upload_report_file/494_1464947644590.pdf
HAYC.N0000,Annual,2015.0,Annual Report 2014/2015,https://www.cse.lk/upload_report_file/494_1433159128443.pdf
HAYC.N0000,Annual,2013.0,Annual Report 2013/2014,https://www.cse.lk/upload_report_file/494_1401459236061.pdf
HAYC.N0000,Annual,2013.0,Annual Report 2012 / 2013,https://www.cse.lk/upload_report_file/494_1370255006.pdf
HAYC.N0000,Annual,2012.0,Annual Report 2011/2012,https://www.cse.lk/upload_report_file/494_1338556173.pdf
MGT.N0000,Annual,2025.0,Annual Report 2024/25,https://www.cse.lk/cmt/upload_report_file/403_1748596760910.pdf
MGT.N0000,Annual,2024.0,Annual Report 2023/24,https://www.cse.lk/cmt/upload_report_file/403_1717146728435.pdf
MGT.N0000,Annual,2023.0,Annual Report 2022/23,https://www.cse.lk/cmt/upload_report_file/403_1685613649621.pdf
MGT.N0000,Annual,2022.0,Annual Report 2021/22,https://www.cse.lk/cmt/upload_report_file/403_1654161786464.pdf
MGT.N0000,Annual,2021.0,Annual Report 2020/21,https://www.cse.lk/cmt/upload_report_file/403_1622543611245.pdf
MGT.N0000,Annual,2020.0,Annual Report 2019/20,https://www.cse.lk/cmt/upload_report_file/403_1593601499237.pdf
MGT.N0000,Annual,2019.0,Annual Report 2018/2019,https://www.cse.lk/upload_report_file/403_1559210600177.pdf
MGT.N0000,Annual,2018.0,Annual Report 2017/18,https://www.cse.lk/upload_report_file/403_1527738181515.pdf
MGT.N0000,Annual,2017.0,Annual Report 2016/17,https://www.cse.lk/upload_report_file/403_1496052349460.pdf
MGT.N0000,Annual,2016.0,Annual Report 2015/16,https://www.cse.lk/upload_report_file/403_1464774854551.pdf
MGT.N0000,Annual,2015.0,Annual Report 2014/15,https://www.cse.lk/upload_report_file/403_1432721036147.pdf
MGT.N0000,Annual,2014.0,Annual Report 2013/2014,https://www.cse.lk/upload_report_file/403_1401277011.pdf
MGT.N0000,Annual,2013.0,Annual Report 2012 / 2013,https://www.cse.lk/upload_report_file/403_1369822067.pdf
MGT.N0000,Annual,2012.0,Annual Report 2011/12,https://www.cse.lk/upload_report_file/403_1338469399070.pdf
HEXP.N0000,Annual,2025.0,Annual Report 2024/25,https://www.cse.lk/cmt/upload_report_file/768_1748943144634.pdf
HEXP.N0000,Annual,2024.0,Annual Report 2023/24,https://www.cse.lk/cmt/upload_report_file/768_1717407809523.pdf
HEXP.N0000,Annual,2023.0,Annual Report 2022/2023,https://www.cse.lk/cmt/upload_report_file/768_1686048953680.pdf
HEXP.N0000,Annual,2022.0,Annual Report as of 31/03/2022,https://www.cse.lk/cmt/upload_report_file/768_1654247138696.pdf
HEXP.N0000,Annual,2021.0,Annual Financial Report as at 31st March 2021,https://www.cse.lk/cmt/upload_report_file/768_1622625246350.pdf
HEXP.N0000,Annual,2020.0,Annual Report for year 2019/2020,https://www.cse.lk/cmt/upload_report_file/768_1594031707432.pdf
HEXP.N0000,Annual,,Annual Report 2018/2019,https://www.cse.lk/upload_report_file/768_1559297535.pdf
HEXP.N0000,Annual,2018.0,Annual Report 2017/18,https://www.cse.lk/upload_report_file/768_1527762617203.pdf
HEXP.N0000,Annual,2017.0,Annual report 2016/2017,https://www.cse.lk/upload_report_file/768_1496137972253.pdf
HEXP.N0000,Annual,2016.0,Annual report 2015/2016,https://www.cse.lk/upload_report_file/768_1464946591184.pdf
HEXP.N0000,Annual,2015.0,Annual report 2014/2015,https://www.cse.lk/upload_report_file/768_1432895665832.pdf
HEXP.N0000,Annual,2014.0,Annual Report 2013/2014,https://www.cse.lk/upload_report_file/768_1401278813510.pdf
HEXP.N0000,Annual,2013.0,Annual Report 2012 / 2013,https://www.cse.lk/upload_report_file/768_1369822421.pdf
HEXP.N0000,Annual,2012.0,Annual Report 2011/2012,https://www.cse.lk/upload_report_file/768_1338290281.pdf
CONN.N0000,Annual,2025.0,Annual Report 2024/25,https://www.cse.lk/cmt/upload_report_file/532_1748865353896.pdf
CONN.N0000,Annual,2024.0,Annual Report 2023/24,https://www.cse.lk/cmt/upload_report_file/532_1717407807124.pdf
CONN.N0000,Annual,2023.0,Annual Report 2022/23,https://www.cse.lk/cmt/upload_report_file/532_1686064625586.pdf
CONN.N0000,Annual,2022.0,Annual Report 2021/22,https://www.cse.lk/cmt/upload_report_file/532_1654515777560.pdf
CONN.N0000,Annual,2021.0,Annual Report for the year 2020/2021,https://www.cse.lk/cmt/upload_report_file/532_1622808598218.pdf
CONN.N0000,Annual,2020.0, Annual Report 2019/2020,https://www.cse.lk/cmt/upload_report_file/532_1593600646929.pdf
CONN.N0000,Annual,2019.0,Annual Report 2018/2019,https://www.cse.lk/upload_report_file/532_1559036569933.pdf
CONN.N0000,Annual,2018.0,Annual Report 2017/2018,https://www.cse.lk/upload_report_file/532_1527072115074.pdf
CONN.N0000,Annual,2017.0,Annual Report 2016/2017,https://www.cse.lk/upload_report_file/532_1495791593840.pdf
CONN.N0000,Annual,2016.0,Annual Report 2015/2016,https://www.cse.lk/upload_report_file/532_1464345682436.pdf
CONN.N0000,Annual,2015.0,Annual Report 2014/2015,https://www.cse.lk/upload_report_file/532_1432894189335.pdf
CONN.N0000,Annual,2014.0,Annual Report 2013/2014,https://www.cse.lk/upload_report_file/532_1401361009991.pdf
CONN.N0000,Annual,2013.0,Annual Report 2012/2013,https://www.cse.lk/upload_report_file/532_1369881617.pdf
CONN.N0000,Annual,2012.0,Annual Report 2011/2012,https://www.cse.lk/upload_report_file/532_1338551644221.pdf
HAYL.N0000,Annual,2025.0,Annual Report 2024/25,https://www.cse.lk/cmt/upload_report_file/505_1749126315503.pdf
HAYL.N0000,Annual,2024.0,Annual Report 2023/24,https://www.cse.lk/cmt/upload_report_file/505_1717512966914.pdf
HAYL.N0000,Annual,2023.0,Annual Report 2022/23,https://www.cse.lk/cmt/upload_report_file/505_1686138614569.pdf
HAYL.N0000,Annual,2022.0,Annual Report for the year 2021/2022,https://www.cse.lk/cmt/upload_report_file/505_1654617304139.pdf
HAYL.N0000,Annual,2021.0,Annual Report 2020/21,https://www.cse.lk/cmt/upload_report_file/505_1623033244547.pdf
HAYL.N0000,Annual,2020.0,Annual Report as of 31/03/2020,https://www.cse.lk/cmt/upload_report_file/505_1593770020789.pdf
HAYL.N0000,Annual,2019.0,Annual Report 2018/2019,https://www.cse.lk/upload_report_file/505_1559876050238.pdf
HAYL.N0000,Annual,2018.0,Annual Report 2017/2018,https://www.cse.lk/upload_report_file/505_1528284652797.pdf
HAYL.N0000,Annual,2017.0,Annual Report 2016/2017,https://www.cse.lk/upload_report_file/505_1496400601.pdf
HAYL.N0000,Annual,2016.0,Annual Report 2015/2016,https://www.cse.lk/upload_report_file/505_1465294893.pdf
HAYL.N0000,Annual,2015.0,Annual Report 2014/15,https://www.cse.lk/upload_report_file/505_1433500263371.pdf
HAYL.N0000,Annual,2014.0,Annual Report 2013/2014,https://www.cse.lk/upload_report_file/505_1401879326059.pdf
HAYL.N0000,Annual,2013.0,Annual Report 2012 / 2013,https://www.cse.lk/upload_report_file/505_1370514384623.pdf
HAYL.N0000,Annual,2012.0,Annual Report 2011/12,https://www.cse.lk/upload_report_file/505_1338892900595.pdf
CITH.N0000,Annual,2025.0,Annual Report 2024/25,https://www.cse.lk/cmt/upload_report_file/1222_1756695555955.pdf
CITH.N0000,Annual,2024.0,Annual Report 2023/24,https://www.cse.lk/cmt/upload_report_file/1222_1725240805187.pdf
CITH.N0000,Annual,2023.0,Annual Report as at 31.03.2023,https://www.cse.lk/cmt/upload_report_file/1222_1693568836823.pdf
CITH.N0000,Annual,2022.0,Annual Report for the Financial Year ended 31st March 2022,https://www.cse.lk/cmt/upload_report_file/1222_1662113834750.pdf
CITH.N0000,Annual,2021.0,Annual Report for the year ended 31st March 2021,https://www.cse.lk/cmt/upload_report_file/1222_1630575421015.pdf
CITH.N0000,Annual,2020.0,Annual Report for the year ended 31st March 2020,https://www.cse.lk/cmt/upload_report_file/1222_1607678144153.pdf
CITH.N0000,Annual,2019.0,Annual Report 2018/2019,https://www.cse.lk/cmt/upload_report_file/1222_1567418875800.pdf
CITH.N0000,Annual,2018.0,Annual Report 2017/2018,https://www.cse.lk/upload_report_file/1222_1536232395071.pdf
CITH.N0000,Annual,2017.0,Hikkaduwa Beach Resort PLC Annual report -2016/2017,https://www.cse.lk/upload_report_file/1222_1504178069744.pdf
CITH.N0000,Annual,2016.0,Annual Report 2015/2016,https://www.cse.lk/upload_report_file/1222_1472642819296.pdf
CITH.N0000,Annual,2015.0,Annual Report 2014/2015,https://www.cse.lk/upload_report_file/1222_1441021676189.pdf
CITH.N0000,Annual,2014.0,Annual Report 2013/2014,https://www.cse.lk/upload_report_file/1222_1409569514223.pdf
CITH.N0000,Annual,2013.0,Annual Report 2012/2013,https://www.cse.lk/upload_report_file/1222_1377859036.pdf
HELA.N0000,Annual,2025.0,Amended Annual Report for the financial year ended 31 March 2025,https://www.cse.lk/cmt/upload_report_file/2727_1765282606589.pdf
HELA.N0000,Annual,2025.0,Annual Report as at 31st March 2025,https://www.cse.lk/cmt/upload_report_file/2727_1764944661323.pdf
HELA.N0000,Annual,2024.0,Annual Report 2023/2024,https://www.cse.lk/cmt/upload_report_file/2727_1725013211257.pdf
HELA.N0000,Annual,2023.0,Annual Report FY - 2022/2023,https://www.cse.lk/cmt/upload_report_file/2727_1694053625184.pdf
HELA.N0000,Annual,2022.0,ANNUAL REPORT 2021/2022,https://www.cse.lk/cmt/upload_report_file/2727_1660648734024.pdf
HHL.N0000,Annual,2025.0,Annual Report FY2024/25,https://www.cse.lk/cmt/upload_report_file/506_1747909708310.pdf
HHL.N0000,Annual,2024.0,Annual Report - FY2023/24,https://www.cse.lk/cmt/upload_report_file/506_1716376284639.pdf
HHL.N0000,Annual,2023.0,Annual Report FY2022/23,https://www.cse.lk/cmt/upload_report_file/506_1684923203711.pdf
HHL.N0000,Annual,2022.0,Annual Report 2021/2022,https://www.cse.lk/cmt/upload_report_file/506_1653013228747.pdf
HHL.N0000,Annual,2021.0,Annual Report FY2020/21,https://www.cse.lk/cmt/upload_report_file/506_1621595334307.pdf
HHL.N0000,Annual,2020.0,Annual Report 2019/20,https://www.cse.lk/cmt/upload_report_file/506_1594723166776.pdf
HHL.N0000,Annual,,Annual Report 2018/2019,https://www.cse.lk/upload_report_file/506_1559302143.pdf
HHL.N0000,Annual,2018.0,Annual Report 2017/18,https://www.cse.lk/upload_report_file/506_1527851687900.pdf
HHL.N0000,Annual,2017.0,Annual Report 2016/17,https://www.cse.lk/upload_report_file/506_1496399325836.pdf
HHL.N0000,Annual,2016.0,Annual Report 2015/2016,https://www.cse.lk/upload_report_file/506_1465210561.pdf
HHL.N0000,Annual,2015.0,Annual Report 2014/2015,https://www.cse.lk/upload_report_file/506_1433929852.pdf
HHL.N0000,Annual,2014.0,Annual Report 2013/2014,https://www.cse.lk/upload_report_file/506_1403518695642.pdf
HHL.N0000,Annual,2013.0,Annual Report 2012 / 2013,https://www.cse.lk/upload_report_file/506_1370605621.pdf
HHL.N0000,Annual,2012.0,Annual Report  2011/2012,https://www.cse.lk/upload_report_file/506_1339069896887.pdf
HASU.N0000,Annual,2024.0,Annual Report 2024,https://www.cse.lk/cmt/upload_report_file/375_1741144974657.pdf
HASU.N0000,Annual,2023.0,Annual Report 2023,https://www.cse.lk/cmt/upload_report_file/375_1710127523776.pdf
HASU.N0000,Annual,2022.0,Annual Report 2022,https://www.cse.lk/cmt/upload_report_file/375_1678420464769.pdf
HASU.N0000,Annual,2021.0,Annual Report 2021,https://www.cse.lk/cmt/upload_report_file/375_1646820676442.pdf
HASU.N0000,Annual,2020.0,Annual Report 2020,https://www.cse.lk/cmt/upload_report_file/375_1615287761956.pdf
HASU.N0000,Annual,2019.0, Annual Report 2019,https://www.cse.lk/cmt/upload_report_file/375_1583316321584.pdf
HASU.N0000,Annual,2018.0,Annual Report 2018,https://www.cse.lk/upload_report_file/375_1551352668066.pdf
HASU.N0000,Annual,2017.0,Annual Report 2017,https://www.cse.lk/upload_report_file/375_1519813891301.compressed.pdf
HASU.N0000,Annual,2016.0,Annual Report 2016,https://www.cse.lk/upload_report_file/375_1488797571674.pdf
HASU.N0000,Annual,2015.0,Annual Report 2015,https://www.cse.lk/upload_report_file/375_1456827300603.pdf
HASU.N0000,Annual,2014.0,Annual Report 2014,https://www.cse.lk/upload_report_file/375_1425035526891.pdf
HASU.N0000,Annual,2013.0,Annual Report 2013,https://www.cse.lk/upload_report_file/375_1393930478410.pdf
HASU.N0000,Annual,2012.0,Annual Report 2012,https://www.cse.lk/upload_report_file/375_1362137954601.pdf
HNBF.X0000,Annual,2025.0,Annual Report 2024/25,https://www.cse.lk/cmt/upload_report_file/1992_1749228755334.pdf
HNBF.X0000,Annual,2024.0,Annual Report 2023/2024,https://www.cse.lk/cmt/upload_report_file/1992_1717595800109.pdf
HNBF.X0000,Annual,2023.0,Annual Report 2022/2023,https://www.cse.lk/cmt/upload_report_file/1992_1688733287896.pdf
HNBF.X0000,Annual,2023.0,Audited Financial Statements for the year ended 31.3.2023,https://www.cse.lk/cmt/upload_report_file/1992_1688020942376.pdf
HNBF.X0000,Annual,2022.0,ANNUAL REPORT 2021/2022,https://www.cse.lk/cmt/upload_report_file/1992_1656561911835.pdf
HNBF.X0000,Annual,2021.0,Annual Report 2020/21,https://www.cse.lk/cmt/upload_report_file/1992_1626948833670.pdf
HNBF.X0000,Annual,2021.0,Audited Financial Statements as of 31-03-2021,https://www.cse.lk/cmt/upload_report_file/1992_1625022920472.pdf
HNBF.X0000,Annual,2020.0,Annual Report 2019/2020,https://www.cse.lk/cmt/upload_report_file/1992_1598864815759.pdf
HNBF.X0000,Annual,2020.0,Audited Financial Statements as of 31-03-2020,https://www.cse.lk/cmt/upload_report_file/1992_1597748926595.pdf
HOPL.N0000,Annual,2025.0,Annual Report 2024/25,https://www.cse.lk/cmt/upload_report_file/709_1748510773989.pdf
HOPL.N0000,Annual,2024.0,Annual Report 2023/24,https://www.cse.lk/cmt/upload_report_file/709_1717060201761.pdf
HOPL.N0000,Annual,2023.0,Annual Report 2022/23,https://www.cse.lk/cmt/upload_report_file/709_1686043398713.pdf
HOPL.N0000,Annual,2022.0,ANNUAL REPORT 2021/2022,https://www.cse.lk/cmt/upload_report_file/709_1654597052941.pdf
HOPL.N0000,Annual,2021.0,Annual Report for the year ended 31st March 2021,https://www.cse.lk/cmt/upload_report_file/709_1623064118429.pdf
HOPL.N0000,Annual,2020.0,Annual Report 2019/2020,https://www.cse.lk/cmt/upload_report_file/709_1593772933070.pdf
HOPL.N0000,Annual,2019.0,Annual Report 2018/2019,https://www.cse.lk/upload_report_file/709_1559562076608.pdf
HOPL.N0000,Annual,2018.0,Annual Report 2017/2018,https://www.cse.lk/upload_report_file/709_1528264966337.pdf
HOPL.N0000,Annual,2017.0,Annual Report 2016/2017,https://www.cse.lk/upload_report_file/709_1496663399.pdf
HOPL.N0000,Annual,2016.0,Annual Report 2015/2016,https://www.cse.lk/upload_report_file/709_1465298569391.pdf
HOPL.N0000,Annual,2015.0,Annual Report 2014/2015,https://www.cse.lk/upload_report_file/709_1433501471958.pdf
HOPL.N0000,Annual,2014.0,Annual Report 2013/2014,https://www.cse.lk/upload_report_file/709_1401964581019.pdf
HOPL.N0000,Annual,2013.0,Annual Report 2012/2013,https://www.cse.lk/upload_report_file/709_1377860961.pdf
HOPL.N0000,Annual,2012.0,Annual Report 2011/2012,https://www.cse.lk/upload_report_file/709_1340796489.pdf
HNBF.N0000,Annual,2025.0,Annual Report 2024/25,https://www.cse.lk/cmt/upload_report_file/1992_1749228755334.pdf
HNBF.N0000,Annual,2024.0,Annual Report 2023/2024,https://www.cse.lk/cmt/upload_report_file/1992_1717595800109.pdf
HNBF.N0000,Annual,2023.0,Annual Report 2022/2023,https://www.cse.lk/cmt/upload_report_file/1992_1688733287896.pdf
HNBF.N0000,Annual,2023.0,Audited Financial Statements for the year ended 31.3.2023,https://www.cse.lk/cmt/upload_report_file/1992_1688020942376.pdf
HNBF.N0000,Annual,2022.0,ANNUAL REPORT 2021/2022,https://www.cse.lk/cmt/upload_report_file/1992_1656561911835.pdf
HNBF.N0000,Annual,2021.0,Annual Report 2020/21,https://www.cse.lk/cmt/upload_report_file/1992_1626948833670.pdf
HNBF.N0000,Annual,2021.0,Audited Financial Statements as of 31-03-2021,https://www.cse.lk/cmt/upload_report_file/1992_1625022920472.pdf
HNBF.N0000,Annual,2020.0,Annual Report 2019/2020,https://www.cse.lk/cmt/upload_report_file/1992_1598864815759.pdf
HNBF.N0000,Annual,2020.0,Audited Financial Statements as of 31-03-2020,https://www.cse.lk/cmt/upload_report_file/1992_1597748926595.pdf
HSIG.N0000,Annual,2025.0,Annual Report 2024/25,https://www.cse.lk/cmt/upload_report_file/544_1756350005643.pdf
HSIG.N0000,Annual,2024.0,Annual Report 2023/24,https://www.cse.lk/cmt/upload_report_file/544_1725243608002.pdf
HSIG.N0000,Annual,2023.0,Annual Report 2022/2023,https://www.cse.lk/cmt/upload_report_file/544_1693538014380.pdf
HSIG.N0000,Annual,2022.0,Annual Report 2021/2022,https://www.cse.lk/cmt/upload_report_file/544_1662004735546.pdf
HSIG.N0000,Annual,2021.0,Annual Report 2020/21,https://www.cse.lk/cmt/upload_report_file/544_1630466769560.pdf
HSIG.N0000,Annual,2020.0,Annual Report 2019/20,https://www.cse.lk/cmt/upload_report_file/544_1599042043096.pdf
HSIG.N0000,Annual,2019.0,Annual Report 2018/2019,https://www.cse.lk/upload_report_file/544_1561979597759.pdf
HSIG.N0000,Annual,2018.0,Annual Report 2017/2018,https://www.cse.lk/upload_report_file/544_1530267853695.pdf
HSIG.N0000,Annual,2017.0,Annual Report 2016/17,https://www.cse.lk/upload_report_file/544_1496315963249.pdf
HSIG.N0000,Annual,2016.0,Annual Report 2015/2016,https://www.cse.lk/upload_report_file/544_1467109016.pdf
HSIG.N0000,Annual,2015.0,Annual Report 2014/2015,https://www.cse.lk/upload_report_file/544_1434594117.pdf
HSIG.N0000,Annual,2014.0,Annual Report 2013/2014,https://www.cse.lk/upload_report_file/544_1402483334212.pdf
HSIG.N0000,Annual,2013.0,Annual Report 2012/13,https://www.cse.lk/upload_report_file/544_1371468554315.pdf
HSIG.N0000,Annual,2012.0,Annual Report 2011/2012,https://www.cse.lk/upload_report_file/544_1340102844.pdf
HDFC.N0000,Annual,2024.0,Annual Report 2024,https://www.cse.lk/cmt/upload_report_file/376_1747997889590.pdf
HDFC.N0000,Annual,2024.0,Annual audited financial statement as at 31.12.2024,https://www.cse.lk/cmt/upload_report_file/376_1741577709489.pdf
HDFC.N0000,Annual,2023.0,Annual Report 2023,https://www.cse.lk/cmt/upload_report_file/376_1717149844960.pdf
HDFC.N0000,Annual,2022.0,Annual Financial Report 2022,https://www.cse.lk/cmt/upload_report_file/376_1685445222776.pdf
HDFC.N0000,Annual,2021.0,Annual Report 2021,https://www.cse.lk/cmt/upload_report_file/376_1653990088545.pdf
HDFC.N0000,Annual,2020.0,Annual Report 2020,https://www.cse.lk/cmt/upload_report_file/376_1622198104199.pdf
HDFC.N0000,Annual,2019.0,Annual Report 2019,https://www.cse.lk/cmt/upload_report_file/376_1590748900118.pdf
HDFC.N0000,Annual,2018.0,Annual Report 2018,https://www.cse.lk/upload_report_file/376_1558952258705.pdf
HDFC.N0000,Annual,2018.0,Annual Report 2017,https://www.cse.lk/upload_report_file/376_1527764497573.pdf
HDFC.N0000,Annual,2016.0,Annual Report 2016,https://www.cse.lk/upload_report_file/376_1496138257284.pdf
HDFC.N0000,Annual,2015.0,Annual Report 2015,https://www.cse.lk/upload_report_file/376_1464749995.pdf
HDFC.N0000,Annual,2015.0,Annual Report 2014,https://www.cse.lk/upload_report_file/376_1432720064565.pdf
HDFC.N0000,Annual,2013.0,Annual Report 2013,https://www.cse.lk/upload_report_file/376_1399370876.pdf
HDFC.N0000,Annual,2012.0,Annual Report 2012,https://www.cse.lk/upload_report_file/376_1369911575851.pdf
HDFC.N0000,Annual,2012.0,Annual Report 2011,https://www.cse.lk/upload_report_file/376_1336130067745.pdf
HDFC.N0000,Annual,1969.0,Annual Report 2007,https://www.cse.lk/upload_report_file/376_1219238628.pdf
HBS.N0000,Annual,2025.0,Annual Report 2024/2025,https://www.cse.lk/cmt/upload_report_file/2652_1753270691492.pdf
HBS.N0000,Annual,2024.0,Annual Report 2023/2024,https://www.cse.lk/cmt/upload_report_file/2652_1721820978525.pdf
HBS.N0000,Annual,2023.0,Annual Report 2022/2023,https://www.cse.lk/cmt/upload_report_file/2652_1690284346080.pdf
HBS.N0000,Annual,2022.0,Annual report for the year ended 31st March 2022,https://www.cse.lk/cmt/upload_report_file/2652_1659437940666.pdf
HUNA.N0000,Annual,2025.0,Annual Report 2024/2025,https://www.cse.lk/cmt/upload_report_file/546_1756461770193.pdf
HUNA.N0000,Annual,2024.0,Annual Report 2023/2024,https://www.cse.lk/cmt/upload_report_file/546_1732786744628.pdf
HUNA.N0000,Annual,2023.0,Annual Report 2022/2023,https://www.cse.lk/cmt/upload_report_file/546_1697189024649.pdf
HUNA.N0000,Annual,2022.0,Annual Report 2021/2022,https://www.cse.lk/cmt/upload_report_file/546_1673235071344.pdf
HUNA.N0000,Annual,2021.0,Annual Report 2020/21,https://www.cse.lk/cmt/upload_report_file/546_1639978323181.pdf
HUNA.N0000,Annual,2020.0,Annual Report 2019/20,https://www.cse.lk/cmt/upload_report_file/546_1615175685400.pdf
HUNA.N0000,Annual,2019.0,Annual Report 2018/2019,https://www.cse.lk/cmt/upload_report_file/546_1567159271788.pdf
HUNA.N0000,Annual,2018.0,Annual Report 2017/2018,https://www.cse.lk/upload_report_file/546_1527678867427.pdf
HUNA.N0000,Annual,2017.0,Annual Report 2016/17,https://www.cse.lk/upload_report_file/546_1495793636763.pdf
HUNA.N0000,Annual,2016.0,Annual Report 2015/2016,https://www.cse.lk/upload_report_file/546_1464347396.pdf
HUNA.N0000,Annual,2015.0,Annual Report 2014/15,https://www.cse.lk/upload_report_file/546_1433152623819.pdf
HUNA.N0000,Annual,2014.0,Annual Report 2013/2014,https://www.cse.lk/upload_report_file/546_1401362732141.pdf
HUNA.N0000,Annual,2013.0,Annual Report 2012/2013,https://www.cse.lk/upload_report_file/546_1378192303641.pdf
HUNA.N0000,Annual,2012.0,Annual Report 2011/2012,https://www.cse.lk/upload_report_file/546_1338551793918.pdf
HUNT.N0000,Annual,2025.0,Annual Report 2024/2025,https://www.cse.lk/cmt/upload_report_file/747_1756463722305.pdf
HUNT.N0000,Annual,2024.0,Annual Report 2023/2024,https://www.cse.lk/cmt/upload_report_file/747_1725013450544.pdf
HUNT.N0000,Annual,2023.0,Annual Report 2022/2023,https://www.cse.lk/cmt/upload_report_file/747_1693477892815.03.2023.pdf
HUNT.N0000,Annual,2022.0,Annual Report 2021/2022,https://www.cse.lk/cmt/upload_report_file/747_1661940924592.2022.pdf
HUNT.N0000,Annual,2021.0,Annual Report 2020/2021,https://www.cse.lk/cmt/upload_report_file/747_1630315295209.pdf
HUNT.N0000,Annual,2020.0,Annual Report 2019/20,https://www.cse.lk/cmt/upload_report_file/747_1600426937615.2020.pdf
HUNT.N0000,Annual,2019.0,Annual Report 2018/2019,https://www.cse.lk/cmt/upload_report_file/747_1567164743435.pdf
HUNT.N0000,Annual,2018.0,Annual Report 2017/2018,https://www.cse.lk/upload_report_file/747_1535714566400.pdf
HUNT.N0000,Annual,2017.0,Annual Report 2016/2017,https://www.cse.lk/upload_report_file/747_1504177184647.pdf
HUNT.N0000,Annual,2016.0,Annual Report 2015/2016,https://www.cse.lk/upload_report_file/747_1472555384887.pdf
HUNT.N0000,Annual,2015.0,Annual Report 2014/2015,https://www.cse.lk/upload_report_file/747_1441105919733.pdf
HUNT.N0000,Annual,2014.0,Annual Report 2013/2014,https://www.cse.lk/upload_report_file/747_1403775222787.pdf
HUNT.N0000,Annual,2013.0,Annual Report 2012 / 2013,https://www.cse.lk/upload_report_file/747_1370517270774.pdf
HUNT.N0000,Annual,2012.0,Annual Report 2011/12,https://www.cse.lk/upload_report_file/747_1339071199.pdf
HVA.N0000,Annual,2025.0,Annual Report 2024/25,https://www.cse.lk/cmt/upload_report_file/1046_1756473039964.pdf
HVA.N0000,Annual,2024.0,Annual Report 2023/24,https://www.cse.lk/cmt/upload_report_file/1046_1725247590435.pdf
HVA.N0000,Annual,2023.0,Annual Report 2022/2023,https://www.cse.lk/cmt/upload_report_file/1046_1693309839346.pdf
HVA.N0000,Annual,2022.0,Annual Report 2021/2022,https://www.cse.lk/cmt/upload_report_file/1046_1661955165463.pdf
HVA.N0000,Annual,2021.0,Annual Report 2020/21,https://www.cse.lk/cmt/upload_report_file/1046_1631099412580.pdf
HVA.N0000,Annual,2020.0,Annual Report 2019/2020,https://www.cse.lk/cmt/upload_report_file/1046_1613385959866.pdf
HVA.N0000,Annual,2019.0,Annual Report 2018/2019,https://www.cse.lk/cmt/upload_report_file/1046_1574067990437.pdf
HVA.N0000,Annual,2019.0,Audited Financial Statements 31st March 2019,https://www.cse.lk/cmt/upload_report_file/1046_1573205670579.pdf
HVA.N0000,Annual,2018.0,Annual Report 2017/2018,https://www.cse.lk/upload_report_file/1046_1536232584494.pdf
HVA.N0000,Annual,2017.0,Annual Report 2016/2017,https://www.cse.lk/upload_report_file/1046_1504784104.pdf
HVA.N0000,Annual,2016.0,Annual Report 2015/2016,https://www.cse.lk/upload_report_file/1046_1472552496618.pdf
HVA.N0000,Annual,2015.0,Annual Report 2014/2015,https://www.cse.lk/upload_report_file/1046_1438855339122.pdf
HVA.N0000,Annual,2014.0,Annual Report 2013/2014,https://www.cse.lk/upload_report_file/1046_1407320404.pdf
HVA.N0000,Annual,2013.0,Annual Report 2012/2013,https://www.cse.lk/upload_report_file/1046_1377602740485.pdf
HVA.N0000,Annual,2012.0,Annual Report 2011/2012,https://www.cse.lk/upload_report_file/1046_1345719463.pdf
ASPH.N0000,Annual,2025.0,Annual Report 2024/2025,https://www.cse.lk/cmt/upload_report_file/495_1751621412491.pdf
ASPH.N0000,Annual,2024.0,Annual Report 2023/2024,https://www.cse.lk/cmt/upload_report_file/495_1722333270401.pdf
ASPH.N0000,Annual,2023.0,Annual Report 2022/2023,https://www.cse.lk/cmt/upload_report_file/495_1691377690740.pdf
ASPH.N0000,Annual,2022.0,Annual Report 2021/2022,https://www.cse.lk/cmt/upload_report_file/495_1661742424386.pdf
ASPH.N0000,Annual,2021.0,Annual Report 2020/2021,https://www.cse.lk/cmt/upload_report_file/495_1631590308472.pdf
ASPH.N0000,Annual,2020.0,Annual Report 2019/2020,https://www.cse.lk/cmt/upload_report_file/495_1608290120577.12.2020).pdf
ASPH.N0000,Annual,2019.0,Annual Report 2018/2019,https://www.cse.lk/cmt/upload_report_file/495_1565868220688.pdf
ASPH.N0000,Annual,2018.0,Annual Report 2017/2018,https://www.cse.lk/upload_report_file/495_1535450692687.pdf
ASPH.N0000,Annual,2017.0,Annual Report 2016/2017,https://www.cse.lk/upload_report_file/495_1504784219.pdf
ASPH.N0000,Annual,2016.0,Annual Report 2015/2016,https://www.cse.lk/upload_report_file/495_1473759566.pdf
ASPH.N0000,Annual,2015.0,Annual Report 2014/2015,https://www.cse.lk/upload_report_file/495_1441361074778.pdf
ASPH.N0000,Annual,2014.0,Annual Report 2013/2014,https://www.cse.lk/upload_report_file/495_1410425180.pdf
ASPH.N0000,Annual,2013.0,Annual Report 2012/2013,https://www.cse.lk/upload_report_file/495_1378376121.pdf
ASPH.N0000,Annual,2012.0,Annual Report 2011/12,https://www.cse.lk/upload_report_file/495_1346901379884.pdf
JINS.N0000,Annual,2024.0,Annual Report 2024,https://www.cse.lk/cmt/upload_report_file/841_1741317673681.pdf
JINS.N0000,Annual,2023.0,Annual Report 2023,https://www.cse.lk/cmt/upload_report_file/841_1709725610946.pdf
JINS.N0000,Annual,2022.0,Annual Report 2022,https://www.cse.lk/cmt/upload_report_file/841_1683630461339.pdf
JINS.N0000,Annual,2021.0,Annual Report 2021,https://www.cse.lk/cmt/upload_report_file/841_1649301391925.pdf
JINS.N0000,Annual,2020.0,Annual Report 2020,https://www.cse.lk/cmt/upload_report_file/841_1623298033654.pdf
JINS.N0000,Annual,2020.0,Annual Report 2019,https://www.cse.lk/cmt/upload_report_file/841_1593513098979.pdf
JINS.N0000,Annual,2018.0, Annual Report 2018,https://www.cse.lk/upload_report_file/841_1558952765283.pdf
JINS.N0000,Annual,2017.0,Annual Report 2017,https://www.cse.lk/upload_report_file/841_1527505424980.05.18.pdf
JINS.N0000,Annual,2016.0,Annual Report 2016,https://www.cse.lk/upload_report_file/841_1495537117727.pdf
JINS.N0000,Annual,2015.0,Annual Report 2015,https://www.cse.lk/upload_report_file/841_1457090105.pdf
JINS.N0000,Annual,2015.0,Annual Report 2014,https://www.cse.lk/upload_report_file/841_1425643226184.pdf
JINS.N0000,Annual,2013.0,Annual Report 2013,https://www.cse.lk/upload_report_file/841_1394101459160.pdf
JINS.N0000,Annual,2012.0,Annual Report 2012,https://www.cse.lk/upload_report_file/841_1362482782626.pdf
BFN.N0000,Annual,2025.0,Annual Report 2024/2025,https://www.cse.lk/cmt/upload_report_file/1072_1749226867867.pdf
BFN.N0000,Annual,2025.0,Audited Financial statements as of 31.03.2025,https://www.cse.lk/cmt/upload_report_file/1072_1748832727191.03.2025.pdf
BFN.N0000,Annual,2024.0,Annual Report 2023/2024,https://www.cse.lk/cmt/upload_report_file/1072_1722913676679.pdf
BFN.N0000,Annual,2024.0,Audited Financial statements as of 31.03.2024,https://www.cse.lk/cmt/upload_report_file/1072_1718764445055.pdf
BFN.N0000,Annual,2023.0,ANNUAL REPORT 2022 /2023,https://www.cse.lk/cmt/upload_report_file/1072_1691408894927.pdf
BFN.N0000,Annual,2023.0,Audited Financial statements as of 31.03.2023,https://www.cse.lk/cmt/upload_report_file/1072_1687954931015.pdf
BFN.N0000,Annual,2022.0,ANNUAL REPORT 2021 /2022,https://www.cse.lk/cmt/upload_report_file/1072_1657164638307.pdf
BFN.N0000,Annual,2022.0,Audited Financial statements as of 31.03.2022,https://www.cse.lk/cmt/upload_report_file/1072_1656302079673.pdf
BFN.N0000,Annual,2021.0,Annual Report 2020/2021,https://www.cse.lk/cmt/upload_report_file/1072_1628823202003.pdf
BFN.N0000,Annual,2021.0,Audited Financial Statements for the year ended 31st March 2021,https://www.cse.lk/cmt/upload_report_file/1072_1627537607753.pdf
BFN.N0000,Annual,2020.0,ANNUAL REPORT 2019/2020,https://www.cse.lk/cmt/upload_report_file/1072_1604372430981.pdf
BFN.N0000,Annual,2019.0,Annual Report 2018/2019,https://www.cse.lk/cmt/upload_report_file/1072_1567163671895.pdf
BFN.N0000,Annual,2019.0,Audited Financial Statements as of 31-03-2019,https://www.cse.lk/upload_report_file/1072_1561977500048.pdf
BFN.N0000,Annual,2018.0,Annual Report 2017/2018,https://www.cse.lk/upload_report_file/1072_1530268083286.pdf
BFN.N0000,Annual,2017.0,Annual Report 2016/2017,https://www.cse.lk/upload_report_file/1072_1501154715.pdf
BFN.N0000,Annual,2017.0,Audited Financial Statements as at 31-03-2017,https://www.cse.lk/upload_report_file/1072_1498730798.pdf
BFN.N0000,Annual,2016.0,Annual Report 2015/2016,https://www.cse.lk/upload_report_file/1072_1470655990.pdf
BFN.N0000,Annual,2016.0,Audited Financial Statements as at 31-03-2016,https://www.cse.lk/upload_report_file/1072_1467199425081.pdf
BFN.N0000,Annual,2015.0,Annual Report 2014/2015,https://www.cse.lk/upload_report_file/1072_1441021608990.pdf
BFN.N0000,Annual,2015.0,Audited Financial Statements 31-03-2015,https://www.cse.lk/upload_report_file/1072_1435664171112.pdf
BFN.N0000,Annual,2014.0,Annual Report 2013/2014,https://www.cse.lk/upload_report_file/1072_1412334870232.pdf
BFN.N0000,Annual,2013.0,Annual Report 2012/2013,https://www.cse.lk/upload_report_file/1072_1379323530367.pdf
BFN.N0000,Annual,2012.0,Annual Report 2011/2012,https://www.cse.lk/upload_report_file/1072_1347960127599.pdf
JAT.N0000,Annual,2025.0,Annual Report 2024/25,https://www.cse.lk/cmt/upload_report_file/2353_1749123203864.pdf
JAT.N0000,Annual,2024.0,Annual Report 2023/24,https://www.cse.lk/cmt/upload_report_file/2353_1716981133803.pdf
JAT.N0000,Annual,2023.0,Annual Report 2022/23,https://www.cse.lk/cmt/upload_report_file/2353_1686134185392.pdf
JAT.N0000,Annual,2022.0,Annual Report 2021/22,https://www.cse.lk/cmt/upload_report_file/2353_1654594865847.pdf
JETS.N0000,Annual,2025.0,Annual Report for the year ended 31st March 2025,https://www.cse.lk/cmt/upload_report_file/1686_1749120442813.pdf
JETS.N0000,Annual,2024.0,Annual Report for the year ended 31st March 2024,https://www.cse.lk/cmt/upload_report_file/1686_1717498389985.pdf
JETS.N0000,Annual,2023.0,Annual Report for the year ended 31st March 2023,https://www.cse.lk/cmt/upload_report_file/1686_1686149150242.pdf
JETS.N0000,Annual,2022.0,Annual report for the year ended 31st March 2022,https://www.cse.lk/cmt/upload_report_file/1686_1655901422477.pdf
JETS.N0000,Annual,2021.0,Annual report for the year ended 31st March 2021,https://www.cse.lk/cmt/upload_report_file/1686_1623151060555.pdf
JETS.N0000,Annual,2020.0,Annual report for the year ended 31st March 2020 ,https://www.cse.lk/cmt/upload_report_file/1686_1596186494908.pdf
JETS.N0000,Annual,,Annual Report 2018/2019,https://www.cse.lk/upload_report_file/1686_1559818764.pdf
JETS.N0000,Annual,2018.0,Annual Report 2017/2018,https://www.cse.lk/upload_report_file/1686_1529404837296.pdf
KHL.N0000,Annual,2025.0,Annual Report 2024/25,https://www.cse.lk/cmt/upload_report_file/561_1748344957636.pdf
KHL.N0000,Annual,2024.0,Annual Report 2023/24,https://www.cse.lk/cmt/upload_report_file/561_1716290056696.pdf
KHL.N0000,Annual,2023.0,Annual Report 2022/23,https://www.cse.lk/cmt/upload_report_file/561_1684837747740.pdf
KHL.N0000,Annual,2022.0,Annual Report 2021/22,https://www.cse.lk/cmt/upload_report_file/561_1653278392863.pdf
KHL.N0000,Annual,2021.0,  Annual Report as at 31st March 2021,https://www.cse.lk/cmt/upload_report_file/561_1621509883434.pdf
KHL.N0000,Annual,2020.0,Annual Report 2019/2020,https://www.cse.lk/cmt/upload_report_file/561_1590059363417.pdf
KHL.N0000,Annual,2019.0,Annual Report as at 31st March 2019,https://www.cse.lk/upload_report_file/561_1559552704786.pdf
KHL.N0000,Annual,2018.0,Annual Report as at 31st March 2018,https://www.cse.lk/upload_report_file/561_1528105825092.pdf
KHL.N0000,Annual,2017.0,Annual Report as at 31st March 2017,https://www.cse.lk/upload_report_file/561_1496740597894.pdf
KHL.N0000,Annual,2016.0,Annual Financial Statements as @ 31st March 2016,https://www.cse.lk/upload_report_file/561_1464944594767.pdf
KHL.N0000,Annual,2015.0,Annaual Report - 2014/2015,https://www.cse.lk/upload_report_file/561_1433409024159.pdf
KHL.N0000,Annual,2014.0,Annual Report 2013/2014,https://www.cse.lk/upload_report_file/561_1401960535.pdf
KHL.N0000,Annual,2013.0,Annual Report 2012 / 2013,https://www.cse.lk/upload_report_file/561_1370424395.pdf
KHL.N0000,Annual,2012.0,Annual Report  2011/2012,https://www.cse.lk/upload_report_file/561_1338982199127.pdf
JKL.N0000,Annual,2025.0,Annual Report 2024/25,https://www.cse.lk/cmt/upload_report_file/731_1748258024971.pdf
JKL.N0000,Annual,2024.0,Annual Report 2023/24,https://www.cse.lk/cmt/upload_report_file/731_1716201014300.pdf
JKL.N0000,Annual,2023.0,Annual Report 2022/23,https://www.cse.lk/cmt/upload_report_file/731_1684755899558.pdf
JKL.N0000,Annual,2022.0,Annual Report 2021/22,https://www.cse.lk/cmt/upload_report_file/731_1653299918986.pdf
JKL.N0000,Annual,2021.0,Annual Report 2020/21,https://www.cse.lk/cmt/upload_report_file/731_1621588569058.pdf
JKL.N0000,Annual,2020.0,Annual Report 2019/2020,https://www.cse.lk/cmt/upload_report_file/731_1590054094857.pdf
JKL.N0000,Annual,2019.0,Annual Report as at 31st March 2019,https://www.cse.lk/upload_report_file/731_1558693318745.pdf
JKL.N0000,Annual,2018.0,Annual Report as at 31st March 2018,https://www.cse.lk/upload_report_file/731_1527502539764.pdf
JKL.N0000,Annual,2017.0,Annual Report 2016/2017,https://www.cse.lk/upload_report_file/731_1496228731836.pdf
JKL.N0000,Annual,2016.0,Annual Report 2015/2016,https://www.cse.lk/upload_report_file/731_1464948278032.pdf
JKL.N0000,Annual,2015.0,Annaual Report - 2014/2015,https://www.cse.lk/upload_report_file/731_1433495149631.pdf
JKL.N0000,Annual,2014.0,Annual Report 2013/2014,https://www.cse.lk/upload_report_file/731_1401790956514.pdf
JKL.N0000,Annual,2013.0,Annual Report 2012/13,https://www.cse.lk/upload_report_file/731_1370339547713.pdf
JKL.N0000,Annual,2012.0,Annual Report 2011/12,https://www.cse.lk/upload_report_file/731_1338868213946.pdf
JKH.N0000,Annual,2025.0,Annual Report 2024/25,https://www.cse.lk/cmt/upload_report_file/508_1748344127576.pdf
JKH.N0000,Annual,2024.0,Annual Report 2023/24,https://www.cse.lk/cmt/upload_report_file/508_1716290978705.pdf
JKH.N0000,Annual,2023.0,Annual Report 2022/23,https://www.cse.lk/cmt/upload_report_file/508_1684842640428.pdf
JKH.N0000,Annual,2022.0,Annual Report 2021/22,https://www.cse.lk/cmt/upload_report_file/508_1653300092463.pdf
JKH.N0000,Annual,2021.0,Annual Report 2020/21,https://www.cse.lk/cmt/upload_report_file/508_1621849083921.pdf
JKH.N0000,Annual,2020.0,Annual Report 2019/2020,https://www.cse.lk/cmt/upload_report_file/508_1590052852777.pdf
JKH.N0000,Annual,2019.0,Annual Report as at 31st March 2019,https://www.cse.lk/upload_report_file/508_1558691698729.pdf
JKH.N0000,Annual,2018.0,Annual Report as at 31st March 2018,https://www.cse.lk/upload_report_file/508_1527672093254.pdf
JKH.N0000,Annual,2017.0,Annual Report as at 31st March 2017,https://www.cse.lk/upload_report_file/508_1496221344696.pdf
JKH.N0000,Annual,2016.0,Annual Report 2015/2016,https://www.cse.lk/upload_report_file/508_1464679231053.pdf
JKH.N0000,Annual,2015.0,Annual Report 2014/2015,https://www.cse.lk/upload_report_file/508_1433161076313.pdf
JKH.N0000,Annual,2014.0,Annual Report 2013/2014,https://www.cse.lk/upload_report_file/508_1401788772738.pdf
JKH.N0000,Annual,2013.0,Annual Report 2012 / 2013,https://www.cse.lk/upload_report_file/508_1370254648618.pdf
JKH.N0000,Annual,2012.0,Annual Report 2011/12,https://www.cse.lk/upload_report_file/508_1338469832204.pdf
KAHA.N0000,Annual,2025.0,Annual Report 2024/25,https://www.cse.lk/cmt/upload_report_file/710_1753353701786.pdf
KAHA.N0000,Annual,2023.0,Annual Report 2023,https://www.cse.lk/cmt/upload_report_file/710_1714727517962.pdf
KAHA.N0000,Annual,2022.0,Annual Report 2022,https://www.cse.lk/cmt/upload_report_file/710_1685532064216.pdf
KAHA.N0000,Annual,2021.0,Annual Report 2021,https://www.cse.lk/cmt/upload_report_file/710_1653469716564.pdf
KAHA.N0000,Annual,2020.0,Annual Report 2020,https://www.cse.lk/cmt/upload_report_file/710_1622461143486.pdf
KAHA.N0000,Annual,2019.0,Annual Report 2019,https://www.cse.lk/cmt/upload_report_file/710_1600419948347.pdf
KAHA.N0000,Annual,,Annual Report 2018,https://www.cse.lk/upload_report_file/710_1559296668.pdf
KAHA.N0000,Annual,2018.0,Annual Report 2017,https://www.cse.lk/upload_report_file/710_1527764846300.pdf
KAHA.N0000,Annual,2016.0,Annual Report 2016,https://www.cse.lk/upload_report_file/710_1496228627616.pdf
KAHA.N0000,Annual,2015.0,Annual Report 2015 ,https://www.cse.lk/upload_report_file/710_1464865619528.pdf
KAHA.N0000,Annual,2014.0,Annual Report 2014,https://www.cse.lk/upload_report_file/710_1432901214633.pdf
KAHA.N0000,Annual,2013.0,Annual Report 2013,https://www.cse.lk/upload_report_file/710_1401708162277.pdf
KAHA.N0000,Annual,2013.0,Annual Report 2012,https://www.cse.lk/upload_report_file/710_1370258609417.pdf
KFP.N0000,Annual,2025.0,Annual Report 2024/25,https://www.cse.lk/cmt/upload_report_file/483_1748229352247.pdf
KFP.N0000,Annual,2024.0,Annual Report 2023/24,https://www.cse.lk/cmt/upload_report_file/483_1716176984247.pdf
KFP.N0000,Annual,2023.0,Annual Report 2022/23,https://www.cse.lk/cmt/upload_report_file/483_1684724621581.pdf
KFP.N0000,Annual,2022.0,Annual Report 2021/22,https://www.cse.lk/cmt/upload_report_file/483_1653016808455.pdf
KFP.N0000,Annual,2021.0,Annual Report as at 31st March 2021,https://www.cse.lk/cmt/upload_report_file/483_1621503488394.pdf
KFP.N0000,Annual,2020.0,Annual Report as at 31st March 2020,https://www.cse.lk/cmt/upload_report_file/483_1589367556342.pdf
KFP.N0000,Annual,2019.0,Annual Report as at 31st March 2019,https://www.cse.lk/upload_report_file/483_1557997526841.pdf
KFP.N0000,Annual,2018.0,Annual Report as at 31st March 2018,https://www.cse.lk/upload_report_file/483_1527671021806.pdf
KFP.N0000,Annual,2017.0,Annual Report as at 31st March 2017,https://www.cse.lk/upload_report_file/483_1494580214432.pdf
KFP.N0000,Annual,2016.0,Annual Report 2015/2016,https://www.cse.lk/upload_report_file/483_1463396278960.pdf
KFP.N0000,Annual,2015.0,Annaual Report - 2014/2015,https://www.cse.lk/upload_report_file/483_1432199238458.pdf
KFP.N0000,Annual,2014.0,Annual Report 2013/2014,https://www.cse.lk/upload_report_file/483_1403673914359.pdf
KFP.N0000,Annual,2013.0,Annual Report 2012 / 2013,https://www.cse.lk/upload_report_file/483_1370250751.pdf
KFP.N0000,Annual,2012.0,Annual Report  2011/2012,https://www.cse.lk/upload_report_file/483_1338547406384.pdf
KPHL.N0000,Annual,2025.0,Annual Report 2024/25,https://www.cse.lk/cmt/upload_report_file/2714_1756693815954.pdf
KPHL.N0000,Annual,2024.0,Annual Report 2023/24,https://www.cse.lk/cmt/upload_report_file/2714_1725017200795.pdf
KPHL.N0000,Annual,2023.0,Annual Report 2022/23,https://www.cse.lk/cmt/upload_report_file/2714_1693559989669.pdf
KPHL.N0000,Annual,2022.0,Annual Report 2021/22,https://www.cse.lk/cmt/upload_report_file/2714_1661999075085.03.2022 - Kapruka Holdings PLC.pdf
KGAL.N0000,Annual,2025.0,Annual Report 2024/2025,https://www.cse.lk/cmt/upload_report_file/711_1756467961877.pdf
KGAL.N0000,Annual,2024.0,Annual Report 2023/2024,https://www.cse.lk/cmt/upload_report_file/711_1725013965382.pdf
KGAL.N0000,Annual,2023.0,Annual Report 2022/2023,https://www.cse.lk/cmt/upload_report_file/711_1693479948414.23 CSE.pdf
KGAL.N0000,Annual,2022.0,Annual Report For 2021-2022 Kegalle Plantations PLC,https://www.cse.lk/cmt/upload_report_file/711_1661943926469.pdf
KGAL.N0000,Annual,2021.0,ANNUAL REPORT FOR - 2020/2021 ,https://www.cse.lk/cmt/upload_report_file/711_1630409591809.pdf
KGAL.N0000,Annual,2020.0,Annual Report 2019/2020,https://www.cse.lk/cmt/upload_report_file/711_1608289409354.pdf
KGAL.N0000,Annual,2019.0,Annual Report as of 31/03/2019,https://www.cse.lk/upload_report_file/711_1562149131429.pdf
KGAL.N0000,Annual,2018.0,Annual Report as of 31/03/2018,https://www.cse.lk/upload_report_file/711_1528195411547.pdf
KGAL.N0000,Annual,2017.0,Annual Report 2016/2017,https://www.cse.lk/upload_report_file/711_1496742314903.pdf
KGAL.N0000,Annual,2016.0,Annual Financial Report as of 31/03/2016,https://www.cse.lk/upload_report_file/711_1465384506728.pdf
KGAL.N0000,Annual,2015.0,Annual Report 2014/2015,https://www.cse.lk/upload_report_file/711_1433762592472.pdf
KGAL.N0000,Annual,2014.0,Annual Report 2013/2014,https://www.cse.lk/upload_report_file/711_1401964497283.14-KPL.pdf
KGAL.N0000,Annual,2013.0,Annual Report 2012 / 2013,https://www.cse.lk/upload_report_file/711_1370517449347.pdf
KGAL.N0000,Annual,2012.0,Annual Report 2011-2012,https://www.cse.lk/upload_report_file/711_1339063116434.pdf
KCAB.N0000,Annual,2025.0,Annual Report 2024/25,https://www.cse.lk/cmt/upload_report_file/672_1756379320081.pdf
KCAB.N0000,Annual,2024.0,Annual Report 2023/24,https://www.cse.lk/cmt/upload_report_file/672_1722936946666.pdf
KCAB.N0000,Annual,2023.0,Annual Report 2022/23,https://www.cse.lk/cmt/upload_report_file/672_1693304789184.0 MB.pdf
KCAB.N0000,Annual,2022.0,Annual Report 2021/22,https://www.cse.lk/cmt/upload_report_file/672_1661940463709.pdf
KCAB.N0000,Annual,2021.0,Annual Report 2020/21,https://www.cse.lk/cmt/upload_report_file/672_1633338552057.pdf
KCAB.N0000,Annual,2020.0,Annual Report - 2019/20,https://www.cse.lk/cmt/upload_report_file/672_1598346746271.pdf
KCAB.N0000,Annual,2019.0,Annual Report -2018/19,https://www.cse.lk/upload_report_file/672_1564737576078.pdf
KCAB.N0000,Annual,2018.0,Annual Report -2017/18,https://www.cse.lk/upload_report_file/672_1531216319334.pdf
KCAB.N0000,Annual,2017.0,Annual Financial Report 2016/17,https://www.cse.lk/upload_report_file/672_1500371168606.pdf
KCAB.N0000,Annual,2016.0,Annual Report 2015/2016,https://www.cse.lk/upload_report_file/672_1468316889877.pdf
KCAB.N0000,Annual,2015.0,Annual Report 2014/2015,https://www.cse.lk/upload_report_file/672_1438769976885.pdf
KCAB.N0000,Annual,2014.0,Annual Report 2013/2014,https://www.cse.lk/upload_report_file/672_1409225101.pdf
KCAB.N0000,Annual,2013.0,Annual Report 2012/2013,https://www.cse.lk/upload_report_file/672_1377683775009.pdf
KCAB.N0000,Annual,2012.0,Annual Report 2011/2012,https://www.cse.lk/upload_report_file/672_1344598920.pdf
TYRE.N0000,Annual,2025.0,Annual Report 2024/2025,https://www.cse.lk/cmt/upload_report_file/673_1756372322107.pdf
TYRE.N0000,Annual,2024.0,Annual Report 2023/24,https://www.cse.lk/cmt/upload_report_file/673_1724987040879.pdf
TYRE.N0000,Annual,2024.0,Audited Financial Statements for the Year Ended 31st March 2024,https://www.cse.lk/cmt/upload_report_file/673_1720090973595.pdf
TYRE.N0000,Annual,2023.0,Annual Report 2022/23,https://www.cse.lk/cmt/upload_report_file/673_1693218573340.pdf
TYRE.N0000,Annual,2023.0,Audited Financial Statements for the year Ended 31st March 2023,https://www.cse.lk/cmt/upload_report_file/673_1689587375398.pdf
TYRE.N0000,Annual,2022.0,Annual Report 2021/22,https://www.cse.lk/cmt/upload_report_file/673_1661852893112.pdf
TYRE.N0000,Annual,2021.0,Annual Report 2020/21,https://www.cse.lk/cmt/upload_report_file/673_1629711572099.pdf
TYRE.N0000,Annual,2020.0,Annual Report 2019/20,https://www.cse.lk/cmt/upload_report_file/673_1599477094472.pdf
TYRE.N0000,Annual,2020.0,Audited Financial Statements as at 03.31.2020,https://www.cse.lk/cmt/upload_report_file/673_1598871567393.pdf
TYRE.N0000,Annual,2019.0,Annual Report as at 31.03.2019,https://www.cse.lk/upload_report_file/673_1564742754602.pdf
TYRE.N0000,Annual,2018.0,Annual Report 2017/18,https://www.cse.lk/upload_report_file/673_1533206177432.pdf
TYRE.N0000,Annual,2018.0,Audited Financial Statements as of 31-03-2018,https://www.cse.lk/upload_report_file/673_1532343339234.pdf
TYRE.N0000,Annual,2017.0,Annual Report 2016/2017,https://www.cse.lk/upload_report_file/673_1502189656.pdf
TYRE.N0000,Annual,2017.0,Audited Financial Statements as at 31-03-2017,https://www.cse.lk/upload_report_file/673_1501673667389.pdf
TYRE.N0000,Annual,2016.0,Annual Report 2015/2016,https://www.cse.lk/upload_report_file/673_1470829666215.pdf
TYRE.N0000,Annual,2015.0,Annual Report 2014/2015,https://www.cse.lk/upload_report_file/673_1439458894186.pdf
TYRE.N0000,Annual,2015.0,Audited Financial Statements as at 31-03-2015,https://www.cse.lk/upload_report_file/673_1438927441784.pdf
TYRE.N0000,Annual,2014.0,Annual Report 2013/2014,https://www.cse.lk/upload_report_file/673_1408022607.pdf
TYRE.N0000,Annual,2014.0,Audited Financial Statements as at 31-03-2014,https://www.cse.lk/upload_report_file/673_1405597001955.pdf
TYRE.N0000,Annual,2013.0,Annual Report 2012/2013,https://www.cse.lk/upload_report_file/673_1376479649.pdf
TYRE.N0000,Annual,2012.0,Annual Report 2011/2012,https://www.cse.lk/upload_report_file/673_1345781888482.pdf
TYRE.N0000,Annual,2012.0,Audited Consolidated Financial Statements - 31-03-2012,https://www.cse.lk/upload_report_file/673_1344598655.pdf
KDL.N0000,Annual,2022.0,Annual Report 2021/2022,https://www.cse.lk/cmt/upload_report_file/625_1657192659054.pdf
KDL.N0000,Annual,2021.0,Annual Report 2020/2021,https://www.cse.lk/cmt/upload_report_file/625_1628823227138.pdf
KDL.N0000,Annual,2020.0,Annual Report 2019/20,https://www.cse.lk/cmt/upload_report_file/625_1597229949126.pdf
KDL.N0000,Annual,2019.0,Annual Report  2018/19,https://www.cse.lk/cmt/upload_report_file/625_1565692898368.pdf
KDL.N0000,Annual,2018.0,Annual Report 2017/2018,https://www.cse.lk/upload_report_file/625_1534155587419.pdf
KDL.N0000,Annual,2017.0,Annual Report 2016/2017,https://www.cse.lk/upload_report_file/625_1502711521.pdf
KDL.N0000,Annual,2016.0,Annual Report 2015/2016,https://www.cse.lk/upload_report_file/625_1470971931357.pdf
KDL.N0000,Annual,2015.0,Annual Report 2014/2015,https://www.cse.lk/upload_report_file/625_1439467380.pdf
KDL.N0000,Annual,2014.0,Annual Report 2013/2014,https://www.cse.lk/upload_report_file/625_1407238204708.pdf
KDL.N0000,Annual,2013.0,Annual Report 2012/2013,https://www.cse.lk/upload_report_file/625_1377767933.pdf
KDL.N0000,Annual,2012.0,Annual Report 2011/2012,https://www.cse.lk/upload_report_file/625_1344245605.pdf
CPRT.N0000,Annual,2025.0,Annual Report 2024/2025,https://www.cse.lk/cmt/upload_report_file/730_1756900241351.pdf
CPRT.N0000,Annual,2024.0,Annual Report 2023/2024,https://www.cse.lk/cmt/upload_report_file/730_1725247550831.pdf
CPRT.N0000,Annual,2023.0,Annual Report - 2022/2023,https://www.cse.lk/cmt/upload_report_file/730_1705917733688.pdf
CPRT.N0000,Annual,2022.0,Annual Report 2021/2022,https://www.cse.lk/cmt/upload_report_file/730_1691380414224.pdf
CPRT.N0000,Annual,2021.0,Annual Report 2020/21,https://www.cse.lk/cmt/upload_report_file/730_1662954647466.pdf
CPRT.N0000,Annual,2020.0,Annual Report 2019/20,https://www.cse.lk/cmt/upload_report_file/730_1649383400374.pdf
CPRT.N0000,Annual,2019.0,Annual Report 31.03.2019,https://www.cse.lk/cmt/upload_report_file/730_1603882230593.pdf
CPRT.N0000,Annual,2018.0,Annual Report 2017/2018,https://www.cse.lk/upload_report_file/730_1542772218774.pdf
CPRT.N0000,Annual,2017.0,Annual Report 2016/2017,https://www.cse.lk/upload_report_file/730_1510918047.pdf
CPRT.N0000,Annual,2016.0,Annual Report 2015/2016,https://www.cse.lk/upload_report_file/730_1476357752285.pdf
CPRT.N0000,Annual,2015.0,Annual Report 2014/2015,https://www.cse.lk/upload_report_file/730_1442486674297.pdf
CPRT.N0000,Annual,2014.0,Annual Report 2013/2014,https://www.cse.lk/upload_report_file/730_1410951273361.pdf
CPRT.N0000,Annual,2013.0,Annual Report 2012/2013,https://www.cse.lk/upload_report_file/730_1383906123921.pdf
CPRT.N0000,Annual,2012.0,ANNUAL REPORT 2011/2012,https://www.cse.lk/upload_report_file/730_1346318752.pdf
KVAL.N0000,Annual,2025.0,Annual Report 2024/25,https://www.cse.lk/cmt/upload_report_file/712_1748517347059.pdf
KVAL.N0000,Annual,2024.0,Annual Report 2023/24,https://www.cse.lk/cmt/upload_report_file/712_1716976587969.pdf
KVAL.N0000,Annual,2023.0,Annual Report 2022/23,https://www.cse.lk/cmt/upload_report_file/712_1685704656082.pdf
KVAL.N0000,Annual,2022.0,Annual Report 2021/22,https://www.cse.lk/cmt/upload_report_file/712_1654252642440.pdf
KVAL.N0000,Annual,2021.0,Annual Report 2020/21,https://www.cse.lk/cmt/upload_report_file/712_1622547162677.pdf
KVAL.N0000,Annual,2020.0,Annual Report 2019/20,https://www.cse.lk/cmt/upload_report_file/712_1593683418657.pdf
KVAL.N0000,Annual,,Annual Report 2018/2019,https://www.cse.lk/upload_report_file/712_1559297435.pdf
KVAL.N0000,Annual,2018.0,Annual Report 2017/2018,https://www.cse.lk/upload_report_file/712_1527502842592.pdf
KVAL.N0000,Annual,2017.0,Annual Report 2016/2017,https://www.cse.lk/upload_report_file/712_1495619401.pdf
KVAL.N0000,Annual,2016.0,Annual Report 2015/2016,https://www.cse.lk/upload_report_file/712_1464168990.pdf
KVAL.N0000,Annual,2015.0,Annual Report 2014/2015,https://www.cse.lk/upload_report_file/712_1433499664658.pdf
KVAL.N0000,Annual,2013.0,Annual Report 2013,https://www.cse.lk/upload_report_file/712_1394098204.pdf
KVAL.N0000,Annual,2012.0,Annual Report 2012,https://www.cse.lk/upload_report_file/712_1362138643.pdf
KOTA.N0000,Annual,2025.0,Annual Report 2024/2025,https://www.cse.lk/cmt/upload_report_file/713_1754448845888.pdf
KOTA.N0000,Annual,2024.0,Annual Report 2023/2024,https://www.cse.lk/cmt/upload_report_file/713_1725019422141.pdf
KOTA.N0000,Annual,2023.0,Annual Report 2022/2023,https://www.cse.lk/cmt/upload_report_file/713_1693452664456.pdf
KOTA.N0000,Annual,2022.0,Annual Report 2021/22,https://www.cse.lk/cmt/upload_report_file/713_1662019869236.pdf
KOTA.N0000,Annual,2021.0,Annual Report 2020/21,https://www.cse.lk/cmt/upload_report_file/713_1631189131292.pdf
KOTA.N0000,Annual,2020.0,Annual Report 2019/20,https://www.cse.lk/cmt/upload_report_file/713_1607079794287.pdf
KOTA.N0000,Annual,2019.0,Annual Report 2018/2019,https://www.cse.lk/cmt/upload_report_file/713_1567163626551.pdf
KOTA.N0000,Annual,2018.0,Annual Report 2017/2018,https://www.cse.lk/upload_report_file/713_1533641113625.pdf
KOTA.N0000,Annual,2017.0,Annual Report 2016/2017,https://www.cse.lk/upload_report_file/713_1497871583.pdf
KOTA.N0000,Annual,2016.0,Annual Report 2015/2016,https://www.cse.lk/upload_report_file/713_1465298409725.pdf
KOTA.N0000,Annual,2015.0,Annual Report 2014/2015,https://www.cse.lk/upload_report_file/713_1433761917230.pdf
KOTA.N0000,Annual,2014.0,Annual Report 2013/2014,https://www.cse.lk/upload_report_file/713_1401881612188.pdf
KOTA.N0000,Annual,2013.0,Annual Report 2012/2013,https://www.cse.lk/upload_report_file/713_1370432327018.pdf
KOTA.N0000,Annual,2012.0,Annual Report 2011/2012,https://www.cse.lk/upload_report_file/713_1338544776733.pdf
LFIN.N0000,Annual,2025.0,Annual Report 2024/25,https://www.cse.lk/cmt/upload_report_file/379_1749137525707.pdf
LFIN.N0000,Annual,2024.0,Annual Report 2023/24,https://www.cse.lk/cmt/upload_report_file/379_1717508534238.pdf
LFIN.N0000,Annual,2023.0,Annual Report 2022/23,https://www.cse.lk/cmt/upload_report_file/379_1686153584596.pdf
LFIN.N0000,Annual,2022.0,Annual Report 2021-22,https://www.cse.lk/cmt/upload_report_file/379_1654606529390.pdf
LFIN.N0000,Annual,2021.0,Annual Report 2020/21,https://www.cse.lk/cmt/upload_report_file/379_1623066208643.pdf
LFIN.N0000,Annual,2020.0,Annual Report as at 31.03.2020,https://www.cse.lk/cmt/upload_report_file/379_1594201077202.pdf
LFIN.N0000,Annual,2020.0,Audited Financial Statements as at 31.03.2020,https://www.cse.lk/cmt/upload_report_file/379_1593489222503.pdf
LFIN.N0000,Annual,2019.0,Annual Report 2018/19,https://www.cse.lk/upload_report_file/379_1559646671.pdf
LFIN.N0000,Annual,2018.0,Annual Report 2017/18,https://www.cse.lk/upload_report_file/379_1528197476539.pdf
LFIN.N0000,Annual,2017.0,Annual report -2016/2017,https://www.cse.lk/upload_report_file/379_1496746098324.pdf
LFIN.N0000,Annual,2016.0,Annual Report 2015/2016,https://www.cse.lk/upload_report_file/379_1465381177574.pdf
LFIN.N0000,Annual,2015.0,Annual Report 2014/2015,https://www.cse.lk/upload_report_file/379_1433761995965.pdf
LFIN.N0000,Annual,2014.0,Annual Report 2013/2014,https://www.cse.lk/upload_report_file/379_1401970173490.pdf
LFIN.N0000,Annual,2013.0,Annual Report 2012 / 2013,https://www.cse.lk/upload_report_file/379_1370607025.pdf
LFIN.N0000,Annual,2012.0,Annual Report 2011/2012,https://www.cse.lk/upload_report_file/379_1339127593.pdf
LPRT.N0000,Annual,2025.0,Annual Report 2024/2025,https://www.cse.lk/cmt/upload_report_file/741_1756724698963.pdf
LPRT.N0000,Annual,2024.0,ANNUAL REPORT 2023/2024,https://www.cse.lk/cmt/upload_report_file/741_1725274313371.pdf
LPRT.N0000,Annual,2023.0,ANNUAL REPORT 2022/2023,https://www.cse.lk/cmt/upload_report_file/741_1693884692005.pdf
LPRT.N0000,Annual,2022.0,Annual Report for the Year 2021/2022,https://www.cse.lk/cmt/upload_report_file/741_1663152444602.pdf
LPRT.N0000,Annual,2021.0,Annual Report 2020/21,https://www.cse.lk/cmt/upload_report_file/741_1633320921470.pdf
LPRT.N0000,Annual,2020.0,Annual Financial Report 2019/20,https://www.cse.lk/cmt/upload_report_file/741_1609323829840.pdf
LPRT.N0000,Annual,2019.0,Annual Report 2018/2019,https://www.cse.lk/cmt/upload_report_file/741_1567510030025.pdf
LPRT.N0000,Annual,2018.0,Annual Report 2017/2018,https://www.cse.lk/upload_report_file/741_1536579701108.pdf
LPRT.N0000,Annual,2017.0,Annual Report 2016/2017,https://www.cse.lk/upload_report_file/741_1504694661.pdf
LPRT.N0000,Annual,2016.0,Annual Report 2015/2016,https://www.cse.lk/upload_report_file/741_1472643527250.pdf
LPRT.N0000,Annual,2015.0,Annual Report 2014/2015,https://www.cse.lk/upload_report_file/741_1441337330071.pdf
LPRT.N0000,Annual,2014.0,Annual Report 2013/2014,https://www.cse.lk/upload_report_file/741_1409573307043.pdf
LPRT.N0000,Annual,2013.0,Annual Report 2012/2013,https://www.cse.lk/upload_report_file/741_1378708139650.pdf
LPRT.N0000,Annual,2012.0,ANNUAL REPORT 2011/2012,https://www.cse.lk/upload_report_file/741_1346324047.pdf
LAMB.N0000,Annual,2025.0,Annual Report 2024-2025,https://www.cse.lk/cmt/upload_report_file/484_1751017189661.pdf
LAMB.N0000,Annual,2024.0,Annual Report 2023-2024,https://www.cse.lk/cmt/upload_report_file/484_1720605568364.pdf
LAMB.N0000,Annual,2023.0,Annual Report - 2022/2023,https://www.cse.lk/cmt/upload_report_file/484_1688552002204.pdf
LAMB.N0000,Annual,2022.0,Annual Report for Financial Year 2021/2022,https://www.cse.lk/cmt/upload_report_file/484_1657020357171.pdf
LAMB.N0000,Annual,2021.0,Annual Report 2020/21,https://www.cse.lk/cmt/upload_report_file/484_1623033797809.pdf
LAMB.N0000,Annual,2020.0,Annual Report 2019/20,https://www.cse.lk/cmt/upload_report_file/484_1596616645948.pdf
LAMB.N0000,Annual,2019.0,Annual Report 2018/2019,https://www.cse.lk/upload_report_file/484_1562062845893.pdf
LAMB.N0000,Annual,2018.0,Annual Report 2017/18,https://www.cse.lk/upload_report_file/484_1533523819827.pdf
LAMB.N0000,Annual,2017.0,Annual Financial Report 2016/2017,https://www.cse.lk/upload_report_file/484_1499771869006.pdf
LAMB.N0000,Annual,2016.0, Annual Report 2015/2016,https://www.cse.lk/upload_report_file/484_1473131798422.pdf
LAMB.N0000,Annual,2015.0,Annual Report 2014/2015,https://www.cse.lk/upload_report_file/484_1441100166093.pdf
LAMB.N0000,Annual,2014.0,Annual Report 2013/2014,https://www.cse.lk/upload_report_file/484_1407149614911.pdf
LAMB.N0000,Annual,2013.0,Annual Report 2012/13,https://www.cse.lk/upload_report_file/484_1377861974.pdf
LAMB.N0000,Annual,2012.0,Annual Report 2011/12,https://www.cse.lk/upload_report_file/484_1345807352792.pdf
LALU.N0000,Annual,2025.0,Annual Report 2024/2025,https://www.cse.lk/cmt/upload_report_file/674_1756372295881.pdf
LALU.N0000,Annual,2024.0,Annual Report 2023/2024,https://www.cse.lk/cmt/upload_report_file/674_1724755260282.pdf
LALU.N0000,Annual,2023.0,Annual Report 2022/2023,https://www.cse.lk/cmt/upload_report_file/674_1693474205941.pdf
LALU.N0000,Annual,2022.0,Annual report 2021/2022,https://www.cse.lk/cmt/upload_report_file/674_1661856806239.08.30-1.pdf
LALU.N0000,Annual,2021.0,Annual Report 2020/2021,https://www.cse.lk/cmt/upload_report_file/674_1630407615611.pdf
LALU.N0000,Annual,2020.0,Annual Report 2019/2020,https://www.cse.lk/cmt/upload_report_file/674_1602061931730.pdf
LALU.N0000,Annual,2019.0,Annual Report 2018/2019,https://www.cse.lk/cmt/upload_report_file/674_1566295216328.08.2019.pdf
LALU.N0000,Annual,2018.0,Annual Report 2017/2018,https://www.cse.lk/upload_report_file/674_1535015537208.pdf
LALU.N0000,Annual,2017.0,Annual Report 2016-2017,https://www.cse.lk/upload_report_file/674_1503566127580.pdf
LALU.N0000,Annual,2016.0,Annual Report 2015-2016,https://www.cse.lk/upload_report_file/674_1472206973713.pdf
LALU.N0000,Annual,2015.0,Annual Report 2014/2015,https://www.cse.lk/upload_report_file/674_1441016303544.pdf
LALU.N0000,Annual,2014.0,Annual Report 2013/2014,https://www.cse.lk/upload_report_file/674_1409304493720.pdf
LALU.N0000,Annual,2013.0,Annual Report 2012-2013,https://www.cse.lk/upload_report_file/674_1377767754386.pdf
LALU.N0000,Annual,2012.0,Annual Report 2011/2012,https://www.cse.lk/upload_report_file/674_1346317732907.pdf
ASHO.N0000,Annual,2025.0,Annual Report 2024/25,https://www.cse.lk/cmt/upload_report_file/695_1752832207668.pdf
ASHO.N0000,Annual,2025.0,Audited Financial Statements for the Year Ended 31.03.2025,https://www.cse.lk/cmt/upload_report_file/695_1749212403680.03.2025.pdf
ASHO.N0000,Annual,2024.0,Annual Report 2023/24,https://www.cse.lk/cmt/upload_report_file/695_1725009634929.pdf
ASHO.N0000,Annual,2024.0,Audited Financial Statements for the Year Ended 31.03.2024,https://www.cse.lk/cmt/upload_report_file/695_1716369407707.03.2024.pdf
ASHO.N0000,Annual,2023.0,Annual Report  -  2022/23,https://www.cse.lk/cmt/upload_report_file/695_1689906828302.pdf
ASHO.N0000,Annual,2023.0,Audited Financial Statements for the year ended 31st March 2023,https://www.cse.lk/cmt/upload_report_file/695_1688526639658.03.2023.pdf
ASHO.N0000,Annual,2022.0,Annual Report 2021/22,https://www.cse.lk/cmt/upload_report_file/695_1658304203796.pdf
ASHO.N0000,Annual,2021.0,Annual Report - 2020-21,https://www.cse.lk/cmt/upload_report_file/695_1630055424386.pdf
ASHO.N0000,Annual,2020.0,Annual Report 2019-20,https://www.cse.lk/cmt/upload_report_file/695_1599125978148.pdf
ASHO.N0000,Annual,2019.0,Annual Report 2018/19,https://www.cse.lk/cmt/upload_report_file/695_1565860851734.pdf
ASHO.N0000,Annual,2018.0,Annual Report 2017/2018,https://www.cse.lk/upload_report_file/695_1531993529962.pdf
ASHO.N0000,Annual,2017.0,Annual Report 2016/2017,https://www.cse.lk/upload_report_file/695_1499773264.pdf
ASHO.N0000,Annual,2016.0,Annual Report 2015/2016,https://www.cse.lk/upload_report_file/695_1468837323.pdf
ASHO.N0000,Annual,2015.0,Annual Report 2014/2015,https://www.cse.lk/upload_report_file/695_1436174482.pdf
ASHO.N0000,Annual,2014.0,Annual Report 2013/2014,https://www.cse.lk/upload_report_file/695_1405938768.pdf
ASHO.N0000,Annual,2013.0,Annual Report 2012/2013,https://www.cse.lk/upload_report_file/695_1377771047.pdf
ASHO.N0000,Annual,2012.0,Annual Report 2011/2012,https://www.cse.lk/upload_report_file/695_1346150178.pdf
CERA.N0000,Annual,2025.0,Annual Report 2024/25,https://www.cse.lk/cmt/upload_report_file/676_1749129636599.pdf
CERA.N0000,Annual,2024.0,Annual Report for 2023/2024,https://www.cse.lk/cmt/upload_report_file/676_1717492000564.pdf
CERA.N0000,Annual,2023.0,ANNUAL REPORT 2022-2023,https://www.cse.lk/cmt/upload_report_file/676_1686134377689.pdf
CERA.N0000,Annual,2022.0,CERA-Annual Financial Report as at 31-03-2022,https://www.cse.lk/cmt/upload_report_file/676_1654512882659.pdf
CERA.N0000,Annual,2021.0,Annual Financial Report 2021,https://www.cse.lk/cmt/upload_report_file/676_1623062982617.pdf
CERA.N0000,Annual,2020.0,Annual Report as at 31.03.2020,https://www.cse.lk/cmt/upload_report_file/676_1594202270195.pdf
CERA.N0000,Annual,2019.0,Annual Report 2018/2019,https://www.cse.lk/upload_report_file/676_1560426429551.pdf
CERA.N0000,Annual,2018.0,Annual Report 2017/18,https://www.cse.lk/upload_report_file/676_1528169523704.pdf
CERA.N0000,Annual,2017.0,Annual Report 2016/2017,https://www.cse.lk/upload_report_file/676_1496718811.pdf
CERA.N0000,Annual,2016.0,Annual Report 2015/2016,https://www.cse.lk/upload_report_file/676_1465357192.pdf
CERA.N0000,Annual,2015.0,Annual Report 2014/2015,https://www.cse.lk/upload_report_file/676_1433501331883.pdf
CERA.N0000,Annual,2014.0,Annual Report 2013/2014,https://www.cse.lk/upload_report_file/676_1401968771367.pdf
CERA.N0000,Annual,2013.0,Annual Report 2012/2013,https://www.cse.lk/upload_report_file/676_1378724111.pdf
CERA.N0000,Annual,2012.0,ANNUAL REPORT 2011/2012,https://www.cse.lk/upload_report_file/676_1346323846.pdf
LCBF.N0000,Annual,2025.0,Annual Report 2024/2025,https://www.cse.lk/cmt/upload_report_file/2512_1751857691555.pdf
LCBF.N0000,Annual,2025.0,Audited Financial Statements for the year ended 31.03.2025,https://www.cse.lk/cmt/upload_report_file/2512_1749799611992.pdf
LCBF.N0000,Annual,2024.0,Annual Report 2023/2024,https://www.cse.lk/cmt/upload_report_file/2512_1724844716832.pdf
LCBF.N0000,Annual,2024.0,Audited Financial Statements for the year ended 31.03.2024,https://www.cse.lk/cmt/upload_report_file/2512_1719803189927.pdf
LCBF.N0000,Annual,2023.0,Annual Report 2022/2023,https://www.cse.lk/cmt/upload_report_file/2512_1691140876753.pdf
LCBF.N0000,Annual,2023.0,Audited Financial Statements for the year ended 31.3.2023 ,https://www.cse.lk/cmt/upload_report_file/2512_1687862181703.pdf
LCBF.N0000,Annual,2022.0,Annual Report 2021/22,https://www.cse.lk/cmt/upload_report_file/2512_1657513694226.pdf
LCBF.N0000,Annual,2022.0,Audited financial Statements for the Year ended 31.03.2022,https://www.cse.lk/cmt/upload_report_file/2512_1656386939257.pdf
LIOC.N0000,Annual,2025.0,Annual Report 2024/25,https://www.cse.lk/cmt/upload_report_file/729_1748832079751.pdf
LIOC.N0000,Annual,2025.0,Audited Financial Statements as at 31st March 2025,https://www.cse.lk/cmt/upload_report_file/729_1745230038817.03.2025.pdf
LIOC.N0000,Annual,2024.0,Lanka IOC PLC Annual Report 2023-24,https://www.cse.lk/cmt/upload_report_file/729_1717780045599.pdf
LIOC.N0000,Annual,2024.0,Audited Financial Statements as at 31st March 2024,https://www.cse.lk/cmt/upload_report_file/729_1713753424134.pdf
LIOC.N0000,Annual,2023.0,Lanka IOC PLC - Annual Report 2022-23,https://www.cse.lk/cmt/upload_report_file/729_1686919331064.pdf
LIOC.N0000,Annual,2023.0,Audited Financial Statements as at 31st March 2023,https://www.cse.lk/cmt/upload_report_file/729_1683020369439.pdf
LIOC.N0000,Annual,2022.0,Lanka IOC PLC - Annual Report 2021-2022,https://www.cse.lk/cmt/upload_report_file/729_1660103592454.08.2022.pdf
LIOC.N0000,Annual,2022.0,Lanka IOC PLC - Audited Financial Statements as at 31st March 2022,https://www.cse.lk/cmt/upload_report_file/729_1651662638701.pdf
LIOC.N0000,Annual,2021.0,Annual Report 2020/2021,https://www.cse.lk/cmt/upload_report_file/729_1630410360062.pdf
LIOC.N0000,Annual,2021.0,Audited Financial Statement for the period ended 31/03/2021,https://www.cse.lk/cmt/upload_report_file/729_1621307973423.Statements 31.03.2021.pdf
LIOC.N0000,Annual,2020.0,Annual Report 2019/20,https://www.cse.lk/cmt/upload_report_file/729_1602062126839.pdf
LIOC.N0000,Annual,2020.0,Audited Financial Statements as at 31st March 2020,https://www.cse.lk/cmt/upload_report_file/729_1600835851184.pdf
LIOC.N0000,Annual,2019.0,Annual Report 2018/2019,https://www.cse.lk/upload_report_file/729_1559039009053.pdf
LIOC.N0000,Annual,2019.0,Audited Financial Statements 31.03.2019,https://www.cse.lk/upload_report_file/729_1557198739193.pdf
LIOC.N0000,Annual,2018.0,Annual Report 2017/18,https://www.cse.lk/upload_report_file/729_1528197266000.pdf
LIOC.N0000,Annual,2017.0,Annual Report 2016/2017,https://www.cse.lk/upload_report_file/729_1496400773.pdf
LIOC.N0000,Annual,2017.0,Audited Financial Statements as at 31-03-2017,https://www.cse.lk/upload_report_file/729_1494585920628.pdf
LIOC.N0000,Annual,2016.0,Annual Report 2015/2016,https://www.cse.lk/upload_report_file/729_1472551105428.pdf
LIOC.N0000,Annual,2016.0,Audited Financial Statements as at 31-03-2016,https://www.cse.lk/upload_report_file/729_1463653951955.pdf
LIOC.N0000,Annual,2015.0,Annual Report 2014-15,https://www.cse.lk/upload_report_file/729_1440407095887.pdf
LIOC.N0000,Annual,2015.0,Audited Financial Statements as at 31-03-2015,https://www.cse.lk/upload_report_file/729_1431946453.pdf
LIOC.N0000,Annual,2014.0,Annual Report 2013-14,https://www.cse.lk/upload_report_file/729_1408617678003.pdf
LIOC.N0000,Annual,2014.0,Audited Financial Statements as at 31-03-2014,https://www.cse.lk/upload_report_file/729_1400753525.pdf
LIOC.N0000,Annual,2013.0,Annual Report 2012/2013,https://www.cse.lk/upload_report_file/729_1377576014944.pdf
LIOC.N0000,Annual,2013.0,Audited Financial Statement as of 31.03.2013,https://www.cse.lk/upload_report_file/729_1369220911045.pdf
LIOC.N0000,Annual,2012.0,Annual Report 2011/2012,https://www.cse.lk/upload_report_file/729_1346237488.pdf
LIOC.N0000,Annual,2012.0,Audited Financial Statements as at 31-03-2012,https://www.cse.lk/upload_report_file/729_1337080715011.pdf
ASCO.N0000,Annual,2025.0,Amended Annual Report as at 31st March 2025,https://www.cse.lk/cmt/upload_report_file/401_1764558654280.pdf
ASCO.N0000,Annual,2025.0,Annual Report as at 31st March 2025,https://www.cse.lk/cmt/upload_report_file/401_1764294313176.pdf
ASCO.N0000,Annual,2024.0,Annual Report 2023/24,https://www.cse.lk/cmt/upload_report_file/401_1725244517455.pdf
ASCO.N0000,Annual,2023.0,Annual Report 2022/23,https://www.cse.lk/cmt/upload_report_file/401_1693539708744.pdf
ASCO.N0000,Annual,2022.0,Annual Financial Report 2021/2022,https://www.cse.lk/cmt/upload_report_file/401_1667898541158.pdf
ASCO.N0000,Annual,2021.0,Annual Report for the year ended 31st March 2021,https://www.cse.lk/cmt/upload_report_file/401_1631106830860.pdf
ASCO.N0000,Annual,2020.0,Annual Report as at 31.03.2020,https://www.cse.lk/cmt/upload_report_file/401_1599214575949.pdf
ASCO.N0000,Annual,2019.0,Annual Report as at 31.03.2019,https://www.cse.lk/cmt/upload_report_file/401_1567503936173.pdf
ASCO.N0000,Annual,2018.0,Annual Report 2017/2018,https://www.cse.lk/upload_report_file/401_1534758598722.pdf
ASCO.N0000,Annual,2017.0,Annual Report 2016/2017,https://www.cse.lk/upload_report_file/401_1505213099.pdf
ASCO.N0000,Annual,2016.0,Annual Report 2015/2016,https://www.cse.lk/upload_report_file/401_1472810486.pdf
ASCO.N0000,Annual,2015.0,Annual Report 2014/15,https://www.cse.lk/upload_report_file/401_1441186080411.pdf
ASCO.N0000,Annual,2014.0,Annual Report 2013/2014,https://www.cse.lk/upload_report_file/401_1409563076453.pdf
ASCO.N0000,Annual,2013.0,Annual Report 2012/2013,https://www.cse.lk/upload_report_file/401_1378697010.pdf
ASCO.N0000,Annual,2012.0,Annual Report 2011/2012,https://www.cse.lk/upload_report_file/401_1346839704625.pdf
LMF.N0000,Annual,2025.0,Annual Report 2024/2025,https://www.cse.lk/cmt/upload_report_file/486_1754906715617.pdf
LMF.N0000,Annual,2023.0,Annual Report 2023/2024,https://www.cse.lk/cmt/upload_report_file/486_1725247316124.pdf
LMF.N0000,Annual,2023.0,ANNUAL REPORT FOR THE YEAR ENDED 2022/2023,https://www.cse.lk/cmt/upload_report_file/486_1692759165276.pdf
LMF.N0000,Annual,2022.0,ANNUAL REPORT FOR THE YEAR 2021/2022,https://www.cse.lk/cmt/upload_report_file/486_1662004155565.pdf
LMF.N0000,Annual,2021.0,Annual Report 2020/2021,https://www.cse.lk/cmt/upload_report_file/486_1631184832695.pdf
LMF.N0000,Annual,2020.0,Annual Report 2019/20,https://www.cse.lk/cmt/upload_report_file/486_1599647884629.pdf
LMF.N0000,Annual,2019.0,Annual Report 2018/2019,https://www.cse.lk/cmt/upload_report_file/486_1565690279492.pdf
LMF.N0000,Annual,2018.0,ANNUAL REPORT 2017/18,https://www.cse.lk/upload_report_file/486_1535363664430.pdf
LMF.N0000,Annual,2017.0,Annual Report 2016/2017,https://www.cse.lk/upload_report_file/486_1501672946.pdf
LMF.N0000,Annual,2016.0,Annual Report 2015/2016,https://www.cse.lk/upload_report_file/486_1470823431855.pdf
LMF.N0000,Annual,2015.0,Annual Report 2014-2015,https://www.cse.lk/upload_report_file/486_1440753048257.pdf
LMF.N0000,Annual,2014.0,Annual Financial Report - 2013/2014,https://www.cse.lk/upload_report_file/486_1409303191560.pdf
LMF.N0000,Annual,2013.0,Annual Report 2012/2013,https://www.cse.lk/upload_report_file/486_1377864164856.pdf
LMF.N0000,Annual,2012.0,Annual Report 2011/2012,https://www.cse.lk/upload_report_file/486_1346058635374.pdf
TILE.N0000,Annual,2025.0,Annual Report 2024/25,https://www.cse.lk/cmt/upload_report_file/677_1749129120466.pdf
TILE.N0000,Annual,2024.0,Annual Report 2023/24,https://www.cse.lk/cmt/upload_report_file/677_1717516833128.pdf
TILE.N0000,Annual,2023.0,ANNUAL REPORT 2022-2023,https://www.cse.lk/cmt/upload_report_file/677_1686137062401.pdf
TILE.N0000,Annual,2022.0,ANNUAL REPORT 2021/2022,https://www.cse.lk/cmt/upload_report_file/677_1654603926324.pdf
TILE.N0000,Annual,2021.0,Annual Report 2020/21,https://www.cse.lk/cmt/upload_report_file/677_1623120099271.pdf
TILE.N0000,Annual,2020.0,LTL-Annual Report as at 31.03.2020,https://www.cse.lk/cmt/upload_report_file/677_1594206868243.pdf
TILE.N0000,Annual,2019.0,Annual Report 2018/2019,https://www.cse.lk/upload_report_file/677_1560426124874.pdf
TILE.N0000,Annual,2018.0,Annual Report 2017/18,https://www.cse.lk/upload_report_file/677_1528112653789.pdf
TILE.N0000,Annual,2017.0,Annual Report 2016/2017,https://www.cse.lk/upload_report_file/677_1496660701.pdf
TILE.N0000,Annual,2016.0,Annual Report 2015/2016,https://www.cse.lk/upload_report_file/677_1465357396879.pdf
TILE.N0000,Annual,2015.0,Annual Report 2014/2015,https://www.cse.lk/upload_report_file/677_1433506844763.pdf
TILE.N0000,Annual,2014.0,Annual Report 2013/2014,https://www.cse.lk/upload_report_file/677_1401961979.pdf
TILE.N0000,Annual,2013.0,Annual Report 2012/2013,https://www.cse.lk/upload_report_file/677_1377860772.pdf
TILE.N0000,Annual,2012.0, Annual Report  2011/2012,https://www.cse.lk/upload_report_file/677_1343216463692.pdf
LWL.N0000,Annual,2025.0,Annual Report 2024/25,https://www.cse.lk/cmt/upload_report_file/678_1749129285001.pdf
LWL.N0000,Annual,2024.0,Annual Report 2023/24,https://www.cse.lk/cmt/upload_report_file/678_1717516728119.pdf
LWL.N0000,Annual,2023.0,ANNUAL REPORT 2022-2023,https://www.cse.lk/cmt/upload_report_file/678_1686137099970.pdf
LWL.N0000,Annual,2022.0,ANNUAL REPORT 2021/2022,https://www.cse.lk/cmt/upload_report_file/678_1654603994610.pdf
LWL.N0000,Annual,2021.0,Annual Report 2020/21,https://www.cse.lk/cmt/upload_report_file/678_1623120510648.pdf
LWL.N0000,Annual,2020.0,LWL-Annual Report 2019-2020,https://www.cse.lk/cmt/upload_report_file/678_1594206828278.pdf
LWL.N0000,Annual,2019.0,Annual Report 2018/2019,https://www.cse.lk/upload_report_file/678_1560426033407.pdf
LWL.N0000,Annual,2018.0,Annual Report 2017/18,https://www.cse.lk/upload_report_file/678_1528112554798.pdf
LWL.N0000,Annual,2017.0,Annual Report 2016/2017,https://www.cse.lk/upload_report_file/678_1496660485.pdf
LWL.N0000,Annual,2016.0,Annual Report 2015/2016,https://www.cse.lk/upload_report_file/678_1465357310.pdf
LWL.N0000,Annual,2015.0,Interim Financial Statements as at 30-09-2015,https://www.cse.lk/upload_report_file/678_1446607778.pdf
LWL.N0000,Annual,2015.0,Annual Report 2014/2015,https://www.cse.lk/upload_report_file/678_1433506534086.pdf
LWL.N0000,Annual,2014.0,Annual Report 2013/2014,https://www.cse.lk/upload_report_file/678_1401962066.pdf
LWL.N0000,Annual,2013.0,Annual Report 2012/2013,https://www.cse.lk/upload_report_file/678_1378263879.pdf
LWL.N0000,Annual,2012.0,Annual Report for the year ended 31/3/2012,https://www.cse.lk/upload_report_file/678_1346147220475.pdf
LDEV.N0000,Annual,2025.0,Annual Report 2024/2025,https://www.cse.lk/cmt/upload_report_file/446_1754582139586.pdf
LDEV.N0000,Annual,2024.0,Annual Report 2023/24,https://www.cse.lk/cmt/upload_report_file/446_1725244886294.pdf
LDEV.N0000,Annual,2023.0,Annual Report 2022/2023,https://www.cse.lk/cmt/upload_report_file/446_1693562487298.pdf
LDEV.N0000,Annual,2022.0,Annual Report - 2021/2022,https://www.cse.lk/cmt/upload_report_file/446_1661999113682.pdf
LDEV.N0000,Annual,2021.0,Annual Report 2020/21,https://www.cse.lk/cmt/upload_report_file/446_1632715995454.pdf
LDEV.N0000,Annual,2020.0,Annual Report 2019/20,https://www.cse.lk/cmt/upload_report_file/446_1606968123596.pdf
LDEV.N0000,Annual,2019.0,Annual Report  2018/2019,https://www.cse.lk/cmt/upload_report_file/446_1567158542965.pdf
LDEV.N0000,Annual,2018.0,Annual Report 2017/18,https://www.cse.lk/upload_report_file/446_1531309281000.pdf
LDEV.N0000,Annual,2017.0,Annual Financial Report 2016/2017,https://www.cse.lk/upload_report_file/446_1500373073507.pdf
LDEV.N0000,Annual,2016.0,Annual Report 2015/2016,https://www.cse.lk/upload_report_file/446_1470395280.pdf
LDEV.N0000,Annual,2015.0,Annual Report 2014/2015,https://www.cse.lk/upload_report_file/446_1439289598436.pdf
LDEV.N0000,Annual,2014.0,Annual Report 2013/2014,https://www.cse.lk/upload_report_file/446_1402311804039.pdf
LDEV.N0000,Annual,2013.0,Annual Report 2012/2013,https://www.cse.lk/upload_report_file/446_1371035758845.pdf
LDEV.N0000,Annual,2012.0,ANNUAL REPORT 2011/2012,https://www.cse.lk/upload_report_file/446_1338897129777.pdf
LVEN.N0000,Annual,2025.0,Annual Report 2024/2025,https://www.cse.lk/cmt/upload_report_file/377_1756736670910. (1).pdf
LVEN.N0000,Annual,2024.0,Annual Report 2023/24,https://www.cse.lk/cmt/upload_report_file/377_1725245848245.pdf
LVEN.N0000,Annual,2023.0,Annual Report 2022/23,https://www.cse.lk/cmt/upload_report_file/377_1693484781767.pdf
LVEN.N0000,Annual,2022.0,Annual Report for FY 21/22,https://www.cse.lk/cmt/upload_report_file/377_1661941897639.pdf
LVEN.N0000,Annual,2021.0,Annual Report 2020/2021,https://www.cse.lk/cmt/upload_report_file/377_1630492911827.pdf
LVEN.N0000,Annual,2020.0,Annual Report 2019/20,https://www.cse.lk/cmt/upload_report_file/377_1603702937234.pdf
LVEN.N0000,Annual,2019.0,Annual Report 2018/2019,https://www.cse.lk/cmt/upload_report_file/377_1566988467707.pdf
LVEN.N0000,Annual,2018.0,Annual Report 2017/2018,https://www.cse.lk/upload_report_file/377_1535972764418.pdf
LVEN.N0000,Annual,2017.0,Annual Report 2016/2017,https://www.cse.lk/upload_report_file/377_1504090549305.pdf
LVEN.N0000,Annual,2016.0,Annual Report 2015/2016,https://www.cse.lk/upload_report_file/377_1471951694249.pdf
LVEN.N0000,Annual,2015.0,Annual Report 2014/2015,https://www.cse.lk/upload_report_file/377_1440559897421.pdf
LVEN.N0000,Annual,2014.0,Annual Report 2013/2014,https://www.cse.lk/upload_report_file/377_1408613045175.pdf
LVEN.N0000,Annual,2014.0,Audited Financial Statements for the year ended 31 March 2014,https://www.cse.lk/upload_report_file/377_1406711369959.pdf
LVEN.N0000,Annual,2013.0,Annual Report 2012/2013,https://www.cse.lk/upload_report_file/377_1377601615881..pdf
LVEN.N0000,Annual,2013.0,Audited Financial Statements as of 31.03.2013,https://www.cse.lk/upload_report_file/377_1376479235884.pdf
LVEN.N0000,Annual,2012.0,Annual Report 2011/12,https://www.cse.lk/upload_report_file/377_1345116430059.pdf
LCEY.N0000,Annual,2025.0,Annual Report 2024/25,https://www.cse.lk/cmt/upload_report_file/497_1755485820367.pdf
LCEY.N0000,Annual,2024.0,Annual Report 2023/24,https://www.cse.lk/cmt/upload_report_file/497_1725249953775.pdf
LCEY.N0000,Annual,2023.0,Annual Report 2022/2023,https://www.cse.lk/cmt/upload_report_file/497_1693540242747.pdf
LCEY.N0000,Annual,2022.0,Annual Report 2021/2022,https://www.cse.lk/cmt/upload_report_file/497_1662002226733.pdf
LCEY.N0000,Annual,2021.0,Annual Report 2020/21,https://www.cse.lk/cmt/upload_report_file/497_1633056628348.pdf
LCEY.N0000,Annual,2020.0,Annual Report 2019/2020,https://www.cse.lk/cmt/upload_report_file/497_1607082605563.pdf
LCEY.N0000,Annual,2019.0,Annual Report  2018/2019,https://www.cse.lk/cmt/upload_report_file/497_1567165006025.pdf
LCEY.N0000,Annual,2018.0,Annual Financial Report  2017/2018,https://www.cse.lk/upload_report_file/497_1531476988896.pdf
LCEY.N0000,Annual,2017.0,Annual Financial Report 2016/2017,https://www.cse.lk/upload_report_file/497_1501494797848.07.2017.pdf
LCEY.N0000,Annual,2016.0,Annual Financial Report 2015/2016,https://www.cse.lk/upload_report_file/497_1471252771848.pdf
LCEY.N0000,Annual,2015.0,Annual Report 2014/2015,https://www.cse.lk/upload_report_file/497_1441017555184.PDF
LCEY.N0000,Annual,2014.0,Annual Report 2013/2014,https://www.cse.lk/upload_report_file/497_1407325920969.pdf
LCEY.N0000,Annual,2013.0,Annual Report 2012 / 2013,https://www.cse.lk/upload_report_file/497_1376560252685.pdf
LCEY.N0000,Annual,2012.0,ANNUAL REPORT 2011/2012,https://www.cse.lk/upload_report_file/497_1338896933473.pdf
LPL.X0000,Annual,2025.0,Annual Report for the Financial Year ended 31.03.2025,https://www.cse.lk/cmt/upload_report_file/1930_1755257358116.pdf
LPL.X0000,Annual,2024.0,Annual Report for the Financial Year ended 31.03.2024,https://www.cse.lk/cmt/upload_report_file/1930_1719370837092.pdf
LPL.X0000,Annual,2023.0,Annual Report for the Financial Year ended 31.03.2023,https://www.cse.lk/cmt/upload_report_file/1930_1692954258602.pdf
LPL.X0000,Annual,2022.0,Annual Report 2021/22,https://www.cse.lk/cmt/upload_report_file/1930_1662364350307.pdf
LPL.X0000,Annual,2021.0,Annual Report for the financial year ended 31st March 2021,https://www.cse.lk/cmt/upload_report_file/1930_1630466874504.pdf
LPL.X0000,Annual,2020.0,Annual Report for the financial year ended 31st March 2020,https://www.cse.lk/cmt/upload_report_file/1930_1602132968758.pdf
LGL.X0000,Annual,2025.0,Annual Report for 2024/25,https://www.cse.lk/cmt/upload_report_file/1020_1755226669182.pdf
LGL.X0000,Annual,2024.0,Annual Report for 2023/24,https://www.cse.lk/cmt/upload_report_file/1020_1719372493877.pdf
LGL.X0000,Annual,2023.0,Annual Report for 2022/23,https://www.cse.lk/cmt/upload_report_file/1020_1693191622558.pdf
LGL.X0000,Annual,2022.0,Annual Report 2021/2022,https://www.cse.lk/cmt/upload_report_file/1020_1662377476848.pdf
LGL.X0000,Annual,2021.0,Annual Report for the financial year ended 31st March 2021,https://www.cse.lk/cmt/upload_report_file/1020_1630467034164.pdf
LGL.X0000,Annual,2020.0,Annual Report for the financial year ended 31st March 2020,https://www.cse.lk/cmt/upload_report_file/1020_1602133006897.pdf
LGL.X0000,Annual,2019.0,Annual Report for the financial year ended 31st March 2019,https://www.cse.lk/upload_report_file/1020_1564995886359.pdf
LGL.X0000,Annual,2018.0,Annual Report 2017/18,https://www.cse.lk/upload_report_file/1020_1528194051996.pdf
LGL.X0000,Annual,2017.0,Annual Report 2016/2017,https://www.cse.lk/upload_report_file/1020_1496657316.pdf
LGL.X0000,Annual,2016.0,Annual Report 2015/2016,https://www.cse.lk/upload_report_file/1020_1465362227923.pdf
LGL.X0000,Annual,2015.0,Annual Report 2014/2015,https://www.cse.lk/upload_report_file/1020_1433755220.pdf
LGL.X0000,Annual,2014.0,Annual Report 2013/2014,https://www.cse.lk/upload_report_file/1020_1401446992666.pdf
LGL.X0000,Annual,2013.0,Annual Report 2012 / 2013,https://www.cse.lk/upload_report_file/1020_1370517211291.pdf
LGL.X0000,Annual,2012.0,Annual Report 2011/2012,https://www.cse.lk/upload_report_file/1020_1346150712.pdf
LGL.X0000,Annual,2012.0,Audited financial statements as of 31-03-2012,https://www.cse.lk/upload_report_file/1020_1343390537222.PDF
LPL.N0000,Annual,2025.0,Annual Report for the Financial Year ended 31.03.2025,https://www.cse.lk/cmt/upload_report_file/1930_1755257358116.pdf
LPL.N0000,Annual,2024.0,Annual Report for the Financial Year ended 31.03.2024,https://www.cse.lk/cmt/upload_report_file/1930_1719370837092.pdf
LPL.N0000,Annual,2023.0,Annual Report for the Financial Year ended 31.03.2023,https://www.cse.lk/cmt/upload_report_file/1930_1692954258602.pdf
LPL.N0000,Annual,2022.0,Annual Report 2021/22,https://www.cse.lk/cmt/upload_report_file/1930_1662364350307.pdf
LPL.N0000,Annual,2021.0,Annual Report for the financial year ended 31st March 2021,https://www.cse.lk/cmt/upload_report_file/1930_1630466874504.pdf
LPL.N0000,Annual,2020.0,Annual Report for the financial year ended 31st March 2020,https://www.cse.lk/cmt/upload_report_file/1930_1602132968758.pdf
LGL.N0000,Annual,2025.0,Annual Report for 2024/25,https://www.cse.lk/cmt/upload_report_file/1020_1755226669182.pdf
LGL.N0000,Annual,2024.0,Annual Report for 2023/24,https://www.cse.lk/cmt/upload_report_file/1020_1719372493877.pdf
LGL.N0000,Annual,2023.0,Annual Report for 2022/23,https://www.cse.lk/cmt/upload_report_file/1020_1693191622558.pdf
LGL.N0000,Annual,2022.0,Annual Report 2021/2022,https://www.cse.lk/cmt/upload_report_file/1020_1662377476848.pdf
LGL.N0000,Annual,2021.0,Annual Report for the financial year ended 31st March 2021,https://www.cse.lk/cmt/upload_report_file/1020_1630467034164.pdf
LGL.N0000,Annual,2020.0,Annual Report for the financial year ended 31st March 2020,https://www.cse.lk/cmt/upload_report_file/1020_1602133006897.pdf
LGL.N0000,Annual,2019.0,Annual Report for the financial year ended 31st March 2019,https://www.cse.lk/upload_report_file/1020_1564995886359.pdf
LGL.N0000,Annual,2018.0,Annual Report 2017/18,https://www.cse.lk/upload_report_file/1020_1528194051996.pdf
LGL.N0000,Annual,2017.0,Annual Report 2016/2017,https://www.cse.lk/upload_report_file/1020_1496657316.pdf
LGL.N0000,Annual,2016.0,Annual Report 2015/2016,https://www.cse.lk/upload_report_file/1020_1465362227923.pdf
LGL.N0000,Annual,2015.0,Annual Report 2014/2015,https://www.cse.lk/upload_report_file/1020_1433755220.pdf
LGL.N0000,Annual,2014.0,Annual Report 2013/2014,https://www.cse.lk/upload_report_file/1020_1401446992666.pdf
LGL.N0000,Annual,2013.0,Annual Report 2012 / 2013,https://www.cse.lk/upload_report_file/1020_1370517211291.pdf
LGL.N0000,Annual,2012.0,Annual Report 2011/2012,https://www.cse.lk/upload_report_file/1020_1346150712.pdf
LGL.N0000,Annual,2012.0,Audited financial statements as of 31-03-2012,https://www.cse.lk/upload_report_file/1020_1343390537222.PDF
LITE.N0000,Annual,2025.0,Annual Report 2024/2025,https://www.cse.lk/cmt/upload_report_file/498_1751625984952.pdf
LITE.N0000,Annual,2024.0,Annual Report 2023/2024,https://www.cse.lk/cmt/upload_report_file/498_1724987885723.pdf
LITE.N0000,Annual,2023.0,Annual Report 2022/2023,https://www.cse.lk/cmt/upload_report_file/498_1693538273798.pdf
LITE.N0000,Annual,2022.0,Annual Report 2021/2022,https://www.cse.lk/cmt/upload_report_file/498_1661937861568.pdf
LITE.N0000,Annual,2021.0,Annual Report 2020/21,https://www.cse.lk/cmt/upload_report_file/498_1632997138798.pdf
LITE.N0000,Annual,2020.0,Annual Report 2019/2020,https://www.cse.lk/cmt/upload_report_file/498_1602753337007.pdf
LITE.N0000,Annual,2019.0,Annual Report 2018/2019,https://www.cse.lk/cmt/upload_report_file/498_1567163645463.pdf
LITE.N0000,Annual,2018.0,Annual Report 2017/2018,https://www.cse.lk/upload_report_file/498_1530868750960.pdf
LITE.N0000,Annual,2017.0,Annual Financial Report 2016/2017,https://www.cse.lk/upload_report_file/498_1496052438707.pdf
LITE.N0000,Annual,2016.0,Annual Report 2015/2016,https://www.cse.lk/upload_report_file/498_1465298459386.pdf
LITE.N0000,Annual,2015.0,Annual  Report 2014/2015,https://www.cse.lk/upload_report_file/498_1433763195273.pdf
LITE.N0000,Annual,2014.0,Annual Report 2013/2014,https://www.cse.lk/upload_report_file/498_1401881718176.pdf
LITE.N0000,Annual,2013.0,Annual Report 2012/2013,https://www.cse.lk/upload_report_file/498_1370427161835.pdf
LITE.N0000,Annual,2012.0,ANNUAL REPORT 2011/2012,https://www.cse.lk/upload_report_file/498_1338887417255.pdf
SHAW.N0000,Annual,2025.0,Annual Report 2024/2025,https://www.cse.lk/cmt/upload_report_file/632_1756722522610.pdf
SHAW.N0000,Annual,2024.0,Annual Report 2023/2024,https://www.cse.lk/cmt/upload_report_file/632_1724758746631.pdf
SHAW.N0000,Annual,2023.0,Annual Report 2022/2023,https://www.cse.lk/cmt/upload_report_file/632_1693474086347.pdf
SHAW.N0000,Annual,2022.0,Annual Financial Report 2021/2022,https://www.cse.lk/cmt/upload_report_file/632_1661936630912.08.31.pdf
SHAW.N0000,Annual,2021.0,Annual Report 2020/2021,https://www.cse.lk/cmt/upload_report_file/632_1630400572169.pdf
SHAW.N0000,Annual,2020.0,Annual Report 2019/20,https://www.cse.lk/cmt/upload_report_file/632_1600078896865.pdf
SHAW.N0000,Annual,2019.0,Annual Financial Report 2018/2019,https://www.cse.lk/cmt/upload_report_file/632_1566896977490.pdf
SHAW.N0000,Annual,2018.0,Annual Report 2017/2018,https://www.cse.lk/upload_report_file/632_1535707921679.pdf
SHAW.N0000,Annual,2017.0,Annual Report 2016/2017,https://www.cse.lk/upload_report_file/632_1504170695032.PDF
SHAW.N0000,Annual,2016.0,Annual Report 2015/2016,https://www.cse.lk/upload_report_file/632_1472786794345.pdf
SHAW.N0000,Annual,2015.0,Annual Report 2014/2015,https://www.cse.lk/upload_report_file/632_1441019606123.pdf
SHAW.N0000,Annual,2014.0,Annual Report 2013/2014,https://www.cse.lk/upload_report_file/632_1409740650835.pdf
SHAW.N0000,Annual,2013.0,Annual Report 2012/2013,https://www.cse.lk/upload_report_file/632_1378290354.pdf
SHAW.N0000,Annual,2012.0,ANNUAL REPORT 2011/2012,https://www.cse.lk/upload_report_file/632_1346673831.pdf
LION.N0000,Annual,2025.0,Annual Report 2024/2025,https://www.cse.lk/cmt/upload_report_file/485_1751536384397.pdf
LION.N0000,Annual,2024.0,Annual Report 2023/2024,https://www.cse.lk/cmt/upload_report_file/485_1718185988842.pdf
LION.N0000,Annual,2023.0,Annual Report 2022/23,https://www.cse.lk/cmt/upload_report_file/485_1687429136505.pdf
LION.N0000,Annual,2022.0,Annual Report 2021/22,https://www.cse.lk/cmt/upload_report_file/485_1657531917559.pdf
LION.N0000,Annual,2021.0,Annual Report 2020/21,https://www.cse.lk/cmt/upload_report_file/485_1626777762834.pdf
LION.N0000,Annual,2020.0,Annual Report for the year 2019/20,https://www.cse.lk/cmt/upload_report_file/485_1597401276029.pdf
LION.N0000,Annual,2019.0,Annual Report 2018/19,https://www.cse.lk/upload_report_file/485_1561542655852.pdf
LION.N0000,Annual,2018.0,Annual Report 2017/18,https://www.cse.lk/upload_report_file/485_1530177526367.pdf
LION.N0000,Annual,2017.0,Annual Report 2016/17,https://www.cse.lk/upload_report_file/485_1498646176959.pdf
LION.N0000,Annual,2016.0,Annual Report 2015/16,https://www.cse.lk/upload_report_file/485_1466764419626.pdf
LION.N0000,Annual,2015.0,Annual Report 2014/15,https://www.cse.lk/upload_report_file/485_1435663665772.pdf
LION.N0000,Annual,2014.0,Annual Report 2013/2014,https://www.cse.lk/upload_report_file/485_1404214616877.pdf
LION.N0000,Annual,2013.0,Annual Report 2012 / 2013,https://www.cse.lk/upload_report_file/485_1368615165364.pdf
LION.N0000,Annual,2012.0,Annual Report 2011/2012,https://www.cse.lk/upload_report_file/485_1337169521701.pdf
LION.N0000,Annual,2012.0,Annual Report 2011/2012,https://www.cse.lk/upload_report_file/485_1337169393158.pdf
LGIL.N0000,Annual,2025.0,Annual Report 2024,https://www.cse.lk/cmt/upload_report_file/2693_1748611166327.pdf
LGIL.N0000,Annual,2023.0,Annual Report 2023,https://www.cse.lk/cmt/upload_report_file/2693_1716983248100.pdf
LGIL.N0000,Annual,2022.0,Annual Report 2022,https://www.cse.lk/cmt/upload_report_file/2693_1686018691174.pdf
LGIL.N0000,Annual,2022.0,Audited Financial Statements as at 31st December 2022,https://www.cse.lk/cmt/upload_report_file/2693_1685010842739.12.2022.pdf
LGIL.N0000,Annual,2021.0,Annual Report 2021,https://www.cse.lk/cmt/upload_report_file/2693_1654502585008.06.202.pdf
LGIL.N0000,Annual,2021.0,Audited Financial Statements as at 31st December 2021,https://www.cse.lk/cmt/upload_report_file/2693_1651638956801.pdf
LOFC.N0000,Annual,2025.0,Annual Report 2024/2025,https://www.cse.lk/cmt/upload_report_file/1073_1756460835256.pdf
LOFC.N0000,Annual,2025.0,Annual Audited Financial Statements as of 03/31/2025,https://www.cse.lk/cmt/upload_report_file/1073_1751254512522.pdf
LOFC.N0000,Annual,2024.0,Annual Report 2023/2024,https://www.cse.lk/cmt/upload_report_file/1073_1725010025209.pdf
LOFC.N0000,Annual,2024.0,Annual Audited Financial Statements as of 03/31/2024,https://www.cse.lk/cmt/upload_report_file/1073_1719545725539.03.2024.pdf
LOFC.N0000,Annual,2023.0,ANNUAL REPORT FOR 2022/2023,https://www.cse.lk/cmt/upload_report_file/1073_1693539154540.pdf
LOFC.N0000,Annual,2023.0,Annual Audited Financial Statements as of 03/31/2023,https://www.cse.lk/cmt/upload_report_file/1073_1688108327036.03.2023.pdf
LOFC.N0000,Annual,2022.0,Annual Report 2021/22,https://www.cse.lk/cmt/upload_report_file/1073_1662005277638.pdf
LOFC.N0000,Annual,2022.0,Annual Audited Financial Statements as of 03/31/2022,https://www.cse.lk/cmt/upload_report_file/1073_1656582179082.pdf
LOFC.N0000,Annual,2021.0,Annual Report 2020/21,https://www.cse.lk/cmt/upload_report_file/1073_1630415567641.pdf
LOFC.N0000,Annual,2021.0,Annual Audited Financial Statements as of 03/31/2021,https://www.cse.lk/cmt/upload_report_file/1073_1624964404071.pdf
LOFC.N0000,Annual,2020.0,ANNUAL REPORT OF THE COMPANY FOR 2019/20,https://www.cse.lk/cmt/upload_report_file/1073_1604481078883.pdf
LOFC.N0000,Annual,2020.0,Audited Financial Statements as of 31-03-2020,https://www.cse.lk/cmt/upload_report_file/1073_1593492576888.pdf
LOFC.N0000,Annual,2019.0,Annual Report for the period ended 03/31/2019,https://www.cse.lk/cmt/upload_report_file/1073_1566902665432.pdf
LOFC.N0000,Annual,2019.0,Audited Financial Statements as of 31-03-2019,https://www.cse.lk/upload_report_file/1073_1561948352878.pdf
LOFC.N0000,Annual,2018.0,Annual Report as of 03/31/2018,https://www.cse.lk/upload_report_file/1073_1535706435870.pdf
LOFC.N0000,Annual,2018.0,Audited Financial Statements as of 31st March 2018,https://www.cse.lk/upload_report_file/1073_1530266214915.pdf
LOFC.N0000,Annual,2017.0,Annual Report 2016/17,https://www.cse.lk/upload_report_file/1073_1503891470946.pdf
LOFC.N0000,Annual,2017.0,Audited Financial Statements as at 31-03-2017,https://www.cse.lk/upload_report_file/1073_1498715420639.pdf
LOFC.N0000,Annual,2016.0,Annual Report 2015/2016,https://www.cse.lk/upload_report_file/1073_1471262831941.pdf
LOFC.N0000,Annual,2016.0,Audited Financial Statements as of 03/31/2016,https://www.cse.lk/upload_report_file/1073_1465814328489.pdf
LOFC.N0000,Annual,2015.0,Annual Report 2014/2015,https://www.cse.lk/upload_report_file/1073_1438601264.pdf
LOFC.N0000,Annual,2015.0,Audited Financial Statements as of 03/31/2015,https://www.cse.lk/upload_report_file/1073_1435577059511.pdf
LOFC.N0000,Annual,2014.0,Annual Report 2013/2014,https://www.cse.lk/upload_report_file/1073_1409311978264.pdf
LOFC.N0000,Annual,2014.0,Audited Financial Statements as at 31-03-2014,https://www.cse.lk/upload_report_file/1073_1404102039722.3.2014.pdf
LOFC.N0000,Annual,2013.0,Annual Report 2012/2013,https://www.cse.lk/upload_report_file/1073_1376910486.pdf
LOFC.N0000,Annual,2013.0,Audited Financial Statements as at 31-03-2013,https://www.cse.lk/upload_report_file/1073_1372650046.pdf
LOFC.N0000,Annual,2012.0,Annual Report 2011/2012,https://www.cse.lk/upload_report_file/1073_1346065586.pdf
LOFC.N0000,Annual,2012.0,Audited Financial Statements as at 31-03-2012,https://www.cse.lk/upload_report_file/1073_1340882216964.pdf
LOLC.N0000,Annual,2025.0,ANNUAL REPORT FOR 2024/2025,https://www.cse.lk/cmt/upload_report_file/378_1756693895745.pdf
LOLC.N0000,Annual,2024.0,ANNUAL REPORT FOR 2023/2024,https://www.cse.lk/cmt/upload_report_file/378_1725244594889.pdf
LOLC.N0000,Annual,2023.0,ANNUAL REPORT FOR 2022/2023,https://www.cse.lk/cmt/upload_report_file/378_1693915346268.pdf
LOLC.N0000,Annual,2022.0,ANNUAL REPORT FOR 2021/2022,https://www.cse.lk/cmt/upload_report_file/378_1662038267890.pdf
LOLC.N0000,Annual,2021.0,Annual Report 2020/21,https://www.cse.lk/cmt/upload_report_file/378_1630468136333.pdf
LOLC.N0000,Annual,2020.0,ANNUAL REPORT FOR THE YEAR 2019/2020,https://www.cse.lk/cmt/upload_report_file/378_1604537479166.pdf
LOLC.N0000,Annual,2019.0,Annual Report 2018/2019,https://www.cse.lk/cmt/upload_report_file/378_1566990256891.pdf
LOLC.N0000,Annual,2018.0,Annual Report as of 03/31/2018,https://www.cse.lk/upload_report_file/378_1535706208376.pdf
LOLC.N0000,Annual,2017.0,Annual Report 2016/17,https://www.cse.lk/upload_report_file/378_1503891596364.pdf
LOLC.N0000,Annual,2016.0,Annual Report 2015/2016,https://www.cse.lk/upload_report_file/378_1471262727405.pdf
LOLC.N0000,Annual,2015.0,Annual Report 2014/2015,https://www.cse.lk/upload_report_file/378_1438600298117.pdf
LOLC.N0000,Annual,2014.0,Annual Report 2013/2014,https://www.cse.lk/upload_report_file/378_1409311922117.pdf
LOLC.N0000,Annual,2013.0,Annual Report 2012/2013,https://www.cse.lk/upload_report_file/378_1376910403.pdf
LOLC.N0000,Annual,2012.0,Annual Report 2011/2012,https://www.cse.lk/upload_report_file/378_1346065352.pdf
HPFL.N0000,Annual,2025.0,Annual Report 2024/2025,https://www.cse.lk/cmt/upload_report_file/1000_1755507968249.pdf
HPFL.N0000,Annual,2024.0,Annual Report 2023/2024,https://www.cse.lk/cmt/upload_report_file/1000_1724835974936.pdf
HPFL.N0000,Annual,2023.0,Annual Report 2022/2023,https://www.cse.lk/cmt/upload_report_file/1000_1693302574079.pdf
HPFL.N0000,Annual,2022.0,Annual Report 2021/2022,https://www.cse.lk/cmt/upload_report_file/1000_1661936621298.pdf
HPFL.N0000,Annual,2021.0, Annual Report 2020/2021,https://www.cse.lk/cmt/upload_report_file/1000_1629797319334.pdf
HPFL.N0000,Annual,2020.0,Annual Report 2019/2020,https://www.cse.lk/cmt/upload_report_file/1000_1606990757865.pdf
HPFL.N0000,Annual,2019.0,Annual Report 2018/2019,https://www.cse.lk/cmt/upload_report_file/1000_1566465495684.pdf
HPFL.N0000,Annual,2018.0,Annual Report 2017/2018,https://www.cse.lk/upload_report_file/1000_1535626635143.pdf
HPFL.N0000,Annual,2017.0,Annual Report 2016/2017,https://www.cse.lk/upload_report_file/1000_1504090079.pdf
HPFL.N0000,Annual,2016.0,Annual Report - 2015/2016,https://www.cse.lk/upload_report_file/1000_1472637043082.pdf
HPFL.N0000,Annual,2015.0,Annual Report 2014/2015,https://www.cse.lk/upload_report_file/1000_1441015711585.pdf
HPFL.N0000,Annual,2014.0,Annual Report 2013/2014,https://www.cse.lk/upload_report_file/1000_1409304245063.pdf
HPFL.N0000,Annual,2013.0,Annual Report 2012/2013,https://www.cse.lk/upload_report_file/1000_1377853981863.pdf
HPFL.N0000,Annual,2012.0,Annual Report 2011/2012 ,https://www.cse.lk/upload_report_file/1000_1346318593109.pdf
LVEF.N0000,Annual,2025.0,Annual Report 2024/25,https://www.cse.lk/cmt/upload_report_file/1707_1756695459763.pdf
LVEF.N0000,Annual,2024.0,Annual Report 2023/2024,https://www.cse.lk/cmt/upload_report_file/1707_1725245836497.pdf
LVEF.N0000,Annual,2023.0,Annual Report 2022/23,https://www.cse.lk/cmt/upload_report_file/1707_1693484424863.pdf
LVEF.N0000,Annual,2022.0,Annual Report for FY 21/22,https://www.cse.lk/cmt/upload_report_file/1707_1661942064106.pdf
LVEF.N0000,Annual,2021.0,Annual Report 2020/21,https://www.cse.lk/cmt/upload_report_file/1707_1630490068673.pdf
LVEF.N0000,Annual,2020.0,Annual Report 2019/20,https://www.cse.lk/cmt/upload_report_file/1707_1603702801107.pdf
LVEF.N0000,Annual,2019.0,Annual Report 2018/2019,https://www.cse.lk/cmt/upload_report_file/1707_1566988390303.pdf
LVEF.N0000,Annual,2018.0,Annual Report 2017/2018,https://www.cse.lk/upload_report_file/1707_1534763440984.pdf
LUMX.N0000,Annual,2025.0,Annual Report 2024/25,https://www.cse.lk/cmt/upload_report_file/2790_1754045892433.pdf
LUMX.N0000,Annual,2024.0,Annual Report 2023/24,https://www.cse.lk/cmt/upload_report_file/2790_1722310564925.pdf
LUMX.N0000,Annual,2023.0,Annual Report 2022/23,https://www.cse.lk/cmt/upload_report_file/2790_1693303323887.pdf
LUMX.N0000,Annual,2022.0,Annual Report 2021-2022,https://www.cse.lk/cmt/upload_report_file/2790_1661938122866.pdf
MADU.N0000,Annual,2024.0,ANNUAL REPORT 2024,https://www.cse.lk/cmt/upload_report_file/721_1748401187674.pdf
MADU.N0000,Annual,2023.0,Annual Report 2023,https://www.cse.lk/cmt/upload_report_file/721_1717147054587.pdf
MADU.N0000,Annual,2022.0,Annual Report 2022,https://www.cse.lk/cmt/upload_report_file/721_1685934016076.pdf
MADU.N0000,Annual,2021.0,Annual Report 2021,https://www.cse.lk/cmt/upload_report_file/721_1654169678664.pdf
MADU.N0000,Annual,2020.0,Annual Report 2020,https://www.cse.lk/cmt/upload_report_file/721_1624419959253.pdf
MADU.N0000,Annual,2019.0,Annual Report 2019,https://www.cse.lk/cmt/upload_report_file/721_1598609644438.pdf
MADU.N0000,Annual,,Annual Report 2018,https://www.cse.lk/upload_report_file/721_1559530173.pdf
MADU.N0000,Annual,2017.0,Annual Report 2017,https://www.cse.lk/upload_report_file/721_1527735419454.pdf
MADU.N0000,Annual,2016.0,ANNUAL REPORT - 2016,https://www.cse.lk/upload_report_file/721_1495789916802.pdf
MADU.N0000,Annual,2016.0,Audited Financial Statements as of 31-12-2016,https://www.cse.lk/upload_report_file/721_1495712152.pdf
MADU.N0000,Annual,2015.0,ANNUAL REPORT - 2015 ,https://www.cse.lk/upload_report_file/721_1464089640974.pdf
MADU.N0000,Annual,2015.0,Audited Financial Statements as at 31st December 2015 ,https://www.cse.lk/upload_report_file/721_1463661960820.pdf
MADU.N0000,Annual,2014.0,Audited Financial Statements as at 31-12-2014,https://www.cse.lk/upload_report_file/721_1432633368134.pdf
MADU.N0000,Annual,2014.0,ANNUAL REPORT - 2014,https://www.cse.lk/upload_report_file/721_1432288521117.pdf
MADU.N0000,Annual,2013.0,ANNUAL REPORT - 2013,https://www.cse.lk/upload_report_file/721_1400837116614.pdf
MADU.N0000,Annual,2013.0,Audited Financial Statements as at 31-12-2013,https://www.cse.lk/upload_report_file/721_1399286783.pdf
MADU.N0000,Annual,2012.0,Annual Report 2012,https://www.cse.lk/upload_report_file/721_1370343410.pdf
MFPE.N0000,Annual,2025.0,Amended Annual Report 2024/25,https://www.cse.lk/cmt/upload_report_file/3178_1761103331773.pdf
MFPE.N0000,Annual,2025.0,Annual Report 2024/25,https://www.cse.lk/cmt/upload_report_file/3178_1761015331527.pdf
MFPE.N0000,Annual,2024.0,Annual Report 2023/24,https://www.cse.lk/cmt/upload_report_file/3178_1732589705297.pdf
MCPL.N0000,Annual,2025.0,Annual Report 2024/2025,https://www.cse.lk/cmt/upload_report_file/1907_1756729586293.pdf
MCPL.N0000,Annual,2024.0,Annual Report 2023/2024,https://www.cse.lk/cmt/upload_report_file/1907_1725246084152.pdf
MCPL.N0000,Annual,2023.0,Annual Report 2022/2023,https://www.cse.lk/cmt/upload_report_file/1907_1693451943134.pdf
MCPL.N0000,Annual,2022.0,Annual Report 2021/2022,https://www.cse.lk/cmt/upload_report_file/1907_1661916567118.pdf
MCPL.N0000,Annual,2021.0,Annual Report 2020/21,https://www.cse.lk/cmt/upload_report_file/1907_1630465116695.pdf
MCPL.N0000,Annual,2020.0,Annual Report 2019/2020,https://www.cse.lk/cmt/upload_report_file/1907_1602131650054.pdf
MCPL.N0000,Annual,2019.0,Annual Report 2018/2019,https://www.cse.lk/cmt/upload_report_file/1907_1567071252612.pdf
MAL.N0000,Annual,2024.0,Annual Report 2024,https://www.cse.lk/cmt/upload_report_file/722_1748832243941.pdf
MAL.N0000,Annual,2023.0,Annual Report 2023,https://www.cse.lk/cmt/upload_report_file/722_1716973646502.pdf
MAL.N0000,Annual,2022.0,Annual Report 2022,https://www.cse.lk/cmt/upload_report_file/722_1685525794124.pdf
MAL.N0000,Annual,2021.0,Annual Report 2021,https://www.cse.lk/cmt/upload_report_file/722_1654051095993.pdf
MAL.N0000,Annual,2020.0,Annual Report 2020,https://www.cse.lk/cmt/upload_report_file/722_1625107053938.pdf
MAL.N0000,Annual,2019.0,Annual Report 2019,https://www.cse.lk/cmt/upload_report_file/722_1594178750949.pdf
MAL.N0000,Annual,,Annual Report 2018,https://www.cse.lk/upload_report_file/722_1559644606.pdf
MAL.N0000,Annual,2017.0,Annual Report 2017,https://www.cse.lk/upload_report_file/722_1528112223027.pdf
MAL.N0000,Annual,2016.0,Annual Report 2016,https://www.cse.lk/upload_report_file/722_1496319472.pdf
MAL.N0000,Annual,2016.0,Audited Financial Statements as of 31-12-2016,https://www.cse.lk/upload_report_file/722_1495016248.pdf
MAL.N0000,Annual,2016.0,Annual Report 2015,https://www.cse.lk/upload_report_file/722_1465209834066.pdf
MAL.N0000,Annual,2015.0,Annual Report 2014,https://www.cse.lk/upload_report_file/722_1433329001365.pdf
MAL.N0000,Annual,2013.0,Audited Financial Statements as at 31-12-2013 ,https://www.cse.lk/upload_report_file/722_1401187549457.pdf
MAL.N0000,Annual,2013.0,Annual Report 2013,https://www.cse.lk/upload_report_file/722_1400491547530.pdf
MAL.N0000,Annual,2012.0,Annual Report 2012,https://www.cse.lk/upload_report_file/722_1369653479.pdf
MAL.X0000,Annual,2024.0,Annual Report 2024,https://www.cse.lk/cmt/upload_report_file/722_1748832243941.pdf
MAL.X0000,Annual,2023.0,Annual Report 2023,https://www.cse.lk/cmt/upload_report_file/722_1716973646502.pdf
MAL.X0000,Annual,2022.0,Annual Report 2022,https://www.cse.lk/cmt/upload_report_file/722_1685525794124.pdf
MAL.X0000,Annual,2021.0,Annual Report 2021,https://www.cse.lk/cmt/upload_report_file/722_1654051095993.pdf
MAL.X0000,Annual,2020.0,Annual Report 2020,https://www.cse.lk/cmt/upload_report_file/722_1625107053938.pdf
MAL.X0000,Annual,2019.0,Annual Report 2019,https://www.cse.lk/cmt/upload_report_file/722_1594178750949.pdf
MAL.X0000,Annual,,Annual Report 2018,https://www.cse.lk/upload_report_file/722_1559644606.pdf
MAL.X0000,Annual,2017.0,Annual Report 2017,https://www.cse.lk/upload_report_file/722_1528112223027.pdf
MAL.X0000,Annual,2016.0,Annual Report 2016,https://www.cse.lk/upload_report_file/722_1496319472.pdf
MAL.X0000,Annual,2016.0,Audited Financial Statements as of 31-12-2016,https://www.cse.lk/upload_report_file/722_1495016248.pdf
MAL.X0000,Annual,2016.0,Annual Report 2015,https://www.cse.lk/upload_report_file/722_1465209834066.pdf
MAL.X0000,Annual,2015.0,Annual Report 2014,https://www.cse.lk/upload_report_file/722_1433329001365.pdf
MAL.X0000,Annual,2013.0,Audited Financial Statements as at 31-12-2013 ,https://www.cse.lk/upload_report_file/722_1401187549457.pdf
MAL.X0000,Annual,2013.0,Annual Report 2013,https://www.cse.lk/upload_report_file/722_1400491547530.pdf
MAL.X0000,Annual,2012.0,Annual Report 2012,https://www.cse.lk/upload_report_file/722_1369653479.pdf
MRH.N0000,Annual,2025.0,ANNUAL REPORT 2024/2025,https://www.cse.lk/cmt/upload_report_file/563_1756694001711.pdf
MRH.N0000,Annual,2024.0,ANNUAL REPORT 2023/2024,https://www.cse.lk/cmt/upload_report_file/563_1724988863346.pdf
MRH.N0000,Annual,2023.0,Annual Report 2022/2023,https://www.cse.lk/cmt/upload_report_file/563_1693513357300.pdf
MRH.N0000,Annual,2022.0,ERRATA ON ANNUAL REPORT 2021/2022,https://www.cse.lk/cmt/upload_report_file/563_1663124990522.pdf
MRH.N0000,Annual,2022.0,ANNUAL REPORT 2021/2022,https://www.cse.lk/cmt/upload_report_file/563_1662003099925.pdf
MRH.N0000,Annual,2021.0,Annual Report 2020/21,https://www.cse.lk/cmt/upload_report_file/563_1630463893844.pdf
MRH.N0000,Annual,2020.0,Annual Report 2019/2020,https://www.cse.lk/cmt/upload_report_file/563_1599477055864.pdf
MRH.N0000,Annual,2019.0,Annual Report 2018/2019,https://www.cse.lk/cmt/upload_report_file/563_1567163903327.pdf
MRH.N0000,Annual,2018.0,Annual Report 2017/2018,https://www.cse.lk/upload_report_file/563_1535368216653.pdf
MRH.N0000,Annual,2017.0,Annual Report 2016/2017,https://www.cse.lk/upload_report_file/563_1504004218.pdf
MRH.N0000,Annual,2016.0,Annual Report 2015/2016,https://www.cse.lk/upload_report_file/563_1472470086075.pdf
MRH.N0000,Annual,2015.0,Annual Report 2014/2015,https://www.cse.lk/upload_report_file/563_1440754438462.pdf
MRH.N0000,Annual,2014.0,Annual Report 2013/2014,https://www.cse.lk/upload_report_file/563_1409314398106.pdf
MRH.N0000,Annual,2013.0,Annual Report 2012/2013,https://www.cse.lk/upload_report_file/563_1377773345815.pdf
MRH.N0000,Annual,2012.0,Annual Report 2011-2012,https://www.cse.lk/upload_report_file/563_1346641928325.pdf
MARA.N0000,Annual,2025.0,Annual Report 2024/2025,https://www.cse.lk/cmt/upload_report_file/564_1750388135351.pdf
MARA.N0000,Annual,2024.0,Annual Report  2023/2024,https://www.cse.lk/cmt/upload_report_file/564_1724296374027.pdf
MARA.N0000,Annual,2023.0,Annual Report 2022/2023,https://www.cse.lk/cmt/upload_report_file/564_1693452738838.pdf
MARA.N0000,Annual,2022.0,Annual Report - 2021/2022,https://www.cse.lk/cmt/upload_report_file/564_1662001857362.pdf
MARA.N0000,Annual,2021.0,Annual Report 2020/21,https://www.cse.lk/cmt/upload_report_file/564_1632715588540.pdf
MARA.N0000,Annual,2020.0,Annual Report 2019/2020,https://www.cse.lk/cmt/upload_report_file/564_1601630242772.pdf
MARA.N0000,Annual,2019.0,Annual Report  2018/2019,https://www.cse.lk/cmt/upload_report_file/564_1567156471768.pdf
MARA.N0000,Annual,2018.0,Annual Financial Report  2017/2018,https://www.cse.lk/upload_report_file/564_1531128260279.pdf
MARA.N0000,Annual,2017.0,Annual Report 2016/2017,https://www.cse.lk/upload_report_file/564_1497004899034.pdf
MARA.N0000,Annual,2016.0,Annual Report 2015/2016,https://www.cse.lk/upload_report_file/564_1470138019870.pdf
MARA.N0000,Annual,2015.0,Annual Report 2014/2015,https://www.cse.lk/upload_report_file/564_1435547934107.pdf
MARA.N0000,Annual,2014.0,Annual Financial Report 2013/2014,https://www.cse.lk/upload_report_file/564_1403085527985.pdf
MARA.N0000,Annual,2013.0,Annual Report 2012/2013,https://www.cse.lk/upload_report_file/564_1372073339045.pdf
MARA.N0000,Annual,2012.0,Annual Report 2011/2012,https://www.cse.lk/upload_report_file/564_1338552415.pdf
MELS.N0000,Annual,2025.0,Annual Report 2024/2025,https://www.cse.lk/cmt/upload_report_file/1507_1756263640406.pdf
MELS.N0000,Annual,2024.0,Annual Report 2023/2024,https://www.cse.lk/cmt/upload_report_file/1507_1724898338893.pdf
MELS.N0000,Annual,2023.0,Annual Report 2022/2023,https://www.cse.lk/cmt/upload_report_file/1507_1693539125184.pdf
MELS.N0000,Annual,2022.0,Annual Report 31st March 2022,https://www.cse.lk/cmt/upload_report_file/1507_1661940453945.pdf
MELS.N0000,Annual,2021.0,Annual Report 2020/21,https://www.cse.lk/cmt/upload_report_file/1507_1631101152446.pdf
MELS.N0000,Annual,2020.0,Annual Report 2019/20,https://www.cse.lk/cmt/upload_report_file/1507_1603078463632.pdf
MELS.N0000,Annual,2019.0,Annual Report 2018/2019,https://www.cse.lk/cmt/upload_report_file/1507_1565696662662.pdf
MELS.N0000,Annual,2018.0,Annual Report 2017/2018,https://www.cse.lk/upload_report_file/1507_1535945067986.pdf
MELS.N0000,Annual,2017.0,Annual Report 2016/2017,https://www.cse.lk/upload_report_file/1507_1504063180.pdf
MASK.N0000,Annual,2025.0,Annual Report 2024/2025,https://www.cse.lk/cmt/upload_report_file/723_1756468040247.pdf
MASK.N0000,Annual,2024.0,Annual Report 2023/2024,https://www.cse.lk/cmt/upload_report_file/723_1725014006880.pdf
MASK.N0000,Annual,2023.0,Annual Report 2022/2023,https://www.cse.lk/cmt/upload_report_file/723_1693476523167.pdf
MASK.N0000,Annual,2022.0,Annual Report For 2021-2022 Maskeliya Plantations PLC,https://www.cse.lk/cmt/upload_report_file/723_1661944157277.pdf
MASK.N0000,Annual,2021.0,ANNUAL REPORT FOR - 2020/2021 ,https://www.cse.lk/cmt/upload_report_file/723_1630405919404.pdf
MASK.N0000,Annual,2020.0,Annual Report 2019/2020,https://www.cse.lk/cmt/upload_report_file/723_1608289378189.pdf
MASK.N0000,Annual,2019.0,Annual Report as of 31/03/2019,https://www.cse.lk/upload_report_file/723_1562149232604.pdf
MASK.N0000,Annual,2018.0,Annual Report as of 31/03/2018,https://www.cse.lk/upload_report_file/723_1528194832087.pdf
MASK.N0000,Annual,2017.0,Annual Report 2016/2017,https://www.cse.lk/upload_report_file/723_1496742530609.pdf
MASK.N0000,Annual,2016.0,Annual Report 2015/2016,https://www.cse.lk/upload_report_file/723_1465384335905.pdf
MASK.N0000,Annual,2015.0,Annual Report 2014/2015,https://www.cse.lk/upload_report_file/723_1433762749456.pdf
MASK.N0000,Annual,2014.0,Annual Report 2013/2014,https://www.cse.lk/upload_report_file/723_1401964572907.pdf
MASK.N0000,Annual,2013.0,Annual Report 2012 / 2013,https://www.cse.lk/upload_report_file/723_1370517892054.pdf
MASK.N0000,Annual,2012.0,Annual Report 2011-2012,https://www.cse.lk/upload_report_file/723_1339062979857.pdf
MSL.N0000,Annual,2025.0,Annual Report 2024/2025,https://www.cse.lk/cmt/upload_report_file/742_1754299343157.08.2025) - Uploading File.pdf
MSL.N0000,Annual,2024.0,Annual Report 2023/24,https://www.cse.lk/cmt/upload_report_file/742_1725011799172.08.2024).pdf
MSL.N0000,Annual,2023.0,Annual Report 2022/23,https://www.cse.lk/cmt/upload_report_file/742_1693478128646.pdf
MSL.N0000,Annual,2022.0,Annual Report 2021/2022,https://www.cse.lk/cmt/upload_report_file/742_1662372227888.pdf
MSL.N0000,Annual,2021.0,Annual Report 2020/2021,https://www.cse.lk/cmt/upload_report_file/742_1630581619163.pdf
MSL.N0000,Annual,2020.0,Annual Report 2019/20,https://www.cse.lk/cmt/upload_report_file/742_1605241019999.pdf
MSL.N0000,Annual,2019.0,Annual Report 2018/2019,https://www.cse.lk/cmt/upload_report_file/742_1569221046940.09.19) FINAL.pdf
MSL.N0000,Annual,2018.0,Annual Report 2017/2018,https://www.cse.lk/upload_report_file/742_1536229559561.pdf
MSL.N0000,Annual,2017.0,Annual Report 2016/2017,https://www.cse.lk/upload_report_file/742_1504005912.pdf
MSL.N0000,Annual,2016.0,Annual Report 2015/2016,https://www.cse.lk/upload_report_file/742_1472551029782.pdf
MSL.N0000,Annual,2015.0,Annual Report 2014/2015,https://www.cse.lk/upload_report_file/742_1441191603229.pdf
MSL.N0000,Annual,2014.0,Annual Report 2013/2014,https://www.cse.lk/upload_report_file/742_1409225297.pdf
MSL.N0000,Annual,2013.0,Annual Report 2012/13,https://www.cse.lk/upload_report_file/742_1374837381646.pdf
MSL.N0000,Annual,2012.0,Annual Report 2011/2012,https://www.cse.lk/upload_report_file/742_1344504979.pdf
MSL.N0000,Annual,1969.0,Annual Report 2007/2008,https://www.cse.lk/upload_report_file/742_1219235816.pdf
MBSL.N0000,Annual,2024.0,Annual Report 2024,https://www.cse.lk/cmt/upload_report_file/380_1747192630001.pdf
MBSL.N0000,Annual,2024.0,AUDITED FINANCIAL STATEMENTS OF THE COMPANY AND THE GROUP FOR THE YEAR ENDED 31ST DECEMBER 2024,https://www.cse.lk/cmt/upload_report_file/380_1743154537672.pdf
MBSL.N0000,Annual,2024.0,Annual Report 2023,https://www.cse.lk/cmt/upload_report_file/380_1714645257426.05.2024-FINAL-MBSL Annual Report 2023 (1).pdf
MBSL.N0000,Annual,2023.0,AUDITED FINANCIAL STATEMENTS OF THE COMPANY AND THE GROUP FOR THE YEAR ENDED 31ST DECEMBER 2023,https://www.cse.lk/cmt/upload_report_file/380_1711617513087.12.2023.pdf
MBSL.N0000,Annual,2022.0,Annual Report for the year ended 31st December 2022   ,https://www.cse.lk/cmt/upload_report_file/380_1683627297834.pdf
MBSL.N0000,Annual,2022.0,AUDITED FINANCIAL STATEMENTS OF THE COMPANY & THE GROUP FOR THE YEAR ENDED 31ST DECEMBER 2022,https://www.cse.lk/cmt/upload_report_file/380_1680260029113.12.2022.pdf
MBSL.N0000,Annual,2021.0,Annual Financial Report- 31st December 2021,https://www.cse.lk/cmt/upload_report_file/380_1652088897507.pdf
MBSL.N0000,Annual,2021.0,Audited Financial Statements of the Company and the Group for the year ended  31.12.2021 ,https://www.cse.lk/cmt/upload_report_file/380_1648633948292.12.2021.pdf
MBSL.N0000,Annual,2020.0,Annual Report for the year 2020,https://www.cse.lk/cmt/upload_report_file/380_1622453284099.pdf
MBSL.N0000,Annual,2020.0,Audited Financial Statements for the year ended 31st December 2020 ,https://www.cse.lk/cmt/upload_report_file/380_1617190721489.pdf
MBSL.N0000,Annual,2020.0,Annual Report 2019,https://www.cse.lk/cmt/upload_report_file/380_1600421564499.pdf
MBSL.N0000,Annual,2018.0,Annual Report 2018,https://www.cse.lk/upload_report_file/380_1559303576188.pdf
MBSL.N0000,Annual,2017.0,Annual Report 2017,https://www.cse.lk/upload_report_file/380_1527476956055.pdf
MBSL.N0000,Annual,2016.0,Annual Report 2016,https://www.cse.lk/upload_report_file/380_1496140075987.pdf
MBSL.N0000,Annual,2015.0,Annual Report 2015,https://www.cse.lk/upload_report_file/380_1464836682527.pdf
MBSL.N0000,Annual,2014.0,Annual Report 2014,https://www.cse.lk/upload_report_file/380_1432895788360.pdf
MBSL.N0000,Annual,2013.0,Annual Report 2013,https://www.cse.lk/upload_report_file/380_1401332691469.pdf
MBSL.N0000,Annual,2013.0,Annual Report 2012,https://www.cse.lk/upload_report_file/380_1370250920.pdf
MERC.N0000,Annual,2025.0,Annual Report for the year ended 31st March 2025,https://www.cse.lk/cmt/upload_report_file/1064_1753088826223.pdf
MERC.N0000,Annual,2025.0,Audited Financial Statements as of 31st March 2025,https://www.cse.lk/cmt/upload_report_file/1064_1750673024176.pdf
MERC.N0000,Annual,2024.0,Annual Report for the year ended 31st March 2024,https://www.cse.lk/cmt/upload_report_file/1064_1717578680345.pdf
MERC.N0000,Annual,2002.0,Annual Report for the year ended 31st March 2023,https://www.cse.lk/cmt/upload_report_file/1064_1688721166714.pdf
MERC.N0000,Annual,2022.0,Annual Report 2021/22,https://www.cse.lk/cmt/upload_report_file/1064_1654506910741.pdf
MERC.N0000,Annual,2021.0,Annual Report for the year ended 31st March 2021,https://www.cse.lk/cmt/upload_report_file/1064_1624360267914.pdf
MERC.N0000,Annual,2020.0,Annual Report 2019/20,https://www.cse.lk/cmt/upload_report_file/1064_1595243025671.pdf
MERC.N0000,Annual,2020.0, Audited Financial Statements as of 31-03-2020,https://www.cse.lk/cmt/upload_report_file/1064_1593493170604.pdf
MERC.N0000,Annual,2019.0,Annual Report 2018/2019,https://www.cse.lk/upload_report_file/1064_1562237745332.pdf
MERC.N0000,Annual,2019.0,Audited Financial Statements for the Year Ended 31st March 2019,https://www.cse.lk/upload_report_file/1064_1561950640967.03.2019.pdf
MERC.N0000,Annual,2018.0,Amended Annual Report 2017/18,https://www.cse.lk/upload_report_file/1064_1528428340465.pdf
MERC.N0000,Annual,2017.0,Annual Report 2016/2017,https://www.cse.lk/upload_report_file/1064_1505472287.pdf
MERC.N0000,Annual,2016.0,Annual Report 2015/16,https://www.cse.lk/upload_report_file/1064_1466477183219.pdf
MERC.N0000,Annual,2015.0,Annual Report 2014/2015,https://www.cse.lk/upload_report_file/1064_1433755155620.pdf
MERC.N0000,Annual,2014.0,Annual Report 2013/14,https://www.cse.lk/upload_report_file/1064_1402023250161.pdf
MERC.N0000,Annual,2012.0,Annual Report 2011/2012,https://www.cse.lk/upload_report_file/1064_1338978975.pdf
MHDL.N0000,Annual,2025.0,Annual Report 2024-2025,https://www.cse.lk/cmt/upload_report_file/1304_1756869642523.pdf
MHDL.N0000,Annual,2025.0,Audited Financial Report 31.3.2025,https://www.cse.lk/cmt/upload_report_file/1304_1756432937816.03.2025.pdf
MHDL.N0000,Annual,2024.0,Annual Report 2023-2024,https://www.cse.lk/cmt/upload_report_file/1304_1725362696609.pdf
MHDL.N0000,Annual,2024.0,Audited Financial Report 31.3.2024,https://www.cse.lk/cmt/upload_report_file/1304_1725331963608.pdf
MHDL.N0000,Annual,2023.0,Annual Report 2022/23,https://www.cse.lk/cmt/upload_report_file/1304_1701341847361.pdf
MHDL.N0000,Annual,2022.0,Annual Report 2021/22,https://www.cse.lk/cmt/upload_report_file/1304_1661945361803.pdf
MHDL.N0000,Annual,2021.0,Annual Report 2020/21,https://www.cse.lk/cmt/upload_report_file/1304_1629770903261.pdf
MHDL.N0000,Annual,2020.0,Annual Report 2019/20,https://www.cse.lk/cmt/upload_report_file/1304_1606303042911.pdf
MHDL.N0000,Annual,2019.0,Annual Report 2018/2019,https://www.cse.lk/cmt/upload_report_file/1304_1568171366507.pdf
MHDL.N0000,Annual,2018.0,Annual Report 2017/2018,https://www.cse.lk/upload_report_file/1304_1536145344450.pdf
MHDL.N0000,Annual,2017.0,Annual Report 2016/2017,https://www.cse.lk/upload_report_file/1304_1497007491.pdf
MHDL.N0000,Annual,2016.0,Annual Report 2015/2016,https://www.cse.lk/upload_report_file/1304_1472639174359.pdf
MHDL.N0000,Annual,2015.0,Annual Report 2014/2015,https://www.cse.lk/upload_report_file/1304_1433934494261.pdf
MHDL.N0000,Annual,2014.0,Annual Report 2013/2014,https://www.cse.lk/upload_report_file/1304_1404788579249.pdf
MULL.N0000,Annual,2025.0,Annual Report 2024/2025,https://www.cse.lk/cmt/upload_report_file/763_1751626164722.pdf
MULL.N0000,Annual,2024.0,Annual Report 2023/2024,https://www.cse.lk/cmt/upload_report_file/763_1724988084835.pdf
MULL.N0000,Annual,2023.0,Annual Report 2022/2023,https://www.cse.lk/cmt/upload_report_file/763_1693538590760.pdf
MULL.N0000,Annual,2022.0,Annual Report 2021/2022,https://www.cse.lk/cmt/upload_report_file/763_1661942599713.pdf
MULL.N0000,Annual,2021.0,Annual Report 2020/21,https://www.cse.lk/cmt/upload_report_file/763_1633320675085.pdf
MULL.N0000,Annual,2020.0,Annual Report 2019/2020,https://www.cse.lk/cmt/upload_report_file/763_1607083839086.pdf
MULL.N0000,Annual,2019.0,Annual Report 2018/2019,https://www.cse.lk/cmt/upload_report_file/763_1567166489285.pdf
MULL.N0000,Annual,2018.0,Annual Financial Report  2017/2018,https://www.cse.lk/upload_report_file/763_1530784916086.pdf
MULL.N0000,Annual,2017.0,Annual Report 2017,https://www.cse.lk/upload_report_file/763_1501838787632.pdf
MULL.N0000,Annual,2016.0,Annual Report 2015/2016,https://www.cse.lk/upload_report_file/763_1466072684669.pdf
MULL.N0000,Annual,2015.0,Annual Report 2014/2015,https://www.cse.lk/upload_report_file/763_1433843216.pdf
MULL.N0000,Annual,2014.0,Annual Report 2013/2014,https://www.cse.lk/upload_report_file/763_1401794455039.pdf
MULL.N0000,Annual,2013.0,Annual Report 2012/13,https://www.cse.lk/upload_report_file/763_1370432855015.pdf
MULL.N0000,Annual,2012.0,Annual Report 2011/2012,https://www.cse.lk/upload_report_file/763_1338464818598.pdf
MDL.N0000,Annual,2025.0,Annual Report 2024/2025,https://www.cse.lk/cmt/upload_report_file/2672_1756121177748.pdf
MDL.N0000,Annual,2024.0,Annual Report 2023/2024,https://www.cse.lk/cmt/upload_report_file/2672_1723021835070.pdf
MDL.N0000,Annual,2023.0,Annual Report 2022/2023,https://www.cse.lk/cmt/upload_report_file/2672_1693473669081.pdf
MDL.N0000,Annual,2022.0,Annual Financial Report 2021/2022,https://www.cse.lk/cmt/upload_report_file/2672_1662015813550.pdf
NAMU.N0000,Annual,2025.0,Annual Report 2024/2025,https://www.cse.lk/cmt/upload_report_file/725_1756468196413.pdf
NAMU.N0000,Annual,2024.0,Annual Report 2023/2024,https://www.cse.lk/cmt/upload_report_file/725_1725014046243.pdf
NAMU.N0000,Annual,2023.0,Annual Report 2022/2023,https://www.cse.lk/cmt/upload_report_file/725_1693476597645.pdf
NAMU.N0000,Annual,2022.0,Annual Report For 2021-2022 Namunukula Plantations PLC,https://www.cse.lk/cmt/upload_report_file/725_1661944052622.pdf
NAMU.N0000,Annual,2021.0,ANNUAL REPORT FOR - 2020/2021 ,https://www.cse.lk/cmt/upload_report_file/725_1630410740143.pdf
NAMU.N0000,Annual,2020.0,Annual Report 2019/2020,https://www.cse.lk/cmt/upload_report_file/725_1608289348289.pdf
NAMU.N0000,Annual,2019.0,Annual Report as of 31/03/2019,https://www.cse.lk/upload_report_file/725_1562149356517.pdf
NAMU.N0000,Annual,2018.0,Annual Report 2017/18,https://www.cse.lk/upload_report_file/725_1528197184.pdf
NAMU.N0000,Annual,2017.0,Annual Report 2016/2017,https://www.cse.lk/upload_report_file/725_1496742617768.pdf
NAMU.N0000,Annual,2016.0,Annual Report 2015/2016,https://www.cse.lk/upload_report_file/725_1465384485067.pdf
NAMU.N0000,Annual,2015.0,Annual Report 2014/2015,https://www.cse.lk/upload_report_file/725_1433762988719.pdf
NAMU.N0000,Annual,2014.0,Annual Report 2013/2014,https://www.cse.lk/upload_report_file/725_1401964648163.pdf
NAMU.N0000,Annual,2013.0,Annual Report 2012 / 2013,https://www.cse.lk/upload_report_file/725_1370518006786.pdf
NAMU.N0000,Annual,2012.0,Annual Report 2011-2012,https://www.cse.lk/upload_report_file/725_1339062914913.pdf
CSF.N0000,Annual,2024.0,Annual Report 2023/24,https://www.cse.lk/cmt/upload_report_file/368_1731065597704.pdf
CSF.N0000,Annual,2023.0,Annual Report 2022/23,https://www.cse.lk/cmt/upload_report_file/368_1712736205027.pdf
CSF.N0000,Annual,2022.0,ANNUAL REPORT 2021/2022,https://www.cse.lk/cmt/upload_report_file/368_1662621749555.pdf
CSF.N0000,Annual,2022.0,Audited financial Statements for the year ended 31.03.2022,https://www.cse.lk/cmt/upload_report_file/368_1662117790226.03.2022_Final.pdf
CSF.N0000,Annual,2021.0,Annual Report 2020/2021,https://www.cse.lk/cmt/upload_report_file/368_1630413328542.pdf
CSF.N0000,Annual,2020.0,Annual Report 2019/20,https://www.cse.lk/cmt/upload_report_file/368_1600422401340.pdf
CSF.N0000,Annual,2019.0,Annual Report 2018/2019,https://www.cse.lk/upload_report_file/368_1561022988808.pdf
CSF.N0000,Annual,2018.0,Annual Report 2017/2018,https://www.cse.lk/upload_report_file/368_1532344796910.pdf
CSF.N0000,Annual,2018.0,Audited Financial Statements 31.03.2018,https://www.cse.lk/upload_report_file/368_1530587079478.pdf
CSF.N0000,Annual,2017.0,Annual Report 2016/2017,https://www.cse.lk/upload_report_file/368_1504522450.pdf
CSF.N0000,Annual,2017.0,Audited Financial Statements as of 31-03-2017 (Complete Version),https://www.cse.lk/upload_report_file/368_1500954582.pdf
CSF.N0000,Annual,2017.0,Audited Financial Statements as of 31-03-2017,https://www.cse.lk/upload_report_file/368_1500896816.pdf
CSF.N0000,Annual,2016.0,Annual Report 2015/2016,https://www.cse.lk/upload_report_file/368_1473129881471.pdf
CSF.N0000,Annual,2015.0,Audited Financial Statements as at 30-09-2015,https://www.cse.lk/upload_report_file/368_1449828780800.pdf
CSF.N0000,Annual,2015.0,Annual Report 2014/2015,https://www.cse.lk/upload_report_file/368_1441250514217.pdf
CSF.N0000,Annual,2015.0,Audited Financial Statements 31-03-2015,https://www.cse.lk/upload_report_file/368_1439378033.pdf
CSF.N0000,Annual,2014.0,Annual Report 2013/2014,https://www.cse.lk/upload_report_file/368_1410488810.pdf
CSF.N0000,Annual,2013.0,Annual Report 2012/2013,https://www.cse.lk/upload_report_file/368_1378794892326.pdf
CSF.N0000,Annual,2012.0,ANNUAL REPORT 2011/2012,https://www.cse.lk/upload_report_file/368_1346319097.pdf
NDB.N0000,Annual,2024.0,Annual Report 2024,https://www.cse.lk/cmt/upload_report_file/386_1741165351123.pdf
NDB.N0000,Annual,2023.0,Annual Report 2023,https://www.cse.lk/cmt/upload_report_file/386_1709608242144.pdf
NDB.N0000,Annual,2022.0,Annual Report 2022 - National Development Bank PLC ,https://www.cse.lk/cmt/upload_report_file/386_1678158101147.pdf
NDB.N0000,Annual,2021.0,Annual Report 2021,https://www.cse.lk/cmt/upload_report_file/386_1646622634453.pdf
NDB.N0000,Annual,2020.0,National Development Bank PLC - Annual Report 2020,https://www.cse.lk/cmt/upload_report_file/386_1615778524285.pdf
NDB.N0000,Annual,2019.0,Annual Report 2019,https://www.cse.lk/cmt/upload_report_file/386_1583233950899.pdf
NDB.N0000,Annual,2018.0,Annual Report 2018,https://www.cse.lk/upload_report_file/386_1551777747233.pdf
NDB.N0000,Annual,2017.0,Annual Report 2017,https://www.cse.lk/upload_report_file/386_1520244258867.pdf
NDB.N0000,Annual,2016.0,Annual Report 2016,https://www.cse.lk/upload_report_file/386_1488795480186.pdf
NDB.N0000,Annual,2015.0,Annual Report 2015,https://www.cse.lk/upload_report_file/386_1457007095.pdf
NDB.N0000,Annual,2014.0,Annual Report 2014,https://www.cse.lk/upload_report_file/386_1425633243.pdf
NDB.N0000,Annual,2013.0,Annual Report 2013,https://www.cse.lk/upload_report_file/386_1394018721.pdf
NDB.N0000,Annual,2012.0,Annual Report 2012,https://www.cse.lk/upload_report_file/386_1362453915.pdf
NTB.X0000,Annual,2025.0,Annual Report as at 31st December 2025,https://www.cse.lk/cmt/upload_report_file/387_1772183192728.pdf
NTB.X0000,Annual,2024.0,Annual Report 2024,https://www.cse.lk/cmt/upload_report_file/387_1740734281268.pdf
NTB.X0000,Annual,2023.0,Annual Report 2023 ,https://www.cse.lk/cmt/upload_report_file/387_1709206783215.5mb.pdf
NTB.X0000,Annual,2022.0,Annual Report 2022,https://www.cse.lk/cmt/upload_report_file/387_1677839363182.pdf
NTB.X0000,Annual,2021.0,Annual Report 2021,https://www.cse.lk/cmt/upload_report_file/387_1646302374298.pdf
NTB.X0000,Annual,2020.0,Annual Report 2020,https://www.cse.lk/cmt/upload_report_file/387_1614850586899.pdf
NTB.X0000,Annual,2019.0, Annual Report 2019,https://www.cse.lk/cmt/upload_report_file/387_1583230339560.pdf
NTB.X0000,Annual,2018.0,Annual Report 2018,https://www.cse.lk/upload_report_file/387_1551777671424.pdf
NTB.X0000,Annual,2017.0,Annual Report 2017,https://www.cse.lk/upload_report_file/387_1520420425609.pdf
NTB.X0000,Annual,2016.0,Annual Report 2016,https://www.cse.lk/upload_report_file/387_1488970027039.pdf
NTB.X0000,Annual,2015.0,Annual Report 2015,https://www.cse.lk/upload_report_file/387_1457005265.pdf
NTB.X0000,Annual,2014.0,Annual Report 2014,https://www.cse.lk/upload_report_file/387_1425636161582.pdf
NTB.X0000,Annual,2013.0,Annual Report 2013,https://www.cse.lk/upload_report_file/387_1394076356720.pdf
NTB.X0000,Annual,2012.0,Annual Report 2012,https://www.cse.lk/upload_report_file/387_1362395246.pdf
NTB.N0000,Annual,2025.0,Annual Report as at 31st December 2025,https://www.cse.lk/cmt/upload_report_file/387_1772183192728.pdf
NTB.N0000,Annual,2024.0,Annual Report 2024,https://www.cse.lk/cmt/upload_report_file/387_1740734281268.pdf
NTB.N0000,Annual,2023.0,Annual Report 2023 ,https://www.cse.lk/cmt/upload_report_file/387_1709206783215.5mb.pdf
NTB.N0000,Annual,2022.0,Annual Report 2022,https://www.cse.lk/cmt/upload_report_file/387_1677839363182.pdf
NTB.N0000,Annual,2021.0,Annual Report 2021,https://www.cse.lk/cmt/upload_report_file/387_1646302374298.pdf
NTB.N0000,Annual,2020.0,Annual Report 2020,https://www.cse.lk/cmt/upload_report_file/387_1614850586899.pdf
NTB.N0000,Annual,2019.0, Annual Report 2019,https://www.cse.lk/cmt/upload_report_file/387_1583230339560.pdf
NTB.N0000,Annual,2018.0,Annual Report 2018,https://www.cse.lk/upload_report_file/387_1551777671424.pdf
NTB.N0000,Annual,2017.0,Annual Report 2017,https://www.cse.lk/upload_report_file/387_1520420425609.pdf
NTB.N0000,Annual,2016.0,Annual Report 2016,https://www.cse.lk/upload_report_file/387_1488970027039.pdf
NTB.N0000,Annual,2015.0,Annual Report 2015,https://www.cse.lk/upload_report_file/387_1457005265.pdf
NTB.N0000,Annual,2014.0,Annual Report 2014,https://www.cse.lk/upload_report_file/387_1425636161582.pdf
NTB.N0000,Annual,2013.0,Annual Report 2013,https://www.cse.lk/upload_report_file/387_1394076356720.pdf
NTB.N0000,Annual,2012.0,Annual Report 2012,https://www.cse.lk/upload_report_file/387_1362395246.pdf
ODEL.N0000,Annual,2025.0,Annual Report as at 31st March 2025,https://www.cse.lk/cmt/upload_report_file/960_1764956724128.pdf
ODEL.N0000,Annual,2024.0,Annual Report 2023/2024,https://www.cse.lk/cmt/upload_report_file/960_1732878239302.pdf
ODEL.N0000,Annual,2023.0,Annual Report 2022/2023,https://www.cse.lk/cmt/upload_report_file/960_1698138383080.pdf
ODEL.N0000,Annual,2022.0,Annual Report 2021/2022,https://www.cse.lk/cmt/upload_report_file/960_1670209571306.pdf
ODEL.N0000,Annual,2021.0,Annual Report 2020/21,https://www.cse.lk/cmt/upload_report_file/960_1634784989411.pdf
ODEL.N0000,Annual,2020.0,Annual Financial Report 31/03/2020,https://www.cse.lk/cmt/upload_report_file/960_1608287203122.pdf
ODEL.N0000,Annual,2019.0,Annual Report 2018/2019,https://www.cse.lk/cmt/upload_report_file/960_1567393853007.pdf
ODEL.N0000,Annual,2018.0,Annual Report 2017/2018,https://www.cse.lk/upload_report_file/960_1535628483817.pdf
ODEL.N0000,Annual,2017.0,Annual Report 2016/2017,https://www.cse.lk/upload_report_file/960_1502966620.pdf
ODEL.N0000,Annual,2016.0,Annual Report 2015/2016,https://www.cse.lk/upload_report_file/960_1470309616517.pdf
ODEL.N0000,Annual,2015.0,Annual Report 2014/2015,https://www.cse.lk/upload_report_file/960_1441017285233.pdf
ODEL.N0000,Annual,2014.0,Annual Report 2013/2014,https://www.cse.lk/upload_report_file/960_1407836765.pdf
ODEL.N0000,Annual,2013.0,Annual Report 2012/2013,https://www.cse.lk/upload_report_file/960_1373627582.pdf
ODEL.N0000,Annual,2012.0,Annual Report 2011/12,https://www.cse.lk/upload_report_file/960_1342176777164.pdf
OFEQ.N0000,Annual,2025.0,Annual Report 2024/2025,https://www.cse.lk/cmt/upload_report_file/769_1756694689721.pdf
OFEQ.N0000,Annual,2024.0,Annual Report 2023/2024,https://www.cse.lk/cmt/upload_report_file/769_1725247596479.pdf
OFEQ.N0000,Annual,2023.0,Annual Report - 2022/2023,https://www.cse.lk/cmt/upload_report_file/769_1705917598720.pdf
OFEQ.N0000,Annual,2022.0,Annual Report 2021/2022,https://www.cse.lk/cmt/upload_report_file/769_1703758753484.pdf
OFEQ.N0000,Annual,2021.0,ANNUAL REPORT 2020/2021,https://www.cse.lk/cmt/upload_report_file/769_1662955223755.09.2022) Final.pdf
OFEQ.N0000,Annual,2020.0,Annual Report 2019/20,https://www.cse.lk/cmt/upload_report_file/769_1649383558682.pdf
OFEQ.N0000,Annual,2019.0,Annual Report 31.03.2019,https://www.cse.lk/cmt/upload_report_file/769_1603882277469.pdf
OFEQ.N0000,Annual,2018.0,Annual Report 2017/2018,https://www.cse.lk/upload_report_file/769_1542772187925.pdf
OFEQ.N0000,Annual,2017.0,Annual Report 2016/2017,https://www.cse.lk/upload_report_file/769_1510917994.pdf
OFEQ.N0000,Annual,2016.0,Annual Report 2015/2016,https://www.cse.lk/upload_report_file/769_1476178965160.pdf
OFEQ.N0000,Annual,2015.0,Annual Report 2014/2015,https://www.cse.lk/upload_report_file/769_1442481912777.pdf
OFEQ.N0000,Annual,2014.0,Annual Report 2013/2014,https://www.cse.lk/upload_report_file/769_1410951379823.pdf
OFEQ.N0000,Annual,2013.0,Annual Report 2012/2013,https://www.cse.lk/upload_report_file/769_1383907064927.pdf
OFEQ.N0000,Annual,2012.0,ANNUAL REPORT 2011/2012,https://www.cse.lk/upload_report_file/769_1346318882.pdf
ONAL.N0000,Annual,2025.0,Annual Report 2024/25,https://www.cse.lk/cmt/upload_report_file/627_1756867926884.pdf
ONAL.N0000,Annual,2024.0,Annual Report 2023/24,https://www.cse.lk/cmt/upload_report_file/627_1725275938263.pdf
ONAL.N0000,Annual,2024.0,Revised Audited Financial Statements for the year ended 31.03.2024,https://www.cse.lk/cmt/upload_report_file/627_1724414713086.03.2024.pdf
ONAL.N0000,Annual,2024.0,Audited Financial Statements as of 31.03.2024,https://www.cse.lk/cmt/upload_report_file/627_1724207274047.pdf
ONAL.N0000,Annual,2023.0,Annual Report 2022/23,https://www.cse.lk/cmt/upload_report_file/627_1693484542296.pdf
ONAL.N0000,Annual,2022.0,Annual Report 2021/22,https://www.cse.lk/cmt/upload_report_file/627_1667907066616.pdf
ONAL.N0000,Annual,2021.0,Annual Report 2020/21,https://www.cse.lk/cmt/upload_report_file/627_1631158565003.pdf
ONAL.N0000,Annual,2021.0,Audited Financial statements as of 31.03.2021,https://www.cse.lk/cmt/upload_report_file/627_1630406637353.pdf
ONAL.N0000,Annual,2020.0,Annual Report as at 31.03.2020,https://www.cse.lk/cmt/upload_report_file/627_1600944731588.pdf
ONAL.N0000,Annual,2020.0,Audited Financial Statements as at 31.03.2020,https://www.cse.lk/cmt/upload_report_file/627_1598439991535.pdf
ONAL.N0000,Annual,2019.0,Annual Report 2018/2019,https://www.cse.lk/cmt/upload_report_file/627_1567163944411.pdf
ONAL.N0000,Annual,2019.0,Audited Financial Statements at at 31st March 2019,https://www.cse.lk/upload_report_file/627_1560857095766.03.2019-1.pdf
ONAL.N0000,Annual,2018.0,Annual Report 2017/2018,https://www.cse.lk/upload_report_file/627_1534419081031.pdf
ONAL.N0000,Annual,2017.0,Annual Report 2016/2017,https://www.cse.lk/upload_report_file/627_1504177111788.pdf
ONAL.N0000,Annual,2016.0,Annual Report 2015/2016,https://www.cse.lk/upload_report_file/627_1473161167424.pdf
ONAL.N0000,Annual,2015.0,Annual Report 2014/2015,https://www.cse.lk/upload_report_file/627_1440500881934.pdf
ONAL.N0000,Annual,2014.0,Annual Report 2013/2014,https://www.cse.lk/upload_report_file/627_1409312025516.pdf
ONAL.N0000,Annual,2013.0,Annual Report 2012/2013,https://www.cse.lk/upload_report_file/627_1378093300372.pdf
ONAL.N0000,Annual,2012.0,ANNUAL REPORT 2011/2012,https://www.cse.lk/upload_report_file/627_1346673061.pdf
NHL.N0000,Annual,2025.0,ANNUAL REPORT 2024/25,https://www.cse.lk/cmt/upload_report_file/980_1757300528809.pdf
NHL.N0000,Annual,2024.0,ANNUAL REPORT 2023/24,https://www.cse.lk/cmt/upload_report_file/980_1728469271703.pdf
NHL.N0000,Annual,2023.0,ANNUAL REPORT 2022/23,https://www.cse.lk/cmt/upload_report_file/980_1705991927973.pdf
NHL.N0000,Annual,2022.0,ANNUAL REPORT 2021/22,https://www.cse.lk/cmt/upload_report_file/980_1670468676905.pdf
NHL.N0000,Annual,2021.0,Annual Report 2020/21,https://www.cse.lk/cmt/upload_report_file/980_1630468202711.pdf
NHL.N0000,Annual,2020.0,Annual Report 2019/20,https://www.cse.lk/cmt/upload_report_file/980_1606128460753.pdf
NHL.N0000,Annual,2019.0,Annual Report 2018/2019,https://www.cse.lk/cmt/upload_report_file/980_1567506574493.pdf
NHL.N0000,Annual,2018.0,Annual Report 2017/2018,https://www.cse.lk/upload_report_file/980_1528278168570.pdf
NHL.N0000,Annual,2017.0,Annual Report 2016/2017,https://www.cse.lk/upload_report_file/980_1496661853.pdf
NHL.N0000,Annual,2016.0,Annual Report 2015/2016,https://www.cse.lk/upload_report_file/980_1465355358001.pdf
NHL.N0000,Annual,2015.0,Annual Report 2014/2015,https://www.cse.lk/upload_report_file/980_1433505504109.pdf
NHL.N0000,Annual,2014.0,Annual Report 2013/2014,https://www.cse.lk/upload_report_file/980_1401879166877.pdf
NHL.N0000,Annual,2013.0,Annual Report 2012/13,https://www.cse.lk/upload_report_file/980_1370433613347.pdf
NHL.N0000,Annual,2012.0,Annual Report 2011/12,https://www.cse.lk/upload_report_file/980_1338892779300.pdf
OSEA.N0000,Annual,2024.0,Annual Report 2024,https://www.cse.lk/cmt/upload_report_file/628_1742526591168.pdf
OSEA.N0000,Annual,2023.0,Annual Report 2023 ,https://www.cse.lk/cmt/upload_report_file/628_1711627521933.pdf
OSEA.N0000,Annual,2022.0,ORCL Annual Report for the Year ended 31st December 2022,https://www.cse.lk/cmt/upload_report_file/628_1679997401541.pdf
OSEA.N0000,Annual,2021.0,ORCL Annual Report for the Year ended 31st December 2021,https://www.cse.lk/cmt/upload_report_file/628_1648811780900.pdf
OSEA.N0000,Annual,2020.0,Annual Report 2020,https://www.cse.lk/cmt/upload_report_file/628_1617247877553.pdf
OSEA.N0000,Annual,2019.0,Annual Report 2019,https://www.cse.lk/cmt/upload_report_file/628_1591096577574.pdf
OSEA.N0000,Annual,2018.0,Annual Report 2018,https://www.cse.lk/upload_report_file/628_1551870381055.pdf
OSEA.N0000,Annual,2017.0,Annual Report 2017,https://www.cse.lk/upload_report_file/628_1520332103417.pdf
OSEA.N0000,Annual,2016.0,Annual Report 2016,https://www.cse.lk/upload_report_file/628_1490696809.pdf
OSEA.N0000,Annual,2015.0,Annual Report 2015,https://www.cse.lk/upload_report_file/628_1459249111.pdf
OSEA.N0000,Annual,2014.0,Annual Report 2014,https://www.cse.lk/upload_report_file/628_1428317803239.pdf
OSEA.N0000,Annual,2013.0,Annual Report 2013,https://www.cse.lk/upload_report_file/628_1395917906.pdf
OSEA.N0000,Annual,2012.0,Annual Report 2012,https://www.cse.lk/upload_report_file/628_1366257050265.pdf
PALM.N0000,Annual,2025.0,Annual Report 2024/2025,https://www.cse.lk/cmt/upload_report_file/529_1756376457580.pdf
PALM.N0000,Annual,2024.0,Annual Report 2023/24,https://www.cse.lk/cmt/upload_report_file/529_1725243817569.pdf
PALM.N0000,Annual,2023.0,Annual Report 2022/2023,https://www.cse.lk/cmt/upload_report_file/529_1693531923380.pdf
PALM.N0000,Annual,2022.0,Annual Report 2021/2022,https://www.cse.lk/cmt/upload_report_file/529_1662004008880.pdf
PALM.N0000,Annual,2021.0,Annual Report 2020/21,https://www.cse.lk/cmt/upload_report_file/529_1630413227420.pdf
PALM.N0000,Annual,2020.0,ANNUAL REPORT FOR THE YEAR 2019/20,https://www.cse.lk/cmt/upload_report_file/529_1604486383405.pdf
PALM.N0000,Annual,2019.0,Annual Report 2018/2019,https://www.cse.lk/cmt/upload_report_file/529_1566904695969.pdf
PALM.N0000,Annual,2018.0,Annual Report as of 03/31/2018,https://www.cse.lk/upload_report_file/529_1535706289285.pdf
PALM.N0000,Annual,2017.0,Annual Report 2016/2017,https://www.cse.lk/upload_report_file/529_1503569703.pdf
PALM.N0000,Annual,2016.0,Annual Report 2015/2016,https://www.cse.lk/upload_report_file/529_1470395250015.pdf
PALM.N0000,Annual,2015.0,Annual Report 2014/2015,https://www.cse.lk/upload_report_file/529_1438860368894.pdf
PALM.N0000,Annual,2014.0,Annual Report 2013/2014,https://www.cse.lk/upload_report_file/529_1409313049855.pdf
PALM.N0000,Annual,2013.0,Annual Report 2012/2013,https://www.cse.lk/upload_report_file/529_1377078875.pdf
PALM.N0000,Annual,2012.0,ANNUAL REPORT 2011/2012,https://www.cse.lk/upload_report_file/529_1346150730.pdf
PABC.N0000,Annual,2024.0,Annual Report 2024,https://www.cse.lk/cmt/upload_report_file/388_1741082391551.pdf
PABC.N0000,Annual,2023.0,Annual Report 2023,https://www.cse.lk/cmt/upload_report_file/388_1709550808125.pdf
PABC.N0000,Annual,2022.0,Annual Report 2022,https://www.cse.lk/cmt/upload_report_file/388_1678266791787.pdf
PABC.N0000,Annual,2021.0,Annual Report 2021,https://www.cse.lk/cmt/upload_report_file/388_1646644013831.pdf
PABC.N0000,Annual,2020.0,Annual Report 2020,https://www.cse.lk/cmt/upload_report_file/388_1614937796517.pdf
PABC.N0000,Annual,2019.0, Annual Report 2019,https://www.cse.lk/cmt/upload_report_file/388_1583229541942.pdf
PABC.N0000,Annual,2018.0,Annual Report 2018,https://www.cse.lk/upload_report_file/388_1551777408695.pdf
PABC.N0000,Annual,2017.0,Annual Report 2017 ,https://www.cse.lk/upload_report_file/388_1520327151979.pdf
PABC.N0000,Annual,2016.0,Annual Report 2016,https://www.cse.lk/upload_report_file/388_1488362440025.pdf
PABC.N0000,Annual,2015.0,Annual Report 2015,https://www.cse.lk/upload_report_file/388_1456910078.pdf
PABC.N0000,Annual,2014.0,Annual Report 2014,https://www.cse.lk/upload_report_file/388_1425373620726.pdf
PABC.N0000,Annual,2013.0,Annual report 2013,https://www.cse.lk/upload_report_file/388_1394185246756.pdf
PABC.N0000,Annual,2012.0,Annual Report 2012,https://www.cse.lk/upload_report_file/388_1370247307.pdf
PAP.N0000,Annual,2025.0,Annual Report for FY 2024/25,https://www.cse.lk/cmt/upload_report_file/1040_1749036812807.pdf
PAP.N0000,Annual,2024.0,Annual Report for 2023/24,https://www.cse.lk/cmt/upload_report_file/1040_1717556574019.pdf
PAP.N0000,Annual,2023.0,Annual Report for FY 2022/23,https://www.cse.lk/cmt/upload_report_file/1040_1687921404530.pdf
PAP.N0000,Annual,2022.0,Annual Report 2021/22,https://www.cse.lk/cmt/upload_report_file/1040_1654577843854.pdf
PAP.N0000,Annual,2021.0,Annual Report 2020/21,https://www.cse.lk/cmt/upload_report_file/1040_1627960663723.pdf
PAP.N0000,Annual,2020.0,Annual Report 2019/2020,https://www.cse.lk/cmt/upload_report_file/1040_1606125087545.pdf
PAP.N0000,Annual,2019.0,Annual Report 2018/2019,https://www.cse.lk/cmt/upload_report_file/1040_1567159450458.pdf
PAP.N0000,Annual,2018.0,Annual Report 2017/2018,https://www.cse.lk/upload_report_file/1040_1535102853527.pdf
PAP.N0000,Annual,2017.0,Annual Report 2016/17,https://www.cse.lk/upload_report_file/1040_1503306690324.pdf
PAP.N0000,Annual,2016.0,Annual Report 2015/2016,https://www.cse.lk/upload_report_file/1040_1465212747.pdf
PAP.N0000,Annual,2015.0,Annual Report 2014/15,https://www.cse.lk/upload_report_file/1040_1441016396495.pdf
PAP.N0000,Annual,2014.0,Annual Report 2013/2014,https://www.cse.lk/upload_report_file/1040_1409193481.pdf
PAP.N0000,Annual,2013.0,Annual Report 2012/13,https://www.cse.lk/upload_report_file/1040_1377857182887.pdf
PAP.N0000,Annual,2012.0,Annual Report 2011/2012,https://www.cse.lk/upload_report_file/1040_1346318301017.pdf
PEG.N0000,Annual,2025.0,Annual Report 2024/2025,https://www.cse.lk/cmt/upload_report_file/567_1751282270906.pdf
PEG.N0000,Annual,2024.0,Annual Report 2023/2024,https://www.cse.lk/cmt/upload_report_file/567_1719479813221.pdf
PEG.N0000,Annual,2022.0,Annual Report 2022/23,https://www.cse.lk/cmt/upload_report_file/567_1687863791136.pdf
PEG.N0000,Annual,2022.0,Annual Report 2021-22,https://www.cse.lk/cmt/upload_report_file/567_1656495524322.pdf
PEG.N0000,Annual,2021.0,Annual Report 2020/21,https://www.cse.lk/cmt/upload_report_file/567_1626319396361.pdf
PEG.N0000,Annual,2020.0,Annual Report 2019/20,https://www.cse.lk/cmt/upload_report_file/567_1597229365410.pdf
PEG.N0000,Annual,2019.0,Annual Report for the year ended 31/03/2019,https://www.cse.lk/upload_report_file/567_1558429805795.pdf
PEG.N0000,Annual,2018.0,Annual Report for the year ended 31/03/2018,https://www.cse.lk/upload_report_file/567_1526984617638.pdf
PEG.N0000,Annual,2017.0,Annual Report 2016/2017,https://www.cse.lk/upload_report_file/567_1495534232717.pdf
PEG.N0000,Annual,2016.0,Annual Report FY 2015/2016,https://www.cse.lk/upload_report_file/567_1464144597760.pdf
PEG.N0000,Annual,2015.0,Annual Report 2014/2015,https://www.cse.lk/upload_report_file/567_1432553041649.2015.pdf
PEG.N0000,Annual,2014.0,Annual Report 2013/2014,https://www.cse.lk/upload_report_file/567_1400844691918.pdf
PEG.N0000,Annual,2013.0,Annual Report 2012/2013,https://www.cse.lk/upload_report_file/567_1377508667876.pdf
PEG.N0000,Annual,2012.0,Annual Report 2011/2012,https://www.cse.lk/upload_report_file/567_1337858549676.2012.pdf
PINS.N0000,Annual,2024.0,Annual Report 2024,https://www.cse.lk/cmt/upload_report_file/1465_1743764811312.pdf
PINS.N0000,Annual,2023.0,Annual Report 2023,https://www.cse.lk/cmt/upload_report_file/1465_1714727126610.pdf
PINS.N0000,Annual,2022.0,Annual Report 2022,https://www.cse.lk/cmt/upload_report_file/1465_1684836813054.pdf
PINS.N0000,Annual,2021.0,Annual Report 2021,https://www.cse.lk/cmt/upload_report_file/1465_1653995780600.pdf
PINS.N0000,Annual,2020.0,Annual Report 2020,https://www.cse.lk/cmt/upload_report_file/1465_1622458900703.pdf
PINS.N0000,Annual,2019.0,Annual Report 2019,https://www.cse.lk/cmt/upload_report_file/1465_1600337794767.pdf
PINS.N0000,Annual,2018.0,Annual Report 2018,https://www.cse.lk/upload_report_file/1465_1551951017797.pdf
PINS.N0000,Annual,2017.0,Annual Report 2017,https://www.cse.lk/upload_report_file/1465_1520421395573.pdf
PINS.N0000,Annual,2016.0,Annual Report 2016,https://www.cse.lk/upload_report_file/1465_1496139095540.pdf
PINS.N0000,Annual,2015.0,Annual Report 2015 ,https://www.cse.lk/upload_report_file/1465_1464231734164.pdf
GLAS.N0000,Annual,2025.0,Annual Report FY 2024-2025,https://www.cse.lk/cmt/upload_report_file/666_1751017642835.pdf
GLAS.N0000,Annual,2025.0,Audited Annual Financial Statements FY 2024-2025,https://www.cse.lk/cmt/upload_report_file/666_1747994694242.pdf
GLAS.N0000,Annual,2024.0,Annual Report FY 2023-2024,https://www.cse.lk/cmt/upload_report_file/666_1720084409926.pdf
GLAS.N0000,Annual,2024.0,Audited Annual Financial Statements FY 2023-2024,https://www.cse.lk/cmt/upload_report_file/666_1716371742229.pdf
GLAS.N0000,Annual,2023.0,Annual Report FY 2022-2023,https://www.cse.lk/cmt/upload_report_file/666_1687513167590.pdf
GLAS.N0000,Annual,2023.0,Annual Audited Financial Statements as of 31-03-2023,https://www.cse.lk/cmt/upload_report_file/666_1683882628579.pdf
GLAS.N0000,Annual,2022.0,Annual Report FY 2021-2022,https://www.cse.lk/cmt/upload_report_file/666_1657271038912.pdf
GLAS.N0000,Annual,2022.0,Annual Audited Financial Statements as of 31-03-2022,https://www.cse.lk/cmt/upload_report_file/666_1653904137997.03.2022.pdf
GLAS.N0000,Annual,2021.0,Annual Report 2020-2021,https://www.cse.lk/cmt/upload_report_file/666_1624881733609.pdf
GLAS.N0000,Annual,2021.0,Annual Audited Financial Statements as of 31-03-2021,https://www.cse.lk/cmt/upload_report_file/666_1623750257231.pdf
GLAS.N0000,Annual,2020.0,Annual Report 2019/20,https://www.cse.lk/cmt/upload_report_file/666_1594891756017.pdf
GLAS.N0000,Annual,2019.0,Annual Report 2018-2019,https://www.cse.lk/upload_report_file/666_1562144916654.pdf
GLAS.N0000,Annual,2018.0,Annual Report 2017/2018,https://www.cse.lk/upload_report_file/666_1531391565591.pdf
GLAS.N0000,Annual,2017.0,Annual Report 2016/2017,https://www.cse.lk/upload_report_file/666_1496222373980.pdf
GLAS.N0000,Annual,2016.0,Annual Report 2015/2016,https://www.cse.lk/upload_report_file/666_1465381420306.pdf
GLAS.N0000,Annual,2016.0,Audited Financial Statements as at 31-03-2016,https://www.cse.lk/upload_report_file/666_1461577560909.pdf
GLAS.N0000,Annual,2015.0,Annual Report 2014/2015,https://www.cse.lk/upload_report_file/666_1433755076945.pdf
GLAS.N0000,Annual,2015.0,Audited Financial Statements as of 31/03/2015,https://www.cse.lk/upload_report_file/666_1431081591104.pdf
GLAS.N0000,Annual,2014.0,Annual Report 2013/2014,https://www.cse.lk/upload_report_file/666_1401876521974.pdf
GLAS.N0000,Annual,2013.0,Annual Report 2012 / 2013,https://www.cse.lk/upload_report_file/666_1371548722.pdf
GLAS.N0000,Annual,2013.0,Audited Financial Statements - 31-03-2013,https://www.cse.lk/upload_report_file/666_1367320652.pdf
GLAS.N0000,Annual,2012.0,Annual Report 2011/2012,https://www.cse.lk/upload_report_file/666_1342604098.pdf
GLAS.N0000,Annual,2012.0,Audited Financial Statements as at 31-03-2012,https://www.cse.lk/upload_report_file/666_1336041687885.pdf
PMB.N0000,Annual,2025.0,Annual Report 2024/25,https://www.cse.lk/cmt/upload_report_file/405_1756465001148.pdf
PMB.N0000,Annual,2025.0,Audited Financial Statements as at 31.03.2025,https://www.cse.lk/cmt/upload_report_file/405_1751252658701.pdf
PMB.N0000,Annual,2024.0,Annual Report 2023/24,https://www.cse.lk/cmt/upload_report_file/405_1725011441174.pdf
PMB.N0000,Annual,2023.0,Annual Report 2022/2023,https://www.cse.lk/cmt/upload_report_file/405_1693474258077.pdf
PMB.N0000,Annual,2023.0,Audited Financial Statements as at 31.03.2023,https://www.cse.lk/cmt/upload_report_file/405_1688441527397.03.2023.pdf
PMB.N0000,Annual,2022.0,ANNUAL REPORT 2021/2022,https://www.cse.lk/cmt/upload_report_file/405_1661945393086.22.pdf
PMB.N0000,Annual,2022.0,Audited Financial statements as of 31.03.2022,https://www.cse.lk/cmt/upload_report_file/405_1656559135222.pdf
PMB.N0000,Annual,2021.0,Annual Report 2020/21,https://www.cse.lk/cmt/upload_report_file/405_1630918957223.pdf
PMB.N0000,Annual,2021.0,Audited Financial Statements for the year ended 31st March 2021,https://www.cse.lk/cmt/upload_report_file/405_1625048260994.pdf
PMB.N0000,Annual,2020.0,Annual Report 2019/2020,https://www.cse.lk/cmt/upload_report_file/405_1599644118957.pdf
PMB.N0000,Annual,2020.0,Audited Financial Statements for the year ended 31st March 2020 ,https://www.cse.lk/cmt/upload_report_file/405_1594286786859.03.2020.pdf
PMB.N0000,Annual,2019.0,Annual report 2018/19,https://www.cse.lk/cmt/upload_report_file/405_1567156948701.pdf
PMB.N0000,Annual,2019.0,Audited Financial Statements as of 31-03-2019,https://www.cse.lk/upload_report_file/405_1561950081550.pdf
PMB.N0000,Annual,2018.0,Annual Report 2017/2018,https://www.cse.lk/upload_report_file/405_1535711403473.pdf
PMB.N0000,Annual,2018.0,Audited Financial Statements 31.03.2018,https://www.cse.lk/upload_report_file/405_1530268678723.pdf
PMB.N0000,Annual,2017.0,Annual Report 2016/2017,https://www.cse.lk/upload_report_file/405_1504005112.pdf
PMB.N0000,Annual,2017.0,Audited Financial Statements as at 31.03.2017,https://www.cse.lk/upload_report_file/405_1498734389.pdf
PMB.N0000,Annual,2016.0,Annual Report 2015/2016,https://www.cse.lk/upload_report_file/405_1481109118585.pdf
PMB.N0000,Annual,2015.0,Annual Report 2014/2015,https://www.cse.lk/upload_report_file/405_1481109080158.pdf
PMB.N0000,Annual,2016.0,Audited Financial Statements as at 31-03-2016,https://www.cse.lk/upload_report_file/405_1473242213083.pdf
PMB.N0000,Annual,2015.0,Audited Financial Statements as at 31st March 2015,https://www.cse.lk/upload_report_file/405_1458558533247.pdf
PMB.N0000,Annual,2014.0,Annual Report 2013/2014,https://www.cse.lk/upload_report_file/405_1416308279971.pdf
PMB.N0000,Annual,2014.0,Audited Financial Statements as at 31st March 2014,https://www.cse.lk/upload_report_file/405_1415092003132.pdf
PMB.N0000,Annual,2013.0,Annual Report 2012/2013,https://www.cse.lk/upload_report_file/405_1379387091.pdf
PMB.N0000,Annual,2012.0,Annual Report 2011/2012,https://www.cse.lk/upload_report_file/405_1346931470.pdf
PLC.N0000,Annual,2025.0,Annual Report 2024/25 (Clearer Version) ,https://www.cse.lk/cmt/upload_report_file/1103_1749213770885.pdf
PLC.N0000,Annual,2025.0,Annual Report 2024/25,https://www.cse.lk/cmt/upload_report_file/1103_1749178445219.pdf
PLC.N0000,Annual,2024.0,Annual Report 2023/24,https://www.cse.lk/cmt/upload_report_file/1103_1717499305171.pdf
PLC.N0000,Annual,2023.0,Annual Report for the year ended 31st March 2023,https://www.cse.lk/cmt/upload_report_file/1103_1686130751602.pdf
PLC.N0000,Annual,2022.0,Annual Report for the year ended 31st March 2022,https://www.cse.lk/cmt/upload_report_file/1103_1660618519760.pdf
PLC.N0000,Annual,2022.0,Audited Financial Statements as at 31.03.2022,https://www.cse.lk/cmt/upload_report_file/1103_1656494443452.03.2022.pdf
PLC.N0000,Annual,2021.0,Annual Report 2020/21,https://www.cse.lk/cmt/upload_report_file/1103_1626086720748.pdf
PLC.N0000,Annual,2021.0,Audited Financial statements as of 31.03.2021,https://www.cse.lk/cmt/upload_report_file/1103_1623149928593.pdf
PLC.N0000,Annual,2020.0,Annual Report 2019/20,https://www.cse.lk/cmt/upload_report_file/1103_1597829201237.pdf
PLC.N0000,Annual,2020.0,Audited Financial Statements for the year ended 31st March 2020,https://www.cse.lk/cmt/upload_report_file/1103_1594718466708.pdf
PLC.N0000,Annual,2019.0,Annual Report 2018/2019,https://www.cse.lk/upload_report_file/1103_1562582899978.pdf
PLC.N0000,Annual,2019.0,Audited Financial Statements for the year ended 31st March 2019,https://www.cse.lk/upload_report_file/1103_1561628192949.pdf
PLC.N0000,Annual,2018.0,Annual Report 2017/18,https://www.cse.lk/upload_report_file/1103_1528194096852.pdf
PLC.N0000,Annual,2017.0,Annual Report 2016/17,https://www.cse.lk/upload_report_file/1103_1496741378805.pdf
PLC.N0000,Annual,2016.0,Annual Report 2015/16,https://www.cse.lk/upload_report_file/1103_1464952744634.pdf
PLC.N0000,Annual,2015.0,Annual Report 2014/2015,https://www.cse.lk/upload_report_file/1103_1433756659527.pdf
PLC.N0000,Annual,2014.0,Annual Report 2013/2014,https://www.cse.lk/upload_report_file/1103_1401880696310.pdf
PLC.N0000,Annual,2013.0,Annual Report 2012 / 2013,https://www.cse.lk/upload_report_file/1103_1372243996.pdf
PLC.N0000,Annual,2012.0,Annual Report 2011/12,https://www.cse.lk/upload_report_file/1103_1339070544105.pdf
PARA.N0000,Annual,2025.0,Annual Report 2024/2025,https://www.cse.lk/cmt/upload_report_file/743_1756694768465.pdf
PARA.N0000,Annual,2024.0,Annual Report 2023/2024,https://www.cse.lk/cmt/upload_report_file/743_1725247328305.pdf
PARA.N0000,Annual,2023.0,Annual Report 2022/2023,https://www.cse.lk/cmt/upload_report_file/743_1705917309859.pdf
PARA.N0000,Annual,2022.0,Annual Report 2021/2022,https://www.cse.lk/cmt/upload_report_file/743_1703758683556.pdf
PARA.N0000,Annual,2021.0,ANNUAL REPORT 2020/2021,https://www.cse.lk/cmt/upload_report_file/743_1662955189200.pdf (Final).pdf
PARA.N0000,Annual,2020.0,Annual Report 2019/20,https://www.cse.lk/cmt/upload_report_file/743_1649383460643.pdf
PARA.N0000,Annual,2019.0,Annual Report 31.03.2019,https://www.cse.lk/cmt/upload_report_file/743_1603884270754.pdf
PARA.N0000,Annual,,Annual Report 2017/2018,https://www.cse.lk/upload_report_file/743_1542797002.pdf
PARA.N0000,Annual,2017.0,Annual Report 2016/2017,https://www.cse.lk/upload_report_file/743_1510918079.pdf
PARA.N0000,Annual,2016.0,Annual Report 2015/2016,https://www.cse.lk/upload_report_file/743_1476177879133.pdf
PARA.N0000,Annual,2015.0,Annual Report 2014/2015,https://www.cse.lk/upload_report_file/743_1442486744638.pdf
PARA.N0000,Annual,2014.0,Annual Report 2013/2014,https://www.cse.lk/upload_report_file/743_1410951346805.pdf
PARA.N0000,Annual,2013.0,Annual Report 2012/2013,https://www.cse.lk/upload_report_file/743_1383907192908.pdf
PARA.N0000,Annual,2012.0,ANNUAL REPORT 2011/2012,https://www.cse.lk/upload_report_file/743_1346319010.pdf
PLR.N0000,Annual,2025.0,Amended Annual Report 2024/25,https://www.cse.lk/cmt/upload_report_file/2279_1749201666597.pdf
PLR.N0000,Annual,2025.0,Annual Report 2024/25,https://www.cse.lk/cmt/upload_report_file/2279_1749034427899.pdf
PLR.N0000,Annual,2025.0,Audited financial statement for the year ended 31st March 2025,https://www.cse.lk/cmt/upload_report_file/2279_1748861698234.pdf
PLR.N0000,Annual,2024.0,Annual Report 2023/24,https://www.cse.lk/cmt/upload_report_file/2279_1717468770752.pdf
PLR.N0000,Annual,2024.0,Audited financial statement for the year ended 31st March 2024,https://www.cse.lk/cmt/upload_report_file/2279_1717414499133.03.2024 - converted-1.pdf
PLR.N0000,Annual,2023.0,Annual Report 2022/23,https://www.cse.lk/cmt/upload_report_file/2279_1686131408584.pdf
PLR.N0000,Annual,2023.0,Audited Financial Statements as of 31-03-2023,https://www.cse.lk/cmt/upload_report_file/2279_1685675471351.pdf
PLR.N0000,Annual,2022.0,Annual Report 2021/22,https://www.cse.lk/cmt/upload_report_file/2279_1654595809523.pdf
PLR.N0000,Annual,2022.0,PLRPLC_Audited Financial Statements_31_03_2022,https://www.cse.lk/cmt/upload_report_file/2279_1654166617559.pdf
PLR.N0000,Annual,2021.0,Annual Report 2020/21,https://www.cse.lk/cmt/upload_report_file/2279_1630986115538.pdf
PLR.N0000,Annual,2021.0,Audited Financial Statements as of 31-03-2021,https://www.cse.lk/cmt/upload_report_file/2279_1627384807632.pdf
RIL.N0000,Annual,2025.0,Annual Report for FY 2024/25,https://www.cse.lk/cmt/upload_report_file/1544_1749124363237.06.2025_Final 5.21 PM.pdf
RIL.N0000,Annual,2024.0,Annual Report for FY 2023/24,https://www.cse.lk/cmt/upload_report_file/1544_1717586457819.pdf
RIL.N0000,Annual,2023.0,Annual Report for FY 2022/23,https://www.cse.lk/cmt/upload_report_file/1544_1686215733367.pdf
RIL.N0000,Annual,2022.0,Annual Report for FY 2021/22,https://www.cse.lk/cmt/upload_report_file/1544_1654685820762.pdf
RIL.N0000,Annual,2021.0,Annual Report for FY 2020/21,https://www.cse.lk/cmt/upload_report_file/1544_1625107857348.pdf
RIL.N0000,Annual,2020.0,Annual Report 2019/20,https://www.cse.lk/cmt/upload_report_file/1544_1599561703484.pdf
RIL.N0000,Annual,2019.0,Annual Report 2018/2019,https://www.cse.lk/upload_report_file/1544_1562152897475.pdf
RIL.N0000,Annual,2018.0,Annual Report 2017/2018,https://www.cse.lk/upload_report_file/1544_1535106885936.pdf
RIL.N0000,Annual,2017.0,Annual Report 2016/2017,https://www.cse.lk/upload_report_file/1544_1497438628.pdf
RWSL.N0000,Annual,2025.0,Annual Report 2024/25,https://www.cse.lk/cmt/upload_report_file/948_1756955946949.pdf
RWSL.N0000,Annual,2024.0,Annual Report 2023/24,https://www.cse.lk/cmt/upload_report_file/948_1725852920302.pdf
RWSL.N0000,Annual,2023.0,Annual Financial Report 2022/23,https://www.cse.lk/cmt/upload_report_file/948_1693993318792.pdf
RWSL.N0000,Annual,2022.0,Annual Financial Report 2021/22,https://www.cse.lk/cmt/upload_report_file/948_1661941476097.80 MB uploded to CSE.pdf
RWSL.N0000,Annual,2021.0,Annual Financial Report 2020/21,https://www.cse.lk/cmt/upload_report_file/948_1631501556422.pdf
RWSL.N0000,Annual,2020.0, Annual Report 2019/2020,https://www.cse.lk/cmt/upload_report_file/948_1599474175966.pdf
RWSL.N0000,Annual,2019.0, Annual Report 2018/19,https://www.cse.lk/cmt/upload_report_file/948_1566903721657.pdf
RWSL.N0000,Annual,2018.0,Annual Report 2017/18,https://www.cse.lk/upload_report_file/948_1533203211937.2018.pdf
RWSL.N0000,Annual,2017.0,Annual Report 2016/2017,https://www.cse.lk/upload_report_file/948_1503913363.pdf
RWSL.N0000,Annual,2016.0,Annual Report 2015/2016,https://www.cse.lk/upload_report_file/948_1472639968236.pdf
RWSL.N0000,Annual,2015.0,Annual Report 2014/2015,https://www.cse.lk/upload_report_file/948_1440761502631.pdf
RWSL.N0000,Annual,2014.0,Annual Report 2013/2014,https://www.cse.lk/upload_report_file/948_1409050552432.pdf
RWSL.N0000,Annual,2013.0,Annual Report 2012/2013,https://www.cse.lk/upload_report_file/948_1377600768813.pdf
RWSL.N0000,Annual,2012.0,Annual Report 2011/2012,https://www.cse.lk/upload_report_file/948_1345719437.pdf
RGEM.N0000,Annual,2025.0,Annual Report 2024/2025,https://www.cse.lk/cmt/upload_report_file/770_1756463499492.pdf
RGEM.N0000,Annual,2024.0,Annual Report 2023/2024,https://www.cse.lk/cmt/upload_report_file/770_1725245381654.pdf
RGEM.N0000,Annual,2024.0,Audited Financial Statements for the year ended 31st March 2024,https://www.cse.lk/cmt/upload_report_file/770_1724749723329.pdf
RGEM.N0000,Annual,2023.0,Annual Report 2022/2023,https://www.cse.lk/cmt/upload_report_file/770_1693474287794.08.2023.pdf
RGEM.N0000,Annual,2022.0,Annual report 2021/2022,https://www.cse.lk/cmt/upload_report_file/770_1662026977278.pdf
RGEM.N0000,Annual,2021.0,Annual Report 2020/2021,https://www.cse.lk/cmt/upload_report_file/770_1645699240314.02.22) .....pdf
RGEM.N0000,Annual,2020.0,Annual Report 2019/2020,https://www.cse.lk/cmt/upload_report_file/770_1617961515671.04.21).pdf
RGEM.N0000,Annual,2020.0,Audited Financial Statements for the year ended 31st March 2020,https://www.cse.lk/cmt/upload_report_file/770_1616663883696.03.2020 scaned.pdf
RGEM.N0000,Annual,2019.0,Annual Report 2018/2019,https://www.cse.lk/cmt/upload_report_file/770_1571047631437.03.31.pdf
RGEM.N0000,Annual,2018.0,Annual Report 2017/2018,https://www.cse.lk/upload_report_file/770_1546254594062..pdf
RGEM.N0000,Annual,2017.0,Annual Report 2016/17,https://www.cse.lk/upload_report_file/770_1519982346821.pdf
RGEM.N0000,Annual,2016.0,Annual Report 2015/2016,https://www.cse.lk/upload_report_file/770_1478771564695.pdf
RGEM.N0000,Annual,2015.0,Annual Report 2014/2015,https://www.cse.lk/upload_report_file/770_1440754562263.pdf
RGEM.N0000,Annual,2014.0,Annual Report 2013/2014,https://www.cse.lk/upload_report_file/770_1409563150385.pdf
RGEM.N0000,Annual,2013.0,Annual Report 2012/2013,https://www.cse.lk/upload_report_file/770_1381830749944.pdf
RGEM.N0000,Annual,2012.0,Annual Report  2011/2012,https://www.cse.lk/upload_report_file/770_1352107073041.pdf
CARE.N0000,Annual,2025.0,Annual Report 2024/2025,https://www.cse.lk/cmt/upload_report_file/681_1756463287915.pdf
CARE.N0000,Annual,2024.0,Annual Report 31.03.2024,https://www.cse.lk/cmt/upload_report_file/681_1725247173203.pdf
CARE.N0000,Annual,2023.0,Annual Financial Report 2022/23,https://www.cse.lk/cmt/upload_report_file/681_1693968686954.pdf
CARE.N0000,Annual,2022.0,Annual Report 2021/22,https://www.cse.lk/cmt/upload_report_file/681_1662021454500.pdf
CARE.N0000,Annual,2021.0,Annual Report 2020/2021,https://www.cse.lk/cmt/upload_report_file/681_1631005813479.pdf
CARE.N0000,Annual,2020.0,Annual Report 2019/20,https://www.cse.lk/cmt/upload_report_file/681_1607310764726.pdf
CARE.N0000,Annual,2019.0,Annual Report 2018/2019,https://www.cse.lk/upload_report_file/681_1562152162572.pdf
CARE.N0000,Annual,2018.0,Annual Report 2018,https://www.cse.lk/upload_report_file/681_1530699636972.pdf
CARE.N0000,Annual,2017.0,Annual Report 2016/2017,https://www.cse.lk/upload_report_file/681_1504866972551.pdf
CARE.N0000,Annual,2016.0,Annual Report 2015/2016,https://www.cse.lk/upload_report_file/681_1467889584.pdf
CARE.N0000,Annual,2015.0,Annual Report 2014/2015,https://www.cse.lk/upload_report_file/681_1436441695349.pdf
CARE.N0000,Annual,2014.0,Annual Report 2013/2014,https://www.cse.lk/upload_report_file/681_1402912253336.pdf
CARE.N0000,Annual,2013.0,Annual Report 2012 / 2013,https://www.cse.lk/upload_report_file/681_1372934630.pdf
CARE.N0000,Annual,2012.0,Annual Report  2011/2012,https://www.cse.lk/upload_report_file/681_1339497601817.pdf
RFL.N0000,Annual,2025.0,Annual Report 2024/2025,https://www.cse.lk/cmt/upload_report_file/1185_1756695086598.pdf
RFL.N0000,Annual,2024.0,Annual Report 2023/2024,https://www.cse.lk/cmt/upload_report_file/1185_1724987978302.2024 2.pdf
RFL.N0000,Annual,2023.0,Annual Report 2022/2023,https://www.cse.lk/cmt/upload_report_file/1185_1693476602569.2023 Final.pdf
RFL.N0000,Annual,2022.0,Annual Report - 2021/2022,https://www.cse.lk/cmt/upload_report_file/1185_1658741686725.2022 (6 W).pdf
RFL.N0000,Annual,2021.0,Annual Report 2020/2021,https://www.cse.lk/cmt/upload_report_file/1185_1632301793683.pdf
RFL.N0000,Annual,2020.0,Annual Report 2019/2020,https://www.cse.lk/cmt/upload_report_file/1185_1602066628798.pdf
RFL.N0000,Annual,2019.0,Annual Report 2018/2019,https://www.cse.lk/cmt/upload_report_file/1185_1567159518985.pdf
RFL.N0000,Annual,2018.0,Annual Report 2017/2018,https://www.cse.lk/upload_report_file/1185_1535707640495.compressed.pdf
RFL.N0000,Annual,2017.0,Annual Report 2016/17,https://www.cse.lk/upload_report_file/1185_1504170902063.pdf
RFL.N0000,Annual,2016.0,Annual Report 2015/2016,https://www.cse.lk/upload_report_file/1185_1473046114231.pdf
RFL.N0000,Annual,2015.0,Annual Report 2014/15,https://www.cse.lk/upload_report_file/1185_1441016519787.pdf
RFL.N0000,Annual,2014.0,Annual Report 2013/2014,https://www.cse.lk/upload_report_file/1185_1409312577318.pdf
RFL.N0000,Annual,2013.0,Annual Report 2012/2013,https://www.cse.lk/upload_report_file/1185_1380795038099.pdf
RFL.N0000,Annual,2012.0,Annual Report 2011/2012,https://www.cse.lk/upload_report_file/1185_1346668040090.pdf
RAL.N0000,Annual,2025.0,Annual Report 2024/25,https://www.cse.lk/cmt/upload_report_file/901_1756694377880.pdf
RAL.N0000,Annual,2024.0,Annual Report 2023/24,https://www.cse.lk/cmt/upload_report_file/901_1725246299019.pdf
RAL.N0000,Annual,2023.0,Annual Report 2022/2023,https://www.cse.lk/cmt/upload_report_file/901_1692156110716.pdf
RAL.N0000,Annual,2022.0,Annual Report 2021/22,https://www.cse.lk/cmt/upload_report_file/901_1660622977826.pdf
RAL.N0000,Annual,2021.0,Annual Report 2020/21,https://www.cse.lk/cmt/upload_report_file/901_1630471623794.pdf
RAL.N0000,Annual,2020.0,Annual Report 2019/2020,https://www.cse.lk/cmt/upload_report_file/901_1599210166362.pdf
RAL.N0000,Annual,2019.0,Annual Report 2018/2019,https://www.cse.lk/upload_report_file/901_1564556681769.pdf
RAL.N0000,Annual,2018.0,Annual Report 2017/2018,https://www.cse.lk/upload_report_file/901_1534389966156.pdf
RAL.N0000,Annual,2017.0,Annual Report 2016/2017,https://www.cse.lk/upload_report_file/901_1502852572019.pdf
RAL.N0000,Annual,2016.0,Annual Report 2015/2016,https://www.cse.lk/upload_report_file/901_1470917220280.08.2016).pdf
RAL.N0000,Annual,2015.0,Annual  Report 2014/2015,https://www.cse.lk/upload_report_file/901_1439522491146.pdf
RAL.N0000,Annual,2014.0,Annual Report 2013/2014,https://www.cse.lk/upload_report_file/901_1409628448487.pdf
RAL.N0000,Annual,2013.0,Annual Report 2012/2013,https://www.cse.lk/upload_report_file/901_1377747685615.pdf
RAL.N0000,Annual,2012.0,Annual Report 2011/2012,https://www.cse.lk/upload_report_file/901_1346325426.pdf
RENU.N0000,Annual,2025.0,Annual Report 2024/2025,https://www.cse.lk/cmt/upload_report_file/569_1756091176924.pdf
RENU.N0000,Annual,2024.0,Annual Report 2023/2024,https://www.cse.lk/cmt/upload_report_file/569_1725008595281.pdf
RENU.N0000,Annual,2023.0,Annual Report 2022/23,https://www.cse.lk/cmt/upload_report_file/569_1693540309169.pdf
RENU.N0000,Annual,2022.0,ANNUAL REPORT 2021/2022,https://www.cse.lk/cmt/upload_report_file/569_1661944638535.pdf
RENU.N0000,Annual,2021.0,Annual Report 2020/2021,https://www.cse.lk/cmt/upload_report_file/569_1630416069720.pdf
RENU.N0000,Annual,2020.0,ANNUAL REPORT 2019/2020,https://www.cse.lk/cmt/upload_report_file/569_1604311749127.pdf
RENU.N0000,Annual,2019.0,Annual Report 2018/2019,https://www.cse.lk/cmt/upload_report_file/569_1567163770554.pdf
RENU.N0000,Annual,2018.0,Annual Report 2017/2018,https://www.cse.lk/upload_report_file/569_1535450787563.pdf
RENU.N0000,Annual,2017.0,Annual Report 2016/2017,https://www.cse.lk/upload_report_file/569_1504092141321.pdf
RENU.N0000,Annual,2016.0,Annual Report 2015/2016,https://www.cse.lk/upload_report_file/569_1472468441182.pdf
RENU.N0000,Annual,2015.0,Annual Report 2014/2015,https://www.cse.lk/upload_report_file/569_1440759268549.pdf
RENU.N0000,Annual,2014.0,Annual Report 2013/2014,https://www.cse.lk/upload_report_file/569_1409224094782.pdf
RENU.N0000,Annual,2013.0,Annual Report 2012/13,https://www.cse.lk/upload_report_file/569_1377861840.pdf
RENU.N0000,Annual,2012.0,Annual Report 2011/12,https://www.cse.lk/upload_report_file/569_1346324384653.pdf
COCO.N0000,Annual,2025.0,Annual Report 2024/25,https://www.cse.lk/cmt/upload_report_file/461_1756722741732.pdf
COCO.N0000,Annual,2024.0,Annual Report 2023/24,https://www.cse.lk/cmt/upload_report_file/461_1725246120680.pdf
COCO.N0000,Annual,2023.0,Annual Report 2022/2023,https://www.cse.lk/cmt/upload_report_file/461_1692156036870.pdf
COCO.N0000,Annual,2022.0,Annual Report 2021/22,https://www.cse.lk/cmt/upload_report_file/461_1660644880307.pdf
COCO.N0000,Annual,2021.0,Annual Report 2020/21,https://www.cse.lk/cmt/upload_report_file/461_1631076634075.pdf
COCO.N0000,Annual,2020.0,Annual Report 2019/2020,https://www.cse.lk/cmt/upload_report_file/461_1599210272871.pdf
COCO.N0000,Annual,2019.0,Annual Report 2018/2019,https://www.cse.lk/upload_report_file/461_1564138349698.pdf
COCO.N0000,Annual,2018.0,Annual Report 2017/2018,https://www.cse.lk/upload_report_file/461_1534389588859.pdf
COCO.N0000,Annual,2017.0,Annual Report 2016/2017,https://www.cse.lk/upload_report_file/461_1502852656113.pdf
COCO.N0000,Annual,2016.0,Annual Report 2015/2016,https://www.cse.lk/upload_report_file/461_1470917506730.pdf
COCO.N0000,Annual,2015.0,Annual Report 2014/2015,https://www.cse.lk/upload_report_file/461_1439524142361.pdf
COCO.N0000,Annual,2014.0,Annual Report 2013/2014,https://www.cse.lk/upload_report_file/461_1409628350052.pdf
COCO.N0000,Annual,2013.0,Annual Report 2012/2013,https://www.cse.lk/upload_report_file/461_1377685875705.pdf
COCO.N0000,Annual,2012.0,Annual Report 2011/2012,https://www.cse.lk/upload_report_file/461_1346325194.pdf
COCO.X0000,Annual,2025.0,Annual Report 2024/25,https://www.cse.lk/cmt/upload_report_file/461_1756722741732.pdf
COCO.X0000,Annual,2024.0,Annual Report 2023/24,https://www.cse.lk/cmt/upload_report_file/461_1725246120680.pdf
COCO.X0000,Annual,2023.0,Annual Report 2022/2023,https://www.cse.lk/cmt/upload_report_file/461_1692156036870.pdf
COCO.X0000,Annual,2022.0,Annual Report 2021/22,https://www.cse.lk/cmt/upload_report_file/461_1660644880307.pdf
COCO.X0000,Annual,2021.0,Annual Report 2020/21,https://www.cse.lk/cmt/upload_report_file/461_1631076634075.pdf
COCO.X0000,Annual,2020.0,Annual Report 2019/2020,https://www.cse.lk/cmt/upload_report_file/461_1599210272871.pdf
COCO.X0000,Annual,2019.0,Annual Report 2018/2019,https://www.cse.lk/upload_report_file/461_1564138349698.pdf
COCO.X0000,Annual,2018.0,Annual Report 2017/2018,https://www.cse.lk/upload_report_file/461_1534389588859.pdf
COCO.X0000,Annual,2017.0,Annual Report 2016/2017,https://www.cse.lk/upload_report_file/461_1502852656113.pdf
COCO.X0000,Annual,2016.0,Annual Report 2015/2016,https://www.cse.lk/upload_report_file/461_1470917506730.pdf
COCO.X0000,Annual,2015.0,Annual Report 2014/2015,https://www.cse.lk/upload_report_file/461_1439524142361.pdf
COCO.X0000,Annual,2014.0,Annual Report 2013/2014,https://www.cse.lk/upload_report_file/461_1409628350052.pdf
COCO.X0000,Annual,2013.0,Annual Report 2012/2013,https://www.cse.lk/upload_report_file/461_1377685875705.pdf
COCO.X0000,Annual,2012.0,Annual Report 2011/2012,https://www.cse.lk/upload_report_file/461_1346325194.pdf
RHL.X0000,Annual,2025.0,Annual Report 2024/25,https://www.cse.lk/cmt/upload_report_file/821_1756694494898.R. 2025 Signed.pdf
RHL.X0000,Annual,2024.0,Annual Report 2023/24,https://www.cse.lk/cmt/upload_report_file/821_1725246236125.R. 2024 Final Sign.pdf
RHL.X0000,Annual,2023.0,Annual Report 2022/2023,https://www.cse.lk/cmt/upload_report_file/821_1692190617418.pdf
RHL.X0000,Annual,2022.0,Annual Report 2021/2022,https://www.cse.lk/cmt/upload_report_file/821_1660734255491.R. 2022 - Signed.pdf
RHL.X0000,Annual,2021.0,Annual Report 2020/2021,https://www.cse.lk/cmt/upload_report_file/821_1631181558611.pdf
RHL.X0000,Annual,2020.0,Annual Report 2019/2020,https://www.cse.lk/cmt/upload_report_file/821_1599210334908.R. 2020 Final.pdf
RHL.X0000,Annual,2019.0,Annual Report 2018/2019,https://www.cse.lk/upload_report_file/821_1564744565936.pdf
RHL.X0000,Annual,2018.0,Annual Report 2017/2018,https://www.cse.lk/upload_report_file/821_1534476241962.pdf
RHL.X0000,Annual,2017.0,Annual Report 2016/2017,https://www.cse.lk/upload_report_file/821_1502852761.pdf
RHL.X0000,Annual,2016.0,Annual Report 2015/2016,https://www.cse.lk/upload_report_file/821_1471183022835.pdf
RHL.X0000,Annual,2015.0,Annual Report 2014/2015,https://www.cse.lk/upload_report_file/821_1439522776413.pdf
RHL.X0000,Annual,2014.0,Annual Report 2013/2014,https://www.cse.lk/upload_report_file/821_1409655173850.pdf
RHL.X0000,Annual,2013.0,Annual Report 2012/2013,https://www.cse.lk/upload_report_file/821_1377747745600.pdf
RHL.X0000,Annual,2012.0,Annual Report 2011/12,https://www.cse.lk/upload_report_file/821_1346326740582.pdf
RHL.N0000,Annual,2025.0,Annual Report 2024/25,https://www.cse.lk/cmt/upload_report_file/821_1756694494898.R. 2025 Signed.pdf
RHL.N0000,Annual,2024.0,Annual Report 2023/24,https://www.cse.lk/cmt/upload_report_file/821_1725246236125.R. 2024 Final Sign.pdf
RHL.N0000,Annual,2023.0,Annual Report 2022/2023,https://www.cse.lk/cmt/upload_report_file/821_1692190617418.pdf
RHL.N0000,Annual,2022.0,Annual Report 2021/2022,https://www.cse.lk/cmt/upload_report_file/821_1660734255491.R. 2022 - Signed.pdf
RHL.N0000,Annual,2021.0,Annual Report 2020/2021,https://www.cse.lk/cmt/upload_report_file/821_1631181558611.pdf
RHL.N0000,Annual,2020.0,Annual Report 2019/2020,https://www.cse.lk/cmt/upload_report_file/821_1599210334908.R. 2020 Final.pdf
RHL.N0000,Annual,2019.0,Annual Report 2018/2019,https://www.cse.lk/upload_report_file/821_1564744565936.pdf
RHL.N0000,Annual,2018.0,Annual Report 2017/2018,https://www.cse.lk/upload_report_file/821_1534476241962.pdf
RHL.N0000,Annual,2017.0,Annual Report 2016/2017,https://www.cse.lk/upload_report_file/821_1502852761.pdf
RHL.N0000,Annual,2016.0,Annual Report 2015/2016,https://www.cse.lk/upload_report_file/821_1471183022835.pdf
RHL.N0000,Annual,2015.0,Annual Report 2014/2015,https://www.cse.lk/upload_report_file/821_1439522776413.pdf
RHL.N0000,Annual,2014.0,Annual Report 2013/2014,https://www.cse.lk/upload_report_file/821_1409655173850.pdf
RHL.N0000,Annual,2013.0,Annual Report 2012/2013,https://www.cse.lk/upload_report_file/821_1377747745600.pdf
RHL.N0000,Annual,2012.0,Annual Report 2011/12,https://www.cse.lk/upload_report_file/821_1346326740582.pdf
RCH.N0000,Annual,2025.0,Annual Report 2024/2025,https://www.cse.lk/cmt/upload_report_file/1631_1756091077634.pdf
RCH.N0000,Annual,2024.0,Annual Report 2023/2024,https://www.cse.lk/cmt/upload_report_file/1631_1725008643293.pdf
RCH.N0000,Annual,2023.0,Annual Report 2022/2023,https://www.cse.lk/cmt/upload_report_file/1631_1693563791685.pdf
RCH.N0000,Annual,2022.0,Annual Report 2021/22,https://www.cse.lk/cmt/upload_report_file/1631_1662087343759.pdf
RCH.N0000,Annual,2021.0,Annual Report 2020/21,https://www.cse.lk/cmt/upload_report_file/1631_1630554635298.pdf
RCH.N0000,Annual,2020.0,ANNUAL REPORT 2019/2020,https://www.cse.lk/cmt/upload_report_file/1631_1604311832311.pdf
RCH.N0000,Annual,2019.0,Annual Report 2018/2019,https://www.cse.lk/cmt/upload_report_file/1631_1567164638652.pdf
RCH.N0000,Annual,2018.0,Annual Report 2017/2018,https://www.cse.lk/upload_report_file/1631_1535451133939.pdf
RICH.N0000,Annual,2025.0,Annual Report 2024/2025,https://www.cse.lk/cmt/upload_report_file/509_1756468383805.pdf
RICH.N0000,Annual,2024.0,Annual Report 2023/2024,https://www.cse.lk/cmt/upload_report_file/509_1725013886166.pdf
RICH.N0000,Annual,2023.0,Annual Report 2022/2023,https://www.cse.lk/cmt/upload_report_file/509_1693478079646.pdf
RICH.N0000,Annual,2022.0,Annual Report For 2021-2022 Richard Pieris and Company PLC,https://www.cse.lk/cmt/upload_report_file/509_1661943862328.pdf
RICH.N0000,Annual,2021.0,Annual Report 2020/21,https://www.cse.lk/cmt/upload_report_file/509_1630465754078.pdf
RICH.N0000,Annual,2020.0,Annual Report 2019/2020,https://www.cse.lk/cmt/upload_report_file/509_1608290048393.pdf
RICH.N0000,Annual,2019.0,Annual Report 2018/2019,https://www.cse.lk/upload_report_file/509_1563446032267.pdf
RICH.N0000,Annual,2018.0,Annual Report as of 31/03/2018,https://www.cse.lk/upload_report_file/509_1528194945621.pdf
RICH.N0000,Annual,2017.0,Annual Report 2016/2017,https://www.cse.lk/upload_report_file/509_1496742056744.pdf
RICH.N0000,Annual,2016.0,Annual Financial Report as of 31/03/2016,https://www.cse.lk/upload_report_file/509_1465384542876.pdf
RICH.N0000,Annual,2015.0,Annual Report 2014/2015,https://www.cse.lk/upload_report_file/509_1433762284592.pdf
RICH.N0000,Annual,2014.0,Annual Report 2013/2014,https://www.cse.lk/upload_report_file/509_1401964377429.pdf
RICH.N0000,Annual,2013.0,Annual Report 2012 / 2013,https://www.cse.lk/upload_report_file/509_1370517625330.pdf
RICH.N0000,Annual,2012.0,Annual Report 2011-2012,https://www.cse.lk/upload_report_file/509_1339064354586.pdf
HPWR.N0000,Annual,2025.0,Annual Report for the year ended 31 March 2025,https://www.cse.lk/cmt/upload_report_file/881_1754043166628.pdf
HPWR.N0000,Annual,2024.0,Annual Report for the year ended 31 March 2024,https://www.cse.lk/cmt/upload_report_file/881_1717641830292.pdf
HPWR.N0000,Annual,2023.0,Annual Report 2022/23,https://www.cse.lk/cmt/upload_report_file/881_1693539380328.pdf
HPWR.N0000,Annual,2022.0,Annual Report for the year ended 31 March 2022,https://www.cse.lk/cmt/upload_report_file/881_1662520830289.pdf
HPWR.N0000,Annual,2021.0,Annual Report for the year ended 31 March 2021,https://www.cse.lk/cmt/upload_report_file/881_1628586437468.pdf
HPWR.N0000,Annual,2020.0,Annual Report for the year ended 31 March 2020,https://www.cse.lk/cmt/upload_report_file/881_1602673574644.pdf
HPWR.N0000,Annual,2019.0,Annual Report for the year ended 31 March 2019,https://www.cse.lk/upload_report_file/881_1560508671148.pdf
HPWR.N0000,Annual,2018.0,Annual Report for 2017/2018,https://www.cse.lk/upload_report_file/881_1528110425739.pdf Jun 18.pdf
HPWR.N0000,Annual,2017.0,Annual Report 2016/2017,https://www.cse.lk/upload_report_file/881_1496661333286.pdf
HPWR.N0000,Annual,2016.0,Annual Report 2015/2016,https://www.cse.lk/upload_report_file/881_1465298677284.pdf
HPWR.N0000,Annual,2015.0,Annual Report 2014/2015,https://www.cse.lk/upload_report_file/881_1433499845180.pdf
HPWR.N0000,Annual,2014.0,Annual Report 2013/2014,https://www.cse.lk/upload_report_file/881_1403089229193.pdf
HPWR.N0000,Annual,2013.0,Annual Report 2012/13,https://www.cse.lk/upload_report_file/881_1371207976371.pdf
HPWR.N0000,Annual,2012.0,Annual Report 2011/2012,https://www.cse.lk/upload_report_file/881_1340191666.pdf
REXP.N0000,Annual,2025.0,Annual Report 2024/2025,https://www.cse.lk/cmt/upload_report_file/771_1756468301893.pdf
REXP.N0000,Annual,2024.0,Annual Report 2023/2024,https://www.cse.lk/cmt/upload_report_file/771_1725014095642.pdf
REXP.N0000,Annual,2023.0,Annual Report 2022/2023,https://www.cse.lk/cmt/upload_report_file/771_1693476650488.pdf
REXP.N0000,Annual,2022.0,Annual Report For 2021-2022 Richard Pieris Exports PLC,https://www.cse.lk/cmt/upload_report_file/771_1661950338402.pdf
REXP.N0000,Annual,2021.0,ANNUAL REPORT FOR - 2020/2021 ,https://www.cse.lk/cmt/upload_report_file/771_1630405819496.pdf
REXP.N0000,Annual,2020.0,Annual Report 2019/2020,https://www.cse.lk/cmt/upload_report_file/771_1608289758041.pdf
REXP.N0000,Annual,2019.0,Annual Report as of 31/03/2019,https://www.cse.lk/upload_report_file/771_1562065475647.pdf
REXP.N0000,Annual,2018.0,Annual Report as of 31/03/2018,https://www.cse.lk/upload_report_file/771_1528197464120.pdf
REXP.N0000,Annual,2017.0,Annual Report 2016/2017,https://www.cse.lk/upload_report_file/771_1496742140349.pdf
REXP.N0000,Annual,2016.0,Annual Financial Report as of 31/03/2016,https://www.cse.lk/upload_report_file/771_1465384325916.compressed.pdf
REXP.N0000,Annual,2015.0,Annual Report 2014/2015,https://www.cse.lk/upload_report_file/771_1433762178777.pdf
REXP.N0000,Annual,2014.0,Annual Report 2013/2014,https://www.cse.lk/upload_report_file/771_1401965165617.pdf
REXP.N0000,Annual,2013.0,Annual Report 2012 / 2013,https://www.cse.lk/upload_report_file/771_1370517773791.pdf
REXP.N0000,Annual,2012.0,Annual Report 2011-2012,https://www.cse.lk/upload_report_file/771_1339062742237.pdf
RCL.N0000,Annual,2025.0,Annual Report 2024/25,https://www.cse.lk/cmt/upload_report_file/683_1749139078042.pdf
RCL.N0000,Annual,2024.0,Annual Report 2023/24,https://www.cse.lk/cmt/upload_report_file/683_1717514904461.pdf
RCL.N0000,Annual,2023.0,Annual Report 2022/2023,https://www.cse.lk/cmt/upload_report_file/683_1686137202659.pdf
RCL.N0000,Annual,2022.0,Annual Report 2021/2022,https://www.cse.lk/cmt/upload_report_file/683_1654601827807.pdf
RCL.N0000,Annual,2021.0,ANNUAL REPORT 2020/21,https://www.cse.lk/cmt/upload_report_file/683_1623066002748.pdf
RCL.N0000,Annual,2020.0,Annual Report as at 31.03.2020,https://www.cse.lk/cmt/upload_report_file/683_1594287415778.pdf
RCL.N0000,Annual,2019.0,Annual Report 2018/19,https://www.cse.lk/upload_report_file/683_1560479788529.pdf
RCL.N0000,Annual,2018.0,Annual Report 2017/2018,https://www.cse.lk/upload_report_file/683_1528264786776.pdf
RCL.N0000,Annual,2017.0,Annual Report 2016/2017,https://www.cse.lk/upload_report_file/683_1496661469.pdf
RCL.N0000,Annual,2016.0,Annual Report 2015/2016,https://www.cse.lk/upload_report_file/683_1465381187611.pdf
RCL.N0000,Annual,2015.0,Annual Report  2014/2015,https://www.cse.lk/upload_report_file/683_1433503009777.pdf
RCL.N0000,Annual,2014.0,Annual Report 2013/2014,https://www.cse.lk/upload_report_file/683_1401970951806.pdf
RCL.N0000,Annual,2013.0,Annual Report 2012/2013,https://www.cse.lk/upload_report_file/683_1370516234.pdf
RCL.N0000,Annual,2012.0,Annual Report  2011/2012,https://www.cse.lk/upload_report_file/683_1338984529311.pdf
RPBH.N0000,Annual,2025.0,Annual Report 2024/25,https://www.cse.lk/cmt/upload_report_file/581_1756295784052.pdf
RPBH.N0000,Annual,2024.0,Annual Report 2023/24,https://www.cse.lk/cmt/upload_report_file/581_1724988811823.pdf
RPBH.N0000,Annual,2023.0,Annual Report 2022/23,https://www.cse.lk/cmt/upload_report_file/581_1693478656189.pdf
RPBH.N0000,Annual,2022.0,ANNUAL REPORT 2021/2022,https://www.cse.lk/cmt/upload_report_file/581_1662374646043.pdf
RPBH.N0000,Annual,2021.0,Annual Report 2020/2021,https://www.cse.lk/cmt/upload_report_file/581_1630641878987.pdf
RPBH.N0000,Annual,2020.0,Annual Financial Report 03/31/2020,https://www.cse.lk/cmt/upload_report_file/581_1599210152273.1.pdf
RPBH.N0000,Annual,2019.0,annual financial report 03/31/2019,https://www.cse.lk/cmt/upload_report_file/581_1567156433434.pdf
RPBH.N0000,Annual,2018.0,Annual Report 2017/2018,https://www.cse.lk/upload_report_file/581_1536057602753.pdf
RPBH.N0000,Annual,2017.0,Annual Report 2016/2017,https://www.cse.lk/upload_report_file/581_1504175663802.pdf
RPBH.N0000,Annual,2016.0,Annual Report 2015/2016,https://www.cse.lk/upload_report_file/581_1472555040564.pdf
RPBH.N0000,Annual,2015.0,Annual Report 2014/2015,https://www.cse.lk/upload_report_file/581_1441361953022.pdf
RPBH.N0000,Annual,2014.0,Annual Report 2013/2014,https://www.cse.lk/upload_report_file/581_1409740865994.pdf
RPBH.N0000,Annual,2013.0,Annual Report 2012/2013,https://www.cse.lk/upload_report_file/581_1378291925290.pdf
RPBH.N0000,Annual,2012.0,Annual Report 2011/12,https://www.cse.lk/upload_report_file/581_1345793244.pdf
SIL.N0000,Annual,2025.0,Annual Report 2024/2025,https://www.cse.lk/cmt/upload_report_file/684_1756469575419.pdf
SIL.N0000,Annual,2024.0,ANNUAL REPORT 2023/2024,https://www.cse.lk/cmt/upload_report_file/684_1717498671530.pdf
SIL.N0000,Annual,2023.0,ANNUAL REPORT 2022/2023,https://www.cse.lk/cmt/upload_report_file/684_1686134803484..pdf
SIL.N0000,Annual,2022.0,Annual Report 2021/2022,https://www.cse.lk/cmt/upload_report_file/684_1653563326953.pdf
SIL.N0000,Annual,2021.0,Annual Report 2020/21,https://www.cse.lk/cmt/upload_report_file/684_1623067481066.pdf
SIL.N0000,Annual,2020.0,Annual Report as at 31.03.2020,https://www.cse.lk/cmt/upload_report_file/684_1599560284338.pdf
SIL.N0000,Annual,2019.0,Annual Report as at 31.03.2019,https://www.cse.lk/upload_report_file/684_1559815050896.pdf
SIL.N0000,Annual,2018.0,Annual Report 2017/2018,https://www.cse.lk/upload_report_file/684_1528265074236.pdf
SIL.N0000,Annual,2017.0,Annual Report 2016/2017,https://www.cse.lk/upload_report_file/684_1500529474147.pdf
SIL.N0000,Annual,2016.0,Annual Report 2015/2016,https://www.cse.lk/upload_report_file/684_1467886246.pdf
SIL.N0000,Annual,2015.0,Annual Report  2014/2015,https://www.cse.lk/upload_report_file/684_1440067830393.pdf
SIL.N0000,Annual,2014.0,Annual Report 2013/2014,https://www.cse.lk/upload_report_file/684_1409192424.pdf
SIL.N0000,Annual,2013.0,Annual Report 2012/13,https://www.cse.lk/upload_report_file/684_1377170255023.pdf
SIL.N0000,Annual,2012.0,Annual Report 2011/12,https://www.cse.lk/upload_report_file/684_1345782469560.pdf
SAMP.N0000,Annual,2024.0,Sampath Bank PLC - Annual Report 2024,https://www.cse.lk/cmt/upload_report_file/431_1741079000854.pdf
SAMP.N0000,Annual,2023.0,Sampath Bank PLC - Annual Report 2023,https://www.cse.lk/cmt/upload_report_file/431_1709205218085.pdf
SAMP.N0000,Annual,2022.0,Sampath Bank PLC - Annual Report 2022,https://www.cse.lk/cmt/upload_report_file/431_1677837108267.pdf
SAMP.N0000,Annual,2021.0,Sampath Bank PLC - Annual Report 2021,https://www.cse.lk/cmt/upload_report_file/431_1646390362476.pdf
SAMP.N0000,Annual,2020.0,Sampath Bank PLC - Annual Report 2020,https://www.cse.lk/cmt/upload_report_file/431_1614935017082.pdf
SAMP.N0000,Annual,2019.0,Sampath Bank PLC Annual Report 2019,https://www.cse.lk/cmt/upload_report_file/431_1582882547029.37 MB).pdf
SAMP.N0000,Annual,2018.0,Annual Report 2018,https://www.cse.lk/upload_report_file/431_1551345492179.pdf
SAMP.N0000,Annual,2017.0,Annual Report 2017,https://www.cse.lk/upload_report_file/431_1520243887563.pdf
SAMP.N0000,Annual,2016.0,Annual Report 2016,https://www.cse.lk/upload_report_file/431_1488510837745.pdf
SAMP.N0000,Annual,2015.0,Annual Report 2015,https://www.cse.lk/upload_report_file/431_1457090304376.pdf
SAMP.N0000,Annual,2014.0,Annual Report 2014,https://www.cse.lk/upload_report_file/431_1425466814710.pdf
SAMP.N0000,Annual,2013.0,Annual Report 2013,https://www.cse.lk/upload_report_file/431_1394161875.pdf
SAMP.N0000,Annual,2012.0,Annual Report 2012,https://www.cse.lk/upload_report_file/431_1363059607.pdf
SDB.N0000,Annual,2024.0,Annual Report 2024,https://www.cse.lk/cmt/upload_report_file/1182_1746671797185.pdf
SDB.N0000,Annual,2024.0,Audited Financial Statements for the year ended 31st December 2024,https://www.cse.lk/cmt/upload_report_file/1182_1743161041773.pdf
SDB.N0000,Annual,2023.0,Annual Report 2023,https://www.cse.lk/cmt/upload_report_file/1182_1715225811903.pdf
SDB.N0000,Annual,2022.0,Annual Report 2022,https://www.cse.lk/cmt/upload_report_file/1182_1682586635873.pdf
SDB.N0000,Annual,2021.0,Annual Report 2021,https://www.cse.lk/cmt/upload_report_file/1182_1652439209544.pdf
SDB.N0000,Annual,2020.0,Annual Report as at 31/12/2020,https://www.cse.lk/cmt/upload_report_file/1182_1620033995932.pdf
SDB.N0000,Annual,2020.0,Audited Financial Statements for the year ended 31st December 2020,https://www.cse.lk/cmt/upload_report_file/1182_1616387922500.pdf
SDB.N0000,Annual,2019.0,Annual Report as at 31/12/2019,https://www.cse.lk/cmt/upload_report_file/1182_1592560054689.pdf
SDB.N0000,Annual,2019.0,Audited financial statement  as of 31.12.2019,https://www.cse.lk/cmt/upload_report_file/1182_1589533865201.pdf
SDB.N0000,Annual,2018.0,Annual Report 2018,https://www.cse.lk/upload_report_file/1182_1557370528848.pdf
SDB.N0000,Annual,2018.0,Audited Financial Statements as of 31-12-2018,https://www.cse.lk/upload_report_file/1182_1554115176382.pdf
SDB.N0000,Annual,2017.0,Annual Report 2017,https://www.cse.lk/upload_report_file/1182_1524713410545.pdf
SDB.N0000,Annual,2017.0,Audited Financial Statements as at 31.12.2017,https://www.cse.lk/upload_report_file/1182_1522317243194.pdf
SDB.N0000,Annual,2016.0,Annual Report 2016,https://www.cse.lk/upload_report_file/1182_1493954366.pdf
SDB.N0000,Annual,2015.0,Annual Report 2015,https://www.cse.lk/upload_report_file/1182_1462505536748.pdf
SDB.N0000,Annual,2015.0,Audited Financial Statements as of 31-12-2015,https://www.cse.lk/upload_report_file/1182_1459256040.pdf
SDB.N0000,Annual,2014.0,Annual Report 2014,https://www.cse.lk/upload_report_file/1182_1431077286923.pdf
SDB.N0000,Annual,2013.0,Annual Report 2013,https://www.cse.lk/upload_report_file/1182_1399891695611.pdf
SDB.N0000,Annual,2012.0,Annual Report 2012,https://www.cse.lk/upload_report_file/1182_1369637402892.pdf
SDB.N0000,Annual,2012.0,Annual Report 2011,https://www.cse.lk/upload_report_file/1182_1347962173336.pdf
SDF.N0000,Annual,2025.0,Annual Report 2024/2025,https://www.cse.lk/cmt/upload_report_file/2567_1748866099752.pdf
SDF.N0000,Annual,2024.0,Annual Report 2023/24,https://www.cse.lk/cmt/upload_report_file/2567_1717508235298.pdf
SDF.N0000,Annual,2022.0,Annual Report 2022/23,https://www.cse.lk/cmt/upload_report_file/2567_1685945435340.pdf
SDF.N0000,Annual,2022.0,Annual Report 2021/2022,https://www.cse.lk/cmt/upload_report_file/2567_1654568822115.pdf
SMOT.N0000,Annual,2025.0,Annual Report 2024/25,https://www.cse.lk/cmt/upload_report_file/696_1753265538726.pdf
SMOT.N0000,Annual,2024.0,Annual Report 2023/24,https://www.cse.lk/cmt/upload_report_file/696_1724413062103.pdf
SMOT.N0000,Annual,2023.0,Annual Report 2022/2023,https://www.cse.lk/cmt/upload_report_file/696_1693922471153.pdf
SMOT.N0000,Annual,2023.0,Audited Financial statements 31st March 2023,https://www.cse.lk/cmt/upload_report_file/696_1693305857477.pdf
SMOT.N0000,Annual,2022.0,Annual Report for the Financial Year ended 31st March 2022,https://www.cse.lk/cmt/upload_report_file/696_1662346740575.pdf
SMOT.N0000,Annual,2021.0,Annual Report 2020/21,https://www.cse.lk/cmt/upload_report_file/696_1628829488981.pdf
SMOT.N0000,Annual,2020.0,Annual Report as at 31.03.2020,https://www.cse.lk/cmt/upload_report_file/696_1599214960721.pdf
SMOT.N0000,Annual,2020.0,Audited Financial Statements as of 31-03-2020,https://www.cse.lk/cmt/upload_report_file/696_1597143661463.pdf
SMOT.N0000,Annual,2019.0,Annual Report 2018/2019,https://www.cse.lk/upload_report_file/696_1564658859632.pdf
SMOT.N0000,Annual,2019.0,Audited Financial Statements as of 31-03-2019,https://www.cse.lk/upload_report_file/696_1563532380401.pdf
SMOT.N0000,Annual,2018.0,Annual Report 2017/2018,https://www.cse.lk/upload_report_file/696_1535540707852.pdf
SMOT.N0000,Annual,2017.0,Annual report -2016/2017,https://www.cse.lk/upload_report_file/696_1501672874112.pdf
SMOT.N0000,Annual,2016.0,Annual Report 2015/2016,https://www.cse.lk/upload_report_file/696_1467631551684.pdf
SMOT.N0000,Annual,2015.0,Annual Report 2014/2015,https://www.cse.lk/upload_report_file/696_1438602097.pdf
SMOT.N0000,Annual,2014.0,Annual Report 2013/2014,https://www.cse.lk/upload_report_file/696_1409305501199.pdf
SMOT.N0000,Annual,2013.0,Annual Report 2012 / 2013,https://www.cse.lk/upload_report_file/696_1373023520.pdf
SMOT.N0000,Annual,2012.0,Annual Report 2011/2012,https://www.cse.lk/upload_report_file/696_1340796389.pdf
SFCL.N0000,Annual,2025.0,Annual Report 2024/25,https://www.cse.lk/cmt/upload_report_file/441_1752553249369.pdf
SFCL.N0000,Annual,2025.0,Audited Financial Statement for the year ended 31st March 2025,https://www.cse.lk/cmt/upload_report_file/441_1751017103582.pdf
SFCL.N0000,Annual,2024.0,Annual Report 2023/24,https://www.cse.lk/cmt/upload_report_file/441_1720776509061.pdf
SFCL.N0000,Annual,2024.0,Audited Financial Statement for the year ended 31st March 2024 ,https://www.cse.lk/cmt/upload_report_file/441_1719220266006.pdf
SFCL.N0000,Annual,2023.0,Annual Report 2022/23,https://www.cse.lk/cmt/upload_report_file/441_1690364708631.pdf
SFCL.N0000,Annual,2023.0,Audited financial Statements for the year ended 31.03.2023,https://www.cse.lk/cmt/upload_report_file/441_1687947691719.pdf
SFCL.N0000,Annual,2022.0,Annual Report 2021/22,https://www.cse.lk/cmt/upload_report_file/441_1659006877256.pdf
SFCL.N0000,Annual,2022.0,Audited financial Statements for the year ended 31.03.2022,https://www.cse.lk/cmt/upload_report_file/441_1656412028541.3.2022.pdf
SFCL.N0000,Annual,2021.0,Annual Financial Report 2020/21,https://www.cse.lk/cmt/upload_report_file/441_1628771339074.pdf
SFCL.N0000,Annual,2021.0,Audited financial Statements for the Year ended 31.03.2021,https://www.cse.lk/cmt/upload_report_file/441_1626922478888.pdf
SFCL.N0000,Annual,2020.0,Annual Financial Report 2019/2020,https://www.cse.lk/cmt/upload_report_file/441_1599563301108.pdf
SFCL.N0000,Annual,2020.0,Audited Financial Statements as of 31-03-2020,https://www.cse.lk/cmt/upload_report_file/441_1597405707572.pdf
SFCL.N0000,Annual,2019.0,Annual Report 2018/2019,https://www.cse.lk/upload_report_file/441_1562667275622.pdf
SFCL.N0000,Annual,2019.0,Audited Financial Statements as of 31-03-2019,https://www.cse.lk/upload_report_file/441_1561460624998.03.2019.pdf
SFCL.N0000,Annual,2018.0,Annual Report 2017/2018,https://www.cse.lk/upload_report_file/441_1528284487741.pdf
SFCL.N0000,Annual,2017.0,Annual Report 2016/2017,https://www.cse.lk/upload_report_file/441_1497264017.pdf
SFCL.N0000,Annual,2016.0,Annual Report 2015/2016,https://www.cse.lk/upload_report_file/441_1470654308938.pdf
SFCL.N0000,Annual,2016.0,Audited Financial Statements as of 31-03-2016,https://www.cse.lk/upload_report_file/441_1469099656788.pdf
SFCL.N0000,Annual,2015.0,Annual Report 2014/2015,https://www.cse.lk/upload_report_file/441_1438770699723.pdf
SFCL.N0000,Annual,2015.0,Audited Financial Statements as at 31-03-2015,https://www.cse.lk/upload_report_file/441_1435629080.pdf
SFCL.N0000,Annual,2014.0,Annual Report 2013/2014,https://www.cse.lk/upload_report_file/441_1408446329000.pdf
SFCL.N0000,Annual,2014.0,Audited Financial Statements as at 31-03-2014,https://www.cse.lk/upload_report_file/441_1403609542.pdf
SFCL.N0000,Annual,2013.0,Annual Report 2012 / 2013,https://www.cse.lk/upload_report_file/441_1373282351.pdf
SFCL.N0000,Annual,2013.0,Audited Financial Statements as at 31-03-2013,https://www.cse.lk/upload_report_file/441_1371554151177.pdf
SFCL.N0000,Annual,2012.0,Annual Report 2011/12,https://www.cse.lk/upload_report_file/441_1343127340314.pdf
SFCL.N0000,Annual,2012.0,Financial Statements for the year ended 31-03-2012,https://www.cse.lk/upload_report_file/441_1340619763.pdf
SHOT.X0000,Annual,2025.0,Annual Report 2024/25,https://www.cse.lk/cmt/upload_report_file/601_1756350557623.pdf
SHOT.X0000,Annual,2024.0,Annual Report 2023/24,https://www.cse.lk/cmt/upload_report_file/601_1725243920995.pdf
SHOT.X0000,Annual,2023.0,Annual Report 2022/2023,https://www.cse.lk/cmt/upload_report_file/601_1693534816831.pdf
SHOT.X0000,Annual,2022.0,Annual Report 2021/2022,https://www.cse.lk/cmt/upload_report_file/601_1662005778370.pdf
SHOT.X0000,Annual,2021.0,Annual Report 2020/21,https://www.cse.lk/cmt/upload_report_file/601_1630466956484.pdf
SHOT.X0000,Annual,2020.0,Annual Report 2019/2020,https://www.cse.lk/cmt/upload_report_file/601_1599041636688.pdf
SHOT.X0000,Annual,2019.0,Annual Report 2018/2019,https://www.cse.lk/upload_report_file/601_1561979480728.pdf
SHOT.X0000,Annual,2018.0,Annual Report 2017/2018,https://www.cse.lk/upload_report_file/601_1530268144897.pdf
SHOT.X0000,Annual,2017.0,Annual Report 2016/17,https://www.cse.lk/upload_report_file/601_1496315990330.pdf
SHOT.X0000,Annual,2016.0,Annual Report 2015/2016,https://www.cse.lk/upload_report_file/601_1467108887.pdf
SHOT.X0000,Annual,2015.0,Annual Report 2014/2015,https://www.cse.lk/upload_report_file/601_1434536002.pdf
SHOT.X0000,Annual,2014.0,Annual Report 2013/2014,https://www.cse.lk/upload_report_file/601_1402483265541.pdf
SHOT.X0000,Annual,2013.0,Annual Report 2012/13,https://www.cse.lk/upload_report_file/601_1371468507796.pdf
SHOT.X0000,Annual,2012.0,Annual Report 2011/2012,https://www.cse.lk/upload_report_file/601_1340102164.pdf
SHOT.N0000,Annual,2025.0,Annual Report 2024/25,https://www.cse.lk/cmt/upload_report_file/601_1756350557623.pdf
SHOT.N0000,Annual,2024.0,Annual Report 2023/24,https://www.cse.lk/cmt/upload_report_file/601_1725243920995.pdf
SHOT.N0000,Annual,2023.0,Annual Report 2022/2023,https://www.cse.lk/cmt/upload_report_file/601_1693534816831.pdf
SHOT.N0000,Annual,2022.0,Annual Report 2021/2022,https://www.cse.lk/cmt/upload_report_file/601_1662005778370.pdf
SHOT.N0000,Annual,2021.0,Annual Report 2020/21,https://www.cse.lk/cmt/upload_report_file/601_1630466956484.pdf
SHOT.N0000,Annual,2020.0,Annual Report 2019/2020,https://www.cse.lk/cmt/upload_report_file/601_1599041636688.pdf
SHOT.N0000,Annual,2019.0,Annual Report 2018/2019,https://www.cse.lk/upload_report_file/601_1561979480728.pdf
SHOT.N0000,Annual,2018.0,Annual Report 2017/2018,https://www.cse.lk/upload_report_file/601_1530268144897.pdf
SHOT.N0000,Annual,2017.0,Annual Report 2016/17,https://www.cse.lk/upload_report_file/601_1496315990330.pdf
SHOT.N0000,Annual,2016.0,Annual Report 2015/2016,https://www.cse.lk/upload_report_file/601_1467108887.pdf
SHOT.N0000,Annual,2015.0,Annual Report 2014/2015,https://www.cse.lk/upload_report_file/601_1434536002.pdf
SHOT.N0000,Annual,2014.0,Annual Report 2013/2014,https://www.cse.lk/upload_report_file/601_1402483265541.pdf
SHOT.N0000,Annual,2013.0,Annual Report 2012/13,https://www.cse.lk/upload_report_file/601_1371468507796.pdf
SHOT.N0000,Annual,2012.0,Annual Report 2011/2012,https://www.cse.lk/upload_report_file/601_1340102164.pdf
SLND.N0000,Annual,2025.0,Annual Report 2024/2025,https://www.cse.lk/cmt/upload_report_file/630_1756738127780.pdf
SLND.N0000,Annual,2024.0,Annual Report 2023/2024,https://www.cse.lk/cmt/upload_report_file/630_1725270095483.pdf
SLND.N0000,Annual,2023.0,Annual Report 2022/2023,https://www.cse.lk/cmt/upload_report_file/630_1693472750989.pdf
SLND.N0000,Annual,2022.0,Annual Report 2021/2022,https://www.cse.lk/cmt/upload_report_file/630_1662092889175.pdf
SLND.N0000,Annual,2021.0,Annual Report 2020-2021,https://www.cse.lk/cmt/upload_report_file/630_1632488549824.pdf
SLND.N0000,Annual,2020.0,Annual Report 2019/2020,https://www.cse.lk/cmt/upload_report_file/630_1606277239412.pdf
SLND.N0000,Annual,2019.0,Annual Report 2018/2019,https://www.cse.lk/cmt/upload_report_file/630_1567508071390.pdf
SLND.N0000,Annual,2018.0,Annual Report 2017/2018,https://www.cse.lk/upload_report_file/630_1536143952831.pdf
SLND.N0000,Annual,2017.0,Annual Report 2016/2017,https://www.cse.lk/upload_report_file/630_1504178046108.pdf
SLND.N0000,Annual,2016.0,Annual Report 2015/2016,https://www.cse.lk/upload_report_file/630_1472639935428.pdf
SLND.N0000,Annual,2015.0,Annual Report 2014/2015,https://www.cse.lk/upload_report_file/630_1440068386416.pdf
SLND.N0000,Annual,2014.0,Annual Report 2013/2014,https://www.cse.lk/upload_report_file/630_1408024255965.pdf
SLND.N0000,Annual,2013.0,Annual Report 2012/2013,https://www.cse.lk/upload_report_file/630_1378118380.pdf
SLND.N0000,Annual,2012.0,Annual Report 2011/2012,https://www.cse.lk/upload_report_file/630_1346326156.pdf
SEYB.X0000,Annual,2024.0,Annual Report 2024,https://www.cse.lk/cmt/upload_report_file/443_1740739555432.pdf
SEYB.X0000,Annual,2023.0,Annual Report 2023,https://www.cse.lk/cmt/upload_report_file/443_1709206929537.pdf
SEYB.X0000,Annual,2022.0,Annual Report for the Year-ended 31st December 2022,https://www.cse.lk/cmt/upload_report_file/443_1677838850743.pdf
SEYB.X0000,Annual,2022.0,Annual Report for the Year-ended 31st December 2021,https://www.cse.lk/cmt/upload_report_file/443_1646387755904.pdf
SEYB.X0000,Annual,2021.0,Annual Report for the Year-ended 31st December 2020,https://www.cse.lk/cmt/upload_report_file/443_1614771294244.12.2020-Final.pdf
SEYB.X0000,Annual,2020.0,Annual Report and Audited Financial Statements for the year ended 31/12/2019,https://www.cse.lk/cmt/upload_report_file/443_1583143464242.pdf
SEYB.X0000,Annual,2018.0,Annual Report 2018,https://www.cse.lk/upload_report_file/443_1551409209753.pdf
SEYB.X0000,Annual,2018.0,Annual Report 2017,https://www.cse.lk/upload_report_file/443_1551408243300.pdf
SEYB.X0000,Annual,2016.0,Annual Report 2016,https://www.cse.lk/upload_report_file/443_1488796042105.pdf
SEYB.X0000,Annual,2016.0,Annual Report for the year ended 31st December 2015,https://www.cse.lk/upload_report_file/443_1456995974810.pdf
SEYB.X0000,Annual,2014.0,Annual Report 2014,https://www.cse.lk/upload_report_file/443_1425637674303.pdf
SEYB.X0000,Annual,2013.0,Annual Report 2013,https://www.cse.lk/upload_report_file/443_1394098382.pdf
SEYB.X0000,Annual,2012.0,Annual Report 2012,https://www.cse.lk/upload_report_file/443_1362480703612.pdf
CSD.N0000,Annual,2024.0,Annual Report 2024,https://www.cse.lk/cmt/upload_report_file/617_1741170554892.pdf
CSD.N0000,Annual,2023.0,Annual Report 2023,https://www.cse.lk/cmt/upload_report_file/617_1717149871756.pdf
CSD.N0000,Annual,2023.0,Audited financial statement for the year ended 31st December 2023,https://www.cse.lk/cmt/upload_report_file/617_1715913253591.pdf
CSD.N0000,Annual,2022.0,Annual Report 2022,https://www.cse.lk/cmt/upload_report_file/617_1678269804740.pdf
CSD.N0000,Annual,2021.0,Annual Report - 2021,https://www.cse.lk/cmt/upload_report_file/617_1646647021246.pdf
CSD.N0000,Annual,2020.0,Annual Report 2020,https://www.cse.lk/cmt/upload_report_file/617_1614943289382.pdf
CSD.N0000,Annual,2019.0, Annual Report 2019,https://www.cse.lk/cmt/upload_report_file/617_1583401012875.pdf
CSD.N0000,Annual,2018.0,Annual Report 2018,https://www.cse.lk/upload_report_file/617_1551777645820.pdf
CSD.N0000,Annual,2017.0,Annual Report 2017,https://www.cse.lk/upload_report_file/617_1520420578123.pdf
CSD.N0000,Annual,2016.0,Annual Report 2016,https://www.cse.lk/upload_report_file/617_1489057501.pdf
CSD.N0000,Annual,2015.0,Annual Report 2015,https://www.cse.lk/upload_report_file/617_1457090799.pdf
CSD.N0000,Annual,2014.0,Annual Report 2014,https://www.cse.lk/upload_report_file/617_1425894740933.pdf
CSD.N0000,Annual,2013.0,Annual Report 2013,https://www.cse.lk/upload_report_file/617_1394190078.pdf
CSD.N0000,Annual,2012.0,Annual Report 2012,https://www.cse.lk/upload_report_file/617_1362569471449.pdf
SEYB.N0000,Annual,2024.0,Annual Report 2024,https://www.cse.lk/cmt/upload_report_file/443_1740739555432.pdf
SEYB.N0000,Annual,2023.0,Annual Report 2023,https://www.cse.lk/cmt/upload_report_file/443_1709206929537.pdf
SEYB.N0000,Annual,2022.0,Annual Report for the Year-ended 31st December 2022,https://www.cse.lk/cmt/upload_report_file/443_1677838850743.pdf
SEYB.N0000,Annual,2022.0,Annual Report for the Year-ended 31st December 2021,https://www.cse.lk/cmt/upload_report_file/443_1646387755904.pdf
SEYB.N0000,Annual,2021.0,Annual Report for the Year-ended 31st December 2020,https://www.cse.lk/cmt/upload_report_file/443_1614771294244.12.2020-Final.pdf
SEYB.N0000,Annual,2020.0,Annual Report and Audited Financial Statements for the year ended 31/12/2019,https://www.cse.lk/cmt/upload_report_file/443_1583143464242.pdf
SEYB.N0000,Annual,2018.0,Annual Report 2018,https://www.cse.lk/upload_report_file/443_1551409209753.pdf
SEYB.N0000,Annual,2018.0,Annual Report 2017,https://www.cse.lk/upload_report_file/443_1551408243300.pdf
SEYB.N0000,Annual,2016.0,Annual Report 2016,https://www.cse.lk/upload_report_file/443_1488796042105.pdf
SEYB.N0000,Annual,2016.0,Annual Report for the year ended 31st December 2015,https://www.cse.lk/upload_report_file/443_1456995974810.pdf
SEYB.N0000,Annual,2014.0,Annual Report 2014,https://www.cse.lk/upload_report_file/443_1425637674303.pdf
SEYB.N0000,Annual,2013.0,Annual Report 2013,https://www.cse.lk/upload_report_file/443_1394098382.pdf
SEYB.N0000,Annual,2012.0,Annual Report 2012,https://www.cse.lk/upload_report_file/443_1362480703612.pdf
SIRA.N0000,Annual,2025.0,ANNUAL REPORT AS OF 03/31/2025,https://www.cse.lk/cmt/upload_report_file/685_1756459717270.pdf
SIRA.N0000,Annual,2024.0,Annual Report 2023/2024,https://www.cse.lk/cmt/upload_report_file/685_1725245189976.pdf
SIRA.N0000,Annual,2023.0,ANNUAL REPORT FOR 2022 2023,https://www.cse.lk/cmt/upload_report_file/685_1693558906653.pdf
SIRA.N0000,Annual,2022.0,Annual Report 2021/2022,https://www.cse.lk/cmt/upload_report_file/685_1662087870159.pdf
SIRA.N0000,Annual,2021.0,Annual Report for the financial Year 2020/2021,https://www.cse.lk/cmt/upload_report_file/685_1631185662420.pdf
SIRA.N0000,Annual,2020.0,Annual Report 2019/20,https://www.cse.lk/cmt/upload_report_file/685_1599216423045.pdf
SIRA.N0000,Annual,2019.0,Annual Report 2018/2019,https://www.cse.lk/cmt/upload_report_file/685_1566989620473.pdf
SIRA.N0000,Annual,2018.0,Annual Report 2017/2018,https://www.cse.lk/upload_report_file/685_1535714796387.pdf
SIRA.N0000,Annual,2017.0,Annual Report 2016/2017 (Amended),https://www.cse.lk/upload_report_file/685_1505186106.pdf
SIRA.N0000,Annual,2017.0,Annual Report 2016/2017,https://www.cse.lk/upload_report_file/685_1504177693.pdf
SIRA.N0000,Annual,2016.0,Annual Report 2015/2016,https://www.cse.lk/upload_report_file/685_1472808046555.pdf
SIRA.N0000,Annual,2015.0,Annual Report 2014/2015,https://www.cse.lk/upload_report_file/685_1440755455190.PDF
SIRA.N0000,Annual,2014.0,Annual Report 2013/2014,https://www.cse.lk/upload_report_file/685_1409570030.pdf
SIRA.N0000,Annual,2014.0,Audited Financial Statements as at 31.03.2014,https://www.cse.lk/upload_report_file/685_1405084870837.pdf
SIRA.N0000,Annual,2013.0,Annual Report 2012/13,https://www.cse.lk/upload_report_file/685_1374751434243.pdf
SIRA.N0000,Annual,2012.0,Annual Report 2011/2012,https://www.cse.lk/upload_report_file/685_1345110264830.pdf
SINS.N0000,Annual,2025.0,Annual Report 2024/25,https://www.cse.lk/cmt/upload_report_file/772_1748597139656.pdf
SINS.N0000,Annual,2024.0,Annual Report 2023/24,https://www.cse.lk/cmt/upload_report_file/772_1717147243298.pdf
SINS.N0000,Annual,2023.0,Annual Report 2022/23,https://www.cse.lk/cmt/upload_report_file/772_1686042895942.pdf
SINS.N0000,Annual,2022.0,Annual Report 2021/2022,https://www.cse.lk/cmt/upload_report_file/772_1654507501248.pdf
SINS.N0000,Annual,2021.0,Annual Report 2020/2021,https://www.cse.lk/cmt/upload_report_file/772_1622631462044.pdf
SINS.N0000,Annual,2020.0,Annual Report 2019/20,https://www.cse.lk/cmt/upload_report_file/772_1594032267717.pdf
SINS.N0000,Annual,2019.0, Annual Report 2018/2019,https://www.cse.lk/upload_report_file/772_1559560973754.pdf
SINS.N0000,Annual,2018.0,Annual Report 2017/18,https://www.cse.lk/upload_report_file/772_1528112823780.pdf
SINS.N0000,Annual,2016.0,Annual Report 2016,https://www.cse.lk/upload_report_file/772_1489404302.pdf
SINS.N0000,Annual,2015.0,Annual Report 2015,https://www.cse.lk/upload_report_file/772_1457436191793.pdf
SINS.N0000,Annual,2015.0,Annual Report 2014,https://www.cse.lk/upload_report_file/772_1426590975933.pdf
SINS.N0000,Annual,2013.0,Annual Report 2013,https://www.cse.lk/upload_report_file/772_1394623553.pdf
SINS.N0000,Annual,2012.0,Annual Report - 2012,https://www.cse.lk/upload_report_file/772_1363258264.pdf
SIGV.N0000,Annual,2025.0,Annual Report 2024/2025,https://www.cse.lk/cmt/upload_report_file/602_1750388025462.pdf
SIGV.N0000,Annual,2024.0,Annual Report 2023/24,https://www.cse.lk/cmt/upload_report_file/602_1724296485658.pdf
SIGV.N0000,Annual,2023.0,Annual Report 2022/2023,https://www.cse.lk/cmt/upload_report_file/602_1693453057645.pdf
SIGV.N0000,Annual,2022.0,Annual Report - 2021/2022,https://www.cse.lk/cmt/upload_report_file/602_1661945506037.pdf
SIGV.N0000,Annual,2021.0,Annual Report 2020/21,https://www.cse.lk/cmt/upload_report_file/602_1632716335460.pdf
SIGV.N0000,Annual,2020.0,Annual Report 2019/2020,https://www.cse.lk/cmt/upload_report_file/602_1601630329950.pdf
SIGV.N0000,Annual,2019.0,Annual Report 2018/2019,https://www.cse.lk/cmt/upload_report_file/602_1567158715462.pdf
SIGV.N0000,Annual,2018.0,Annual Report 2017/2018,https://www.cse.lk/upload_report_file/602_1531135025994.pdf
SIGV.N0000,Annual,2017.0,Annual Report 2016/2017,https://www.cse.lk/upload_report_file/602_1497007494.pdf
SIGV.N0000,Annual,2016.0,Annual Report 2015/2016,https://www.cse.lk/upload_report_file/602_1470138077458.pdf
SIGV.N0000,Annual,2015.0,Annual Report 2014/2015,https://www.cse.lk/upload_report_file/602_1435548166733.pdf
SIGV.N0000,Annual,2014.0,Annual Report 2013/2014,https://www.cse.lk/upload_report_file/602_1403088676233.pdf
SIGV.N0000,Annual,2013.0,Annual Report 2012/2013,https://www.cse.lk/upload_report_file/602_1372073466125.pdf
SIGV.N0000,Annual,2012.0,Annual Report 2011/2012,https://www.cse.lk/upload_report_file/602_1338552835.pdf
SFIN.N0000,Annual,2025.0,Annual Financial Statements as of 31st March 2025,https://www.cse.lk/cmt/upload_report_file/1041_1748604686474.pdf
SFIN.N0000,Annual,2024.0,Annual financial statement as of 31st March 2024,https://www.cse.lk/cmt/upload_report_file/1041_1717066086002.pdf
SFIN.N0000,Annual,2023.0,Annual Report 2022/23,https://www.cse.lk/cmt/upload_report_file/1041_1686019793266.pdf
SFIN.N0000,Annual,2022.0,Annual Report 2021/22,https://www.cse.lk/cmt/upload_report_file/1041_1654652077542.pdf
SFIN.N0000,Annual,2021.0,Annual Report 2020/2021,https://www.cse.lk/cmt/upload_report_file/1041_1622803397507.pdf
SFIN.N0000,Annual,2020.0, Annual Report 2019/20,https://www.cse.lk/cmt/upload_report_file/1041_1594031254978.pdf
SFIN.N0000,Annual,2020.0,Audited Financial Statements as at 31.03.2020,https://www.cse.lk/cmt/upload_report_file/1041_1593514133301.03.2020.pdf
SFIN.N0000,Annual,2019.0,Annual Report 2018/19,https://www.cse.lk/upload_report_file/1041_1561375024901.pdf
SFIN.N0000,Annual,2018.0,Annual Report 2017/18,https://www.cse.lk/upload_report_file/1041_1528167578172.pdf
SFIN.N0000,Annual,2017.0,Annual Report 2016/17,https://www.cse.lk/upload_report_file/1041_1497265426371.pdf
SFIN.N0000,Annual,2016.0,Annual Report 2015/16,https://www.cse.lk/upload_report_file/1041_1465549471990.pdf
SFIN.N0000,Annual,2015.0,Annual Report 2014/15 ,https://www.cse.lk/upload_report_file/1041_1434101238089.pdf
SFIN.N0000,Annual,2014.0,Annual Report 2013/2014,https://www.cse.lk/upload_report_file/1041_1402395027822.pdf
SFIN.N0000,Annual,2013.0,Annual Report 2012 / 2013,https://www.cse.lk/upload_report_file/1041_1370860510.pdf
SFIN.N0000,Annual,2012.0,Annual Report  2011/2012,https://www.cse.lk/upload_report_file/1041_1339586377971.pdf
SINH.N0000,Annual,2025.0,Annual Report for the year ended 31 March 2025,https://www.cse.lk/cmt/upload_report_file/1444_1749128928064.pdf
SINH.N0000,Annual,2024.0,Annual Report 2023/24,https://www.cse.lk/cmt/upload_report_file/1444_1722396220194.pdf
SINH.N0000,Annual,2023.0,Annual Report for the year ended 31 March 2023,https://www.cse.lk/cmt/upload_report_file/1444_1689160963734.pdf
SINH.N0000,Annual,2022.0,Annual Report 2021/22,https://www.cse.lk/cmt/upload_report_file/1444_1657164148268.pdf
SINH.N0000,Annual,2021.0,Annual Report for the year ended 31 March 2021,https://www.cse.lk/cmt/upload_report_file/1444_1624617249085.pdf
SINH.N0000,Annual,2020.0,Annual Report for the year ended 31 March 2020,https://www.cse.lk/cmt/upload_report_file/1444_1599102013546.pdf
SINH.N0000,Annual,2019.0,Annual Report 2018/2019,https://www.cse.lk/cmt/upload_report_file/1444_1567046873398.pdf
SINH.N0000,Annual,2018.0,Annual Report for 2017/2018,https://www.cse.lk/upload_report_file/1444_1537435601025.pdf
SINH.N0000,Annual,2017.0,Annual Report 2016/2017,https://www.cse.lk/upload_report_file/1444_1503055931.pdf
SINH.N0000,Annual,2016.0,Annual Report 2015/2016,https://www.cse.lk/upload_report_file/1444_1470826115163.pdf
SINH.N0000,Annual,2015.0,Annual Report 2014/2015,https://www.cse.lk/upload_report_file/1444_1439206753567.pdf
SEMB.N0000,Annual,2024.0,Annual Report 2024,https://www.cse.lk/cmt/upload_report_file/445_1748622979340.pdf
SEMB.N0000,Annual,2024.0,Audited Financial Statements as of 31-12-2024,https://www.cse.lk/cmt/upload_report_file/445_1743168781639.pdf
SEMB.N0000,Annual,2023.0,Annual Report 2023,https://www.cse.lk/cmt/upload_report_file/445_1717158049124.pdf
SEMB.N0000,Annual,2023.0,Audited Financial Statement 2023,https://www.cse.lk/cmt/upload_report_file/445_1711629028599.pdf
SEMB.N0000,Annual,2022.0,Annual Report 2022,https://www.cse.lk/cmt/upload_report_file/445_1685534022131.pdf
SEMB.N0000,Annual,2022.0,Audited Financial Statements as of 31-12-2022,https://www.cse.lk/cmt/upload_report_file/445_1680583784117.pdf
SEMB.N0000,Annual,2021.0,Annual Report 2021,https://www.cse.lk/cmt/upload_report_file/445_1654053037849.pdf
SEMB.N0000,Annual,2020.0,Annual Report 2020,https://www.cse.lk/cmt/upload_report_file/445_1622463514352.pdf
SEMB.N0000,Annual,2019.0,Annual Report 2019,https://www.cse.lk/cmt/upload_report_file/445_1600422823969.pdf
SEMB.N0000,Annual,,Annual Report 2018,https://www.cse.lk/upload_report_file/445_1559302079.pdf
SEMB.N0000,Annual,2018.0,Annual Report 2017,https://www.cse.lk/upload_report_file/445_1527764582659.pdf
SEMB.N0000,Annual,2016.0,Annual Report 2016,https://www.cse.lk/upload_report_file/445_1496230468963.pdf
SEMB.N0000,Annual,2015.0,Annual Report 2015,https://www.cse.lk/upload_report_file/445_1464697993170.pdf
SEMB.N0000,Annual,2015.0,Annual Report 2014,https://www.cse.lk/upload_report_file/445_1432812223.pdf
SEMB.N0000,Annual,2013.0,Annual Report 2013,https://www.cse.lk/upload_report_file/445_1401453427.pdf
SEMB.N0000,Annual,2012.0,Annual Report 2012,https://www.cse.lk/upload_report_file/445_1369999280.pdf
SCAP.N0000,Annual,2025.0,Annual Report as at 31st March 2025,https://www.cse.lk/cmt/upload_report_file/1100_1764673838964.03.2025 - Annual Report.pdf
SCAP.N0000,Annual,2024.0,Annual Report 2023/2024,https://www.cse.lk/cmt/upload_report_file/1100_1733713185724.pdf
SCAP.N0000,Annual,2023.0,Amended Annual Report 2022/2023,https://www.cse.lk/cmt/upload_report_file/1100_1693565651603.pdf
SCAP.N0000,Annual,2023.0,Annual Report 2022/2023,https://www.cse.lk/cmt/upload_report_file/1100_1693539465304.pdf
SCAP.N0000,Annual,2022.0,Annual Report 2021/2022,https://www.cse.lk/cmt/upload_report_file/1100_1661942156082.pdf
SCAP.N0000,Annual,2021.0,"Annual Report for the year ended 31st March, 2021",https://www.cse.lk/cmt/upload_report_file/1100_1627469610354.pdf
SCAP.N0000,Annual,2020.0,Annual Report 2019/20,https://www.cse.lk/cmt/upload_report_file/1100_1598871377467.pdf
SCAP.N0000,Annual,2019.0,Annual Report 2018/2019 ,https://www.cse.lk/upload_report_file/1100_1565084718602.pdf
SCAP.N0000,Annual,2018.0,Annual Report 2017/2018,https://www.cse.lk/upload_report_file/1100_1535714028571.pdf
SCAP.N0000,Annual,2017.0,Annual Report 2016/2017,https://www.cse.lk/upload_report_file/1100_1501063137.pdf
SCAP.N0000,Annual,2016.0,Annual Report 2015/2016,https://www.cse.lk/upload_report_file/1100_1472641902597.pdf
SCAP.N0000,Annual,2015.0,Annual Report 2014/2015,https://www.cse.lk/upload_report_file/1100_1435312537208.pdf
SCAP.N0000,Annual,2014.0,Annual Report 2013/2014,https://www.cse.lk/upload_report_file/1100_1407381491789.pdf
SCAP.N0000,Annual,2014.0,Audited Financial Statements as at 31.03.2014,https://www.cse.lk/upload_report_file/1100_1407129582177.pdf
SCAP.N0000,Annual,2013.0,Annual Report 2012/2013,https://www.cse.lk/upload_report_file/1100_1377604016530.pdf
SCAP.N0000,Annual,2012.0,Annual Report 2011/2012,https://www.cse.lk/upload_report_file/1100_1346235769403.pdf
SCAP.N0000,Annual,2012.0,Audited Financial Statements - 31-03-2012,https://www.cse.lk/upload_report_file/1100_1344944880.pdf
CRL.N0000,Annual,2025.0,Annual Report 2024/2025,https://www.cse.lk/cmt/upload_report_file/863_1756693745873.pdf
CRL.N0000,Annual,2025.0,Audited Financial Statements for the year ended 31st March 2025,https://www.cse.lk/cmt/upload_report_file/863_1754880772388.pdf
CRL.N0000,Annual,2024.0,Annual Report 2023/2024,https://www.cse.lk/cmt/upload_report_file/863_1727440975320.pdf
CRL.N0000,Annual,2024.0,Audited Financial Statements for the year ended 31st March 2024,https://www.cse.lk/cmt/upload_report_file/863_1726824289016.pdf
CRL.N0000,Annual,2023.0,Annual Report 2022/2023,https://www.cse.lk/cmt/upload_report_file/863_1693478072651.pdf
CRL.N0000,Annual,2023.0,Audited Financial Statements for the year ended 31st March 2023 ,https://www.cse.lk/cmt/upload_report_file/863_1692096395239.pdf
CRL.N0000,Annual,2022.0,Annual Report 2021/2022,https://www.cse.lk/cmt/upload_report_file/863_1661914721330.pdf
CRL.N0000,Annual,2022.0,Audited financial Statements for the year ended 31.03.2022,https://www.cse.lk/cmt/upload_report_file/863_1656558912134.pdf
CRL.N0000,Annual,2021.0,Annual Report 2020/2021,https://www.cse.lk/cmt/upload_report_file/863_1627989914678.pdf
CRL.N0000,Annual,2021.0,"Audited Financial Statement as at 31st March, 2021 ",https://www.cse.lk/cmt/upload_report_file/863_1625019083417.pdf
CRL.N0000,Annual,2020.0,Annual Report 2019/20,https://www.cse.lk/cmt/upload_report_file/863_1598868493379.pdf
CRL.N0000,Annual,2020.0,Audited Financial Statements as of 31-03-2020,https://www.cse.lk/cmt/upload_report_file/863_1597375383733.pdf
CRL.N0000,Annual,2019.0,Annual Report 2018/2019,https://www.cse.lk/cmt/upload_report_file/863_1565350658784.pdf
CRL.N0000,Annual,2019.0,Audited Financial Statements as of 31-03-2019,https://www.cse.lk/upload_report_file/863_1561719983592.03.2019.pdf
CRL.N0000,Annual,2018.0,Annual Report 2017/2018,https://www.cse.lk/upload_report_file/863_1535713805026.pdf
CRL.N0000,Annual,2018.0,Audited Financial Statements 31.03.2018,https://www.cse.lk/upload_report_file/863_1530511588249.pdf
CRL.N0000,Annual,2017.0,Annual Report 2016/2017,https://www.cse.lk/upload_report_file/863_1500980904.pdf
CRL.N0000,Annual,2017.0,Audited Financial Statements as of 31-03-2017,https://www.cse.lk/upload_report_file/863_1498805565.pdf
CRL.N0000,Annual,2016.0,Annual Report 2015/2016,https://www.cse.lk/upload_report_file/863_1470396889.pdf
CRL.N0000,Annual,2016.0,Audited Financial Statements as of 31-03-2016,https://www.cse.lk/upload_report_file/863_1467198141.pdf
CRL.N0000,Annual,2015.0,Amended Statement of Cash Flows (Audited Financial Statements as at 31st March 2015),https://www.cse.lk/upload_report_file/863_1443604508197.pdf
CRL.N0000,Annual,2015.0,Annual Report 2014/2015,https://www.cse.lk/upload_report_file/863_1435830874740.pdf
CRL.N0000,Annual,2015.0,Audited Financial Statements as at 31st March 2015,https://www.cse.lk/upload_report_file/863_1435225354154.pdf
CRL.N0000,Annual,2014.0,Annual Report 2013/2014,https://www.cse.lk/upload_report_file/863_1404894197090.pdf
CRL.N0000,Annual,2014.0,Audited Financial Statements as at 31-03-2014,https://www.cse.lk/upload_report_file/863_1403695080818.pdf
CRL.N0000,Annual,2013.0,Annual Report 2012/2013,https://www.cse.lk/upload_report_file/863_1375442010.pdf
CRL.N0000,Annual,2013.0,Audited Financial Statements as at 31-03-2013,https://www.cse.lk/upload_report_file/863_1372417727.pdf
CRL.N0000,Annual,2012.0,Annual Report  2011/2012,https://www.cse.lk/upload_report_file/863_1341544804237.pdf
SEMB.X0000,Annual,2024.0,Annual Report 2024,https://www.cse.lk/cmt/upload_report_file/445_1748622979340.pdf
SEMB.X0000,Annual,2024.0,Audited Financial Statements as of 31-12-2024,https://www.cse.lk/cmt/upload_report_file/445_1743168781639.pdf
SEMB.X0000,Annual,2023.0,Annual Report 2023,https://www.cse.lk/cmt/upload_report_file/445_1717158049124.pdf
SEMB.X0000,Annual,2023.0,Audited Financial Statement 2023,https://www.cse.lk/cmt/upload_report_file/445_1711629028599.pdf
SEMB.X0000,Annual,2022.0,Annual Report 2022,https://www.cse.lk/cmt/upload_report_file/445_1685534022131.pdf
SEMB.X0000,Annual,2022.0,Audited Financial Statements as of 31-12-2022,https://www.cse.lk/cmt/upload_report_file/445_1680583784117.pdf
SEMB.X0000,Annual,2021.0,Annual Report 2021,https://www.cse.lk/cmt/upload_report_file/445_1654053037849.pdf
SEMB.X0000,Annual,2020.0,Annual Report 2020,https://www.cse.lk/cmt/upload_report_file/445_1622463514352.pdf
SEMB.X0000,Annual,2019.0,Annual Report 2019,https://www.cse.lk/cmt/upload_report_file/445_1600422823969.pdf
SEMB.X0000,Annual,,Annual Report 2018,https://www.cse.lk/upload_report_file/445_1559302079.pdf
SEMB.X0000,Annual,2018.0,Annual Report 2017,https://www.cse.lk/upload_report_file/445_1527764582659.pdf
SEMB.X0000,Annual,2016.0,Annual Report 2016,https://www.cse.lk/upload_report_file/445_1496230468963.pdf
SEMB.X0000,Annual,2015.0,Annual Report 2015,https://www.cse.lk/upload_report_file/445_1464697993170.pdf
SEMB.X0000,Annual,2015.0,Annual Report 2014,https://www.cse.lk/upload_report_file/445_1432812223.pdf
SEMB.X0000,Annual,2013.0,Annual Report 2013,https://www.cse.lk/upload_report_file/445_1401453427.pdf
SEMB.X0000,Annual,2012.0,Annual Report 2012,https://www.cse.lk/upload_report_file/445_1369999280.pdf
SHL.N0000,Annual,2025.0,Annual Report as at 31st March 2025,https://www.cse.lk/cmt/upload_report_file/1075_1765207191244.pdf
SHL.N0000,Annual,2024.0,Annual Report 2023/2024,https://www.cse.lk/cmt/upload_report_file/1075_1733758721399.pdf
SHL.N0000,Annual,2023.0,Annual Report for the year ended 31st March 2023,https://www.cse.lk/cmt/upload_report_file/1075_1713346066237.pdf
SHL.N0000,Annual,2022.0,Annual Report of the year ended 31st March 2022 ,https://www.cse.lk/cmt/upload_report_file/1075_1700560428547.pdf
SHL.N0000,Annual,2021.0,Annual Report 2020/2021,https://www.cse.lk/cmt/upload_report_file/1075_1634037928312.pdf
SHL.N0000,Annual,2020.0,Annual Financial Report 31/03/2020,https://www.cse.lk/cmt/upload_report_file/1075_1608287162756.pdf
SHL.N0000,Annual,2019.0,Annual Report 2018/2019,https://www.cse.lk/upload_report_file/1075_1563186251916.pdf
SHL.N0000,Annual,2018.0,Annual Report 2017/2018,https://www.cse.lk/upload_report_file/1075_1534504407161.pdf
SHL.N0000,Annual,2017.0,Annual Report 2016/2017,https://www.cse.lk/upload_report_file/1075_1500890444.pdf
SHL.N0000,Annual,2016.0,Annual Report 2015/2016,https://www.cse.lk/upload_report_file/1075_1472552873403.pdf
SHL.N0000,Annual,2016.0,Audited Financial Statements as at 31-03-2016,https://www.cse.lk/upload_report_file/1075_1471344707149.pdf
SHL.N0000,Annual,2015.0,Annual Report 2014/2015,https://www.cse.lk/upload_report_file/1075_1441017232944.pdf
SHL.N0000,Annual,2015.0,Audited Financial Statements as of 31-03-2015,https://www.cse.lk/upload_report_file/1075_1439781232123.pdf
SHL.N0000,Annual,2014.0,Annual Report 2013/2014,https://www.cse.lk/upload_report_file/1075_1408093371758.pdf
SHL.N0000,Annual,2013.0,Annual Report 2012/2013,https://www.cse.lk/upload_report_file/1075_1378119635036.pdf
SHL.N0000,Annual,2013.0,Audited Financial Statements as of 31-03-2013,https://www.cse.lk/upload_report_file/1075_1375693699552.03.2013.pdf
SHL.N0000,Annual,2012.0,Annual Report 2011/2012,https://www.cse.lk/upload_report_file/1075_1346231318403.pdf
AAIC.N0000,Annual,2024.0,Annual Report 2024,https://www.cse.lk/cmt/upload_report_file/364_1741255680829.pdf
AAIC.N0000,Annual,2023.0,Annual Report 2023,https://www.cse.lk/cmt/upload_report_file/364_1709635312987.pdf
AAIC.N0000,Annual,2022.0,Annual Report 2022,https://www.cse.lk/cmt/upload_report_file/364_1678271988167.5MB.pdf
AAIC.N0000,Annual,2021.0,Annual Report 2021,https://www.cse.lk/cmt/upload_report_file/364_1646819118656.pdf
AAIC.N0000,Annual,2020.0,Annual Report 2020,https://www.cse.lk/cmt/upload_report_file/364_1615351818499.pdf
AAIC.N0000,Annual,2019.0,Annual Financial Report 2019,https://www.cse.lk/cmt/upload_report_file/364_1583836031126.pdf
AAIC.N0000,Annual,2018.0,Annual Report  2018,https://www.cse.lk/upload_report_file/364_1551955949121.5 MB.pdf
AAIC.N0000,Annual,2017.0,Annual Report 2017,https://www.cse.lk/upload_report_file/364_1522835824559.pdf
AAIC.N0000,Annual,2016.0,Annual Report 2016,https://www.cse.lk/upload_report_file/364_1489383033443.pdf
AAIC.N0000,Annual,2015.0,Annual Report 2015,https://www.cse.lk/upload_report_file/364_1457492973634.pdf
AAIC.N0000,Annual,2014.0,Annual Report 2014,https://www.cse.lk/upload_report_file/364_1425899240.pdf
AAIC.N0000,Annual,2013.0,Annual Report 2013,https://www.cse.lk/upload_report_file/364_1394787714710.pdf
AAIC.N0000,Annual,2012.0,Annual Report 2012,https://www.cse.lk/upload_report_file/364_1363087263.pdf
SING.N0000,Annual,2024.0,Annual Report 2023/24,https://www.cse.lk/cmt/upload_report_file/499_1755163557604.pdf
SING.N0000,Annual,2023.0,Annual Report 2022/23,https://www.cse.lk/cmt/upload_report_file/499_1697108687777.10.2023).pdf
SING.N0000,Annual,2022.0,Annual Report 2021/22,https://www.cse.lk/cmt/upload_report_file/499_1676889848605.pdf
SING.N0000,Annual,2021.0,Annual Report 2020/21,https://www.cse.lk/cmt/upload_report_file/499_1670576658255.pdf
SING.N0000,Annual,2020.0,Annual Report 2019/20,https://www.cse.lk/cmt/upload_report_file/499_1643880366852.pdf
SING.N0000,Annual,2019.0,Annual Report 2018/19,https://www.cse.lk/cmt/upload_report_file/499_1606296653135.pdf
SING.N0000,Annual,2018.0,Annual Report 2017/2018,https://www.cse.lk/cmt/upload_report_file/499_1577098021523.pdf
SING.N0000,Annual,2017.0,Annual Report 2016/2017,https://www.cse.lk/cmt/upload_report_file/499_1565348177895.pdf
SING.N0000,Annual,2016.0,Annual Report 2015/2016,https://www.cse.lk/upload_report_file/499_1496662055910.pdf
SING.N0000,Annual,2015.0,Annual Report 2014/2015,https://www.cse.lk/upload_report_file/499_1450868563500.pdf
SING.N0000,Annual,2014.0,Annual Report 2013/2014,https://www.cse.lk/upload_report_file/499_1416481031.pdf
SING.N0000,Annual,2013.0,Annual Report 2012/2013,https://www.cse.lk/upload_report_file/499_1389177376.pdf
SING.N0000,Annual,2012.0,Annual Report 2011/2012,https://www.cse.lk/upload_report_file/499_1346667019.pdf
SING.N0000,Annual,2004.0,Annual Report (Amended) - 2003/2004,https://www.cse.lk/upload_report_file/499_1251970872015.pdf
SING.N0000,Annual,2005.0,Annual Report (Amended) - 2004/2005,https://www.cse.lk/upload_report_file/499_1251970993342.pdf
SING.N0000,Annual,2003.0,Annual Report (Amended) - 2002/2003,https://www.cse.lk/upload_report_file/499_1251970749711.pdf
SING.N0000,Annual,2002.0,Annual Report (Amended) - 2001/2002,https://www.cse.lk/upload_report_file/499_1251970520302.pdf
SLTL.N0000,Annual,2024.0,Annual Report 2024,https://www.cse.lk/cmt/upload_report_file/390_1748604171098.pdf
SLTL.N0000,Annual,2023.0,Annual Report 2023,https://www.cse.lk/cmt/upload_report_file/390_1713438557401.pdf
SLTL.N0000,Annual,2022.0,Annual Report 2022,https://www.cse.lk/cmt/upload_report_file/390_1681895635900.pdf
SLTL.N0000,Annual,2021.0,Annual Report 2021,https://www.cse.lk/cmt/upload_report_file/390_1650277337463.pdf
SLTL.N0000,Annual,2020.0,Annual Report 2020,https://www.cse.lk/cmt/upload_report_file/390_1617015189038.pdf
SLTL.N0000,Annual,2019.0,Annual Report 2019,https://www.cse.lk/cmt/upload_report_file/390_1593056270911.pdf
SLTL.N0000,Annual,2018.0,Annual Report 2018,https://www.cse.lk/upload_report_file/390_1551847551615.pdf
SLTL.N0000,Annual,2017.0,Annual Report 2017,https://www.cse.lk/upload_report_file/390_1523438714303.pdf
SLTL.N0000,Annual,2016.0,Annual Report 2016,https://www.cse.lk/upload_report_file/390_1493290089696.pdf
SLTL.N0000,Annual,2015.0,Annual Report 2015,https://www.cse.lk/upload_report_file/390_1461063130.pdf
SLTL.N0000,Annual,2014.0,Annual Report 2014,https://www.cse.lk/upload_report_file/390_1428666100243.pdf
SLTL.N0000,Annual,2013.0,Annual Report 2013,https://www.cse.lk/upload_report_file/390_1395133548115.pdf
SLTL.N0000,Annual,2012.0,Annual Report 2012,https://www.cse.lk/upload_report_file/390_1364870912452.pdf
SWAD.N0000,Annual,2025.0,Annual Report - 2024/2025,https://www.cse.lk/cmt/upload_report_file/687_1754907865696.pdf
SWAD.N0000,Annual,2024.0,Annual Report - 2023/2024,https://www.cse.lk/cmt/upload_report_file/687_1724209898096.pdf
SWAD.N0000,Annual,2023.0,Annual Report - 2022/2023,https://www.cse.lk/cmt/upload_report_file/687_1691119275473.pdf
SWAD.N0000,Annual,2022.0,Annual Report 2021/2022,https://www.cse.lk/cmt/upload_report_file/687_1660901977778.pdf
SWAD.N0000,Annual,2021.0,Annual Financial Report 2020/2021,https://www.cse.lk/cmt/upload_report_file/687_1628071191718.pdf
SWAD.N0000,Annual,2020.0,Annual Report 2019/20,https://www.cse.lk/cmt/upload_report_file/687_1596510575170.pdf
SWAD.N0000,Annual,2019.0,Amended Annual Report 2018/2019,https://www.cse.lk/cmt/upload_report_file/687_1567677257453.pdf
SWAD.N0000,Annual,2019.0,Annual Report 2018/2019,https://www.cse.lk/cmt/upload_report_file/687_1566211137129.pdf
SWAD.N0000,Annual,2018.0,Annual Report 2017/2018,https://www.cse.lk/upload_report_file/687_1535713634813.pdf
SWAD.N0000,Annual,2017.0,Annual Report 2016/2017,https://www.cse.lk/upload_report_file/687_1505126724.pdf
SWAD.N0000,Annual,2016.0,Annual Report 2015/2016,https://www.cse.lk/upload_report_file/687_1473246817920.pdf
SWAD.N0000,Annual,2015.0,Annual Report 2014/2015,https://www.cse.lk/upload_report_file/687_1440761551467.pdf
SWAD.N0000,Annual,2014.0,Annual Report 2013/2014,https://www.cse.lk/upload_report_file/687_1409224977835.pdf
SWAD.N0000,Annual,2013.0,Annual Report 2012/2013,https://www.cse.lk/upload_report_file/687_1377687434.pdf
SWAD.N0000,Annual,2012.0,Annual Report 2011/2012,https://www.cse.lk/upload_report_file/687_1345113258.pdf
SUN.N0000,Annual,2025.0,Annual Report 2024/2025          ,https://www.cse.lk/cmt/upload_report_file/510_1749005326179.pdf
SUN.N0000,Annual,2024.0,Annual Report 2023/2024          ,https://www.cse.lk/cmt/upload_report_file/510_1717506049628.pdf
SUN.N0000,Annual,2023.0,Annual Report 2022/2023,https://www.cse.lk/cmt/upload_report_file/510_1685620923572.pdf
SUN.N0000,Annual,2022.0,Annual Report 2021/2022,https://www.cse.lk/cmt/upload_report_file/510_1654181307778.pdf
SUN.N0000,Annual,2021.0,Annual Report for the financial year ended 31st March 2021,https://www.cse.lk/cmt/upload_report_file/510_1622631907158.pdf
SUN.N0000,Annual,2020.0,Sunshine Holdings PLC - Annual report 2019/2020,https://www.cse.lk/cmt/upload_report_file/510_1591176292260.pdf
SUN.N0000,Annual,2019.0,Annual Report 2018/19,https://www.cse.lk/upload_report_file/510_1559642952609.pdf
SUN.N0000,Annual,2018.0,Annual Report 2017/18,https://www.cse.lk/upload_report_file/510_1528113217.pdf
SUN.N0000,Annual,2017.0,Annual Report 2016/2017,https://www.cse.lk/upload_report_file/510_1496742979.pdf
SUN.N0000,Annual,2016.0,Annual Report 2015/2016,https://www.cse.lk/upload_report_file/510_1466161555.pdf
SUN.N0000,Annual,2015.0,Annual Report 2014/15,https://www.cse.lk/upload_report_file/510_1433761954058.pdf
SUN.N0000,Annual,2014.0,Annual Report 2013/2014,https://www.cse.lk/upload_report_file/510_1401962095.pdf
SUN.N0000,Annual,2013.0,Annual Report 2012/13,https://www.cse.lk/upload_report_file/510_1372676357507.pdf
SUN.N0000,Annual,2012.0,Annual Report  2011/2012,https://www.cse.lk/upload_report_file/510_1341568686141.pdf
PARQ.N0000,Annual,2025.0,Annual Report 2024/25,https://www.cse.lk/cmt/upload_report_file/679_1749128626241.pdf
PARQ.N0000,Annual,2024.0,Annual Report 2023/24,https://www.cse.lk/cmt/upload_report_file/679_1717515728387.pdf
PARQ.N0000,Annual,2023.0,ANNUAL REPORT 2022-2023,https://www.cse.lk/cmt/upload_report_file/679_1686134508725.pdf
PARQ.N0000,Annual,2022.0,ANNUAL REPORT 2021-2022,https://www.cse.lk/cmt/upload_report_file/679_1654607126091.pdf
PARQ.N0000,Annual,2021.0,Annual Financial Report 2020/21,https://www.cse.lk/cmt/upload_report_file/679_1623067777757.pdf
PARQ.N0000,Annual,2020.0,Annual Report as at 31.03.2020,https://www.cse.lk/cmt/upload_report_file/679_1602485684523.pdf
PARQ.N0000,Annual,2019.0,Annual Report 2018/2019,https://www.cse.lk/upload_report_file/679_1560424417784.pdf
PARQ.N0000,Annual,2018.0,Annual Report 2017/18,https://www.cse.lk/upload_report_file/679_1528113092335.pdf
PARQ.N0000,Annual,2017.0,Annual Report 2016/2017,https://www.cse.lk/upload_report_file/679_1496403890.pdf
PARQ.N0000,Annual,2016.0,Annual Report 2015/2016,https://www.cse.lk/upload_report_file/679_1465299360954.pdf
PARQ.N0000,Annual,2015.0,Annual Report 2014/2015,https://www.cse.lk/upload_report_file/679_1433501408991.pdf
PARQ.N0000,Annual,2014.0,Annual Report 2013/2014,https://www.cse.lk/upload_report_file/679_1401883114776.pdf
PARQ.N0000,Annual,2013.0,Annual Report 2012/2013,https://www.cse.lk/upload_report_file/679_1377776552895.pdf
PARQ.N0000,Annual,2012.0,Annual Report 2011/12,https://www.cse.lk/upload_report_file/679_1343309907109.pdf
TPL.N0000,Annual,2025.0,Annual Report 2024/25,https://www.cse.lk/cmt/upload_report_file/726_1748513042501.pdf
TPL.N0000,Annual,2024.0,Annual Report 2023/24,https://www.cse.lk/cmt/upload_report_file/726_1716978433995.pdf
TPL.N0000,Annual,2023.0,Annual Report 2022/23,https://www.cse.lk/cmt/upload_report_file/726_1685638811126.pdf
TPL.N0000,Annual,2022.0,Annual Report 2021/22,https://www.cse.lk/cmt/upload_report_file/726_1654247832193.pdf
TPL.N0000,Annual,2021.0,Annual Report 2020/21,https://www.cse.lk/cmt/upload_report_file/726_1622544433218.pdf
TPL.N0000,Annual,2020.0,Annual Report 2019/20,https://www.cse.lk/cmt/upload_report_file/726_1593603060133.pdf
TPL.N0000,Annual,2019.0,Annual Report 2018/2019,https://www.cse.lk/upload_report_file/726_1559215664124.pdf
TPL.N0000,Annual,2018.0,Annual Report 2017/18,https://www.cse.lk/upload_report_file/726_1527675976342.pdf
TPL.N0000,Annual,2017.0,Annual Report 2016/2017,https://www.cse.lk/upload_report_file/726_1496312814.pdf
TPL.N0000,Annual,2016.0,Annual Report 2015/2016,https://www.cse.lk/upload_report_file/726_1464342310614.pdf
TPL.N0000,Annual,2015.0,Annual Report 2014/2015,https://www.cse.lk/upload_report_file/726_1433495831642.pdf
TPL.N0000,Annual,2013.0,Annual Report 2013,https://www.cse.lk/upload_report_file/726_1394190024154.pdf
TPL.N0000,Annual,2012.0,Annual Report 2012,https://www.cse.lk/upload_report_file/726_1364376840.pdf
TAJ.N0000,Annual,2025.0,Annual Report 2024/2025,https://www.cse.lk/cmt/upload_report_file/604_1756458367916.pdf
TAJ.N0000,Annual,2024.0,Corrected Annual Report 2023/2024,https://www.cse.lk/cmt/upload_report_file/604_1730458761064.pdf
TAJ.N0000,Annual,2024.0,Annual Report 2023/2024,https://www.cse.lk/cmt/upload_report_file/604_1724144807778.pdf
TAJ.N0000,Annual,2023.0,Annual Report 2022/2023,https://www.cse.lk/cmt/upload_report_file/604_1692957503903.pdf
TAJ.N0000,Annual,2022.0,Corrected Annual Report for the year ended 31st March 2022,https://www.cse.lk/cmt/upload_report_file/604_1655890449688.pdf
TAJ.N0000,Annual,2022.0, Annual Report 2021/2022,https://www.cse.lk/cmt/upload_report_file/604_1654075775651.pdf
TAJ.N0000,Annual,2021.0,Annual Report 2020-2021,https://www.cse.lk/cmt/upload_report_file/604_1629452552264.pdf
TAJ.N0000,Annual,2020.0,Annual Report 2019/20,https://www.cse.lk/cmt/upload_report_file/604_1597661305383.pdf
TAJ.N0000,Annual,2019.0,Annual Report 2018/2019,https://www.cse.lk/upload_report_file/604_1561948388456.pdf
TAJ.N0000,Annual,2018.0,Annual Report 2017/2018,https://www.cse.lk/upload_report_file/604_1531129840686.pdf
TAJ.N0000,Annual,2017.0,Annual Report 2016/2017,https://www.cse.lk/upload_report_file/604_1502356094467.pdf
TAJ.N0000,Annual,2016.0,Annual Report 2015/2016,https://www.cse.lk/upload_report_file/604_1472463142149.pdf
TAJ.N0000,Annual,2015.0,Annual Report 2014/2015,https://www.cse.lk/upload_report_file/604_1440499913408.pdf
TAJ.N0000,Annual,2014.0,Annual Report 2013/2014,https://www.cse.lk/upload_report_file/604_1409312970359.pdf
TAJ.N0000,Annual,2013.0,Annual Report 2012/2013,https://www.cse.lk/upload_report_file/604_1378375353.pdf
TAJ.N0000,Annual,2012.0,Annual Report 2011/12,https://www.cse.lk/upload_report_file/604_1346315673779.pdf
TANG.N0000,Annual,2025.0,Annual Report 2024/2025,https://www.cse.lk/cmt/upload_report_file/605_1756291780824.pdf
TANG.N0000,Annual,2024.0,Annual Report 2023/24,https://www.cse.lk/cmt/upload_report_file/605_1724988713978.pdf
TANG.N0000,Annual,2023.0,Annual Report 2022/2023,https://www.cse.lk/cmt/upload_report_file/605_1693479258649.pdf
TANG.N0000,Annual,2022.0,ANNUAL REPORT 2021/2022,https://www.cse.lk/cmt/upload_report_file/605_1662116623852.pdf
TANG.N0000,Annual,2021.0,Annual Report 2020/2021,https://www.cse.lk/cmt/upload_report_file/605_1630642028180.pdf
TANG.N0000,Annual,2020.0,Annual Financial Report 03/31/2020,https://www.cse.lk/cmt/upload_report_file/605_1599210189276.1.pdf
TANG.N0000,Annual,2019.0,annual financial report 03/31/2019,https://www.cse.lk/cmt/upload_report_file/605_1567156478760.pdf
TANG.N0000,Annual,2018.0,Annual Report 2017/2018,https://www.cse.lk/upload_report_file/605_1536057847614.pdf
TANG.N0000,Annual,2017.0,Annual Report 2016/2017,https://www.cse.lk/upload_report_file/605_1504175162629.pdf
TANG.N0000,Annual,2016.0,Annual Report 2015/2016,https://www.cse.lk/upload_report_file/605_1472554905751.pdf
TANG.N0000,Annual,2015.0,Annual Report 2014/2015,https://www.cse.lk/upload_report_file/605_1441361985937.pdf
TANG.N0000,Annual,2014.0,Annual Report 2013/2014,https://www.cse.lk/upload_report_file/605_1409740683631.pdf
TANG.N0000,Annual,2013.0,Annual Report 2012/2013,https://www.cse.lk/upload_report_file/605_1378291845262.pdf
TANG.N0000,Annual,2012.0,Annual Report 2011/2012,https://www.cse.lk/upload_report_file/605_1345718015.pdf
TSML.N0000,Annual,2025.0,Annual Report 2024/25,https://www.cse.lk/cmt/upload_report_file/490_1756747751055.09.2025) Final 3.pdf
TSML.N0000,Annual,2025.0,Annual Audited Financial Statements as of 31st March 2025,https://www.cse.lk/cmt/upload_report_file/490_1748869183435.06.2025).pdf
TSML.N0000,Annual,2024.0,Annual Report 2023/24,https://www.cse.lk/cmt/upload_report_file/490_1716205443376.pdf
TSML.N0000,Annual,2023.0,Annual Report 2022/23,https://www.cse.lk/cmt/upload_report_file/490_1684756334664.pdf
TSML.N0000,Annual,2022.0,Annual Report 2021/22,https://www.cse.lk/cmt/upload_report_file/490_1653043685079.pdf
TSML.N0000,Annual,2021.0,Annual Report Information 2020/21,https://www.cse.lk/cmt/upload_report_file/490_1621587774969.pdf
TSML.N0000,Annual,2020.0,Annual Report 2019/2020,https://www.cse.lk/cmt/upload_report_file/490_1590052951994.pdf
TSML.N0000,Annual,2019.0,Annual Report as at 31st March 2019,https://www.cse.lk/upload_report_file/490_1558695619427.pdf
TSML.N0000,Annual,2018.0,Annual Report as at 31st March 2018,https://www.cse.lk/upload_report_file/490_1527504290115.05.2018.pdf
TSML.N0000,Annual,2017.0,Annual Report as at 31st March 2017,https://www.cse.lk/upload_report_file/490_1496221551659.pdf
TSML.N0000,Annual,2016.0,Annual Report 2015/2016,https://www.cse.lk/upload_report_file/490_1464949358470.pdf
TSML.N0000,Annual,2015.0,Annaual Report - 2014/2015,https://www.cse.lk/upload_report_file/490_1433495210480.pdf
TSML.N0000,Annual,2014.0,Annual Report 2013/2014,https://www.cse.lk/upload_report_file/490_1401793394427.2014 TSF PLC.pdf
TSML.N0000,Annual,2013.0,Annual Report 2012 / 2013,https://www.cse.lk/upload_report_file/490_1370254923.pdf
TSML.N0000,Annual,2012.0,Annual Report 2011/12,https://www.cse.lk/upload_report_file/490_1338888191333.pdf
TJL.N0000,Annual,2025.0,Annual Report 2024/25,https://www.cse.lk/cmt/upload_report_file/1080_1749183379522.pdf
TJL.N0000,Annual,2024.0,Annual Report 2023/24,https://www.cse.lk/cmt/upload_report_file/1080_1717588126450.pdf
TJL.N0000,Annual,2023.0,Annual Report 2022/23,https://www.cse.lk/cmt/upload_report_file/1080_1690542333381.pdf
TJL.N0000,Annual,2022.0,Annual Report 2021/22,https://www.cse.lk/cmt/upload_report_file/1080_1659005883255.pdf
TJL.N0000,Annual,2021.0,Annual Financial Statements as at 31st March 2021,https://www.cse.lk/cmt/upload_report_file/1080_1627903280276.pdf
TJL.N0000,Annual,2020.0,Annual Report 2019/2020,https://www.cse.lk/cmt/upload_report_file/1080_1596797650717.pdf
TJL.N0000,Annual,2019.0,Annual Financial Report 2018/19,https://www.cse.lk/upload_report_file/1080_1563960485948.pdf
TJL.N0000,Annual,2018.0,Annual Report 2017/2018,https://www.cse.lk/upload_report_file/1080_1532517495705.pdf
TJL.N0000,Annual,2017.0,Annual Report 2016/2017,https://www.cse.lk/upload_report_file/1080_1502269641175.pdf
TJL.N0000,Annual,2016.0,Annual Report 2015-2016,https://www.cse.lk/upload_report_file/1080_1469438293147.pdf
TJL.N0000,Annual,2015.0,Annual Report  2014/2015,https://www.cse.lk/upload_report_file/1080_1436527807102.pdf
TJL.N0000,Annual,2014.0,Annual Report 2013/2014,https://www.cse.lk/upload_report_file/1080_1404986333.pdf
TJL.N0000,Annual,2013.0,Annual Report 2012/13,https://www.cse.lk/upload_report_file/1080_1372332159803.pdf
TJL.N0000,Annual,2012.0,Annual Report  2011/2012,https://www.cse.lk/upload_report_file/1080_1341918733325.6 mb TJ AR.pdf
TESS.X0000,Annual,2025.0,Annual Report as at 31st March 2025,https://www.cse.lk/cmt/upload_report_file/781_1756980914163.pdf
TESS.X0000,Annual,2024.0,Annual Report as at 31st March 2024,https://www.cse.lk/cmt/upload_report_file/781_1727687543694.pdf
TESS.X0000,Annual,2023.0,Annual Report as at 31st March 2023,https://www.cse.lk/cmt/upload_report_file/781_1695211614444.pdf
TESS.X0000,Annual,2022.0,Annual Report 2021-2022,https://www.cse.lk/cmt/upload_report_file/781_1671190349560.pdf
TESS.X0000,Annual,2021.0,Annual Report for the year ended 31st March 2021,https://www.cse.lk/cmt/upload_report_file/781_1638244515319.pdf
TESS.X0000,Annual,2020.0,Annual Report 2019/20,https://www.cse.lk/cmt/upload_report_file/781_1630922585628.pdf
TESS.X0000,Annual,2019.0,Annual Report 2018/2019,https://www.cse.lk/cmt/upload_report_file/781_1577352153501.pdf
TESS.X0000,Annual,2018.0,Annual Report 2017/2018,https://www.cse.lk/upload_report_file/781_1535966589230.pdf
TESS.X0000,Annual,2017.0,Annual Report 2016/2017,https://www.cse.lk/upload_report_file/781_1504696736.pdf
TESS.X0000,Annual,2016.0,Annual Report 2015/2016,https://www.cse.lk/upload_report_file/781_1475059274.pdf
TESS.X0000,Annual,2015.0,Annual Report 2014/2015,https://www.cse.lk/upload_report_file/781_1441337097205.pdf
TESS.X0000,Annual,2014.0,Annual Report 2013 / 2014,https://www.cse.lk/upload_report_file/781_1409826538.pdf
TESS.X0000,Annual,2013.0,Annual Report 2012/2013,https://www.cse.lk/upload_report_file/781_1379050872975.pdf
TESS.X0000,Annual,2012.0,Annual Report 2011/2012,https://www.cse.lk/upload_report_file/781_1346924313.pdf
TESS.N0000,Annual,2025.0,Annual Report as at 31st March 2025,https://www.cse.lk/cmt/upload_report_file/781_1756980914163.pdf
TESS.N0000,Annual,2024.0,Annual Report as at 31st March 2024,https://www.cse.lk/cmt/upload_report_file/781_1727687543694.pdf
TESS.N0000,Annual,2023.0,Annual Report as at 31st March 2023,https://www.cse.lk/cmt/upload_report_file/781_1695211614444.pdf
TESS.N0000,Annual,2022.0,Annual Report 2021-2022,https://www.cse.lk/cmt/upload_report_file/781_1671190349560.pdf
TESS.N0000,Annual,2021.0,Annual Report for the year ended 31st March 2021,https://www.cse.lk/cmt/upload_report_file/781_1638244515319.pdf
TESS.N0000,Annual,2020.0,Annual Report 2019/20,https://www.cse.lk/cmt/upload_report_file/781_1630922585628.pdf
TESS.N0000,Annual,2019.0,Annual Report 2018/2019,https://www.cse.lk/cmt/upload_report_file/781_1577352153501.pdf
TESS.N0000,Annual,2018.0,Annual Report 2017/2018,https://www.cse.lk/upload_report_file/781_1535966589230.pdf
TESS.N0000,Annual,2017.0,Annual Report 2016/2017,https://www.cse.lk/upload_report_file/781_1504696736.pdf
TESS.N0000,Annual,2016.0,Annual Report 2015/2016,https://www.cse.lk/upload_report_file/781_1475059274.pdf
TESS.N0000,Annual,2015.0,Annual Report 2014/2015,https://www.cse.lk/upload_report_file/781_1441337097205.pdf
TESS.N0000,Annual,2014.0,Annual Report 2013 / 2014,https://www.cse.lk/upload_report_file/781_1409826538.pdf
TESS.N0000,Annual,2013.0,Annual Report 2012/2013,https://www.cse.lk/upload_report_file/781_1379050872975.pdf
TESS.N0000,Annual,2012.0,Annual Report 2011/2012,https://www.cse.lk/upload_report_file/781_1346924313.pdf
AUTO.N0000,Annual,2025.0,AMENDED ANNUAL REPORT 2024/2025,https://www.cse.lk/cmt/upload_report_file/692_1757676288007.pdf
AUTO.N0000,Annual,2025.0,Annual Report 2024/25,https://www.cse.lk/cmt/upload_report_file/692_1757300587503.pdf
AUTO.N0000,Annual,2024.0,Annual Report 2023/24,https://www.cse.lk/cmt/upload_report_file/692_1723804574060.pdf
AUTO.N0000,Annual,2023.0,Annual Report 2022/23,https://www.cse.lk/cmt/upload_report_file/692_1693477697824.pdf
AUTO.N0000,Annual,2022.0,Annual Report 2021/22,https://www.cse.lk/cmt/upload_report_file/692_1661943537150.pdf
AUTO.N0000,Annual,2021.0,Annual Report 2020/21,https://www.cse.lk/cmt/upload_report_file/692_1632733749320.pdf
AUTO.N0000,Annual,2000.0,Annual Report 2019/2020,https://www.cse.lk/cmt/upload_report_file/692_1608199955845.pdf
AUTO.N0000,Annual,2019.0,Annual Report 2018/2019,https://www.cse.lk/cmt/upload_report_file/692_1567764487165.pdf
AUTO.N0000,Annual,2018.0,Annual Report 2017/2018,https://www.cse.lk/upload_report_file/692_1536232736076.pdf
AUTO.N0000,Annual,2017.0,Annual Report 2016/2017,https://www.cse.lk/upload_report_file/692_1504696803.pdf
AUTO.N0000,Annual,2016.0,Annual Report 2015/2016,https://www.cse.lk/upload_report_file/692_1472639817767.pdf
AUTO.N0000,Annual,2015.0,Annual Report 2014/2015,https://www.cse.lk/upload_report_file/692_1440758255.pdf
AUTO.N0000,Annual,2014.0,Annual Report 2013/2014,https://www.cse.lk/upload_report_file/692_1409137826339.pdf
AUTO.N0000,Annual,2013.0,Annual Report 2012/2013,https://www.cse.lk/upload_report_file/692_1378981605.pdf
AUTO.N0000,Annual,2012.0,Annual Report 2011-2012,https://www.cse.lk/upload_report_file/692_1346678415361.pdf
CFLB.N0000,Annual,2025.0,Annual Report 2024/2025,https://www.cse.lk/cmt/upload_report_file/504_1756473055354.pdf
CFLB.N0000,Annual,2024.0,Annual Report 2023/2024,https://www.cse.lk/cmt/upload_report_file/504_1725321843238.pdf
CFLB.N0000,Annual,2023.0,Annual Report 2022/2023,https://www.cse.lk/cmt/upload_report_file/504_1693796684624.pdf
CFLB.N0000,Annual,2022.0,Annual Report 2021/2022,https://www.cse.lk/cmt/upload_report_file/504_1662500278844.pdf
CFLB.N0000,Annual,2021.0,Annual Report 2020/2021,https://www.cse.lk/cmt/upload_report_file/504_1633576026118.pdf
CFLB.N0000,Annual,2020.0,Annual Report 2019/2020,https://www.cse.lk/cmt/upload_report_file/504_1608284528510.pdf
CFLB.N0000,Annual,2019.0,Annual Report 2018/2019,https://www.cse.lk/cmt/upload_report_file/504_1567653461805.pdf
CFLB.N0000,Annual,2018.0,Annual Financial Report  2017/2018,https://www.cse.lk/upload_report_file/504_1535709224055.pdf
CFLB.N0000,Annual,2017.0,Annual Report 2016/2017,https://www.cse.lk/upload_report_file/504_1504175219224.pdf
CFLB.N0000,Annual,2016.0,Annual Report 2015/2016,https://www.cse.lk/upload_report_file/504_1472636725960.pdf
CFLB.N0000,Annual,2015.0,Annual Report 2014/2015,https://www.cse.lk/upload_report_file/504_1441361898261.pdf
CFLB.N0000,Annual,2014.0,Annual Financial Report 2013/2014,https://www.cse.lk/upload_report_file/504_1408093826261.pdf
CFLB.N0000,Annual,2013.0,Annual Financial Report 2012/2013,https://www.cse.lk/upload_report_file/504_1377858439134.pdf
CFLB.N0000,Annual,2012.0,ANNUAL REPORT 2011/2012,https://www.cse.lk/upload_report_file/504_1341394655393.pdf
RHTL.N0000,Annual,2025.0,Annual Report 2024/2025,https://www.cse.lk/cmt/upload_report_file/534_1748599195340.pdf
RHTL.N0000,Annual,2024.0,Annual Report 2023/2024,https://www.cse.lk/cmt/upload_report_file/534_1717158318857.pdf
RHTL.N0000,Annual,2023.0,Annual Report 2022/2023,https://www.cse.lk/cmt/upload_report_file/534_1685703066525.pdf
RHTL.N0000,Annual,2022.0,Annual Report 2021/2022,https://www.cse.lk/cmt/upload_report_file/534_1654507375586.pdf
RHTL.N0000,Annual,2021.0,ANNUAL REPORT 2020/21,https://www.cse.lk/cmt/upload_report_file/534_1629365424240.pdf
RHTL.N0000,Annual,2021.0,Auditors Report and Financial Statements 31st March 2021,https://www.cse.lk/cmt/upload_report_file/534_1622807696603.pdf
RHTL.N0000,Annual,2020.0,Annual Report 2019/20,https://www.cse.lk/cmt/upload_report_file/534_1599475739919.pdf
RHTL.N0000,Annual,2020.0,Auditors Report and Financial Statements 31st March 2020 ,https://www.cse.lk/cmt/upload_report_file/534_1593596105072.pdf
RHTL.N0000,Annual,2019.0,Annual Report as at 31.03.2019,https://www.cse.lk/upload_report_file/534_1559643999367.pdf
RHTL.N0000,Annual,2018.0,Annual Report 2017/18,https://www.cse.lk/upload_report_file/534_1528176890391.pdf
RHTL.N0000,Annual,2017.0,Annual Report 2016/2017,https://www.cse.lk/upload_report_file/534_1496632951376.pdf
RHTL.N0000,Annual,2016.0,Annual Report 2015/2016,https://www.cse.lk/upload_report_file/534_1465211466.pdf
RHTL.N0000,Annual,2015.0,Annual Report 2014/2015,https://www.cse.lk/upload_report_file/534_1433501599195.pdf
RHTL.N0000,Annual,2014.0,Annual Report 2013/2014,https://www.cse.lk/upload_report_file/534_1401883319693.pdf
RHTL.N0000,Annual,2013.0,Annual Report 2012 / 2013,https://www.cse.lk/upload_report_file/534_1373023374.pdf
RHTL.N0000,Annual,2012.0,Annual Report 2011/12,https://www.cse.lk/upload_report_file/534_1339070133611.pdf
SERV.N0000,Annual,2025.0,Annual Report 2024/25,https://www.cse.lk/cmt/upload_report_file/543_1748864685778.pdf
SERV.N0000,Annual,2024.0,Annual Report 2023/24,https://www.cse.lk/cmt/upload_report_file/543_1717408327293.pdf
SERV.N0000,Annual,2023.0,Annual Report 2022/23,https://www.cse.lk/cmt/upload_report_file/543_1686062518014.pdf
SERV.N0000,Annual,2022.0,Annual Report 2021/22,https://www.cse.lk/cmt/upload_report_file/543_1654515728388.pdf
SERV.N0000,Annual,2021.0,Annual Report for the year 2020/2021,https://www.cse.lk/cmt/upload_report_file/543_1622808090351.pdf
SERV.N0000,Annual,2020.0,Annual Report 2019/20,https://www.cse.lk/cmt/upload_report_file/543_1593683081321.pdf
SERV.N0000,Annual,2019.0,Annual Report 2018/2019,https://www.cse.lk/upload_report_file/543_1559210925387.pdf
SERV.N0000,Annual,2018.0,Annual Report 2017/18,https://www.cse.lk/upload_report_file/543_1527762665183.pdf
SERV.N0000,Annual,2017.0,Annual Report 2016/2017,https://www.cse.lk/upload_report_file/543_1495794240.pdf
SERV.N0000,Annual,2016.0,Annual Report 2015/2016,https://www.cse.lk/upload_report_file/543_1464777404965.pdf
SERV.N0000,Annual,2015.0,Annual Report 2014/2015,https://www.cse.lk/upload_report_file/543_1432894471984.pdf
SERV.N0000,Annual,2014.0,Annual Report 2013/2014,https://www.cse.lk/upload_report_file/543_1401361133187.pdf
SERV.N0000,Annual,2013.0,Annual Report 2012 / 2013,https://www.cse.lk/upload_report_file/543_1370342842.pdf
SERV.N0000,Annual,2012.0,Annual Report 2011/2012,https://www.cse.lk/upload_report_file/543_1338552027.pdf
KHC.N0000,Annual,2025.0,Annual Report 2024/25,https://www.cse.lk/cmt/upload_report_file/547_1756722722490.03.2025.pdf
KHC.N0000,Annual,2024.0,Annual Report 2023/24,https://www.cse.lk/cmt/upload_report_file/547_1725016494883.pdf
KHC.N0000,Annual,2023.0,ANNUAL REPORT 2022/23,https://www.cse.lk/cmt/upload_report_file/547_1693540701773.pdf
KHC.N0000,Annual,2022.0,Annual Financial Report 2021/22,https://www.cse.lk/cmt/upload_report_file/547_1661942430126.pdf
KHC.N0000,Annual,2021.0,Annual Report 2020/2021,https://www.cse.lk/cmt/upload_report_file/547_1629886585230.pdf
KHC.N0000,Annual,2020.0,Annual Report for the year 2019/2020,https://www.cse.lk/cmt/upload_report_file/547_1605777110918.pdf
KHC.N0000,Annual,2019.0,Annual Report 2018/2019,https://www.cse.lk/cmt/upload_report_file/547_1565687716099.pdf
KHC.N0000,Annual,2018.0,Annual Report 2017/2018,https://www.cse.lk/upload_report_file/547_1535684543823.pdf
KHC.N0000,Annual,2017.0,Annual Report 2016/2017,https://www.cse.lk/upload_report_file/547_1502447985.pdf
KHC.N0000,Annual,2016.0,Annual Report 2015/2016,https://www.cse.lk/upload_report_file/547_1471254381116.pdf
KHC.N0000,Annual,2015.0,Annual Report 2014/2015,https://www.cse.lk/upload_report_file/547_1441015339125.pdf
KHC.N0000,Annual,2014.0,Annual Report 2013/2014,https://www.cse.lk/upload_report_file/547_1407837342.pdf
KHC.N0000,Annual,2013.0,Annual Report 2012/2013,https://www.cse.lk/upload_report_file/547_1377861117.pdf
KHC.N0000,Annual,2012.0,Annual Report 2011/2012,https://www.cse.lk/upload_report_file/547_1343994923867.pdf
LHCL.N0000,Annual,2024.0,Annual Financial Report 2024,https://www.cse.lk/cmt/upload_report_file/516_1748399789841.pdf
LHCL.N0000,Annual,2023.0,Annual Report 2023,https://www.cse.lk/cmt/upload_report_file/516_1717036597517.pdf
LHCL.N0000,Annual,2022.0,Annual Report 2022,https://www.cse.lk/cmt/upload_report_file/516_1685351622842.pdf
LHCL.N0000,Annual,2021.0,Annual Report 2021,https://www.cse.lk/cmt/upload_report_file/516_1653644870291.pdf
LHCL.N0000,Annual,2020.0,Annual Report 2020,https://www.cse.lk/cmt/upload_report_file/516_1621847748674.pdf
LHCL.N0000,Annual,2020.0,Annual Report 2019,https://www.cse.lk/cmt/upload_report_file/516_1596014259513.pdf
LHCL.N0000,Annual,2018.0,Annual Report 2018,https://www.cse.lk/upload_report_file/516_1556533052175.pdf
LHCL.N0000,Annual,2017.0,Annual Report 2017,https://www.cse.lk/upload_report_file/516_1523446444992.pdf
LHCL.N0000,Annual,2016.0,Annual Report 2016,https://www.cse.lk/upload_report_file/516_1495794326.pdf
LHCL.N0000,Annual,2015.0,Annual Financial Report as at 31-12-2015,https://www.cse.lk/upload_report_file/516_1464080823521.pdf
LHCL.N0000,Annual,2014.0,Annual Report  2014,https://www.cse.lk/upload_report_file/516_1432546776335.pdf
LHCL.N0000,Annual,2013.0,Annual Report 2013,https://www.cse.lk/upload_report_file/516_1396520977707.pdf
LHCL.N0000,Annual,2012.0,Annual Report 2012,https://www.cse.lk/upload_report_file/516_1369911292581.pdf
LHL.N0000,Annual,2025.0,Annual Report for the year ended 31st March 2025,https://www.cse.lk/cmt/upload_report_file/562_1749119607910.pdf
LHL.N0000,Annual,2024.0,Annual Report for the year ended 31st March 2024,https://www.cse.lk/cmt/upload_report_file/562_1717498324170.pdf
LHL.N0000,Annual,2023.0,Annual Report for the year ended 31st March 2023,https://www.cse.lk/cmt/upload_report_file/562_1686132893610.pdf
LHL.N0000,Annual,2022.0,Annual report for the financial year 2021-2022,https://www.cse.lk/cmt/upload_report_file/562_1655898915557.pdf
LHL.N0000,Annual,2021.0,Annual report for the year ended 31st March 2021,https://www.cse.lk/cmt/upload_report_file/562_1623150170842.pdf
LHL.N0000,Annual,2020.0,Annual report for the year ended 31st March 2020 ,https://www.cse.lk/cmt/upload_report_file/562_1596186444370.pdf
LHL.N0000,Annual,2019.0,Annual Report 2018/19,https://www.cse.lk/upload_report_file/562_1559643615379.pdf
LHL.N0000,Annual,2018.0,Annual Report 2017/18,https://www.cse.lk/upload_report_file/562_1529412912430.pdf
LHL.N0000,Annual,2017.0,Annual Report 2016/2017,https://www.cse.lk/upload_report_file/562_1496399856587.pdf
LHL.N0000,Annual,2016.0,Annual Report 2015/2016,https://www.cse.lk/upload_report_file/562_1465380264.pdf
LHL.N0000,Annual,2015.0,Annual Report 2014/2015,https://www.cse.lk/upload_report_file/562_1433499261284.pdf
LHL.N0000,Annual,2014.0,Annual Report 2013/2014,https://www.cse.lk/upload_report_file/562_1401853427619.pdf
LHL.N0000,Annual,2013.0,Annual Report 2012 / 2013,https://www.cse.lk/upload_report_file/562_1370605783.pdf
LHL.N0000,Annual,2012.0,Annual Report 2011/2012,https://www.cse.lk/upload_report_file/562_1338980418.pdf
NEH.N0000,Annual,2025.0,Annual Report 2024/2025,https://www.cse.lk/cmt/upload_report_file/566_1756376605391.pdf
NEH.N0000,Annual,2024.0,Annual Report 2023/24,https://www.cse.lk/cmt/upload_report_file/566_1724988632852.pdf
NEH.N0000,Annual,2023.0,Annual Report 2022/23,https://www.cse.lk/cmt/upload_report_file/566_1693477891440.pdf
NEH.N0000,Annual,2022.0,ANNUAL REPORT 2021/2022,https://www.cse.lk/cmt/upload_report_file/566_1662116507711.pdf
NEH.N0000,Annual,2021.0,Annual Report 2020/2021,https://www.cse.lk/cmt/upload_report_file/566_1630642000024.pdf
NEH.N0000,Annual,2020.0,Annual Report 2019/2020,https://www.cse.lk/cmt/upload_report_file/566_1596611086413.pdf
NEH.N0000,Annual,2019.0,Annual Report 2018/2019,https://www.cse.lk/upload_report_file/566_1561978651836.pdf
NEH.N0000,Annual,2018.0,Annual Report 2017/2018,https://www.cse.lk/upload_report_file/566_1528265687041.pdf
NEH.N0000,Annual,2017.0,Annual Financial Report 03/31/2017,https://www.cse.lk/upload_report_file/566_1496656191741.pdf
NEH.N0000,Annual,2016.0,Annual Report 2015/2016,https://www.cse.lk/upload_report_file/566_1465386276378.pdf
NEH.N0000,Annual,2015.0,Annual Report 2014/2015,https://www.cse.lk/upload_report_file/566_1433499465118.pdf
NEH.N0000,Annual,2014.0,Annual Report 2013/2014,https://www.cse.lk/upload_report_file/566_1401966819871.pdf
NEH.N0000,Annual,2013.0,Annual Report 2012 / 2013,https://www.cse.lk/upload_report_file/566_1370514937553.pdf
NEH.N0000,Annual,2012.0,Annual Report 2011/2012,https://www.cse.lk/upload_report_file/566_1339060717034.pdf
TAFL.N0000,Annual,2024.0,Annual Report 2024,https://www.cse.lk/cmt/upload_report_file/491_1745923778797.pdf
TAFL.N0000,Annual,2023.0,Annual Report 2023,https://www.cse.lk/cmt/upload_report_file/491_1713783422438.pdf
TAFL.N0000,Annual,2022.0,Annual Report for the year 31st December 2022,https://www.cse.lk/cmt/upload_report_file/491_1682676908162.pdf
TAFL.N0000,Annual,2021.0,Annual Report 2021,https://www.cse.lk/cmt/upload_report_file/491_1650879641834.pdf
TAFL.N0000,Annual,2020.0,Annual Report 2020,https://www.cse.lk/cmt/upload_report_file/491_1619088356621.pdf
TAFL.N0000,Annual,2019.0,Annual Report - 2019,https://www.cse.lk/cmt/upload_report_file/491_1590743823180.pdf
TAFL.N0000,Annual,2018.0,Annual Report 2018,https://www.cse.lk/upload_report_file/491_1554889321866.pdf
TAFL.N0000,Annual,2017.0,Annual Report 2017,https://www.cse.lk/upload_report_file/491_1523006139368.pdf
TAFL.N0000,Annual,2016.0,Annual Report 2016,https://www.cse.lk/upload_report_file/491_1491470366271.pdf
TAFL.N0000,Annual,2015.0,Annual Report 2015,https://www.cse.lk/upload_report_file/491_1461755044.pdf
TAFL.N0000,Annual,2014.0,Annual Report 2014,https://www.cse.lk/upload_report_file/491_1429783332737.pdf
TAFL.N0000,Annual,2013.0,Annual Report  2013,https://www.cse.lk/upload_report_file/491_1397034937288.pdf
TAFL.N0000,Annual,2012.0,Annual Report 2012,https://www.cse.lk/upload_report_file/491_1366194908121.pdf
TRAN.N0000,Annual,2025.0,Annual Report 2024/25,https://www.cse.lk/cmt/upload_report_file/606_1748359944960.pdf
TRAN.N0000,Annual,2024.0,Annual Report 2023/24,https://www.cse.lk/cmt/upload_report_file/606_1716305525572.pdf
TRAN.N0000,Annual,2023.0,Annual Report 2022/23,https://www.cse.lk/cmt/upload_report_file/606_1684837088902.pdf
TRAN.N0000,Annual,2022.0,Annual Report 2021/22,https://www.cse.lk/cmt/upload_report_file/606_1653299602495.pdf
TRAN.N0000,Annual,2021.0,Annual Report Information 2020/21,https://www.cse.lk/cmt/upload_report_file/606_1621846932248.pdf
TRAN.N0000,Annual,2020.0,Annual Report 2019/2020,https://www.cse.lk/cmt/upload_report_file/606_1590052505034.pdf
TRAN.N0000,Annual,2019.0,Annual Report as at 31st March 2019,https://www.cse.lk/upload_report_file/606_1559037904906.pdf
TRAN.N0000,Annual,2018.0,Annual Report as at 31st March 2018,https://www.cse.lk/upload_report_file/606_1527068653228.pdf
TRAN.N0000,Annual,2017.0,Annual Report 2016/2017,https://www.cse.lk/upload_report_file/606_1495623290658.pdf
TRAN.N0000,Annual,2016.0,Annual Financial Statements as @ 31st March 2016,https://www.cse.lk/upload_report_file/606_1464167860370.pdf
TRAN.N0000,Annual,2015.0,Annaual Report - 2014/2015,https://www.cse.lk/upload_report_file/606_1433495249679.pdf
TRAN.N0000,Annual,2014.0,Annual Report 2013/2014,https://www.cse.lk/upload_report_file/606_1401960485371.pdf
TRAN.N0000,Annual,2013.0,Annual Report 2012 / 2013,https://www.cse.lk/upload_report_file/606_1370428889.pdf
TRAN.N0000,Annual,2012.0,Annual Report 2011/2012,https://www.cse.lk/upload_report_file/606_1338551357.pdf
TKYO.X0000,Annual,2025.0,Annual Financial Report as of 31-03-2025,https://www.cse.lk/cmt/upload_report_file/688_1752226651721.pdf
TKYO.X0000,Annual,2024.0,Annual  Financial Report as of 31-03-2024,https://www.cse.lk/cmt/upload_report_file/688_1721992260619.Tokyo Cement AR 2023_24.pdf
TKYO.X0000,Annual,2023.0,Annual  Financial Report as of 31-03-2023,https://www.cse.lk/cmt/upload_report_file/688_1690944395752.pdf
TKYO.X0000,Annual,2022.0,ANNUAL REPORT 2021/2022,https://www.cse.lk/cmt/upload_report_file/688_1661505800362.pdf
TKYO.X0000,Annual,2021.0,Annual  Financial Report as of 31-03-2021,https://www.cse.lk/cmt/upload_report_file/688_1627291489724.pdf
TKYO.X0000,Annual,2020.0,Annual  Financial Report as of 31-03-2020,https://www.cse.lk/cmt/upload_report_file/688_1601284578937.pdf
TKYO.X0000,Annual,2019.0,Annual Report 2018/2019,https://www.cse.lk/upload_report_file/688_1563877727568.pdf
TKYO.X0000,Annual,2018.0,Annual Report 2017/2018,https://www.cse.lk/upload_report_file/688_1533635674876.pdf
TKYO.X0000,Annual,2017.0,Annual Report as of 31-03-2017,https://www.cse.lk/upload_report_file/688_1499160208895.pdf
TKYO.X0000,Annual,2016.0,Annual Report 2015/2016,https://www.cse.lk/upload_report_file/688_1468409957.pdf
TKYO.X0000,Annual,2015.0,Annual Report 2014/2015,https://www.cse.lk/upload_report_file/688_1438775681338.pdf
TKYO.X0000,Annual,2014.0,Annual Report 2013/2014,https://www.cse.lk/upload_report_file/688_1409052999651.pdf
TKYO.X0000,Annual,2013.0,Annual Report 2012/2013,https://www.cse.lk/upload_report_file/688_1373971702.pdf
TKYO.X0000,Annual,2012.0,Annual Report 2011/2012,https://www.cse.lk/upload_report_file/688_1340968597071.pdf
TKYO.N0000,Annual,2025.0,Annual Financial Report as of 31-03-2025,https://www.cse.lk/cmt/upload_report_file/688_1752226651721.pdf
TKYO.N0000,Annual,2024.0,Annual  Financial Report as of 31-03-2024,https://www.cse.lk/cmt/upload_report_file/688_1721992260619.Tokyo Cement AR 2023_24.pdf
TKYO.N0000,Annual,2023.0,Annual  Financial Report as of 31-03-2023,https://www.cse.lk/cmt/upload_report_file/688_1690944395752.pdf
TKYO.N0000,Annual,2022.0,ANNUAL REPORT 2021/2022,https://www.cse.lk/cmt/upload_report_file/688_1661505800362.pdf
TKYO.N0000,Annual,2021.0,Annual  Financial Report as of 31-03-2021,https://www.cse.lk/cmt/upload_report_file/688_1627291489724.pdf
TKYO.N0000,Annual,2020.0,Annual  Financial Report as of 31-03-2020,https://www.cse.lk/cmt/upload_report_file/688_1601284578937.pdf
TKYO.N0000,Annual,2019.0,Annual Report 2018/2019,https://www.cse.lk/upload_report_file/688_1563877727568.pdf
TKYO.N0000,Annual,2018.0,Annual Report 2017/2018,https://www.cse.lk/upload_report_file/688_1533635674876.pdf
TKYO.N0000,Annual,2017.0,Annual Report as of 31-03-2017,https://www.cse.lk/upload_report_file/688_1499160208895.pdf
TKYO.N0000,Annual,2016.0,Annual Report 2015/2016,https://www.cse.lk/upload_report_file/688_1468409957.pdf
TKYO.N0000,Annual,2015.0,Annual Report 2014/2015,https://www.cse.lk/upload_report_file/688_1438775681338.pdf
TKYO.N0000,Annual,2014.0,Annual Report 2013/2014,https://www.cse.lk/upload_report_file/688_1409052999651.pdf
TKYO.N0000,Annual,2013.0,Annual Report 2012/2013,https://www.cse.lk/upload_report_file/688_1373971702.pdf
TKYO.N0000,Annual,2012.0,Annual Report 2011/2012,https://www.cse.lk/upload_report_file/688_1340968597071.pdf
UBF.N0000,Annual,2025.0,Annual Report 2024/25,https://www.cse.lk/cmt/upload_report_file/2998_1756458722211.pdf
UBF.N0000,Annual,2025.0,Audited Financial Statement as at 31/03/25,https://www.cse.lk/cmt/upload_report_file/2998_1751858190933.03.2025.pdf
UBF.N0000,Annual,2024.0,Annual Report 2023/24,https://www.cse.lk/cmt/upload_report_file/2998_1724989302611.pdf
UBF.N0000,Annual,2024.0,Audited Financial Statement  as at 31/03/24,https://www.cse.lk/cmt/upload_report_file/2998_1719544726011.pdf
UBF.N0000,Annual,2023.0,Annual Report 2022/23,https://www.cse.lk/cmt/upload_report_file/2998_1693478375690.pdf
UDPL.N0000,Annual,2025.0,Annual Report 2024/2025,https://www.cse.lk/cmt/upload_report_file/727_1756468581261.pdf
UDPL.N0000,Annual,2024.0,Annual Report 2023/2024,https://www.cse.lk/cmt/upload_report_file/727_1725244408064.pdf
UDPL.N0000,Annual,2023.0,Annual Report 2022/23,https://www.cse.lk/cmt/upload_report_file/727_1693485962141.pdf
UDPL.N0000,Annual,2021.0,Annual Report 2021,https://www.cse.lk/cmt/upload_report_file/727_1653987906374.pdf
UDPL.N0000,Annual,2020.0,Annual Report 2020,https://www.cse.lk/cmt/upload_report_file/727_1622460613440.pdf
UDPL.N0000,Annual,2019.0,Annual Report 2019,https://www.cse.lk/cmt/upload_report_file/727_1599448156487.pdf
UDPL.N0000,Annual,2018.0,Annual Report 2018,https://www.cse.lk/upload_report_file/727_1554718988726.pdf
UDPL.N0000,Annual,2017.0,Annual Report 2017,https://www.cse.lk/upload_report_file/727_1522145720788.pdf
UDPL.N0000,Annual,2016.0,Annual Report 2016,https://www.cse.lk/upload_report_file/727_1490691868408.pdf
UDPL.N0000,Annual,2015.0,Annual Report 2015,https://www.cse.lk/upload_report_file/727_1461748322954.pdf
UDPL.N0000,Annual,2014.0,Annual Report 2014,https://www.cse.lk/upload_report_file/727_1430817778189.pdf
UDPL.N0000,Annual,2013.0,Annual Report 2013,https://www.cse.lk/upload_report_file/727_1401862244.pdf
UDPL.N0000,Annual,2012.0,Annual Report 2012,https://www.cse.lk/upload_report_file/727_1369819719955.pdf
UCAR.N0000,Annual,2025.0, Annual Report 2024,https://www.cse.lk/cmt/upload_report_file/500_1747734541169.pdf
UCAR.N0000,Annual,2023.0,Annual Report 2023,https://www.cse.lk/cmt/upload_report_file/500_1715764788027.pdf
UCAR.N0000,Annual,2022.0,Annual Report 2022,https://www.cse.lk/cmt/upload_report_file/500_1684487586246.pdf
UCAR.N0000,Annual,2021.0,Annual Report 2021,https://www.cse.lk/cmt/upload_report_file/500_1653032149216.pdf
UCAR.N0000,Annual,2020.0,Annual Report 2020,https://www.cse.lk/cmt/upload_report_file/500_1621251839074.pdf
UCAR.N0000,Annual,2019.0,Annual Report 2019,https://www.cse.lk/cmt/upload_report_file/500_1596103506496.pdf
UCAR.N0000,Annual,2018.0,Annual Report 2018,https://www.cse.lk/upload_report_file/500_1559119493287.pdf
UCAR.N0000,Annual,2017.0,Annual Report 2017,https://www.cse.lk/upload_report_file/500_1525948152605.pdf
UCAR.N0000,Annual,2016.0,"Annual Report for the Year Ended 25th December, 2016",https://www.cse.lk/upload_report_file/500_1494235773595.pdf
UCAR.N0000,Annual,2015.0,Annual Report 2015,https://www.cse.lk/upload_report_file/500_1462792693952.pdf
UCAR.N0000,Annual,2014.0,Annual Report 2014,https://www.cse.lk/upload_report_file/500_1430997860567.pdf
UCAR.N0000,Annual,2013.0,Annual Report 2013,https://www.cse.lk/upload_report_file/500_1399452708.pdf
UCAR.N0000,Annual,2012.0,Annual Report 2012,https://www.cse.lk/upload_report_file/500_1368421541.pdf
UCAR.N0000,Annual,2012.0,Annual Report  2011,https://www.cse.lk/upload_report_file/500_1336647595293.pdf
UAL.N0000,Annual,2025.0,Annual Report 2024,https://www.cse.lk/cmt/upload_report_file/450_1741169535657.pdf
UAL.N0000,Annual,2024.0,Annual Report 2023,https://www.cse.lk/cmt/upload_report_file/450_1709633486522.pdf
UAL.N0000,Annual,2023.0,Annual Report 2022,https://www.cse.lk/cmt/upload_report_file/450_1678185285884.pdf
UAL.N0000,Annual,2022.0,Annual Report 2021,https://www.cse.lk/cmt/upload_report_file/450_1646649134796.pdf
UAL.N0000,Annual,2021.0,Annual Report 2020,https://www.cse.lk/cmt/upload_report_file/450_1614943676586.pdf
UAL.N0000,Annual,2020.0,Annual Report as at 31st December 2019,https://www.cse.lk/cmt/upload_report_file/450_1583485613001.pdf
UAL.N0000,Annual,2018.0,Annual Report 2018,https://www.cse.lk/upload_report_file/450_1551871858631.pdf
UAL.N0000,Annual,2018.0,Annual Report as at 31st December 2017,https://www.cse.lk/upload_report_file/450_1523267305969.pdf
UAL.N0000,Annual,2016.0,Annual Report 2016,https://www.cse.lk/upload_report_file/450_1488969185320..pdf
UAL.N0000,Annual,2015.0,Annual Report 2015,https://www.cse.lk/upload_report_file/450_1457005054.pdf
UAL.N0000,Annual,2015.0,Annual Report 2014,https://www.cse.lk/upload_report_file/450_1425893152914.pdf
UAL.N0000,Annual,2013.0,Annual Report 2013,https://www.cse.lk/upload_report_file/450_1394190446046.pdf
UAL.N0000,Annual,2012.0,Annual Report 2012,https://www.cse.lk/upload_report_file/450_1362481727.pdf
UBC.N0000,Annual,2025.0,Annual Report as at 31st December 2025,https://www.cse.lk/cmt/upload_report_file/1047_1772185238175.pdf
UBC.N0000,Annual,2024.0,Annual Report 2024,https://www.cse.lk/cmt/upload_report_file/1047_1740741817520.pdf
UBC.N0000,Annual,2023.0,Annual Report 2023,https://www.cse.lk/cmt/upload_report_file/1047_1709119824931.pdf
UBC.N0000,Annual,2022.0,Annual Report 2022,https://www.cse.lk/cmt/upload_report_file/1047_1677576011367.pdf
UBC.N0000,Annual,2021.0,Annual Report 2021,https://www.cse.lk/cmt/upload_report_file/1047_1645783656014.pdf
UBC.N0000,Annual,2020.0,Annual Report 2020,https://www.cse.lk/cmt/upload_report_file/1047_1614247412948.pdf
UBC.N0000,Annual,2019.0,Annual Report 2019,https://www.cse.lk/cmt/upload_report_file/1047_1582710007725.pdf
UBC.N0000,Annual,2018.0,Annual Report 2018,https://www.cse.lk/upload_report_file/1047_1551180200146.pdf
UBC.N0000,Annual,2017.0,Annual Report 2017,https://www.cse.lk/upload_report_file/1047_1519724387390.pdf
UBC.N0000,Annual,2016.0,Annual Report 2016,https://www.cse.lk/upload_report_file/1047_1487848052.pdf
UBC.N0000,Annual,2015.0,Annual Report 2015,https://www.cse.lk/upload_report_file/1047_1456312848564.pdf
UBC.N0000,Annual,2015.0,Annual Report 2014,https://www.cse.lk/upload_report_file/1047_1425038533683.pdf
UBC.N0000,Annual,2013.0,Annual Report 2013,https://www.cse.lk/upload_report_file/1047_1394189903.pdf
UBC.N0000,Annual,2012.0,Annual Report 2012,https://www.cse.lk/upload_report_file/1047_1366975894526.pdf
UBC.N0000,Annual,2012.0,Audited Financial Statements as at 31-12-2012,https://www.cse.lk/upload_report_file/1047_1364474757.pdf
UML.N0000,Annual,2025.0,Annual Report 2024/25,https://www.cse.lk/cmt/upload_report_file/697_1749090554418.pdf
UML.N0000,Annual,2024.0,Annual  Report  2023/24,https://www.cse.lk/cmt/upload_report_file/697_1717557411122.pdf
UML.N0000,Annual,2023.0,Annual Report 2022/23,https://www.cse.lk/cmt/upload_report_file/697_1686069953279.pdf
UML.N0000,Annual,2022.0,Annual  Report  2021/22-amended ,https://www.cse.lk/cmt/upload_report_file/697_1655457485307..pdf
UML.N0000,Annual,2022.0,Annual  Report  2021/22,https://www.cse.lk/cmt/upload_report_file/697_1654572286454.pdf
UML.N0000,Annual,2021.0,Annual Report 31 March 2021,https://www.cse.lk/cmt/upload_report_file/697_1625217795958.pdf
UML.N0000,Annual,2021.0,Audited Financial statements as of 31.03.2021,https://www.cse.lk/cmt/upload_report_file/697_1623408413454.pdf
UML.N0000,Annual,2020.0,Annual  Report  2019/20 ,https://www.cse.lk/cmt/upload_report_file/697_1596772908415.pdf
UML.N0000,Annual,2019.0,Annual  Report  2018/19,https://www.cse.lk/upload_report_file/697_1562061742683.pdf for  cse.pdf
UML.N0000,Annual,2018.0,Annual  Report  2017/18,https://www.cse.lk/upload_report_file/697_1528110244418.pdf
UML.N0000,Annual,2017.0,Annual Report  2016/2017,https://www.cse.lk/upload_report_file/697_1496791184888.pdf
UML.N0000,Annual,2016.0,Annual Report  2015/2016,https://www.cse.lk/upload_report_file/697_1465981890891.pdf
UML.N0000,Annual,2015.0,Annual Report 2014/2015,https://www.cse.lk/upload_report_file/697_1435651080114.pdf
UML.N0000,Annual,2014.0,Annual Report 2013/2014,https://www.cse.lk/upload_report_file/697_1401883622482.pdf
UML.N0000,Annual,2013.0,Annual Report 2012/13,https://www.cse.lk/upload_report_file/697_1371180104072.pdf
UML.N0000,Annual,2012.0,Annual Report -2011/2012,https://www.cse.lk/upload_report_file/697_1339065622825.pdf
VFIN.N0000,Annual,2025.0,Annual Report 2024/25,https://www.cse.lk/cmt/upload_report_file/949_1749034314223.pdf
VFIN.N0000,Annual,2024.0,Annual Report 2023/24,https://www.cse.lk/cmt/upload_report_file/949_1717495033853.06.2024.pdf
VFIN.N0000,Annual,2023.0,Annual Report 2022/23,https://www.cse.lk/cmt/upload_report_file/949_1686134023915.pdf
VFIN.N0000,Annual,2022.0,Annual Report 2021/22,https://www.cse.lk/cmt/upload_report_file/949_1654599230811.pdf
VFIN.N0000,Annual,2021.0,Annual Report 2020/21,https://www.cse.lk/cmt/upload_report_file/949_1623067829965.pdf
VFIN.N0000,Annual,2020.0,Annual Report as at 31.03.2020,https://www.cse.lk/cmt/upload_report_file/949_1592215085705.pdf
VFIN.N0000,Annual,2019.0,Annual Report as at 31.03.2019,https://www.cse.lk/upload_report_file/949_1559814872409.pdf
VFIN.N0000,Annual,2018.0,Annual Report 2017/18,https://www.cse.lk/upload_report_file/949_1528176793151.pdf
VFIN.N0000,Annual,2017.0,Annual Report 2016/2017,https://www.cse.lk/upload_report_file/949_1496403948.pdf
VFIN.N0000,Annual,2016.0,Annual Report 2015/2016,https://www.cse.lk/upload_report_file/949_1464952669899.pdf
VFIN.N0000,Annual,2015.0,Annual Report 2014/2015,https://www.cse.lk/upload_report_file/949_1433414195.pdf
VFIN.N0000,Annual,2014.0,Annual Report 2013/2014,https://www.cse.lk/upload_report_file/949_1401852615534.pdf
VFIN.N0000,Annual,2013.0,Annual Report 2012 / 2013,https://www.cse.lk/upload_report_file/949_1376474956.pdf
VFIN.N0000,Annual,2013.0,Audited Financial Statement as of 31.03.2013,https://www.cse.lk/upload_report_file/949_1372333098804.pdf
VFIN.N0000,Annual,2012.0,Annual Report 2011/12,https://www.cse.lk/upload_report_file/949_1344914680634.pdf
VONE.N0000,Annual,2025.0,Annual Report 2024/2025,https://www.cse.lk/cmt/upload_report_file/1074_1749230117220.pdf
VONE.N0000,Annual,2024.0,Errata to the Annual Report 2023/2024,https://www.cse.lk/cmt/upload_report_file/1074_1717668081902.pdf
VONE.N0000,Annual,2024.0,Annual Report 2023/2024,https://www.cse.lk/cmt/upload_report_file/1074_1717556942667.06.2024.pdf
VONE.N0000,Annual,2023.0,Annual Report 2022/2023,https://www.cse.lk/cmt/upload_report_file/1074_1686215316508.pdf
VONE.N0000,Annual,2022.0,Annual Report 2021/2022,https://www.cse.lk/cmt/upload_report_file/1074_1654780930444.pdf
VONE.N0000,Annual,2021.0,Annual Report 31.03.2021,https://www.cse.lk/cmt/upload_report_file/1074_1623152732244.06.2021_CSE.pdf
VONE.N0000,Annual,2020.0,Annual Report as at 31.03.2020,https://www.cse.lk/cmt/upload_report_file/1074_1594287291082.pdf
VONE.N0000,Annual,2019.0,Annual Report as at 31.03.2019,https://www.cse.lk/upload_report_file/1074_1560425075152.pdf
VONE.N0000,Annual,2018.0,Annual Report 2017/18,https://www.cse.lk/upload_report_file/1074_1528197525929.pdf
VONE.N0000,Annual,2018.0,Annual Financial Report,https://www.cse.lk/upload_report_file/1074_1528197209038.pdf
VONE.N0000,Annual,2017.0,Annual Report 2016/2017,https://www.cse.lk/upload_report_file/1074_1496744553.pdf
VONE.N0000,Annual,2016.0,Annual Report 2015/2016,https://www.cse.lk/upload_report_file/1074_1466158792416.pdf
VONE.N0000,Annual,2015.0,Annual Report 2014/2015,https://www.cse.lk/upload_report_file/1074_1438855449782.pdf
VONE.N0000,Annual,2014.0,Annual Report 2013/2014,https://www.cse.lk/upload_report_file/1074_1406891521.pdf
VONE.N0000,Annual,2013.0,Annual Report 2012/2013,https://www.cse.lk/upload_report_file/1074_1377858801.pdf
VONE.N0000,Annual,2012.0,Annual Report 2011/2012,https://www.cse.lk/upload_report_file/1074_1340681848.pdf
VPEL.N0000,Annual,2025.0,Annual Report 2024/2025,https://www.cse.lk/cmt/upload_report_file/454_1749115936891.pdf
VPEL.N0000,Annual,2024.0,ANNUAL REPORT 2023/2024,https://www.cse.lk/cmt/upload_report_file/454_1717497611672.pdf
VPEL.N0000,Annual,2023.0,ANNUAL REPORT 2022/2023,https://www.cse.lk/cmt/upload_report_file/454_1686134843986.pdf
VPEL.N0000,Annual,2022.0,Annual Report 2021/2022,https://www.cse.lk/cmt/upload_report_file/454_1654514565305.pdf
VPEL.N0000,Annual,2021.0,Annual Report 2020/21,https://www.cse.lk/cmt/upload_report_file/454_1623067210524.pdf
VPEL.N0000,Annual,2020.0,Annual Report as at 31.03.2020,https://www.cse.lk/cmt/upload_report_file/454_1594289390456.pdf
VPEL.N0000,Annual,2019.0,Annual Report as at 31.03.2019,https://www.cse.lk/upload_report_file/454_1559644105535.pdf
VPEL.N0000,Annual,2018.0,Annual Report 2017/18,https://www.cse.lk/cmt/upload_report_file/454_1580447141224.pdf
VPEL.N0000,Annual,2017.0,Annual report -2016/2017,https://www.cse.lk/upload_report_file/454_1496661423426.pdf
VPEL.N0000,Annual,2016.0,Annual Report 2015/2016,https://www.cse.lk/upload_report_file/454_1464948985848.pdf
VPEL.N0000,Annual,2015.0,Annual Report 2014/2015,https://www.cse.lk/upload_report_file/454_1433414640748.pdf
VPEL.N0000,Annual,2014.0,Annual Report 2013/2014,https://www.cse.lk/upload_report_file/454_1401705949963.pdf
VPEL.N0000,Annual,2013.0,Annual Report 2012 / 2013,https://www.cse.lk/upload_report_file/454_1370513381.pdf
VPEL.N0000,Annual,2012.0,Annual Report 2011/2012,https://www.cse.lk/upload_report_file/454_1338551459256.pdf
VLL.N0000,Annual,2025.0,Annual Report for the year ended 31.03.2025,https://www.cse.lk/cmt/upload_report_file/455_1756725732016.pdf
VLL.N0000,Annual,2024.0,Annual Report for the year ended 31.03.2024,https://www.cse.lk/cmt/upload_report_file/455_1725268721202.pdf
VLL.N0000,Annual,2023.0,Annual Report for the year 2022/2023,https://www.cse.lk/cmt/upload_report_file/455_1689930466080.pdf
VLL.N0000,Annual,2022.0,ANNUAL REPORT 2021/2022,https://www.cse.lk/cmt/upload_report_file/455_1662456519851.pdf
VLL.N0000,Annual,2021.0,Annual Report 2020/21,https://www.cse.lk/cmt/upload_report_file/455_1630556882912.pdf
VLL.N0000,Annual,2020.0,Annual Report for the year 2019/2020,https://www.cse.lk/cmt/upload_report_file/455_1594722921278.pdf
VLL.N0000,Annual,2019.0,Annual Report for the year 2018/2019,https://www.cse.lk/upload_report_file/455_1562061511812.pdf
VLL.N0000,Annual,2018.0,Annual Report 2017/2018,https://www.cse.lk/upload_report_file/455_1531195541586.pdf
VLL.N0000,Annual,2017.0,Annual Report 2016/2017,https://www.cse.lk/upload_report_file/455_1499074420264.pdf
VLL.N0000,Annual,2016.0,Annual Report 2015/2016,https://www.cse.lk/upload_report_file/455_1467371185.pdf
VLL.N0000,Annual,2015.0,Annual Report 2014/2015,https://www.cse.lk/upload_report_file/455_1436960587167.pdf
VLL.N0000,Annual,2014.0,Annual Report 2013/2014,https://www.cse.lk/upload_report_file/455_1402658759324.pdf
VLL.N0000,Annual,2013.0,Annual Report 2012 / 2013,https://www.cse.lk/upload_report_file/455_1373514094.pdf
VLL.N0000,Annual,2012.0,Annual Report 2011/12,https://www.cse.lk/upload_report_file/455_1340278093922.pdf
VLL.X0000,Annual,2025.0,Annual Report for the year ended 31.03.2025,https://www.cse.lk/cmt/upload_report_file/455_1756725732016.pdf
VLL.X0000,Annual,2024.0,Annual Report for the year ended 31.03.2024,https://www.cse.lk/cmt/upload_report_file/455_1725268721202.pdf
VLL.X0000,Annual,2023.0,Annual Report for the year 2022/2023,https://www.cse.lk/cmt/upload_report_file/455_1689930466080.pdf
VLL.X0000,Annual,2022.0,ANNUAL REPORT 2021/2022,https://www.cse.lk/cmt/upload_report_file/455_1662456519851.pdf
VLL.X0000,Annual,2021.0,Annual Report 2020/21,https://www.cse.lk/cmt/upload_report_file/455_1630556882912.pdf
VLL.X0000,Annual,2020.0,Annual Report for the year 2019/2020,https://www.cse.lk/cmt/upload_report_file/455_1594722921278.pdf
VLL.X0000,Annual,2019.0,Annual Report for the year 2018/2019,https://www.cse.lk/upload_report_file/455_1562061511812.pdf
VLL.X0000,Annual,2018.0,Annual Report 2017/2018,https://www.cse.lk/upload_report_file/455_1531195541586.pdf
VLL.X0000,Annual,2017.0,Annual Report 2016/2017,https://www.cse.lk/upload_report_file/455_1499074420264.pdf
VLL.X0000,Annual,2016.0,Annual Report 2015/2016,https://www.cse.lk/upload_report_file/455_1467371185.pdf
VLL.X0000,Annual,2015.0,Annual Report 2014/2015,https://www.cse.lk/upload_report_file/455_1436960587167.pdf
VLL.X0000,Annual,2014.0,Annual Report 2013/2014,https://www.cse.lk/upload_report_file/455_1402658759324.pdf
VLL.X0000,Annual,2013.0,Annual Report 2012 / 2013,https://www.cse.lk/upload_report_file/455_1373514094.pdf
VLL.X0000,Annual,2012.0,Annual Report 2011/12,https://www.cse.lk/upload_report_file/455_1340278093922.pdf
CITW.N0000,Annual,2025.0,Annual Report 2024/25,https://www.cse.lk/cmt/upload_report_file/1106_1756695620623.pdf
CITW.N0000,Annual,2024.0,Annual Report 2023/24,https://www.cse.lk/cmt/upload_report_file/1106_1725245201699.pdf
CITW.N0000,Annual,2023.0,Annual Report 2022/23,https://www.cse.lk/cmt/upload_report_file/1106_1693570949947.pdf
CITW.N0000,Annual,2022.0,Annual Report for the Financial Year ended 31st March 2022,https://www.cse.lk/cmt/upload_report_file/1106_1662110290022.pdf
CITW.N0000,Annual,2021.0,Annual Report for the year ended 31st March 2021,https://www.cse.lk/cmt/upload_report_file/1106_1630575830400.pdf
CITW.N0000,Annual,2020.0,Annual Report for the year ended 31st March 2020,https://www.cse.lk/cmt/upload_report_file/1106_1607678298413.pdf
CITW.N0000,Annual,2019.0,Annual Report 2018/2019,https://www.cse.lk/cmt/upload_report_file/1106_1567161460567.pdf
CITW.N0000,Annual,2018.0,Annual Report 2017/2018,https://www.cse.lk/upload_report_file/1106_1536057766562.pdf
CITW.N0000,Annual,2017.0,Waskaduwa Beach Resort PLC Annual report -2016/2017,https://www.cse.lk/upload_report_file/1106_1504178274194.pdf
CITW.N0000,Annual,2016.0,Annual Report 2015/2016,https://www.cse.lk/upload_report_file/1106_1472642922160.pdf
CITW.N0000,Annual,2015.0,Annual Report 2014/2015,https://www.cse.lk/upload_report_file/1106_1441021779278.pdf
CITW.N0000,Annual,2014.0,Annual Report 2013/2014,https://www.cse.lk/upload_report_file/1106_1409573757528.pdf
CITW.N0000,Annual,2013.0,Annual Report 2012/2013,https://www.cse.lk/upload_report_file/1106_1377859371.pdf
CITW.N0000,Annual,2012.0,ANNUAL REPORT 2011/2012,https://www.cse.lk/upload_report_file/1106_1346845116.pdf
WATA.N0000,Annual,2025.0,Annual Report 2024/2025,https://www.cse.lk/cmt/upload_report_file/728_1748949890443.pdf
WATA.N0000,Annual,2024.0,Annual Report 2023/2024,https://www.cse.lk/cmt/upload_report_file/728_1717505176195.pdf
WATA.N0000,Annual,2023.0,Annual Report 2022/2023,https://www.cse.lk/cmt/upload_report_file/728_1685617087573.pdf
WATA.N0000,Annual,2022.0, Annual Report 2021/22,https://www.cse.lk/cmt/upload_report_file/728_1654160889621.PDF
WATA.N0000,Annual,2021.0,Annual Report for the financial year ended 31st March 2021,https://www.cse.lk/cmt/upload_report_file/728_1622624756127.pdf
WATA.N0000,Annual,2020.0,Watawala Plantations PLC - Annual Report 2019/2020,https://www.cse.lk/cmt/upload_report_file/728_1591176228686.pdf
WATA.N0000,Annual,2019.0,Annual report for the financial year ended 31st March 2019,https://www.cse.lk/upload_report_file/728_1559815563983.pdf
WATA.N0000,Annual,2018.0,Annual Report 2017/18,https://www.cse.lk/upload_report_file/728_1528113349459.pdf
WATA.N0000,Annual,2017.0,Annual Report 2016/2017,https://www.cse.lk/upload_report_file/728_1496718654.pdf
WATA.N0000,Annual,2016.0,Annual Report 2015/2016,https://www.cse.lk/upload_report_file/728_1465465201638.pdf
WATA.N0000,Annual,2015.0,Annual Report 2014/2015,https://www.cse.lk/upload_report_file/728_1433755329.pdf
WATA.N0000,Annual,2014.0,Annual Report 2013/2014,https://www.cse.lk/upload_report_file/728_1401964931836.pdf
WATA.N0000,Annual,2013.0,Annual Report 2012 / 2013,https://www.cse.lk/upload_report_file/728_1371462855.pdf
WATA.N0000,Annual,2012.0,Annual Report  2011/2012,https://www.cse.lk/upload_report_file/728_1339495486183.pdf
YORK.N0000,Annual,2025.0,Annual Report 2024/2025,https://www.cse.lk/cmt/upload_report_file/641_1749033047962.06.2025) Final.pdf
YORK.N0000,Annual,2024.0,Annual Report 2023/2024,https://www.cse.lk/cmt/upload_report_file/641_1723804696914.pdf
YORK.N0000,Annual,2023.0,Annual Report 2022/2023,https://www.cse.lk/cmt/upload_report_file/641_1685329101445.5.23.) .pdf
YORK.N0000,Annual,2022.0,ANNUAL REPORT 2021/2022,https://www.cse.lk/cmt/upload_report_file/641_1659352707378.07.2022) Final 4.pdf
YORK.N0000,Annual,2021.0,Annual Report 2020/21,https://www.cse.lk/cmt/upload_report_file/641_1630297272504.pdf
YORK.N0000,Annual,2020.0,Annual Report 2019/2020,https://www.cse.lk/cmt/upload_report_file/641_1600075087488.09.2020) Colour.pdf
YORK.N0000,Annual,2019.0,Annual Report  2018/2019,https://www.cse.lk/cmt/upload_report_file/641_1566212699974.pdf
YORK.N0000,Annual,2018.0,Annual Report 2017/2018,https://www.cse.lk/upload_report_file/641_1533036328843.pdf
YORK.N0000,Annual,2017.0,Annual Report 2016/2017,https://www.cse.lk/upload_report_file/641_1503918527534.pdf
YORK.N0000,Annual,2016.0,Annual Financial Report 2015/2016,https://www.cse.lk/upload_report_file/641_1467365014103.pdf
YORK.N0000,Annual,2015.0,Annual Report 2014/2015,https://www.cse.lk/upload_report_file/641_1435577477176.pdf
YORK.N0000,Annual,2014.0,Annual Report 2013/2014,https://www.cse.lk/upload_report_file/641_1401881510629.pdf
YORK.N0000,Annual,2013.0,Annual Report 2012/13,https://www.cse.lk/upload_report_file/641_1372764245140.pdf
YORK.N0000,Annual,2012.0,Annual Report 2011/2012,https://www.cse.lk/upload_report_file/641_1338979060.pdf
WIND.N0000,Annual,2025.0,Annual Report for the year ended 31 March 2025,https://www.cse.lk/cmt/upload_report_file/2173_1749130764869.pdf
WIND.N0000,Annual,2023.0,Annual Report for the year ended 31 March 2024,https://www.cse.lk/cmt/upload_report_file/2173_1717498558965.pdf
WIND.N0000,Annual,2023.0,Annual Report for the year ended 31 March 2023,https://www.cse.lk/cmt/upload_report_file/2173_1686044204434.pdf
WIND.N0000,Annual,2022.0,Annual Report for the year ended 31 March 2022,https://www.cse.lk/cmt/upload_report_file/2173_1656397092153.pdf
WIND.N0000,Annual,2021.0,Annual Report for the year ended 31 March 2021,https://www.cse.lk/cmt/upload_report_file/2173_1633000798214.pdf
