symbol,company,announcementCategory,xd,paymentDate,announcementId
HARI.N0000,HARISCHANDRA MILLS PLC,CASH DIVIDEND,2019-04-10 18:30:00,2019-04-22 18:30:00,306
,L B FINANCE PLC,CASH DIVIDEND,2019-04-15 18:30:00,2019-04-17 18:30:00,314
RCL.N0000,ROYAL CERAMICS LANKA PLC,CASH DIVIDEND,2019-04-23 18:30:00,2019-05-05 18:30:00,370
,SENKADAGALA FINANCE PLC,CASH DIVIDEND,2019-04-24 18:30:00,2019-05-06 18:30:00,377
,CHEVRON LUBRICANTS LANKA PLC,CASH DIVIDEND,2019-05-05 18:30:00,2019-05-14 18:30:00,414
,THE LANKA HOSPITAL CORPORATION PLC,CASH DIVIDEND,2019-05-06 18:30:00,2019-05-15 18:30:00,425
TAFL.N0000,THREE ACRE FARMS PLC,CASH DIVIDEND,2019-05-08 18:30:00,2019-05-16 18:30:00,361
GRAN.N0000,CEYLON GRAIN ELEVATORS PLC,CASH DIVIDEND,2019-05-08 18:30:00,2019-05-16 18:30:00,360
PAP.N0000,PANASIAN POWER PLC,CASH DIVIDEND,2019-05-13 18:30:00,2019-05-22 18:30:00,509
KFP.N0000,KEELLS FOOD PRODUCTS PLC,CASH DIVIDEND,2019-05-15 18:30:00,2019-05-27 18:30:00,559
EAST.N0000,EAST WEST PROPERTIES PLC,CASH DIVIDEND,2019-05-15 18:30:00,2019-05-27 18:30:00,547
,SINGER FINANCE (LANKA) PLC,CASH DIVIDEND,2019-05-16 18:30:00,2019-05-27 18:30:00,596
BFL.N0000,BAIRAHA FARMS PLC,CASH DIVIDEND,2019-05-16 18:30:00,2019-05-28 18:30:00,587
,CEYLON HOSPITALS PLC (DURDANS),CASH DIVIDEND,2019-05-20 18:30:00,2019-05-29 18:30:00,602
,SINGER INDUSTRIES (CEYLON) PLC,CASH DIVIDEND,2019-05-23 18:30:00,2019-06-02 18:30:00,643
CTC.N0000,CEYLON TOBACCO COMPANY PLC,CASH DIVIDEND,2019-05-23 18:30:00,2019-06-03 18:30:00,648
CCS.N0000,CEYLON COLD STORES PLC,CASH DIVIDEND,2019-05-26 18:30:00,2019-06-05 18:30:00,665
AEL.N0000,ACCESS ENGINEERING PLC,CASH DIVIDEND,2019-05-29 18:30:00,2019-06-10 18:30:00,712
UCAR.N0000,UNION CHEMICALS LANKA PLC,CASH DIVIDEND,2019-05-30 18:30:00,2019-06-10 18:30:00,433
CTBL.N0000,CEYLON TEA BROKERS PLC,CASH DIVIDEND,2019-06-03 18:30:00,2019-06-13 18:30:00,775
TSML.N0000,TEA SMALLHOLDER FACTORIES PLC,CASH DIVIDEND,2019-06-03 18:30:00,2019-06-13 18:30:00,768
JKL.N0000,JOHN KEELLS PLC,CASH DIVIDEND,2019-06-03 18:30:00,2019-06-13 18:30:00,765
JKH.N0000,JOHN KEELLS HOLDINGS PLC,CASH DIVIDEND,2019-06-03 18:30:00,2019-06-13 18:30:00,755
SIL.N0000,SAMSON INTERNATIONAL PLC,CASH DIVIDEND,2019-06-05 18:30:00,2019-06-16 18:30:00,794
DIMO.N0000,DIESEL & MOTOR ENGINEERING PLC,CASH DIVIDEND,2019-06-05 18:30:00,2019-06-16 18:30:00,781
,NESTLE LANKA PLC,CASH DIVIDEND,2019-06-10 18:30:00,2019-06-18 18:30:00,467
VFIN.N0000,VALLIBEL FINANCE PLC,CASH DIVIDEND,2019-06-12 18:30:00,2019-06-23 18:30:00,859
,LVL ENERGY FUND PLC,CASH DIVIDEND,2019-06-12 18:30:00,2019-06-20 18:30:00,860
DIAL.N0000,DIALOG AXIATA PLC,CASH DIVIDEND,2019-06-12 18:30:00,2019-06-20 18:30:00,366
LIOC.N0000,LANKA IOC PLC,CASH DIVIDEND,2019-06-19 18:30:00,2019-06-27 18:30:00,788
UCAR.N0000,UNION CHEMICALS LANKA PLC,CASH DIVIDEND,2019-06-20 18:30:00,2019-06-30 18:30:00,535
LIOC.N0000,LANKA IOC PLC,CASH DIVIDEND,2019-06-23 18:30:00,2019-07-01 18:30:00,545
HHL.N0000,HEMAS HOLDINGS PLC,CASH DIVIDEND,2019-06-26 18:30:00,2019-07-04 18:30:00,774
CWM.N0000,C. W. MACKIE PLC,CASH DIVIDEND,2019-06-27 18:30:00,2019-07-07 18:30:00,815
RHTL.N0000,THE FORTRESS RESORTS PLC,CASH DIVIDEND,2019-06-27 18:30:00,2019-07-07 18:30:00,881
,L B FINANCE PLC,CASH DIVIDEND,2019-06-27 18:30:00,2019-07-07 18:30:00,782
SUN.N0000,SUNSHINE HOLDINGS PLC,CASH DIVIDEND,2019-06-27 18:30:00,2019-07-07 18:30:00,841
CFIN.N0000,CENTRAL FINANCE COMPANY PLC,CASH DIVIDEND,2019-06-30 18:30:00,2019-07-03 18:30:00,796
AHUN.N0000,AITKEN SPENCE HOTEL HOLDINGS PLC,CASH DIVIDEND,2019-06-30 18:30:00,2019-07-08 18:30:00,756
SPEN.N0000,AITKEN SPENCE PLC,CASH DIVIDEND,2019-06-30 18:30:00,2019-07-08 18:30:00,757
CHMX.N0000,CHEMANEX PLC,CASH DIVIDEND,2019-06-30 18:30:00,2019-07-08 18:30:00,742
,CIC HOLDINGS PLC,CASH DIVIDEND,2019-06-30 18:30:00,2019-07-08 18:30:00,740
AGST.X0000,AGSTAR PLC,CASH DIVIDEND,2019-06-30 18:30:00,2019-07-08 18:30:00,320
AGST.N0000,AGSTAR PLC,CASH DIVIDEND,2019-06-30 18:30:00,2019-07-08 18:30:00,320
VPEL.N0000,VALLIBEL POWER ERATHNA PLC,CASH DIVIDEND,2019-07-02 18:30:00,2019-07-11 18:30:00,1117
APLA.N0000,ACL PLASTICS PLC,CASH DIVIDEND,2019-07-04 18:30:00,2019-07-16 18:30:00,1145
RCL.N0000,ROYAL CERAMICS LANKA PLC,CASH DIVIDEND,2019-07-07 18:30:00,2019-07-16 18:30:00,817
DIST.N0000,DISTILLERIES COMPANY OF SRI LANKA PLC,CASH DIVIDEND,2019-07-11 18:30:00,2019-07-22 18:30:00,1295
,LION BREWERY CEYLON PLC,CASH DIVIDEND,2019-07-21 18:30:00,2019-07-29 18:30:00,1033
ONAL.N0000,ON'ALLY HOLDINGS PLC,CASH DIVIDEND,2019-07-22 18:30:00,2019-07-30 18:30:00,1406
CTLD.N0000,C T LAND DEVELOPMENT PLC,CASH DIVIDEND,2019-07-24 18:30:00,2019-08-01 18:30:00,1348
UML.N0000,UNITED MOTORS LANKA PLC,CASH DIVIDEND,2019-07-25 18:30:00,2019-08-04 18:30:00,795
CARG.N0000,CARGILLS (CEYLON) PLC,CASH DIVIDEND,2019-07-25 18:30:00,2019-08-04 18:30:00,1127
,PIRAMAL GLASS CEYLON  PLC,CASH DIVIDEND,2019-07-28 18:30:00,2019-08-05 18:30:00,626
RIL.N0000,R I L PROPERTY PLC,CASH DIVIDEND,2019-07-28 18:30:00,2019-08-05 18:30:00,835
CTHR.N0000,C T HOLDINGS PLC,CASH DIVIDEND,2019-07-29 18:30:00,2019-08-06 18:30:00,1323
TYRE.N0000,KELANI TYRES PLC,CASH DIVIDEND,2019-07-29 18:30:00,2019-08-07 18:30:00,1480
,SENKADAGALA FINANCE PLC,CASH DIVIDEND,2019-07-31 18:30:00,2019-08-08 18:30:00,1381
CIND.N0000,CENTRAL INDUSTRIES PLC,CASH DIVIDEND,2019-07-31 18:30:00,2019-08-08 18:30:00,1392
ALLI.N0000,ALLIANCE FINANCE COMPANY PLC,CASH DIVIDEND,2019-07-31 18:30:00,2019-08-08 18:30:00,1204
KCAB.N0000,KELANI CABLES PLC,CASH DIVIDEND,2019-08-01 18:30:00,2019-08-14 18:30:00,1539
VLL.X0000,VIDULLANKA PLC,CASH DIVIDEND,2019-08-04 18:30:00,2019-08-14 18:30:00,1551
VLL.N0000,VIDULLANKA PLC,CASH DIVIDEND,2019-08-04 18:30:00,2019-08-14 18:30:00,1551
BPPL.N0000,B P P L HOLDINGS PLC,CASH DIVIDEND,2019-08-06 18:30:00,2019-08-18 18:30:00,1605
SHL.N0000,SOFTLOGIC HOLDINGS PLC,CASH DIVIDEND,2019-08-07 18:30:00,2019-08-20 18:30:00,1639
ACL.N0000,ACL CABLES PLC,CASH DIVIDEND,2019-08-07 18:30:00,2019-08-20 18:30:00,1637
CFVF.N0000,FIRST CAPITAL HOLDINGS PLC,CASH DIVIDEND,2019-08-14 18:30:00,2019-08-25 18:30:00,1702
BREW.N0000,CEYLON BEVERAGE HOLDINGS PLC,CASH DIVIDEND,2019-08-18 18:30:00,2019-08-26 18:30:00,1766
TKYO.X0000,TOKYO CEMENT COMPANY (LANKA) PLC,CASH DIVIDEND,2019-08-18 18:30:00,2019-08-26 18:30:00,1438
TKYO.N0000,TOKYO CEMENT COMPANY (LANKA) PLC,CASH DIVIDEND,2019-08-18 18:30:00,2019-08-26 18:30:00,1438
RPBH.N0000,ROYAL PALMS BEACH HOTELS PLC,CASH DIVIDEND,2019-08-19 18:30:00,2019-08-28 18:30:00,1776
TJL.N0000,TEEJAY LANKA PLC,CASH DIVIDEND,2019-08-19 18:30:00,2019-08-27 18:30:00,1431
,ASIA SIYAKA COMMODITIES PLC,CASH DIVIDEND,2019-08-20 18:30:00,2019-08-29 18:30:00,1803
CTC.N0000,CEYLON TOBACCO COMPANY PLC,CASH DIVIDEND,2019-08-20 18:30:00,2019-08-28 18:30:00,1799
TANG.N0000,TANGERINE BEACH HOTELS PLC,CASH DIVIDEND,2019-08-21 18:30:00,2019-09-01 18:30:00,1809
,SWADESHI INDUSTRIAL WORKS PLC,CASH DIVIDEND,2019-08-25 18:30:00,2019-09-02 18:30:00,1458
COCR.N0000,COMMERCIAL CREDIT AND FINANCE PLC,CASH DIVIDEND,2019-08-25 18:30:00,2019-09-02 18:30:00,1512
BRR.N0000,BANSEI ROYAL RESORTS HIKKADUWA PLC,CASH DIVIDEND,2019-08-26 18:30:00,2019-09-03 18:30:00,1135
,CHEVRON LUBRICANTS LANKA PLC,CASH DIVIDEND,2019-08-26 18:30:00,2019-09-04 18:30:00,1866
RFL.N0000,RAMBODA FALLS PLC,CASH DIVIDEND,2019-08-27 18:30:00,2019-09-05 18:30:00,1891
NEH.N0000,THE NUWARA ELIYA HOTELS COMPANY PLC,CASH DIVIDEND,2019-08-28 18:30:00,2019-09-08 18:30:00,1907
LMF.N0000,LANKA MILK FOODS (CWE) PLC,CASH DIVIDEND,2019-09-01 18:30:00,2019-09-08 18:30:00,1761
,SWADESHI INDUSTRIAL WORKS PLC,CASH DIVIDEND,2019-09-08 18:30:00,2019-09-17 18:30:00,1620
CTEA.N0000,DILMAH CEYLON TEA COMPANY PLC,CASH DIVIDEND,2019-09-08 18:30:00,2019-09-17 18:30:00,1628
ASHO.N0000,LANKA ASHOK LEYLAND PLC,CASH DIVIDEND,2019-09-08 18:30:00,2019-09-17 18:30:00,1433
MERC.N0000,MERCANTILE INVESTMENTS AND FINANCE PLC,CASH DIVIDEND,2019-09-10 18:30:00,2019-09-17 18:30:00,2017
ASPH.N0000,INDUSTRIAL ASPHALTS (CEYLON) PLC,CASH DIVIDEND,2019-09-10 18:30:00,2019-09-19 18:30:00,1841
LALU.N0000,LANKA ALUMINIUM INDUSTRIES PLC,CASH DIVIDEND,2019-09-11 18:30:00,2019-09-22 18:30:00,1820
CARS.N0000,CARSON CUMBERBATCH PLC,CASH DIVIDEND,2019-09-11 18:30:00,2019-09-22 18:30:00,2062
,CONVENIENCE  FOODS (LANKA )PLC,CASH DIVIDEND,2019-09-16 18:30:00,2019-09-24 18:30:00,1686
ABAN.N0000,ABANS ELECTRICALS PLC,CASH DIVIDEND,2019-09-18 18:30:00,2019-09-26 18:30:00,1953
SHAW.N0000,LEE HEDGES PLC,CASH DIVIDEND,2019-09-18 18:30:00,2019-09-26 18:30:00,1923
RHL.N0000,RENUKA HOLDINGS PLC,CASH DIVIDEND,2019-09-18 18:30:00,2019-09-25 18:30:00,1478
COCO.N0000,RENUKA FOODS PLC,CASH DIVIDEND,2019-09-18 18:30:00,2019-09-25 18:30:00,1476
,RENUKA CAPITAL PLC,CASH DIVIDEND,2019-09-18 18:30:00,2019-09-25 18:30:00,1477
RAL.N0000,RENUKA AGRI FOODS PLC,CASH DIVIDEND,2019-09-18 18:30:00,2019-09-25 18:30:00,1469
COCO.X0000,RENUKA FOODS PLC,CASH DIVIDEND,2019-09-18 18:30:00,2019-09-25 18:30:00,1476
RHL.X0000,RENUKA HOLDINGS PLC,CASH DIVIDEND,2019-09-18 18:30:00,2019-09-25 18:30:00,1478
CDB.N0000,CITIZENS DEVELOPMENT BUSINESS FINANCE PLC,CASH DIVIDEND,2019-09-19 18:30:00,2019-09-29 18:30:00,1890
CDB.X0000,CITIZENS DEVELOPMENT BUSINESS FINANCE PLC,CASH DIVIDEND,2019-09-19 18:30:00,2019-09-29 18:30:00,1890
CIT.N0000,COLOMBO INVESTMENT TRUST PLC,SCRIP DIVIDEND (DATES),2019-09-19 18:30:00,,1831
ELPL.N0000,ELPITIYA PLANTATIONS PLC,CASH DIVIDEND,2019-09-19 18:30:00,2019-09-29 18:30:00,1916
,AITKEN SPENCE PLANTATION MANAGEMENTS PLC,CASH DIVIDEND,2019-09-19 18:30:00,2019-09-29 18:30:00,1919
CFI.N0000,COLOMBO FORT INVESTMENTS PLC,SCRIP DIVIDEND (DATES),2019-09-19 18:30:00,,1830
HARI.N0000,HARISCHANDRA MILLS PLC,CASH DIVIDEND,2019-09-22 18:30:00,2019-09-30 18:30:00,1509
PAP.N0000,PANASIAN POWER PLC,CASH DIVIDEND,2019-09-25 18:30:00,2019-10-06 18:30:00,2256
COLO.N0000,C M HOLDINGS PLC,CASH DIVIDEND,2019-09-25 18:30:00,2019-10-03 18:30:00,1961
,MAHAWELI COCONUT PLANTATIONS LIMITED,SCRIP DIVIDEND (DATES),2019-09-26 18:30:00,2019-10-06 18:30:00,2222
,MAHAWELI COCONUT PLANTATIONS LIMITED,CASH DIVIDEND,2019-09-26 18:30:00,2019-10-06 18:30:00,1556
RWSL.N0000,RAIGAM WAYAMBA SALTERNS PLC,CASH DIVIDEND,2019-09-26 18:30:00,2019-10-06 18:30:00,1934
LVEN.N0000,LANKA VENTURES PLC,CASH DIVIDEND,2019-09-29 18:30:00,2019-10-07 18:30:00,1744
EBCR.N0000,E B CREASY & COMPANY PLC,CASH DIVIDEND,2019-09-30 18:30:00,2019-10-08 18:30:00,1989
,LAKE HOUSE PRINTERS AND PUBLISHERS PLC,CASH DIVIDEND,2019-09-30 18:30:00,2019-10-08 18:30:00,2054
,LAXAPANA BATTERIES PLC,CASH DIVIDEND,2019-09-30 18:30:00,2019-10-08 18:30:00,1965
GEST.N0000,GESTETNER OF CEYLON PLC,CASH DIVIDEND,2019-09-30 18:30:00,2019-10-08 18:30:00,1871
,HUNTERS & COMPANY PLC,CASH DIVIDEND,2019-09-30 18:30:00,2019-10-08 18:30:00,2272
SLND.N0000,SERENDIB LAND PLC,CASH DIVIDEND,2019-09-30 18:30:00,2019-10-08 18:30:00,1990
ABL.N0000,AMANA BANK PLC,CASH DIVIDEND,2019-10-01 18:30:00,2019-10-10 18:30:00,2331
HPFL.N0000,LOTUS HYDRO POWER PLC,CASH DIVIDEND,2019-10-06 18:30:00,2019-10-15 18:30:00,2391
MGT.N0000,HAYLEYS FABRIC PLC,CASH DIVIDEND,2019-10-07 18:30:00,2019-10-15 18:30:00,2413
DIPD.N0000,DIPPED PRODUCTS PLC,CASH DIVIDEND,2019-10-07 18:30:00,2019-10-15 18:30:00,2406
PINS.N0000,PEOPLE'S INSURANCE PLC,CASH DIVIDEND,2019-10-08 18:30:00,2019-10-17 18:30:00,2419
HEXP.N0000,HAYLEYS FIBRE PLC,CASH DIVIDEND,2019-10-08 18:30:00,2019-10-16 18:30:00,2446
HAYC.N0000,HAYCARB PLC,CASH DIVIDEND,2019-10-08 18:30:00,2019-10-16 18:30:00,2445
BUKI.N0000,BUKIT DARAH PLC,CASH DIVIDEND,2019-10-13 18:30:00,2019-10-21 18:30:00,2539
UCAR.N0000,UNION CHEMICALS LANKA PLC,CASH DIVIDEND,2019-10-17 18:30:00,2019-10-28 18:30:00,2610
,CHEVRON LUBRICANTS LANKA PLC,CASH DIVIDEND,2019-11-03 18:30:00,2019-11-14 18:30:00,2693
COMB.X0000,COMMERCIAL BANK OF CEYLON PLC,CASH DIVIDEND,2019-11-04 18:30:00,2019-11-17 18:30:00,2708
COMB.N0000,COMMERCIAL BANK OF CEYLON PLC,CASH DIVIDEND,2019-11-04 18:30:00,2019-11-17 18:30:00,2708
LHCL.N0000,THE LANKA HOSPITALS CORPORATION PLC,CASH DIVIDEND,2019-11-05 18:30:00,2019-11-18 18:30:00,2712
JKH.N0000,JOHN KEELLS HOLDINGS PLC,CASH DIVIDEND,2019-11-13 18:30:00,2019-11-24 18:30:00,2756
CTEA.N0000,DILMAH CEYLON TEA COMPANY PLC,CASH DIVIDEND,2019-11-17 18:30:00,2019-11-24 18:30:00,2805
CTC.N0000,CEYLON TOBACCO COMPANY PLC,CASH DIVIDEND,2019-11-20 18:30:00,2019-11-27 18:30:00,2843
AEL.N0000,ACCESS ENGINEERING PLC,CASH DIVIDEND,2019-11-21 18:30:00,2019-12-02 18:30:00,2877
DIST.N0000,DISTILLERIES COMPANY OF SRI LANKA PLC,CASH DIVIDEND,2019-11-24 18:30:00,2019-12-03 18:30:00,2881
MELS.N0000,MELSTACORP PLC,CASH DIVIDEND,2019-11-27 18:30:00,2019-12-08 18:30:00,2901
COMD.N0000,COMMERCIAL DEVELOPMENT COMPANY PLC,CASH DIVIDEND,2019-11-28 18:30:00,2019-12-09 18:30:00,2912
CARG.N0000,CARGILLS (CEYLON) PLC,CASH DIVIDEND,2019-12-01 18:30:00,2019-12-11 18:30:00,2915
ONAL.N0000,ON'ALLY HOLDINGS PLC,CASH DIVIDEND,2019-12-01 18:30:00,2019-12-09 18:30:00,2918
CTLD.N0000,C T LAND DEVELOPMENT PLC,CASH DIVIDEND,2019-12-01 18:30:00,2019-12-11 18:30:00,2917
CFIN.N0000,CENTRAL FINANCE COMPANY PLC,CASH DIVIDEND,2019-12-16 18:30:00,2019-12-19 18:30:00,3072
HASU.N0000,HNB ASSURANCE PLC,CASH DIVIDEND,2019-12-17 18:30:00,2019-12-29 18:30:00,3085
REXP.N0000,RICHARD PIERIS EXPORTS PLC,CASH DIVIDEND,2019-12-29 18:30:00,2020-01-05 18:30:00,3199
HNB.N0000,HATTON NATIONAL BANK PLC,CASH DIVIDEND,2019-12-29 18:30:00,2020-01-07 18:30:00,3202
HNB.X0000,HATTON NATIONAL BANK PLC,CASH DIVIDEND,2019-12-29 18:30:00,2020-01-07 18:30:00,3202
HEXP.N0000,HAYLEYS FIBRE PLC,CASH DIVIDEND,2020-01-12 18:30:00,2020-01-21 18:30:00,3298
CTC.N0000,CEYLON TOBACCO COMPANY PLC,CASH DIVIDEND,2020-01-12 18:30:00,2020-01-22 18:30:00,3287
PLC.N0000,PEOPLE'S LEASING & FINANCE PLC,CASH DIVIDEND,2020-01-12 18:30:00,2020-01-22 18:30:00,3295
MGT.N0000,HAYLEYS FABRIC PLC,CASH DIVIDEND,2020-01-12 18:30:00,2020-01-20 18:30:00,3297
DIPD.N0000,DIPPED PRODUCTS PLC,CASH DIVIDEND,2020-01-12 18:30:00,2020-01-21 18:30:00,3296
HAYC.N0000,HAYCARB PLC,CASH DIVIDEND,2020-01-13 18:30:00,2020-01-22 18:30:00,3322
BPPL.N0000,B P P L HOLDINGS PLC,CASH DIVIDEND,2020-02-05 18:30:00,2020-02-16 18:30:00,3500
JKH.N0000,JOHN KEELLS HOLDINGS PLC,CASH DIVIDEND,2020-02-09 18:30:00,2020-02-18 18:30:00,3526
COMB.N0000,COMMERCIAL BANK OF CEYLON PLC,CASH DIVIDEND,2020-02-11 18:30:00,2020-02-23 18:30:00,3558
COMB.X0000,COMMERCIAL BANK OF CEYLON PLC,CASH DIVIDEND,2020-02-11 18:30:00,2020-02-23 18:30:00,3558
TJL.N0000,TEEJAY LANKA PLC,CASH DIVIDEND,2020-02-16 18:30:00,2020-02-26 18:30:00,3600
,CIC HOLDINGS PLC,CASH DIVIDEND,2020-02-18 18:30:00,2020-02-27 18:30:00,3622
CCS.N0000,CEYLON COLD STORES PLC,CASH DIVIDEND,2020-02-26 18:30:00,2020-03-09 18:30:00,3696
NDB.N0000,NATIONAL DEVELOPMENT BANK PLC,SCRIP DIVIDEND (DATES),2020-02-27 18:30:00,2020-03-10 18:30:00,3737
NDB.N0000,NATIONAL DEVELOPMENT BANK PLC,CASH DIVIDEND,2020-02-27 18:30:00,2020-03-09 18:30:00,3713
,CHEVRON LUBRICANTS LANKA PLC,CASH DIVIDEND,2020-03-03 18:30:00,2020-03-15 18:30:00,3766
KFP.N0000,KEELLS FOOD PRODUCTS PLC,CASH DIVIDEND,2020-03-04 18:30:00,2020-03-16 18:30:00,3770
UBC.N0000,UNION BANK OF COLOMBO PLC,CASH DIVIDEND,2020-03-05 18:30:00,2020-03-17 18:30:00,3794
UAL.N0000,UNION ASSURANCE PLC,CASH DIVIDEND,2020-03-09 18:30:00,2020-03-18 18:30:00,3819
NTB.N0000,NATIONS TRUST BANK PLC,CASH DIVIDEND,2020-03-09 18:30:00,2020-03-18 18:30:00,3817
NTB.X0000,NATIONS TRUST BANK PLC,CASH DIVIDEND,2020-03-09 18:30:00,2020-03-18 18:30:00,3817
,NESTLE LANKA PLC,CASH DIVIDEND,2020-03-10 18:30:00,2020-03-19 18:30:00,3842
PINS.N0000,PEOPLE'S INSURANCE PLC,CASH DIVIDEND,2020-03-10 18:30:00,2020-03-19 18:30:00,3835
TRAN.N0000,TRANS ASIA HOTELS PLC,CASH DIVIDEND,2020-03-17 18:30:00,2020-03-26 18:30:00,3925
,ASIAN HOTELS & PROPERTIES PLC,CASH DIVIDEND,2020-03-18 18:30:00,2020-03-29 18:30:00,3955
,AITKEN SPENCE PLANTATION MANAGEMENTS PLC,CASH DIVIDEND,2020-03-19 18:30:00,2020-03-29 18:30:00,3967
VLL.N0000,VIDULLANKA PLC,CASH DIVIDEND,2020-03-23 18:30:00,2020-03-30 18:30:00,4003
VLL.X0000,VIDULLANKA PLC,CASH DIVIDEND,2020-03-23 18:30:00,2020-03-30 18:30:00,4003
COMD.N0000,COMMERCIAL DEVELOPMENT COMPANY PLC,CASH DIVIDEND,2020-03-25 18:30:00,2020-04-02 18:30:00,3755
HASU.N0000,HNB ASSURANCE PLC,CASH DIVIDEND,2020-03-29 18:30:00,2020-04-07 18:30:00,3671
SEYB.X0000,SEYLAN BANK PLC,SCRIP DIVIDEND (DATES),2020-03-30 18:30:00,,3798
COMB.X0000,COMMERCIAL BANK OF CEYLON PLC,SCRIP DIVIDEND (DATES),2020-03-30 18:30:00,,3908
COMB.N0000,COMMERCIAL BANK OF CEYLON PLC,SCRIP DIVIDEND (DATES),2020-03-30 18:30:00,,3908
HNB.X0000,HATTON NATIONAL BANK PLC,SCRIP DIVIDEND (DATES),2020-03-30 18:30:00,,3793
SEYB.N0000,SEYLAN BANK PLC,SCRIP DIVIDEND (DATES),2020-03-30 18:30:00,,3798
HNB.N0000,HATTON NATIONAL BANK PLC,SCRIP DIVIDEND (DATES),2020-03-30 18:30:00,,3793
SEYB.X0000,SEYLAN BANK PLC,CASH DIVIDEND,2020-03-30 18:30:00,2020-04-08 18:30:00,3759
SEYB.N0000,SEYLAN BANK PLC,CASH DIVIDEND,2020-03-30 18:30:00,2020-04-08 18:30:00,3759
DFCC.N0000,DFCC BANK PLC,SCRIP DIVIDEND (DATES),2020-03-30 18:30:00,,3753
CSD.N0000,SEYLAN DEVELOPMENTS PLC,CASH DIVIDEND,2020-03-30 18:30:00,2020-04-08 18:30:00,3752
HNB.X0000,HATTON NATIONAL BANK PLC,CASH DIVIDEND,2020-03-30 18:30:00,2020-04-08 18:30:00,3742
HNB.N0000,HATTON NATIONAL BANK PLC,CASH DIVIDEND,2020-03-30 18:30:00,2020-04-08 18:30:00,3742
DFCC.N0000,DFCC BANK PLC,CASH DIVIDEND,2020-03-30 18:30:00,2020-04-08 18:30:00,3715
SAMP.N0000,SAMPATH BANK PLC,CASH DIVIDEND,2020-03-30 18:30:00,2020-04-08 18:30:00,3678
DIPD.N0000,DIPPED PRODUCTS PLC,CASH DIVIDEND,2020-04-07 18:30:00,2020-04-20 18:30:00,4065
HAYC.N0000,HAYCARB PLC,CASH DIVIDEND,2020-04-08 18:30:00,2020-04-21 18:30:00,4072
HEXP.N0000,HAYLEYS FIBRE PLC,CASH DIVIDEND,2020-04-08 18:30:00,2020-04-21 18:30:00,4073
,REGNIS(LANKA) PLC,CASH DIVIDEND,2020-04-08 18:30:00,2020-04-21 18:30:00,4071
SINS.N0000,SINGER (SRI LANKA) PLC,CASH DIVIDEND,2020-04-14 18:30:00,2020-04-22 18:30:00,4076
,CEYLINCO INSURANCE PLC,CASH DIVIDEND,2020-04-14 18:30:00,2020-04-22 18:30:00,3856
OSEA.N0000,OVERSEAS REALTY (CEYLON) PLC,CASH DIVIDEND,2020-04-28 18:30:00,2020-05-11 18:30:00,3716
CTC.N0000,CEYLON TOBACCO COMPANY PLC,CASH DIVIDEND,2020-05-03 18:30:00,2020-05-13 18:30:00,3792
,NESTLE LANKA PLC,CASH DIVIDEND,2020-05-05 18:30:00,2020-05-17 18:30:00,3846
TAFL.N0000,THREE ACRE FARMS PLC,CASH DIVIDEND,2020-05-19 18:30:00,2020-05-31 18:30:00,4373
GRAN.N0000,CEYLON GRAIN ELEVATORS PLC,CASH DIVIDEND,2020-05-19 18:30:00,2020-05-31 18:30:00,4374
CTC.N0000,CEYLON TOBACCO COMPANY PLC,CASH DIVIDEND,2020-05-25 18:30:00,2020-06-03 18:30:00,4434
,CHEVRON LUBRICANTS LANKA PLC,CASH DIVIDEND,2020-05-25 18:30:00,2020-06-03 18:30:00,4446
,LVL ENERGY FUND PLC,CASH DIVIDEND,2020-05-26 18:30:00,2020-06-03 18:30:00,4475
,SINGER INDUSTRIES (CEYLON) PLC,CASH DIVIDEND,2020-05-26 18:30:00,2020-06-02 18:30:00,4465
HNB.X0000,HATTON NATIONAL BANK PLC,CASH DIVIDEND,2020-05-31 18:30:00,2020-06-09 18:30:00,4241
HNB.N0000,HATTON NATIONAL BANK PLC,CASH DIVIDEND,2020-05-31 18:30:00,2020-06-09 18:30:00,4241
SAMP.N0000,SAMPATH BANK PLC,CASH DIVIDEND,2020-06-02 18:30:00,2020-06-11 18:30:00,4366
DIST.N0000,DISTILLERIES COMPANY OF SRI LANKA PLC,CASH DIVIDEND,2020-06-03 18:30:00,2020-06-15 18:30:00,4627
CFVF.N0000,FIRST CAPITAL HOLDINGS PLC,CASH DIVIDEND,2020-06-03 18:30:00,2020-06-15 18:30:00,4647
COMD.N0000,COMMERCIAL DEVELOPMENT COMPANY PLC,CASH DIVIDEND,2020-06-18 18:30:00,2020-06-28 18:30:00,4542
VPEL.N0000,VALLIBEL POWER ERATHNA PLC,CASH DIVIDEND,2020-06-18 18:30:00,2020-06-29 18:30:00,4979
HASU.N0000,HNB ASSURANCE PLC,CASH DIVIDEND,2020-06-23 18:30:00,2020-07-01 18:30:00,4838
CSD.N0000,SEYLAN DEVELOPMENTS PLC,CASH DIVIDEND,2020-06-24 18:30:00,2020-07-02 18:30:00,4837
SEYB.X0000,SEYLAN BANK PLC,CASH DIVIDEND,2020-06-24 18:30:00,2020-07-02 18:30:00,4696
SEYB.N0000,SEYLAN BANK PLC,CASH DIVIDEND,2020-06-24 18:30:00,2020-07-02 18:30:00,4696
DFCC.N0000,DFCC BANK PLC,CASH DIVIDEND,2020-06-24 18:30:00,2020-07-02 18:30:00,4675
DFCC.N0000,DFCC BANK PLC,SCRIP DIVIDEND (DATES),2020-06-24 18:30:00,,4676
OSEA.N0000,OVERSEAS REALTY (CEYLON) PLC,CASH DIVIDEND,2020-06-25 18:30:00,2020-07-05 18:30:00,4401
SUN.N0000,SUNSHINE HOLDINGS PLC,CASH DIVIDEND,2020-06-28 18:30:00,2020-07-06 18:30:00,4671
,WATAWALA PLANTATIONS PLC,CASH DIVIDEND,2020-06-28 18:30:00,2020-07-06 18:30:00,4648
CTC.N0000,CEYLON TOBACCO COMPANY PLC,CASH DIVIDEND,2020-06-29 18:30:00,2020-07-07 18:30:00,4443
,PROPERTY DEVELOPMENT PLC,CASH DIVIDEND,2020-06-30 18:30:00,2020-07-08 18:30:00,4681
DIAL.N0000,DIALOG AXIATA PLC,CASH DIVIDEND,2020-06-30 18:30:00,2020-07-08 18:30:00,4988
,CEYLINCO INSURANCE PLC,CASH DIVIDEND,2020-06-30 18:30:00,2020-07-07 18:30:00,4935
SPEN.N0000,AITKEN SPENCE PLC,CASH DIVIDEND,2020-06-30 18:30:00,2020-07-08 18:30:00,4598
SLTL.N0000,SRI LANKA TELECOM PLC,CASH DIVIDEND,2020-07-15 18:30:00,2020-08-05 18:30:00,5141
SDB.N0000,SANASA DEVELOPMENT BANK PLC,CASH DIVIDEND,2020-07-15 18:30:00,2020-07-23 18:30:00,4974
SDB.N0000,SANASA DEVELOPMENT BANK PLC,SCRIP DIVIDEND (DATES),2020-07-15 18:30:00,,4975
,NESTLE LANKA PLC,CASH DIVIDEND,2020-07-21 18:30:00,2020-07-29 18:30:00,4964
PAP.N0000,PANASIAN POWER PLC,CASH DIVIDEND,2020-07-29 18:30:00,2020-08-10 18:30:00,5629
CIND.N0000,CENTRAL INDUSTRIES PLC,CASH DIVIDEND,2020-08-03 18:30:00,2020-08-23 18:30:00,5116
KCAB.N0000,KELANI CABLES PLC,CASH DIVIDEND,2020-08-03 18:30:00,2020-08-23 18:30:00,5662
HARI.N0000,HARISCHANDRA MILLS PLC,CASH DIVIDEND,2020-08-05 18:30:00,2020-08-23 18:30:00,5690
,CHEVRON LUBRICANTS LANKA PLC,CASH DIVIDEND,2020-08-05 18:30:00,2020-08-16 18:30:00,5716
HAYL.N0000,HAYLEYS PLC,CASH DIVIDEND,2020-08-09 18:30:00,2020-08-16 18:30:00,5738
JKH.N0000,JOHN KEELLS HOLDINGS PLC,CASH DIVIDEND,2020-08-09 18:30:00,2020-08-27 18:30:00,5739
APLA.N0000,ACL PLASTICS PLC,CASH DIVIDEND,2020-08-09 18:30:00,2020-08-27 18:30:00,5740
,PIRAMAL GLASS CEYLON  PLC,CASH DIVIDEND,2020-08-11 18:30:00,2020-08-19 18:30:00,4878
ONAL.N0000,ON'ALLY HOLDINGS PLC,CASH DIVIDEND,2020-08-12 18:30:00,2020-08-23 18:30:00,5837
HAYC.N0000,HAYCARB PLC,CASH DIVIDEND,2020-08-12 18:30:00,2020-08-26 18:30:00,5817
DIPD.N0000,DIPPED PRODUCTS PLC,CASH DIVIDEND,2020-08-12 18:30:00,2020-08-20 18:30:00,5818
,TALAWAKELLE TEA ESTATES  PLC,CASH DIVIDEND,2020-08-17 18:30:00,2020-08-30 18:30:00,5877
VPEL.N0000,VALLIBEL POWER ERATHNA PLC,CASH DIVIDEND,2020-08-20 18:30:00,2020-09-01 18:30:00,5927
AEL.N0000,ACCESS ENGINEERING PLC,CASH DIVIDEND,2020-08-20 18:30:00,2020-09-01 18:30:00,5936
CCS.N0000,CEYLON COLD STORES PLC,CASH DIVIDEND,2020-08-23 18:30:00,2020-09-13 18:30:00,5967
,ASIA SIYAKA COMMODITIES PLC,CASH DIVIDEND,2020-08-23 18:30:00,2020-09-02 18:30:00,5979
UCAR.N0000,UNION CHEMICALS LANKA PLC,CASH DIVIDEND,2020-08-24 18:30:00,2020-09-02 18:30:00,5392
CTC.N0000,CEYLON TOBACCO COMPANY PLC,CASH DIVIDEND,2020-08-24 18:30:00,2020-09-03 18:30:00,6002
CTBL.N0000,CEYLON TEA BROKERS PLC,CASH DIVIDEND,2020-08-24 18:30:00,2020-09-03 18:30:00,6029
BRR.N0000,BANSEI ROYAL RESORTS HIKKADUWA PLC,CASH DIVIDEND,2020-08-25 18:30:00,2020-09-02 18:30:00,5669
SIL.N0000,SAMSON INTERNATIONAL PLC,CASH DIVIDEND,2020-08-26 18:30:00,2020-09-08 18:30:00,6058
CARG.N0000,CARGILLS (CEYLON) PLC,CASH DIVIDEND,2020-08-27 18:30:00,2020-09-17 18:30:00,5811
,CIC HOLDINGS PLC,CASH DIVIDEND,2020-08-27 18:30:00,2020-09-08 18:30:00,6069
,CEYLON HOSPITALS PLC (DURDANS),CASH DIVIDEND,2020-08-27 18:30:00,2020-09-16 18:30:00,5642
ACL.N0000,ACL CABLES PLC,CASH DIVIDEND,2020-09-02 18:30:00,2020-09-22 18:30:00,6126
,SWADESHI INDUSTRIAL WORKS PLC,CASH DIVIDEND,2020-09-06 18:30:00,2020-09-14 18:30:00,5679
ETWO.N0000,EQUITY TWO PLC,CASH DIVIDEND,2020-09-06 18:30:00,2020-09-24 18:30:00,5628
,LION BREWERY CEYLON PLC,CASH DIVIDEND,2020-09-08 18:30:00,2020-09-28 18:30:00,5649
SIRA.N0000,SIERRA CABLES PLC,CASH DIVIDEND,2020-09-10 18:30:00,2020-10-01 18:30:00,6278
SINS.N0000,SINGER (SRI LANKA) PLC,CASH DIVIDEND,2020-09-14 18:30:00,2020-09-24 18:30:00,6331
GUAR.N0000,CEYLON GUARDIAN INVESTMENT TRUST PLC,CASH DIVIDEND,2020-09-14 18:30:00,2020-10-05 18:30:00,5905
CINV.N0000,CEYLON INVESTMENT PLC,CASH DIVIDEND,2020-09-14 18:30:00,2020-10-05 18:30:00,5907
,CONVENIENCE  FOODS (LANKA )PLC,CASH DIVIDEND,2020-09-15 18:30:00,2020-09-23 18:30:00,5971
ABL.N0000,AMANA BANK PLC,SCRIP DIVIDEND (DATES),2020-09-17 18:30:00,,6035
ELPL.N0000,ELPITIYA PLANTATIONS PLC,CASH DIVIDEND,2020-09-20 18:30:00,2020-10-11 18:30:00,6104
,AITKEN SPENCE PLANTATION MANAGEMENTS PLC,CASH DIVIDEND,2020-09-20 18:30:00,2020-10-08 18:30:00,6065
ASIR.N0000,ASIRI HOSPITAL HOLDINGS PLC,CASH DIVIDEND,2020-09-21 18:30:00,2020-10-11 18:30:00,6411
,ASIRI  SURGICAL HOSPITAL PLC,CASH DIVIDEND,2020-09-21 18:30:00,2020-10-11 18:30:00,6412
ABAN.N0000,ABANS ELECTRICALS PLC,CASH DIVIDEND,2020-09-23 18:30:00,2020-10-14 18:30:00,6229
ASHO.N0000,LANKA ASHOK LEYLAND PLC,CASH DIVIDEND,2020-09-27 18:30:00,2020-10-18 18:30:00,6011
RAL.N0000,RENUKA AGRI FOODS PLC,CASH DIVIDEND,2020-09-28 18:30:00,2020-10-19 18:30:00,5933
COCO.N0000,RENUKA FOODS PLC,CASH DIVIDEND,2020-09-28 18:30:00,2020-10-19 18:30:00,6124
RHL.N0000,RENUKA HOLDINGS PLC,CASH DIVIDEND,2020-09-28 18:30:00,2020-10-19 18:30:00,6179
,RENUKA CAPITAL PLC,CASH DIVIDEND,2020-09-28 18:30:00,2020-10-19 18:30:00,5934
RHL.X0000,RENUKA HOLDINGS PLC,CASH DIVIDEND,2020-09-28 18:30:00,2020-10-19 18:30:00,6179
COCO.X0000,RENUKA FOODS PLC,CASH DIVIDEND,2020-09-28 18:30:00,2020-10-19 18:30:00,6124
LMF.N0000,LANKA MILK FOODS (CWE) PLC,CASH DIVIDEND,2020-10-01 18:30:00,2020-10-11 18:30:00,6212
RWSL.N0000,RAIGAM WAYAMBA SALTERNS PLC,CASH DIVIDEND,2020-10-01 18:30:00,2020-10-11 18:30:00,6094
CHMX.N0000,CHEMANEX PLC,CASH DIVIDEND,2020-10-01 18:30:00,2020-10-11 18:30:00,6112
RICH.N0000,RICHARD PIERIS AND COMPANY PLC,CASH DIVIDEND,2020-10-06 18:30:00,2020-10-22 18:30:00,6570
DIPD.N0000,DIPPED PRODUCTS PLC,CASH DIVIDEND,2020-10-08 18:30:00,2020-10-19 18:30:00,6636
MGT.N0000,HAYLEYS FABRIC PLC,CASH DIVIDEND,2020-10-08 18:30:00,2020-10-20 18:30:00,6637
SHAW.N0000,LEE HEDGES PLC,CASH DIVIDEND,2020-10-08 18:30:00,2020-10-28 18:30:00,6317
,TALAWAKELLE TEA ESTATES  PLC,CASH DIVIDEND,2020-10-11 18:30:00,2020-10-21 18:30:00,6653
HAYC.N0000,HAYCARB PLC,CASH DIVIDEND,2020-10-11 18:30:00,2020-10-20 18:30:00,6655
RCL.N0000,ROYAL CERAMICS LANKA PLC,CASH DIVIDEND,2020-10-15 18:30:00,2020-11-04 18:30:00,6747
PARQ.N0000,SWISSTEK (CEYLON) PLC,CASH DIVIDEND,2020-10-15 18:30:00,2020-10-26 18:30:00,6771
TKYO.X0000,TOKYO CEMENT COMPANY (LANKA) PLC,CASH DIVIDEND,2020-10-22 18:30:00,2020-11-02 18:30:00,6474
TKYO.N0000,TOKYO CEMENT COMPANY (LANKA) PLC,CASH DIVIDEND,2020-10-22 18:30:00,2020-11-02 18:30:00,6474
CTLD.N0000,C T LAND DEVELOPMENT PLC,CASH DIVIDEND,2020-10-25 18:30:00,2020-11-03 18:30:00,6699
MCPL.N0000,MAHAWELI COCONUT PLANTATIONS PLC,CASH DIVIDEND,2020-10-28 18:30:00,2020-11-15 18:30:00,6268
LALU.N0000,LANKA ALUMINIUM INDUSTRIES PLC,CASH DIVIDEND,2020-11-01 18:30:00,2020-11-18 18:30:00,6707
CTHR.N0000,C T HOLDINGS PLC,CASH DIVIDEND,2020-11-01 18:30:00,2020-11-19 18:30:00,6741
LIOC.N0000,LANKA IOC PLC,CASH DIVIDEND,2020-11-03 18:30:00,2020-11-22 18:30:00,6475
HPWR.N0000,RESUS ENERGY PLC,CASH DIVIDEND,2020-11-03 18:30:00,2020-11-23 18:30:00,6961
HPWR.N0000,RESUS ENERGY PLC,SCRIP DIVIDEND (DATES),2020-11-03 18:30:00,,6990
,CHEVRON LUBRICANTS LANKA PLC,CASH DIVIDEND,2020-11-09 18:30:00,2020-11-18 18:30:00,7001
,LAXAPANA BATTERIES PLC,CASH DIVIDEND,2020-11-11 18:30:00,2020-12-01 18:30:00,6715
JKH.N0000,JOHN KEELLS HOLDINGS PLC,CASH DIVIDEND,2020-11-15 18:30:00,2020-12-06 18:30:00,7113
HARI.N0000,HARISCHANDRA MILLS PLC,CASH DIVIDEND,2020-11-15 18:30:00,2020-12-02 18:30:00,6796
VPEL.N0000,VALLIBEL POWER ERATHNA PLC,CASH DIVIDEND,2020-11-16 18:30:00,2020-11-25 18:30:00,7137
LALU.N0000,LANKA ALUMINIUM INDUSTRIES PLC,CASH DIVIDEND,2020-11-17 18:30:00,2020-12-06 18:30:00,7187
PHAR.N0000,COLOMBO CITY HOLDINGS PLC,CASH DIVIDEND,2020-11-18 18:30:00,2020-12-08 18:30:00,7178
CTC.N0000,CEYLON TOBACCO COMPANY PLC,CASH DIVIDEND,2020-11-18 18:30:00,2020-12-08 18:30:00,7185
TILE.N0000,LANKA TILES PLC,CASH DIVIDEND,2020-11-18 18:30:00,2020-12-07 18:30:00,7189
,LANKA WALLTILES PLC,CASH DIVIDEND,2020-11-18 18:30:00,2020-12-08 18:30:00,7190
LVEN.N0000,LANKA VENTURES PLC,CASH DIVIDEND,2020-11-19 18:30:00,2020-12-09 18:30:00,6760
CTEA.N0000,DILMAH CEYLON TEA COMPANY PLC,CASH DIVIDEND,2020-11-19 18:30:00,2020-11-29 18:30:00,6869
,LVL ENERGY FUND PLC,CASH DIVIDEND,2020-11-19 18:30:00,2020-12-09 18:30:00,6762
UCAR.N0000,UNION CHEMICALS LANKA PLC,CASH DIVIDEND,2020-11-22 18:30:00,2020-12-10 18:30:00,7214
,WATAWALA PLANTATIONS PLC,CASH DIVIDEND,2020-11-22 18:30:00,2020-12-09 18:30:00,7216
HHL.N0000,HEMAS HOLDINGS PLC,CASH DIVIDEND,2020-11-22 18:30:00,2020-12-10 18:30:00,7220
GRAN.N0000,CEYLON GRAIN ELEVATORS PLC,CASH DIVIDEND,2020-11-23 18:30:00,2020-12-02 18:30:00,7223
TAFL.N0000,THREE ACRE FARMS PLC,CASH DIVIDEND,2020-11-23 18:30:00,2020-12-02 18:30:00,7224
,ASIA SIYAKA COMMODITIES PLC,CASH DIVIDEND,2020-11-24 18:30:00,2020-12-14 18:30:00,7252
COMD.N0000,COMMERCIAL DEVELOPMENT COMPANY PLC,CASH DIVIDEND,2020-11-25 18:30:00,2020-12-15 18:30:00,7257
,EXPOLANKA HOLDINGS PLC,CASH DIVIDEND,2020-11-26 18:30:00,2020-12-16 18:30:00,7264
SLND.N0000,SERENDIB LAND PLC,CASH DIVIDEND,2020-11-26 18:30:00,2020-12-16 18:30:00,6830
DIST.N0000,DISTILLERIES COMPANY OF SRI LANKA PLC,CASH DIVIDEND,2020-11-30 18:30:00,2020-12-20 18:30:00,7289
TYRE.N0000,KELANI TYRES PLC,CASH DIVIDEND,2020-12-02 18:30:00,2020-12-22 18:30:00,7351
MELS.N0000,MELSTACORP PLC,CASH DIVIDEND,2020-12-03 18:30:00,2020-12-23 18:30:00,7356
MGT.N0000,HAYLEYS FABRIC PLC,CASH DIVIDEND,2020-12-06 18:30:00,2020-12-20 18:30:00,7390
SINS.N0000,SINGER (SRI LANKA) PLC,CASH DIVIDEND,2020-12-07 18:30:00,2020-12-17 18:30:00,7412
HEXP.N0000,HAYLEYS FIBRE PLC,CASH DIVIDEND,2020-12-07 18:30:00,2020-12-17 18:30:00,7413
DIPD.N0000,DIPPED PRODUCTS PLC,CASH DIVIDEND,2020-12-07 18:30:00,2020-12-20 18:30:00,7411
HAYC.N0000,HAYCARB PLC,CASH DIVIDEND,2020-12-07 18:30:00,2020-12-22 18:30:00,7415
BREW.N0000,CEYLON BEVERAGE HOLDINGS PLC,CASH DIVIDEND,2020-12-07 18:30:00,2020-12-29 18:30:00,7420
,TALAWAKELLE TEA ESTATES  PLC,CASH DIVIDEND,2020-12-08 18:30:00,2020-12-22 18:30:00,7448
KVAL.N0000,KELANI VALLEY PLANTATIONS PLC,CASH DIVIDEND,2020-12-08 18:30:00,2020-12-22 18:30:00,7458
ALUM.N0000,ALUMEX PLC,CASH DIVIDEND,2020-12-08 18:30:00,2020-12-22 18:30:00,7457
PLC.N0000,PEOPLE'S LEASING & FINANCE PLC,SCRIP DIVIDEND (DATES),2020-12-14 18:30:00,,7595
CARG.N0000,CARGILLS (CEYLON) PLC,CASH DIVIDEND,2020-12-14 18:30:00,2021-01-05 18:30:00,7522
CTHR.N0000,C T HOLDINGS PLC,CASH DIVIDEND,2020-12-15 18:30:00,2021-01-06 18:30:00,7554
,LAXAPANA BATTERIES PLC,CASH DIVIDEND,2020-12-20 18:30:00,2021-01-12 18:30:00,7188
SLND.N0000,SERENDIB LAND PLC,CASH DIVIDEND,2020-12-20 18:30:00,2021-01-11 18:30:00,7338
CARS.N0000,CARSON CUMBERBATCH PLC,CASH DIVIDEND,2020-12-20 18:30:00,2021-01-11 18:30:00,7617
RIL.N0000,R I L PROPERTY PLC,CASH DIVIDEND,2020-12-21 18:30:00,2021-01-12 18:30:00,7631
AUTO.N0000,THE AUTODROME PLC,CASH DIVIDEND,2020-12-23 18:30:00,2021-01-18 18:30:00,7676
EBCR.N0000,E B CREASY & COMPANY PLC,CASH DIVIDEND,2020-12-30 18:30:00,2021-01-21 18:30:00,7545
VLL.N0000,VIDULLANKA PLC,CASH DIVIDEND,2021-01-03 18:30:00,2021-01-24 18:30:00,7775
VLL.X0000,VIDULLANKA PLC,CASH DIVIDEND,2021-01-03 18:30:00,2021-01-24 18:30:00,7775
UML.N0000,UNITED MOTORS LANKA PLC,CASH DIVIDEND,2021-01-04 18:30:00,2021-01-21 18:30:00,7790
BUKI.N0000,BUKIT DARAH PLC,CASH DIVIDEND,2021-01-06 18:30:00,2021-01-28 18:30:00,7839
CTC.N0000,CEYLON TOBACCO COMPANY PLC,CASH DIVIDEND,2021-01-11 18:30:00,2021-01-21 18:30:00,7914
DIMO.N0000,DIESEL & MOTOR ENGINEERING PLC,CASH DIVIDEND,2021-01-17 18:30:00,2021-01-28 18:30:00,8020
,LAKE HOUSE PRINTERS AND PUBLISHERS PLC,CASH DIVIDEND,2021-01-18 18:30:00,2021-01-28 18:30:00,7858
,L B FINANCE PLC,CASH DIVIDEND,2021-02-01 18:30:00,2021-02-22 18:30:00,8189
JKH.N0000,JOHN KEELLS HOLDINGS PLC,CASH DIVIDEND,2021-02-08 18:30:00,2021-03-01 18:30:00,8280
HPL.N0000,HATTON PLANTATIONS PLC,CASH DIVIDEND,2021-02-08 18:30:00,2021-03-01 18:30:00,8283
BPPL.N0000,B P P L HOLDINGS PLC,CASH DIVIDEND,2021-02-09 18:30:00,2021-02-17 18:30:00,8290
CERA.N0000,LANKA CERAMIC PLC,CASH DIVIDEND,2021-02-10 18:30:00,2021-03-03 18:30:00,8359
KFP.N0000,KEELLS FOOD PRODUCTS PLC,CASH DIVIDEND,2021-02-11 18:30:00,2021-03-04 18:30:00,8388
CCS.N0000,CEYLON COLD STORES PLC,CASH DIVIDEND,2021-02-14 18:30:00,2021-03-07 18:30:00,8427
TAFL.N0000,THREE ACRE FARMS PLC,CASH DIVIDEND,2021-02-15 18:30:00,2021-02-24 18:30:00,8442
GRAN.N0000,CEYLON GRAIN ELEVATORS PLC,CASH DIVIDEND,2021-02-15 18:30:00,2021-02-24 18:30:00,8443
PAP.N0000,PANASIAN POWER PLC,CASH DIVIDEND,2021-02-15 18:30:00,2021-03-08 18:30:00,8453
VPEL.N0000,VALLIBEL POWER ERATHNA PLC,CASH DIVIDEND,2021-02-15 18:30:00,2021-02-24 18:30:00,8458
SUN.N0000,SUNSHINE HOLDINGS PLC,CASH DIVIDEND,2021-02-15 18:30:00,2021-03-08 18:30:00,8436
,PRINTCARE  PLC,CASH DIVIDEND,2021-02-16 18:30:00,2021-03-09 18:30:00,8472
TILE.N0000,LANKA TILES PLC,CASH DIVIDEND,2021-02-22 18:30:00,2021-03-16 18:30:00,8544
PARQ.N0000,SWISSTEK (CEYLON) PLC,CASH DIVIDEND,2021-02-22 18:30:00,2021-03-16 18:30:00,8543
RCL.N0000,ROYAL CERAMICS LANKA PLC,CASH DIVIDEND,2021-02-22 18:30:00,2021-03-16 18:30:00,8541
TJL.N0000,TEEJAY LANKA PLC,CASH DIVIDEND,2021-02-22 18:30:00,2021-03-16 18:30:00,8536
,LANKA WALLTILES PLC,CASH DIVIDEND,2021-02-22 18:30:00,2021-03-16 18:30:00,8545
DFCC.N0000,DFCC BANK PLC,SCRIP DIVIDEND (DATES),2021-02-28 18:30:00,,8670
,NESTLE LANKA PLC,CASH DIVIDEND,2021-03-01 18:30:00,2021-03-22 18:30:00,8648
NDB.N0000,NATIONAL DEVELOPMENT BANK PLC,CASH DIVIDEND,2021-03-01 18:30:00,2021-03-22 18:30:00,8653
VONE.N0000,VALLIBEL ONE PLC,CASH DIVIDEND,2021-03-03 18:30:00,2021-03-21 18:30:00,8693
VONE.N0000,VALLIBEL ONE PLC,SCRIP DIVIDEND (DATES),2021-03-03 18:30:00,,8812
NTB.N0000,NATIONS TRUST BANK PLC,CASH DIVIDEND,2021-03-08 18:30:00,2021-03-29 18:30:00,8759
,CHEVRON LUBRICANTS LANKA PLC,CASH DIVIDEND,2021-03-08 18:30:00,2021-03-18 18:30:00,8752
NTB.X0000,NATIONS TRUST BANK PLC,CASH DIVIDEND,2021-03-08 18:30:00,2021-03-29 18:30:00,8759
KVAL.N0000,KELANI VALLEY PLANTATIONS PLC,CASH DIVIDEND,2021-03-16 18:30:00,2021-03-25 18:30:00,8856
HAYC.N0000,HAYCARB PLC,CASH DIVIDEND,2021-03-16 18:30:00,2021-03-23 18:30:00,8854
HEXP.N0000,HAYLEYS FIBRE PLC,CASH DIVIDEND,2021-03-16 18:30:00,2021-03-24 18:30:00,8852
MGT.N0000,HAYLEYS FABRIC PLC,CASH DIVIDEND,2021-03-16 18:30:00,2021-03-23 18:30:00,8855
DIPD.N0000,DIPPED PRODUCTS PLC,CASH DIVIDEND,2021-03-16 18:30:00,2021-03-24 18:30:00,8851
,CIC HOLDINGS PLC,CASH DIVIDEND,2021-03-18 18:30:00,2021-04-08 18:30:00,8900
HPFL.N0000,LOTUS HYDRO POWER PLC,CASH DIVIDEND,2021-03-18 18:30:00,2021-04-08 18:30:00,8901
,ASIA SIYAKA COMMODITIES PLC,CASH DIVIDEND,2021-03-22 18:30:00,2021-04-14 18:30:00,8939
COLO.N0000,C M HOLDINGS PLC,CASH DIVIDEND,2021-03-22 18:30:00,2021-03-29 18:30:00,8946
ALUM.N0000,ALUMEX PLC,CASH DIVIDEND,2021-03-22 18:30:00,2021-03-25 18:30:00,8956
SINS.N0000,SINGER (SRI LANKA) PLC,CASH DIVIDEND,2021-03-22 18:30:00,2021-03-25 18:30:00,8960
AAIC.N0000,SOFTLOGIC LIFE INSURANCE PLC,CASH DIVIDEND,2021-03-23 18:30:00,2021-04-04 18:30:00,8965
TSML.N0000,TEA SMALLHOLDER FACTORIES PLC,CASH DIVIDEND,2021-03-23 18:30:00,2021-04-15 18:30:00,8977
JKL.N0000,JOHN KEELLS PLC,CASH DIVIDEND,2021-03-24 18:30:00,2021-04-18 18:30:00,8984
ASIR.N0000,ASIRI HOSPITAL HOLDINGS PLC,CASH DIVIDEND,2021-03-25 18:30:00,2021-04-15 18:30:00,8997
,ASIRI  SURGICAL HOSPITAL PLC,CASH DIVIDEND,2021-03-25 18:30:00,2021-04-15 18:30:00,8998
ETWO.N0000,EQUITY TWO PLC,CASH DIVIDEND,2021-03-25 18:30:00,2021-04-19 18:30:00,9007
SLND.N0000,SERENDIB LAND PLC,SCRIP DIVIDEND (DATES),2021-03-30 18:30:00,,8967
LHCL.N0000,THE LANKA HOSPITALS CORPORATION PLC,CASH DIVIDEND,2021-03-30 18:30:00,2021-04-22 18:30:00,9045
HNB.N0000,HATTON NATIONAL BANK PLC,CASH DIVIDEND,2021-03-30 18:30:00,2021-04-11 18:30:00,8666
HNB.X0000,HATTON NATIONAL BANK PLC,CASH DIVIDEND,2021-03-30 18:30:00,2021-04-11 18:30:00,8666
SAMP.N0000,SAMPATH BANK PLC,CASH DIVIDEND,2021-03-30 18:30:00,2021-04-22 18:30:00,8596
SEYB.X0000,SEYLAN BANK PLC,SCRIP DIVIDEND (DATES),2021-03-30 18:30:00,,8770
SEYB.N0000,SEYLAN BANK PLC,SCRIP DIVIDEND (DATES),2021-03-30 18:30:00,,8770
COMB.X0000,COMMERCIAL BANK OF CEYLON PLC,CASH DIVIDEND,2021-03-30 18:30:00,2021-04-22 18:30:00,8746
COMB.N0000,COMMERCIAL BANK OF CEYLON PLC,CASH DIVIDEND,2021-03-30 18:30:00,2021-04-22 18:30:00,8746
CSD.N0000,SEYLAN DEVELOPMENTS PLC,CASH DIVIDEND,2021-03-30 18:30:00,2021-04-22 18:30:00,8721
COMB.X0000,COMMERCIAL BANK OF CEYLON PLC,SCRIP DIVIDEND (DATES),2021-03-30 18:30:00,,8866
COMB.N0000,COMMERCIAL BANK OF CEYLON PLC,SCRIP DIVIDEND (DATES),2021-03-30 18:30:00,,8866
HASU.N0000,HNB ASSURANCE PLC,CASH DIVIDEND,2021-03-31 18:30:00,2021-04-26 18:30:00,8662
COMD.N0000,COMMERCIAL DEVELOPMENT COMPANY PLC,CASH DIVIDEND,2021-03-31 18:30:00,2021-04-26 18:30:00,8717
REXP.N0000,RICHARD PIERIS EXPORTS PLC,CASH DIVIDEND,2021-04-04 18:30:00,2021-04-26 18:30:00,9082
NAMU.N0000,NAMUNUKULA PLANTATIONS PLC,CASH DIVIDEND,2021-04-05 18:30:00,2021-04-27 18:30:00,9111
,KEGALLE PLANTATIONS PLC,CASH DIVIDEND,2021-04-05 18:30:00,2021-04-27 18:30:00,9112
CFVF.N0000,FIRST CAPITAL HOLDINGS PLC,CASH DIVIDEND,2021-04-06 18:30:00,2021-04-29 18:30:00,9134
,REGNIS(LANKA) PLC,CASH DIVIDEND,2021-04-06 18:30:00,2021-04-15 18:30:00,9135
MCPL.N0000,MAHAWELI COCONUT PLANTATIONS PLC,CASH DIVIDEND,2021-04-07 18:30:00,2021-04-29 18:30:00,9147
RICH.N0000,RICHARD PIERIS AND COMPANY PLC,CASH DIVIDEND,2021-04-07 18:30:00,2021-04-29 18:30:00,9154
HAYL.N0000,HAYLEYS PLC,CASH DIVIDEND,2021-04-07 18:30:00,2021-04-19 18:30:00,9155
UAL.N0000,UNION ASSURANCE PLC,CASH DIVIDEND,2021-04-08 18:30:00,2021-05-03 18:30:00,9185
UBC.N0000,UNION BANK OF COLOMBO PLC,CASH DIVIDEND,2021-04-11 18:30:00,2021-05-04 18:30:00,9221
,LAXAPANA BATTERIES PLC,CASH DIVIDEND,2021-04-14 18:30:00,2021-05-05 18:30:00,9248
BFL.N0000,BAIRAHA FARMS PLC,CASH DIVIDEND,2021-04-14 18:30:00,2021-04-26 18:30:00,9257
TAFL.N0000,THREE ACRE FARMS PLC,CASH DIVIDEND,2021-04-20 18:30:00,2021-05-03 18:30:00,9343
GRAN.N0000,CEYLON GRAIN ELEVATORS PLC,CASH DIVIDEND,2021-04-20 18:30:00,2021-05-03 18:30:00,9344
SLTL.N0000,SRI LANKA TELECOM PLC,CASH DIVIDEND,2021-04-25 18:30:00,2021-05-16 18:30:00,8959
SLTL.N0000,SRI LANKA TELECOM PLC,CASH DIVIDEND,2021-04-26 18:30:00,,8999
,CEYLINCO INSURANCE PLC,CASH DIVIDEND,2021-05-05 18:30:00,2021-05-17 18:30:00,9490
HARI.N0000,HARISCHANDRA MILLS PLC,CASH DIVIDEND,2021-05-11 18:30:00,2021-05-31 18:30:00,9535
VLL.X0000,VIDULLANKA PLC,CASH DIVIDEND,2021-05-20 18:30:00,2021-06-13 18:30:00,9598
VLL.N0000,VIDULLANKA PLC,CASH DIVIDEND,2021-05-20 18:30:00,2021-06-13 18:30:00,9598
,CHEVRON LUBRICANTS LANKA PLC,CASH DIVIDEND,2021-05-23 18:30:00,2021-06-03 18:30:00,9620
CTC.N0000,CEYLON TOBACCO COMPANY PLC,CASH DIVIDEND,2021-05-27 18:30:00,2021-06-16 18:30:00,8617
CTC.N0000,CEYLON TOBACCO COMPANY PLC,CASH DIVIDEND,2021-05-27 18:30:00,2021-06-09 18:30:00,9635
,CEYLON HOSPITALS PLC (DURDANS),CASH DIVIDEND,2021-05-27 18:30:00,2021-06-13 18:30:00,9652
SINS.N0000,SINGER (SRI LANKA) PLC,CASH DIVIDEND,2021-05-27 18:30:00,2021-06-07 18:30:00,9653
KFP.N0000,KEELLS FOOD PRODUCTS PLC,CASH DIVIDEND,2021-05-30 18:30:00,2021-06-17 18:30:00,9661
SDB.N0000,SANASA DEVELOPMENT BANK PLC,CASH DIVIDEND,2021-05-30 18:30:00,2021-06-17 18:30:00,9539
CCS.N0000,CEYLON COLD STORES PLC,CASH DIVIDEND,2021-05-30 18:30:00,2021-06-17 18:30:00,9662
AEL.N0000,ACCESS ENGINEERING PLC,CASH DIVIDEND,2021-05-31 18:30:00,2021-06-20 18:30:00,9675
JKL.N0000,JOHN KEELLS PLC,CASH DIVIDEND,2021-06-02 18:30:00,2021-06-22 18:30:00,9708
JKH.N0000,JOHN KEELLS HOLDINGS PLC,CASH DIVIDEND,2021-06-03 18:30:00,2021-06-24 18:30:00,9756
SIL.N0000,SAMSON INTERNATIONAL PLC,CASH DIVIDEND,2021-06-07 18:30:00,2021-06-16 18:30:00,9795
PARQ.N0000,SWISSTEK (CEYLON) PLC,CASH DIVIDEND,2021-06-07 18:30:00,2021-06-24 18:30:00,9794
,LANKA WALLTILES PLC,CASH DIVIDEND,2021-06-07 18:30:00,2021-06-28 18:30:00,9793
TILE.N0000,LANKA TILES PLC,CASH DIVIDEND,2021-06-07 18:30:00,2021-06-27 18:30:00,9792
DIMO.N0000,DIESEL & MOTOR ENGINEERING PLC,CASH DIVIDEND,2021-06-08 18:30:00,2021-06-28 18:30:00,9802
RCL.N0000,ROYAL CERAMICS LANKA PLC,CASH DIVIDEND,2021-06-08 18:30:00,2021-06-29 18:30:00,9819
VONE.N0000,VALLIBEL ONE PLC,CASH DIVIDEND,2021-06-09 18:30:00,2021-06-29 18:30:00,9840
,PROPERTY DEVELOPMENT PLC,CASH DIVIDEND,2021-06-09 18:30:00,2021-06-30 18:30:00,9515
,NESTLE LANKA PLC,CASH DIVIDEND,2021-06-10 18:30:00,2021-07-01 18:30:00,8649
UCAR.N0000,UNION CHEMICALS LANKA PLC,CASH DIVIDEND,2021-06-10 18:30:00,2021-07-01 18:30:00,9487
VFIN.N0000,VALLIBEL FINANCE PLC,CASH DIVIDEND,2021-06-13 18:30:00,2021-07-01 18:30:00,9906
,WINDFORCE LIMITED,CASH DIVIDEND,2021-06-13 18:30:00,2021-07-04 18:30:00,9928
CTBL.N0000,CEYLON TEA BROKERS PLC,CASH DIVIDEND,2021-06-20 18:30:00,2021-07-11 18:30:00,10052
,SINGER FINANCE (LANKA) PLC,CASH DIVIDEND,2021-06-20 18:30:00,2021-07-01 18:30:00,10049
DIST.N0000,DISTILLERIES COMPANY OF SRI LANKA PLC,CASH DIVIDEND,2021-06-21 18:30:00,2021-07-04 18:30:00,10063
MELS.N0000,MELSTACORP PLC,CASH DIVIDEND,2021-06-22 18:30:00,2021-07-05 18:30:00,10092
DIAL.N0000,DIALOG AXIATA PLC,CASH DIVIDEND,2021-06-24 18:30:00,2021-07-14 18:30:00,9724
SUN.N0000,SUNSHINE HOLDINGS PLC,CASH DIVIDEND,2021-06-27 18:30:00,2021-07-14 18:30:00,9776
,TALAWAKELLE TEA ESTATES  PLC,CASH DIVIDEND,2021-06-27 18:30:00,2021-07-12 18:30:00,9631
HAYC.N0000,HAYCARB PLC,CASH DIVIDEND,2021-06-27 18:30:00,2021-07-11 18:30:00,9665
KVAL.N0000,KELANI VALLEY PLANTATIONS PLC,CASH DIVIDEND,2021-06-27 18:30:00,2021-07-12 18:30:00,9621
,WATAWALA PLANTATIONS PLC,CASH DIVIDEND,2021-06-27 18:30:00,2021-07-14 18:30:00,9760
MGT.N0000,HAYLEYS FABRIC PLC,CASH DIVIDEND,2021-06-28 18:30:00,2021-07-08 18:30:00,9612
PINS.N0000,PEOPLE'S INSURANCE PLC,CASH DIVIDEND,2021-06-28 18:30:00,2021-07-18 18:30:00,9823
CARG.N0000,CARGILLS (CEYLON) PLC,CASH DIVIDEND,2021-06-29 18:30:00,2021-07-18 18:30:00,9924
HEXP.N0000,HAYLEYS FIBRE PLC,CASH DIVIDEND,2021-06-29 18:30:00,2021-07-13 18:30:00,9628
ALUM.N0000,ALUMEX PLC,CASH DIVIDEND,2021-06-29 18:30:00,2021-07-07 18:30:00,9585
DIPD.N0000,DIPPED PRODUCTS PLC,CASH DIVIDEND,2021-06-29 18:30:00,2021-07-08 18:30:00,9664
CERA.N0000,LANKA CERAMIC PLC,CASH DIVIDEND,2021-06-30 18:30:00,2021-07-19 18:30:00,9989
,CIC HOLDINGS PLC,CASH DIVIDEND,2021-06-30 18:30:00,2021-07-21 18:30:00,9728
HHL.N0000,HEMAS HOLDINGS PLC,CASH DIVIDEND,2021-06-30 18:30:00,2021-07-21 18:30:00,9705
,L B FINANCE PLC,CASH DIVIDEND,2021-06-30 18:30:00,2021-07-21 18:30:00,9869
SPEN.N0000,AITKEN SPENCE PLC,CASH DIVIDEND,2021-06-30 18:30:00,2021-07-21 18:30:00,9731
CFIN.N0000,CENTRAL FINANCE COMPANY PLC,CASH DIVIDEND,2021-06-30 18:30:00,2021-07-08 18:30:00,9766
AGST.N0000,AGSTAR PLC,CASH DIVIDEND,2021-06-30 18:30:00,2021-07-18 18:30:00,9294
AGST.X0000,AGSTAR PLC,CASH DIVIDEND,2021-06-30 18:30:00,2021-07-18 18:30:00,9294
CHMX.N0000,CHEMANEX PLC,CASH DIVIDEND,2021-06-30 18:30:00,2021-07-21 18:30:00,9700
,EXPOLANKA HOLDINGS PLC,CASH DIVIDEND,2021-06-30 18:30:00,2021-07-21 18:30:00,10171
TKYO.X0000,TOKYO CEMENT COMPANY (LANKA) PLC,CASH DIVIDEND,2021-07-01 18:30:00,2021-06-21 18:30:00,10177
TKYO.N0000,TOKYO CEMENT COMPANY (LANKA) PLC,CASH DIVIDEND,2021-07-01 18:30:00,2021-06-21 18:30:00,10177
CTHR.N0000,C T HOLDINGS PLC,CASH DIVIDEND,2021-07-01 18:30:00,2021-07-21 18:30:00,10034
ALLI.N0000,ALLIANCE FINANCE COMPANY PLC,CASH DIVIDEND,2021-07-04 18:30:00,2021-07-22 18:30:00,10037
JINS.N0000,JANASHAKTHI INSURANCE PLC,CASH DIVIDEND,2021-07-05 18:30:00,2021-07-27 18:30:00,10041
,LION BREWERY CEYLON PLC,CASH DIVIDEND,2021-07-06 18:30:00,2021-07-28 18:30:00,10265
,PRINTCARE  PLC,CASH DIVIDEND,2021-07-08 18:30:00,2021-08-01 18:30:00,10345
PAP.N0000,PANASIAN POWER PLC,CASH DIVIDEND,2021-07-08 18:30:00,2021-08-01 18:30:00,10346
HPL.N0000,HATTON PLANTATIONS PLC,CASH DIVIDEND,2021-07-08 18:30:00,2021-08-01 18:30:00,10359
,PRIME LANDS RESIDENCIES LIMITED,CASH DIVIDEND,2021-07-08 18:30:00,2021-08-01 18:30:00,10353
,SHALIMAR (MALAY)  PLC,CASH DIVIDEND,2021-07-13 18:30:00,2021-08-04 18:30:00,10469
,SELINSING  PLC,CASH DIVIDEND,2021-07-13 18:30:00,2021-08-04 18:30:00,10468
,GOOD HOPE  PLC,CASH DIVIDEND,2021-07-13 18:30:00,2021-08-04 18:30:00,10467
,INDO MALAY  PLC,CASH DIVIDEND,2021-07-13 18:30:00,2021-08-04 18:30:00,10466
AGST.X0000,AGSTAR PLC,CASH DIVIDEND,2021-07-15 18:30:00,2021-08-04 18:30:00,10233
AGST.N0000,AGSTAR PLC,CASH DIVIDEND,2021-07-15 18:30:00,2021-08-04 18:30:00,10233
CIND.N0000,CENTRAL INDUSTRIES PLC,CASH DIVIDEND,2021-07-19 18:30:00,2021-08-10 18:30:00,9804
,PIRAMAL GLASS CEYLON  PLC,CASH DIVIDEND,2021-07-25 18:30:00,2021-08-02 18:30:00,9650
UML.N0000,UNITED MOTORS LANKA PLC,CASH DIVIDEND,2021-07-27 18:30:00,2021-08-15 18:30:00,9828
,MALWATTE VALLEY PLANTATIONS PLC,CASH DIVIDEND,2021-07-29 18:30:00,2021-08-18 18:30:00,10329
RIL.N0000,R I L PROPERTY PLC,CASH DIVIDEND,2021-08-01 18:30:00,2021-08-19 18:30:00,10311
CDB.N0000,CITIZENS DEVELOPMENT BUSINESS FINANCE PLC,CASH DIVIDEND,2021-08-01 18:30:00,2021-08-18 18:30:00,10167
CDB.X0000,CITIZENS DEVELOPMENT BUSINESS FINANCE PLC,CASH DIVIDEND,2021-08-01 18:30:00,2021-08-18 18:30:00,10167
ACL.N0000,ACL CABLES PLC,CASH DIVIDEND,2021-08-02 18:30:00,2021-08-22 18:30:00,10713
BREW.N0000,CEYLON BEVERAGE HOLDINGS PLC,CASH DIVIDEND,2021-08-02 18:30:00,2021-08-22 18:30:00,10716
KCAB.N0000,KELANI CABLES PLC,CASH DIVIDEND,2021-08-03 18:30:00,2021-08-23 18:30:00,10738
MERC.N0000,MERCANTILE INVESTMENTS AND FINANCE PLC,CASH DIVIDEND,2021-08-05 18:30:00,2021-08-10 18:30:00,10783
PLC.N0000,PEOPLE'S LEASING & FINANCE PLC,SCRIP DIVIDEND (DATES),2021-08-05 18:30:00,,10578
BPPL.N0000,B P P L HOLDINGS PLC,CASH DIVIDEND,2021-08-09 18:30:00,2021-08-18 18:30:00,10805
,CHEVRON LUBRICANTS LANKA PLC,CASH DIVIDEND,2021-08-12 18:30:00,2021-08-23 18:30:00,10888
CINV.N0000,CEYLON INVESTMENT PLC,CASH DIVIDEND,2021-08-17 18:30:00,2021-09-06 18:30:00,10649
GUAR.N0000,CEYLON GUARDIAN INVESTMENT TRUST PLC,CASH DIVIDEND,2021-08-17 18:30:00,2021-09-06 18:30:00,10648
CWM.N0000,C. W. MACKIE PLC,CASH DIVIDEND,2021-08-18 18:30:00,2021-09-07 18:30:00,10238
AEL.N0000,ACCESS ENGINEERING PLC,CASH DIVIDEND,2021-08-18 18:30:00,2021-09-06 18:30:00,10970
VPEL.N0000,VALLIBEL POWER ERATHNA PLC,CASH DIVIDEND,2021-08-18 18:30:00,2021-09-07 18:30:00,10968
CIT.N0000,COLOMBO INVESTMENT TRUST PLC,SCRIP DIVIDEND (DATES),2021-08-19 18:30:00,,10772
CFI.N0000,COLOMBO FORT INVESTMENTS PLC,SCRIP DIVIDEND (DATES),2021-08-19 18:30:00,,11051
CIT.N0000,COLOMBO INVESTMENT TRUST PLC,SCRIP DIVIDEND (DATES),2021-08-19 18:30:00,,11050
CFI.N0000,COLOMBO FORT INVESTMENTS PLC,SCRIP DIVIDEND (DATES),2021-08-19 18:30:00,,10773
CTC.N0000,CEYLON TOBACCO COMPANY PLC,CASH DIVIDEND,2021-08-22 18:30:00,2021-09-09 18:30:00,10996
,RENUKA CAPITAL PLC,CASH DIVIDEND,2021-08-22 18:30:00,2021-09-09 18:30:00,10719
TYRE.N0000,KELANI TYRES PLC,CASH DIVIDEND,2021-08-23 18:30:00,2021-09-12 18:30:00,11025
TJL.N0000,TEEJAY LANKA PLC,CASH DIVIDEND,2021-08-23 18:30:00,2021-09-12 18:30:00,10711
TKYO.N0000,TOKYO CEMENT COMPANY (LANKA) PLC,CASH DIVIDEND,2021-08-25 18:30:00,2021-09-14 18:30:00,10593
TKYO.X0000,TOKYO CEMENT COMPANY (LANKA) PLC,CASH DIVIDEND,2021-08-25 18:30:00,2021-09-14 18:30:00,10593
,SENKADAGALA FINANCE PLC,CASH DIVIDEND,2021-09-01 18:30:00,2021-09-21 18:30:00,11030
,SWADESHI INDUSTRIAL WORKS PLC,CASH DIVIDEND,2021-09-05 18:30:00,2021-09-26 18:30:00,10702
COCR.N0000,COMMERCIAL CREDIT AND FINANCE PLC,CASH DIVIDEND,2021-09-05 18:30:00,2021-09-26 18:30:00,10596
,CONVENIENCE  FOODS (LANKA )PLC,CASH DIVIDEND,2021-09-13 18:30:00,2021-09-22 18:30:00,9940
CARS.N0000,CARSON CUMBERBATCH PLC,CASH DIVIDEND,2021-09-16 18:30:00,2021-10-07 18:30:00,11512
ASHO.N0000,LANKA ASHOK LEYLAND PLC,CASH DIVIDEND,2021-09-20 18:30:00,2021-10-10 18:30:00,10801
,HOUSING DEVELOPMENT FINANCE CORPORATION BANK OF SRI LANKA,CASH DIVIDEND,2021-09-20 18:30:00,2021-10-10 18:30:00,11143
RHL.N0000,RENUKA HOLDINGS PLC,CASH DIVIDEND,2021-09-23 18:30:00,2021-10-13 18:30:00,11150
RHL.X0000,RENUKA HOLDINGS PLC,CASH DIVIDEND,2021-09-23 18:30:00,2021-10-13 18:30:00,11150
HARI.N0000,HARISCHANDRA MILLS PLC,CASH DIVIDEND,2021-09-26 18:30:00,2021-10-14 18:30:00,11170
ELPL.N0000,ELPITIYA PLANTATIONS PLC,CASH DIVIDEND,2021-09-26 18:30:00,2021-10-14 18:30:00,11166
LVEN.N0000,LANKA VENTURES PLC,CASH DIVIDEND,2021-09-26 18:30:00,2021-10-14 18:30:00,11154
,LVL ENERGY FUND PLC,CASH DIVIDEND,2021-09-26 18:30:00,2021-10-14 18:30:00,11157
,AITKEN SPENCE PLANTATION MANAGEMENTS PLC,CASH DIVIDEND,2021-09-26 18:30:00,2021-10-14 18:30:00,11167
MCPL.N0000,MAHAWELI COCONUT PLANTATIONS PLC,CASH DIVIDEND,2021-09-27 18:30:00,2021-10-17 18:30:00,10911
SHAW.N0000,LEE HEDGES PLC,CASH DIVIDEND,2021-09-27 18:30:00,2021-10-17 18:30:00,11047
AUTO.N0000,THE AUTODROME PLC,CASH DIVIDEND,2021-09-28 18:30:00,2021-10-17 18:30:00,11628
ABAN.N0000,ABANS ELECTRICALS PLC,CASH DIVIDEND,2021-09-29 18:30:00,2021-10-21 18:30:00,11267
CTEA.N0000,DILMAH CEYLON TEA COMPANY PLC,CASH DIVIDEND,2021-09-30 18:30:00,2021-10-10 18:30:00,11196
,HUNTERS & COMPANY PLC,CASH DIVIDEND,2021-09-30 18:30:00,2021-10-13 18:30:00,11142
RWSL.N0000,RAIGAM WAYAMBA SALTERNS PLC,CASH DIVIDEND,2021-09-30 18:30:00,2021-10-10 18:30:00,11145
RHL.N0000,RENUKA HOLDINGS PLC,CASH DIVIDEND,2021-09-30 18:30:00,2021-10-24 18:30:00,11315
RHL.X0000,RENUKA HOLDINGS PLC,CASH DIVIDEND,2021-09-30 18:30:00,2021-10-24 18:30:00,11315
LMF.N0000,LANKA MILK FOODS (CWE) PLC,CASH DIVIDEND,2021-09-30 18:30:00,2021-10-13 18:30:00,11096
ABL.N0000,AMANA BANK PLC,SCRIP DIVIDEND (DATES),2021-10-03 18:30:00,,11743
BUKI.N0000,BUKIT DARAH PLC,CASH DIVIDEND,2021-10-04 18:30:00,2021-10-26 18:30:00,11702
SINS.N0000,SINGER (SRI LANKA) PLC,CASH DIVIDEND,2021-10-06 18:30:00,2021-10-17 18:30:00,11760
HAYC.N0000,HAYCARB PLC,CASH DIVIDEND,2021-10-06 18:30:00,2021-10-20 18:30:00,11761
MGT.N0000,HAYLEYS FABRIC PLC,CASH DIVIDEND,2021-10-07 18:30:00,2021-10-21 18:30:00,11792
ALUM.N0000,ALUMEX PLC,CASH DIVIDEND,2021-10-07 18:30:00,2021-10-20 18:30:00,11795
DIPD.N0000,DIPPED PRODUCTS PLC,CASH DIVIDEND,2021-10-07 18:30:00,2021-10-21 18:30:00,11801
HEXP.N0000,HAYLEYS FIBRE PLC,CASH DIVIDEND,2021-10-10 18:30:00,2021-10-25 18:30:00,11821
KVAL.N0000,KELANI VALLEY PLANTATIONS PLC,CASH DIVIDEND,2021-10-10 18:30:00,2021-10-24 18:30:00,11828
LHCL.N0000,THE LANKA HOSPITALS CORPORATION PLC,CASH DIVIDEND,2021-10-11 18:30:00,2021-11-02 18:30:00,11891
UCAR.N0000,UNION CHEMICALS LANKA PLC,CASH DIVIDEND,2021-10-21 18:30:00,2021-10-28 18:30:00,12015
HHL.N0000,HEMAS HOLDINGS PLC,CASH DIVIDEND,2021-10-27 18:30:00,2021-11-09 18:30:00,12078
,LAKE HOUSE PRINTERS AND PUBLISHERS PLC,CASH DIVIDEND,2021-10-31 18:30:00,2021-11-22 18:30:00,11906
SLND.N0000,SERENDIB LAND PLC,CASH DIVIDEND,2021-10-31 18:30:00,2021-11-09 18:30:00,11713
,CIC HOLDINGS PLC,CASH DIVIDEND,2021-11-01 18:30:00,2021-11-23 18:30:00,12143
BFL.N0000,BAIRAHA FARMS PLC,CASH DIVIDEND,2021-11-02 18:30:00,2021-11-24 18:30:00,12156
RICH.N0000,RICHARD PIERIS AND COMPANY PLC,CASH DIVIDEND,2021-11-04 18:30:00,2021-11-14 18:30:00,12166
,HUNTERS & COMPANY PLC,CASH DIVIDEND,2021-11-07 18:30:00,2021-11-18 18:30:00,11990
APLA.N0000,ACL PLASTICS PLC,CASH DIVIDEND,2021-11-07 18:30:00,2021-11-28 18:30:00,12181
PARQ.N0000,SWISSTEK (CEYLON) PLC,CASH DIVIDEND,2021-11-08 18:30:00,2021-11-29 18:30:00,12196
,CHEVRON LUBRICANTS LANKA PLC,CASH DIVIDEND,2021-11-08 18:30:00,2021-11-18 18:30:00,12206
,LANKA WALLTILES PLC,CASH DIVIDEND,2021-11-09 18:30:00,2021-11-30 18:30:00,12221
TILE.N0000,LANKA TILES PLC,CASH DIVIDEND,2021-11-09 18:30:00,2021-11-30 18:30:00,12220
EBCR.N0000,E B CREASY & COMPANY PLC,CASH DIVIDEND,2021-11-11 18:30:00,2021-11-30 18:30:00,11941
JKH.N0000,JOHN KEELLS HOLDINGS PLC,CASH DIVIDEND,2021-11-11 18:30:00,2021-12-02 18:30:00,12258
RCL.N0000,ROYAL CERAMICS LANKA PLC,CASH DIVIDEND,2021-11-11 18:30:00,2021-12-02 18:30:00,12264
ASIR.N0000,ASIRI HOSPITAL HOLDINGS PLC,CASH DIVIDEND,2021-11-15 18:30:00,2021-12-06 18:30:00,12290
,ASIRI  SURGICAL HOSPITAL PLC,CASH DIVIDEND,2021-11-15 18:30:00,2021-12-06 18:30:00,12292
,LION BREWERY CEYLON PLC,CASH DIVIDEND,2021-11-18 18:30:00,2021-12-08 18:30:00,12338
HPFL.N0000,LOTUS HYDRO POWER PLC,CASH DIVIDEND,2021-11-18 18:30:00,2021-12-08 18:30:00,12336
CTC.N0000,CEYLON TOBACCO COMPANY PLC,CASH DIVIDEND,2021-11-21 18:30:00,2021-12-09 18:30:00,12358
,WATAWALA PLANTATIONS PLC,CASH DIVIDEND,2021-11-21 18:30:00,2021-12-07 18:30:00,12359
DIST.N0000,DISTILLERIES COMPANY OF SRI LANKA PLC,CASH DIVIDEND,2021-11-21 18:30:00,2021-12-09 18:30:00,12364
MELS.N0000,MELSTACORP PLC,CASH DIVIDEND,2021-11-21 18:30:00,2021-12-09 18:30:00,12362
SUN.N0000,SUNSHINE HOLDINGS PLC,CASH DIVIDEND,2021-11-22 18:30:00,2021-12-12 18:30:00,12378
GLAS.N0000,PGP GLASS CEYLON PLC,CASH DIVIDEND,2021-11-22 18:30:00,2021-12-12 18:30:00,12392
VLL.X0000,VIDULLANKA PLC,CASH DIVIDEND,2021-11-25 18:30:00,2021-12-15 18:30:00,12428
VLL.N0000,VIDULLANKA PLC,CASH DIVIDEND,2021-11-25 18:30:00,2021-12-15 18:30:00,12428
COMD.N0000,COMMERCIAL DEVELOPMENT COMPANY PLC,CASH DIVIDEND,2021-11-28 18:30:00,2021-12-16 18:30:00,12447
LIOC.N0000,LANKA IOC PLC,CASH DIVIDEND,2021-11-29 18:30:00,2021-12-16 18:30:00,12057
,EX-PACK CORRUGATED CARTONS LIMITED,CASH DIVIDEND,2021-11-29 18:30:00,2021-12-19 18:30:00,12460
,ASIA SIYAKA COMMODITIES PLC,CASH DIVIDEND,2021-11-29 18:30:00,2021-12-19 18:30:00,12466
CARG.N0000,CARGILLS (CEYLON) PLC,CASH DIVIDEND,2021-11-29 18:30:00,2021-12-19 18:30:00,12473
CTHR.N0000,C T HOLDINGS PLC,CASH DIVIDEND,2021-11-29 18:30:00,2021-12-19 18:30:00,12475
JAT.N0000,JAT HOLDINGS PLC,CASH DIVIDEND,2021-12-01 18:30:00,2021-12-21 18:30:00,12523
BREW.N0000,CEYLON BEVERAGE HOLDINGS PLC,CASH DIVIDEND,2021-12-06 18:30:00,2021-12-27 18:30:00,12569
CTEA.N0000,DILMAH CEYLON TEA COMPANY PLC,CASH DIVIDEND,2021-12-09 18:30:00,2021-12-20 18:30:00,12654
CFIN.N0000,CENTRAL FINANCE COMPANY PLC,CASH DIVIDEND,2021-12-12 18:30:00,2021-12-30 18:30:00,12655
WIND.N0000,WINDFORCE PLC,CASH DIVIDEND,2021-12-14 18:30:00,2022-01-03 18:30:00,12702
VONE.N0000,VALLIBEL ONE PLC,CASH DIVIDEND,2021-12-14 18:30:00,2022-01-03 18:30:00,12691
,TALAWAKELLE TEA ESTATES  PLC,CASH DIVIDEND,2021-12-28 18:30:00,2022-01-17 18:30:00,12913
PLC.N0000,PEOPLE'S LEASING & FINANCE PLC,SCRIP DIVIDEND (DATES),2021-12-30 18:30:00,2022-01-12 18:30:00,13011
MGT.N0000,HAYLEYS FABRIC PLC,CASH DIVIDEND,2022-01-05 18:30:00,2022-01-26 18:30:00,13053
HAYC.N0000,HAYCARB PLC,CASH DIVIDEND,2022-01-06 18:30:00,2022-01-25 18:30:00,13061
KVAL.N0000,KELANI VALLEY PLANTATIONS PLC,CASH DIVIDEND,2022-01-06 18:30:00,2022-01-25 18:30:00,13060
SINS.N0000,SINGER (SRI LANKA) PLC,CASH DIVIDEND,2022-01-06 18:30:00,2022-01-24 18:30:00,13065
HEXP.N0000,HAYLEYS FIBRE PLC,CASH DIVIDEND,2022-01-09 18:30:00,2022-01-26 18:30:00,13090
DIPD.N0000,DIPPED PRODUCTS PLC,CASH DIVIDEND,2022-01-09 18:30:00,2022-01-27 18:30:00,13083
ALUM.N0000,ALUMEX PLC,CASH DIVIDEND,2022-01-09 18:30:00,2022-01-30 18:30:00,13082
CARE,PRINTCARE  PLC,CASH DIVIDEND,2022-01-24 18:30:00,2022-02-14 18:30:00,13310
LFIN,L B FINANCE PLC,CASH DIVIDEND,2022-01-26 18:30:00,2022-02-17 18:30:00,13362
LHCL.N0000,THE LANKA HOSPITALS CORPORATION PLC,CASH DIVIDEND,2022-01-31 18:30:00,2022-02-22 18:30:00,13395
JAT.N0000,JAT HOLDINGS PLC,CASH DIVIDEND,2022-02-06 18:30:00,2022-02-27 18:30:00,13441
ONAL,ON ALLY HOLDINGS PLC,CASH DIVIDEND,2022-02-06 18:30:00,2022-02-27 18:30:00,13443
JKH.N0000,JOHN KEELLS HOLDINGS PLC,CASH DIVIDEND,2022-02-06 18:30:00,2022-02-27 18:30:00,13449
VPEL.N0000,VALLIBEL POWER ERATHNA PLC,CASH DIVIDEND,2022-02-21 18:30:00,2022-03-14 18:30:00,13622
COLO.N0000,C M HOLDINGS PLC,CASH DIVIDEND,2022-02-22 18:30:00,2022-03-14 18:30:00,13639
BPPL.N0000,B P P L HOLDINGS PLC,CASH DIVIDEND,2022-02-22 18:30:00,2022-03-06 18:30:00,13625
MERC.N0000,MERCANTILE INVESTMENTS AND FINANCE PLC,CASH DIVIDEND,2022-02-23 18:30:00,2022-03-03 18:30:00,13672
GLAS.N0000,PGP GLASS CEYLON PLC,CASH DIVIDEND,2022-02-24 18:30:00,2022-03-20 18:30:00,13701
DFCC.N0000,DFCC BANK PLC,SCRIP DIVIDEND (DATES),2022-02-24 18:30:00,,13728
TJL.N0000,TEEJAY LANKA PLC,CASH DIVIDEND,2022-02-27 18:30:00,2022-03-21 18:30:00,13707
COCR.N0000,COMMERCIAL CREDIT AND FINANCE PLC,CASH DIVIDEND,2022-02-27 18:30:00,2022-03-21 18:30:00,13712
NEST,NESTLE LANKA PLC,CASH DIVIDEND,2022-03-01 18:30:00,2022-03-22 18:30:00,13734
LITE,LAXAPANA BATTERIES PLC,CASH DIVIDEND,2022-03-03 18:30:00,2022-03-24 18:30:00,13780
GRAN.N0000,CEYLON GRAIN ELEVATORS PLC,CASH DIVIDEND,2022-03-07 18:30:00,2022-03-28 18:30:00,13812
TAFL.N0000,THREE ACRE FARMS PLC,CASH DIVIDEND,2022-03-07 18:30:00,2022-03-28 18:30:00,13813
LLUB,CHEVRON LUBRICANTS LANKA PLC,CASH DIVIDEND,2022-03-08 18:30:00,2022-03-20 18:30:00,13840
EBCR.N0000,E B CREASY & COMPANY PLC,CASH DIVIDEND,2022-03-08 18:30:00,2022-03-29 18:30:00,13832
NTB.X0000,NATIONS TRUST BANK PLC,SCRIP DIVIDEND (DATES),2022-03-08 18:30:00,,13863
NTB.N0000,NATIONS TRUST BANK PLC,SCRIP DIVIDEND (DATES),2022-03-08 18:30:00,,13863
PARQ.N0000,SWISSTEK (CEYLON) PLC,CASH DIVIDEND,2022-03-09 18:30:00,2022-03-30 18:30:00,13871
TILE.N0000,LANKA TILES PLC,CASH DIVIDEND,2022-03-09 18:30:00,2022-03-30 18:30:00,13870
UAL.N0000,UNION ASSURANCE PLC,CASH DIVIDEND,2022-03-09 18:30:00,2022-03-30 18:30:00,13867
KFP.N0000,KEELLS FOOD PRODUCTS PLC,CASH DIVIDEND,2022-03-09 18:30:00,2022-03-30 18:30:00,13862
LWL,LANKA WALLTILES PLC,CASH DIVIDEND,2022-03-10 18:30:00,2022-03-30 18:30:00,13901
AAIC.N0000,SOFTLOGIC LIFE INSURANCE PLC,CASH DIVIDEND,2022-03-10 18:30:00,2022-03-28 18:30:00,13883
RCL.N0000,ROYAL CERAMICS LANKA PLC,CASH DIVIDEND,2022-03-13 18:30:00,2022-03-30 18:30:00,13918
PACK.N0000,EX-PACK CORRUGATED CARTONS PLC,CASH DIVIDEND,2022-03-15 18:30:00,2022-04-05 18:30:00,13959
UML.N0000,UNITED MOTORS LANKA PLC,CASH DIVIDEND,2022-03-15 18:30:00,2022-04-03 18:30:00,13970
CCS.N0000,CEYLON COLD STORES PLC,CASH DIVIDEND,2022-03-20 18:30:00,2022-04-07 18:30:00,14005
ETWO.N0000,EQUITY TWO PLC,CASH DIVIDEND,2022-03-22 18:30:00,2022-04-11 18:30:00,14031
HAYL.N0000,HAYLEYS PLC,CASH DIVIDEND,2022-03-27 18:30:00,2022-04-10 18:30:00,14058
DIST.N0000,DISTILLERIES COMPANY OF SRI LANKA PLC,CASH DIVIDEND,2022-03-27 18:30:00,2022-04-17 18:30:00,14059
MELS.N0000,MELSTACORP PLC,CASH DIVIDEND,2022-03-27 18:30:00,2022-04-18 18:30:00,14057
PAP.N0000,PANASIAN POWER PLC,CASH DIVIDEND,2022-03-27 18:30:00,2022-04-19 18:30:00,14084
TSML.N0000,TEA SMALLHOLDER FACTORIES PLC,CASH DIVIDEND,2022-03-28 18:30:00,2022-04-20 18:30:00,14094
ALLI.N0000,ALLIANCE FINANCE COMPANY PLC,CASH DIVIDEND,2022-03-29 18:30:00,2022-04-21 18:30:00,14111
LMF.N0000,LANKA MILK FOODS (CWE) PLC,CASH DIVIDEND,2022-03-29 18:30:00,2022-04-21 18:30:00,14118
COMB.X0000,COMMERCIAL BANK OF CEYLON PLC,SCRIP DIVIDEND (DATES),2022-03-30 18:30:00,2022-04-10 18:30:00,13943
COMB.N0000,COMMERCIAL BANK OF CEYLON PLC,SCRIP DIVIDEND (DATES),2022-03-30 18:30:00,2022-04-10 18:30:00,13943
CSD.N0000,SEYLAN DEVELOPMENTS PLC,CASH DIVIDEND,2022-03-30 18:30:00,2022-04-24 18:30:00,13788
SEYB.N0000,SEYLAN BANK PLC,SCRIP DIVIDEND (DATES),2022-03-30 18:30:00,2022-04-03 18:30:00,13939
SEYB.X0000,SEYLAN BANK PLC,SCRIP DIVIDEND (DATES),2022-03-30 18:30:00,2022-04-03 18:30:00,13939
HNB.N0000,HATTON NATIONAL BANK PLC,CASH DIVIDEND,2022-03-30 18:30:00,2022-04-11 18:30:00,13736
HNB.N0000,HATTON NATIONAL BANK PLC,SCRIP DIVIDEND (DATES),2022-03-30 18:30:00,,13835
HNB.X0000,HATTON NATIONAL BANK PLC,SCRIP DIVIDEND (DATES),2022-03-30 18:30:00,,13835
HNB.X0000,HATTON NATIONAL BANK PLC,CASH DIVIDEND,2022-03-30 18:30:00,2022-04-11 18:30:00,13736
COMB.X0000,COMMERCIAL BANK OF CEYLON PLC,CASH DIVIDEND,2022-03-30 18:30:00,2022-04-24 18:30:00,13846
SAMP.N0000,SAMPATH BANK PLC,CASH DIVIDEND,2022-03-30 18:30:00,2022-04-24 18:30:00,13703
COMB.N0000,COMMERCIAL BANK OF CEYLON PLC,CASH DIVIDEND,2022-03-30 18:30:00,2022-04-24 18:30:00,13846
HASU.N0000,HNB ASSURANCE PLC,CASH DIVIDEND,2022-03-31 18:30:00,2022-04-25 18:30:00,13731
NDB.N0000,NATIONAL DEVELOPMENT BANK PLC,SCRIP DIVIDEND (DATES),2022-03-31 18:30:00,,14203
COMD.N0000,COMMERCIAL DEVELOPMENT COMPANY PLC,CASH DIVIDEND,2022-03-31 18:30:00,2022-04-25 18:30:00,13838
NDB.N0000,NATIONAL DEVELOPMENT BANK PLC,CASH DIVIDEND,2022-03-31 18:30:00,2022-04-25 18:30:00,14137
MCPL.N0000,MAHAWELI COCONUT PLANTATIONS PLC,CASH DIVIDEND,2022-04-03 18:30:00,2022-04-25 18:30:00,14168
GREG.N0000,AMBEON HOLDINGS PLC,CASH DIVIDEND,2022-04-03 18:30:00,2022-04-26 18:30:00,14157
ASIR.N0000,ASIRI HOSPITAL HOLDINGS PLC,CASH DIVIDEND,2022-04-04 18:30:00,2022-04-27 18:30:00,14192
AMSL,ASIRI  SURGICAL HOSPITAL PLC,CASH DIVIDEND,2022-04-04 18:30:00,2022-04-27 18:30:00,14191
NAMU.N0000,NAMUNUKULA PLANTATIONS PLC,CASH DIVIDEND,2022-04-04 18:30:00,2022-04-26 18:30:00,14195
KGAL,KEGALLE PLANTATIONS PLC,CASH DIVIDEND,2022-04-04 18:30:00,2022-04-26 18:30:00,14196
BFL.N0000,BAIRAHA FARMS PLC,CASH DIVIDEND,2022-04-05 18:30:00,2022-04-28 18:30:00,14205
REXP.N0000,RICHARD PIERIS EXPORTS PLC,CASH DIVIDEND,2022-04-05 18:30:00,2022-04-27 18:30:00,14201
PINS.N0000,PEOPLE'S INSURANCE PLC,CASH DIVIDEND,2022-04-07 18:30:00,2022-05-16 18:30:00,14474
PINS.N0000,PEOPLE'S INSURANCE PLC,CASH DIVIDEND,2022-04-07 18:30:00,2022-05-04 18:30:00,14268
KVAL.N0000,KELANI VALLEY PLANTATIONS PLC,CASH DIVIDEND,2022-04-07 18:30:00,2022-04-28 18:30:00,14251
ALUM.N0000,ALUMEX PLC,CASH DIVIDEND,2022-04-07 18:30:00,2022-04-26 18:30:00,14252
DIPD.N0000,DIPPED PRODUCTS PLC,CASH DIVIDEND,2022-04-07 18:30:00,2022-04-25 18:30:00,14239
HAYC.N0000,HAYCARB PLC,CASH DIVIDEND,2022-04-07 18:30:00,2022-04-26 18:30:00,14250
MGT.N0000,HAYLEYS FABRIC PLC,CASH DIVIDEND,2022-04-10 18:30:00,2022-04-27 18:30:00,14285
SINS.N0000,SINGER (SRI LANKA) PLC,CASH DIVIDEND,2022-04-10 18:30:00,2022-04-27 18:30:00,14288
HEXP.N0000,HAYLEYS FIBRE PLC,CASH DIVIDEND,2022-04-10 18:30:00,2022-04-27 18:30:00,14290
OSEA.N0000,OVERSEAS REALTY (CEYLON) PLC,CASH DIVIDEND,2022-04-27 18:30:00,2022-05-17 18:30:00,13802
JINS.N0000,JANASHAKTHI INSURANCE PLC,CASH DIVIDEND,2022-05-03 18:30:00,2022-05-24 18:30:00,14378
DOCK.N0000,COLOMBO DOCKYARD PLC,CASH DIVIDEND,2022-05-04 18:30:00,2022-05-25 18:30:00,14500
SDF.N0000,SARVODAYA DEVELOPMENT FINANCE PLC,CASH DIVIDEND,2022-05-04 18:30:00,2022-05-25 18:30:00,14542
SLTL.N0000,SRI LANKA TELECOM PLC,CASH DIVIDEND,2022-05-11 18:30:00,2022-06-01 18:30:00,14079
CTEA.N0000,DILMAH CEYLON TEA COMPANY PLC,CASH DIVIDEND,2022-05-12 18:30:00,2022-05-24 18:30:00,14694
HARI.N0000,HARISCHANDRA MILLS PLC,CASH DIVIDEND,2022-05-12 18:30:00,2022-06-02 18:30:00,14678
CTEA.N0000,DILMAH CEYLON TEA COMPANY PLC,CASH DIVIDEND,2022-05-17 18:30:00,2022-05-26 18:30:00,14798
HARI.N0000,HARISCHANDRA MILLS PLC,CASH DIVIDEND,2022-05-17 18:30:00,2022-06-06 18:30:00,14795
CINS,CEYLINCO INSURANCE PLC,CASH DIVIDEND,2022-05-22 18:30:00,2022-06-09 18:30:00,14333
SPEN.N0000,AITKEN SPENCE PLC,CASH DIVIDEND,2022-05-23 18:30:00,2022-06-12 18:30:00,14800
CTC.N0000,CEYLON TOBACCO COMPANY PLC,CASH DIVIDEND,2022-05-23 18:30:00,2022-06-12 18:30:00,14799
LION,LION BREWERY CEYLON PLC,CASH DIVIDEND,2022-05-24 18:30:00,2022-06-14 18:30:00,14814
SINS.N0000,SINGER (SRI LANKA) PLC,CASH DIVIDEND,2022-05-24 18:30:00,2022-06-06 18:30:00,14813
ELPL.N0000,ELPITIYA PLANTATIONS PLC,CASH DIVIDEND,2022-05-25 18:30:00,2022-06-15 18:30:00,14828
AEL.N0000,ACCESS ENGINEERING PLC,CASH DIVIDEND,2022-05-25 18:30:00,2022-06-12 18:30:00,14826
CCS.N0000,CEYLON COLD STORES PLC,CASH DIVIDEND,2022-05-29 18:30:00,2022-06-19 18:30:00,14850
KFP.N0000,KEELLS FOOD PRODUCTS PLC,CASH DIVIDEND,2022-05-29 18:30:00,2022-06-19 18:30:00,14851
CHL,CEYLON HOSPITALS PLC (DURDANS),CASH DIVIDEND,2022-05-29 18:30:00,2022-06-19 18:30:00,14860
SDB.N0000,SANASA DEVELOPMENT BANK PLC,CASH DIVIDEND,2022-05-30 18:30:00,2022-06-20 18:30:00,14712
ASPM,AITKEN SPENCE PLANTATION MANAGEMENTS PLC,CASH DIVIDEND,2022-05-31 18:30:00,2022-06-21 18:30:00,14897
JKH.N0000,JOHN KEELLS HOLDINGS PLC,CASH DIVIDEND,2022-05-31 18:30:00,2022-06-21 18:30:00,14902
SIL.N0000,SAMSON INTERNATIONAL PLC,CASH DIVIDEND,2022-06-01 18:30:00,2022-06-22 18:30:00,14916
PLR.N0000,PRIME LANDS RESIDENCIES PLC,CASH DIVIDEND,2022-06-02 18:30:00,2022-06-23 18:30:00,14930
PARQ.N0000,SWISSTEK (CEYLON) PLC,CASH DIVIDEND,2022-06-05 18:30:00,2022-06-26 18:30:00,14941
TILE.N0000,LANKA TILES PLC,CASH DIVIDEND,2022-06-06 18:30:00,2022-06-27 18:30:00,14952
LWL,LANKA WALLTILES PLC,CASH DIVIDEND,2022-06-07 18:30:00,2022-06-28 18:30:00,14997
VLL.N0000,VIDULLANKA PLC,CASH DIVIDEND,2022-06-07 18:30:00,2022-06-28 18:30:00,14986
VLL.X0000,VIDULLANKA PLC,CASH DIVIDEND,2022-06-07 18:30:00,2022-06-28 18:30:00,14986
DIMO.N0000,DIESEL & MOTOR ENGINEERING PLC,CASH DIVIDEND,2022-06-08 18:30:00,2022-06-27 18:30:00,15065
RCL.N0000,ROYAL CERAMICS LANKA PLC,CASH DIVIDEND,2022-06-08 18:30:00,2022-06-29 18:30:00,15015
ASIY,ASIA SIYAKA COMMODITIES PLC,CASH DIVIDEND,2022-06-08 18:30:00,2022-06-29 18:30:00,15057
NEST,NESTLE LANKA PLC,CASH DIVIDEND,2022-06-09 18:30:00,2022-06-30 18:30:00,14143
UCAR.N0000,UNION CHEMICALS LANKA PLC,CASH DIVIDEND,2022-06-12 18:30:00,2022-07-03 18:30:00,14689
NEST,NESTLE LANKA PLC,CASH DIVIDEND,2022-06-12 18:30:00,2022-07-03 18:30:00,13735
GUAR.N0000,CEYLON GUARDIAN INVESTMENT TRUST PLC,CASH DIVIDEND,2022-06-12 18:30:00,2022-07-03 18:30:00,15107
CINV.N0000,CEYLON INVESTMENT PLC,CASH DIVIDEND,2022-06-12 18:30:00,2022-07-03 18:30:00,15102
BREW.N0000,CEYLON BEVERAGE HOLDINGS PLC,CASH DIVIDEND,2022-06-16 18:30:00,2022-07-06 18:30:00,15231
VFIN.N0000,VALLIBEL FINANCE PLC,CASH DIVIDEND,2022-06-19 18:30:00,2022-07-07 18:30:00,15270
SLTL.N0000,SRI LANKA TELECOM PLC,CASH DIVIDEND,2022-06-20 18:30:00,2022-07-10 18:30:00,15004
DIAL.N0000,DIALOG AXIATA PLC,CASH DIVIDEND,2022-06-21 18:30:00,2022-07-11 18:30:00,15001
HUNT,HUNTERS & COMPANY PLC,CASH DIVIDEND,2022-06-21 18:30:00,2022-07-11 18:30:00,15310
WATA,WATAWALA PLANTATIONS PLC,CASH DIVIDEND,2022-06-26 18:30:00,2022-07-17 18:30:00,14943
SUN.N0000,SUNSHINE HOLDINGS PLC,CASH DIVIDEND,2022-06-26 18:30:00,2022-07-17 18:30:00,14957
MAL,MALWATTE VALLEY PLANTATIONS PLC,CASH DIVIDEND,2022-06-27 18:30:00,2022-07-18 18:30:00,15012
HEXP.N0000,HAYLEYS FIBRE PLC,CASH DIVIDEND,2022-06-28 18:30:00,2022-07-13 18:30:00,14833
TPL,TALAWAKELLE TEA ESTATES  PLC,CASH DIVIDEND,2022-06-28 18:30:00,2022-07-11 18:30:00,14805
KVAL.N0000,KELANI VALLEY PLANTATIONS PLC,CASH DIVIDEND,2022-06-28 18:30:00,2022-07-11 18:30:00,14767
DIPD.N0000,DIPPED PRODUCTS PLC,CASH DIVIDEND,2022-06-28 18:30:00,2022-07-10 18:30:00,14861
HHL.N0000,HEMAS HOLDINGS PLC,CASH DIVIDEND,2022-06-28 18:30:00,2022-07-19 18:30:00,14865
HAYC.N0000,HAYCARB PLC,CASH DIVIDEND,2022-06-28 18:30:00,2022-07-11 18:30:00,14849
CERA.N0000,LANKA CERAMIC PLC,CASH DIVIDEND,2022-06-29 18:30:00,2022-07-20 18:30:00,15207
ALUM.N0000,ALUMEX PLC,CASH DIVIDEND,2022-06-29 18:30:00,2022-07-11 18:30:00,14931
UML.N0000,UNITED MOTORS LANKA PLC,CASH DIVIDEND,2022-06-29 18:30:00,2022-07-19 18:30:00,15016
MGT.N0000,HAYLEYS FABRIC PLC,CASH DIVIDEND,2022-06-29 18:30:00,2022-07-13 18:30:00,14759
EXPO,EXPOLANKA HOLDINGS PLC,CASH DIVIDEND,2022-06-30 18:30:00,2022-07-21 18:30:00,15463
CFIN.N0000,CENTRAL FINANCE COMPANY PLC,CASH DIVIDEND,2022-06-30 18:30:00,2022-07-07 18:30:00,15120
RIL.N0000,R I L PROPERTY PLC,CASH DIVIDEND,2022-06-30 18:30:00,2022-07-21 18:30:00,15104
CIC,CIC HOLDINGS PLC,CASH DIVIDEND,2022-06-30 18:30:00,2022-07-21 18:30:00,14909
LFIN,L B FINANCE PLC,CASH DIVIDEND,2022-06-30 18:30:00,2022-07-21 18:30:00,15064
CHMX.N0000,CHEMANEX PLC,CASH DIVIDEND,2022-06-30 18:30:00,2022-07-21 18:30:00,15052
CTBL.N0000,CEYLON TEA BROKERS PLC,CASH DIVIDEND,2022-07-03 18:30:00,2022-07-24 18:30:00,15502
JAT.N0000,JAT HOLDINGS PLC,CASH DIVIDEND,2022-07-03 18:30:00,2022-07-24 18:30:00,15505
CARS.N0000,CARSON CUMBERBATCH PLC,CASH DIVIDEND,2022-07-05 18:30:00,2022-07-26 18:30:00,15559
PACK.N0000,EX-PACK CORRUGATED CARTONS PLC,CASH DIVIDEND,2022-07-06 18:30:00,2022-07-27 18:30:00,15573
AAF.N0000,ASIA ASSET FINANCE PLC,CASH DIVIDEND,2022-07-20 18:30:00,2022-08-09 18:30:00,15842
BUKI.N0000,BUKIT DARAH PLC,CASH DIVIDEND,2022-07-24 18:30:00,2022-08-14 18:30:00,15867
HPL.N0000,HATTON PLANTATIONS PLC,CASH DIVIDEND,2022-07-26 18:30:00,2022-08-16 18:30:00,15914
CARG.N0000,CARGILLS (CEYLON) PLC,CASH DIVIDEND,2022-07-28 18:30:00,2022-08-17 18:30:00,15621
CWM.N0000,C. W. MACKIE PLC,CASH DIVIDEND,2022-07-28 18:30:00,2022-08-18 18:30:00,14933
CTHR.N0000,C T HOLDINGS PLC,CASH DIVIDEND,2022-07-31 18:30:00,2022-08-18 18:30:00,15622
CDB.X0000,CITIZENS DEVELOPMENT BUSINESS FINANCE PLC,CASH DIVIDEND,2022-07-31 18:30:00,2022-08-17 18:30:00,15649
LCBF.N0000,LANKA CREDIT AND BUSINESS FINANCE PLC,CASH DIVIDEND,2022-07-31 18:30:00,2022-08-15 18:30:00,15777
COOP.N0000,CO-OPERATIVE INSURANCE COMPANY PLC,CASH DIVIDEND,2022-07-31 18:30:00,2022-08-21 18:30:00,15372
SFIN,SINGER FINANCE (LANKA) PLC,CASH DIVIDEND,2022-07-31 18:30:00,2022-08-14 18:30:00,15936
CDB.N0000,CITIZENS DEVELOPMENT BUSINESS FINANCE PLC,CASH DIVIDEND,2022-07-31 18:30:00,2022-08-17 18:30:00,15649
LMF.N0000,LANKA MILK FOODS (CWE) PLC,CASH DIVIDEND,2022-08-02 18:30:00,2022-08-23 18:30:00,15973
LIOC.N0000,LANKA IOC PLC,CASH DIVIDEND,2022-08-04 18:30:00,2022-08-25 18:30:00,15727
LIOC.N0000,LANKA IOC PLC,CASH DIVIDEND,2022-08-07 18:30:00,2022-08-28 18:30:00,15803
COOP.N0000,CO-OPERATIVE INSURANCE COMPANY PLC,CASH DIVIDEND,2022-08-07 18:30:00,2022-08-25 18:30:00,16115
APLA.N0000,ACL PLASTICS PLC,CASH DIVIDEND,2022-08-09 18:30:00,2022-08-30 18:30:00,16076
ASHO.N0000,LANKA ASHOK LEYLAND PLC,CASH DIVIDEND,2022-08-11 18:30:00,2022-08-31 18:30:00,15594
ASHO.N0000,LANKA ASHOK LEYLAND PLC,CASH DIVIDEND,2022-08-14 18:30:00,2022-09-01 18:30:00,15029
KCAB.N0000,KELANI CABLES PLC,CASH DIVIDEND,2022-08-15 18:30:00,2022-09-04 18:30:00,16126
RCH.N0000,RENUKA HOTELS PLC,CASH DIVIDEND,2022-08-18 18:30:00,2022-09-07 18:30:00,16167
RENU,RENUKA CITY HOTEL PLC,CASH DIVIDEND,2022-08-18 18:30:00,2022-09-07 18:30:00,16165
CABO.N0000,CARGO BOAT DEVELOPMENT COMPANY PLC,CASH DIVIDEND,2022-08-18 18:30:00,2022-09-07 18:30:00,16166
TJL.N0000,TEEJAY LANKA PLC,CASH DIVIDEND,2022-08-18 18:30:00,2022-09-07 18:30:00,15966
CTC.N0000,CEYLON TOBACCO COMPANY PLC,CASH DIVIDEND,2022-08-22 18:30:00,2022-09-11 18:30:00,16212
DIST.N0000,DISTILLERIES COMPANY OF SRI LANKA PLC,CASH DIVIDEND,2022-08-22 18:30:00,2022-09-08 18:30:00,16208
CIT.N0000,COLOMBO INVESTMENT TRUST PLC,SCRIP DIVIDEND (DATES),2022-08-25 18:30:00,,15984
CFI.N0000,COLOMBO FORT INVESTMENTS PLC,SCRIP DIVIDEND (DATES),2022-08-25 18:30:00,,15986
HBS.N0000,HSENID BUSINESS SOLUTIONS PLC,CASH DIVIDEND,2022-08-25 18:30:00,2022-09-14 18:30:00,16022
CWL.N0000,CHRISSWORLD PLC,CASH DIVIDEND,2022-08-28 18:30:00,2022-09-14 18:30:00,16279
LHCL.N0000,THE LANKA HOSPITALS CORPORATION PLC,CASH DIVIDEND,2022-08-29 18:30:00,2022-09-18 18:30:00,16301
EXT.N0000,EXTERMINATORS PLC,CASH DIVIDEND,2022-08-30 18:30:00,2022-09-19 18:30:00,16025
SFCL,SENKADAGALA FINANCE PLC,CASH DIVIDEND,2022-08-31 18:30:00,2022-09-20 18:30:00,15662
ASIY,ASIA SIYAKA COMMODITIES PLC,CASH DIVIDEND,2022-09-01 18:30:00,2022-09-21 18:30:00,16361
ACL.N0000,ACL CABLES PLC,CASH DIVIDEND,2022-09-04 18:30:00,2022-09-22 18:30:00,16374
TYRE.N0000,KELANI TYRES PLC,CASH DIVIDEND,2022-09-04 18:30:00,2022-09-22 18:30:00,16377
KZOO,SHAW WALLACE INVESTMENTS PLC,SCRIP DIVIDEND (DATES),2022-09-07 18:30:00,,16288
CARE,PRINTCARE  PLC,CASH DIVIDEND,2022-09-07 18:30:00,2022-09-27 18:30:00,16465
COCO.X0000,RENUKA FOODS PLC,CASH DIVIDEND,2022-09-07 18:30:00,2022-09-26 18:30:00,16186
COCO.N0000,RENUKA FOODS PLC,CASH DIVIDEND,2022-09-07 18:30:00,2022-09-26 18:30:00,16186
RAL.N0000,RENUKA AGRI FOODS PLC,CASH DIVIDEND,2022-09-07 18:30:00,2022-09-26 18:30:00,16182
PLC.N0000,PEOPLE'S LEASING & FINANCE PLC,SCRIP DIVIDEND (DATES),2022-09-07 18:30:00,,16003
RHL.N0000,RENUKA HOLDINGS PLC,SCRIP DIVIDEND (DATES),2022-09-07 18:30:00,,16287
RHL.X0000,RENUKA HOLDINGS PLC,SCRIP DIVIDEND (DATES),2022-09-07 18:30:00,,16287
COCR.N0000,COMMERCIAL CREDIT AND FINANCE PLC,CASH DIVIDEND,2022-09-11 18:30:00,2022-09-29 18:30:00,16124
SOY,CONVENIENCE  FOODS (LANKA )PLC,CASH DIVIDEND,2022-09-12 18:30:00,2022-09-28 18:30:00,16084
HPWR.N0000,RESUS ENERGY PLC,SCRIP DIVIDEND (DATES),2022-09-12 18:30:00,,16709
HPWR.N0000,RESUS ENERGY PLC,CASH DIVIDEND,2022-09-12 18:30:00,2022-09-29 18:30:00,16599
LITE,LAXAPANA BATTERIES PLC,CASH DIVIDEND,2022-09-14 18:30:00,2022-09-28 18:30:00,16672
EBCR.N0000,E B CREASY & COMPANY PLC,CASH DIVIDEND,2022-09-18 18:30:00,2022-09-29 18:30:00,16756
SWAD,SWADESHI INDUSTRIAL WORKS PLC,CASH DIVIDEND,2022-09-18 18:30:00,2022-10-06 18:30:00,16034
LIOC.N0000,LANKA IOC PLC,CASH DIVIDEND,2022-09-19 18:30:00,2022-10-10 18:30:00,16267
ALLI.N0000,ALLIANCE FINANCE COMPANY PLC,CASH DIVIDEND,2022-09-20 18:30:00,2022-10-10 18:30:00,16385
MDL.N0000,MYLAND DEVELOPMENTS PLC,CASH DIVIDEND,2022-09-22 18:30:00,2022-10-13 18:30:00,16563
TPL,TALAWAKELLE TEA ESTATES  PLC,CASH DIVIDEND,2022-09-22 18:30:00,2022-09-29 18:30:00,16851
MGT.N0000,HAYLEYS FABRIC PLC,CASH DIVIDEND,2022-09-22 18:30:00,2022-09-29 18:30:00,16855
KVAL.N0000,KELANI VALLEY PLANTATIONS PLC,CASH DIVIDEND,2022-09-25 18:30:00,2022-09-29 18:30:00,16865
HARI.N0000,HARISCHANDRA MILLS PLC,CASH DIVIDEND,2022-09-25 18:30:00,2022-10-16 18:30:00,16481
SDF.N0000,SARVODAYA DEVELOPMENT FINANCE PLC,CASH DIVIDEND,2022-09-26 18:30:00,2022-10-17 18:30:00,16881
SHAW.N0000,LEE HEDGES PLC,CASH DIVIDEND,2022-09-26 18:30:00,2022-10-17 18:30:00,16239
LUMX.N0000,LUMINEX PLC,CASH DIVIDEND,2022-09-27 18:30:00,2022-10-13 18:30:00,16485
ABAN.N0000,ABANS ELECTRICALS PLC,CASH DIVIDEND,2022-09-28 18:30:00,2022-10-19 18:30:00,16445
RWSL.N0000,RAIGAM WAYAMBA SALTERNS PLC,CASH DIVIDEND,2022-09-29 18:30:00,2022-10-18 18:30:00,16401
SLND.N0000,SERENDIB LAND PLC,CASH DIVIDEND,2022-09-29 18:30:00,2022-10-06 18:30:00,16739
MCPL.N0000,MAHAWELI COCONUT PLANTATIONS PLC,CASH DIVIDEND,2022-09-29 18:30:00,2022-10-20 18:30:00,16400
CTEA.N0000,DILMAH CEYLON TEA COMPANY PLC,CASH DIVIDEND,2022-09-29 18:30:00,2022-10-18 18:30:00,16529
LPRT,LAKE HOUSE PRINTERS AND PUBLISHERS PLC,CASH DIVIDEND,2022-10-02 18:30:00,2022-10-24 18:30:00,16737
EMER.N0000,EASTERN MERCHANTS PLC,CASH DIVIDEND,2022-10-02 18:30:00,2022-10-24 18:30:00,16670
HUNT,HUNTERS & COMPANY PLC,CASH DIVIDEND,2022-10-02 18:30:00,2022-10-20 18:30:00,16627
DIPD.N0000,DIPPED PRODUCTS PLC,CASH DIVIDEND,2022-10-10 18:30:00,2022-10-20 18:30:00,17103
HEXP.N0000,HAYLEYS FIBRE PLC,CASH DIVIDEND,2022-10-11 18:30:00,2022-10-20 18:30:00,17121
HAYC.N0000,HAYCARB PLC,CASH DIVIDEND,2022-10-11 18:30:00,2022-10-20 18:30:00,17122
UCAR.N0000,UNION CHEMICALS LANKA PLC,CASH DIVIDEND,2022-10-19 18:30:00,2022-10-31 18:30:00,17269
ONAL,ON ALLY HOLDINGS PLC,CASH DIVIDEND,2022-11-03 18:30:00,2022-11-24 18:30:00,17410
ONAL,ON ALLY HOLDINGS PLC,CASH DIVIDEND,2022-11-03 18:30:00,2022-11-24 18:30:00,17411
LLUB,CHEVRON LUBRICANTS LANKA PLC,CASH DIVIDEND,2022-11-10 18:30:00,2022-11-21 18:30:00,17468
PACK.N0000,EX-PACK CORRUGATED CARTONS PLC,CASH DIVIDEND,2022-11-15 18:30:00,2022-12-05 18:30:00,17483
MELS.N0000,MELSTACORP PLC,CASH DIVIDEND,2022-11-15 18:30:00,2022-12-05 18:30:00,17491
JKH.N0000,JOHN KEELLS HOLDINGS PLC,CASH DIVIDEND,2022-11-15 18:30:00,2022-12-05 18:30:00,17490
DIST.N0000,DISTILLERIES COMPANY OF SRI LANKA PLC,CASH DIVIDEND,2022-11-16 18:30:00,2022-12-07 18:30:00,17508
ABL.N0000,AMANA BANK PLC,SCRIP DIVIDEND (DATES),2022-11-16 18:30:00,,17543
CARG.N0000,CARGILLS (CEYLON) PLC,CASH DIVIDEND,2022-11-16 18:30:00,2022-12-07 18:30:00,17523
HHL.N0000,HEMAS HOLDINGS PLC,CASH DIVIDEND,2022-11-16 18:30:00,2022-12-07 18:30:00,17518
CTHR.N0000,C T HOLDINGS PLC,CASH DIVIDEND,2022-11-17 18:30:00,2022-12-08 18:30:00,17529
WATA,WATAWALA PLANTATIONS PLC,CASH DIVIDEND,2022-11-20 18:30:00,2022-12-11 18:30:00,17549
PINS.N0000,PEOPLE'S INSURANCE PLC,CASH DIVIDEND,2022-11-21 18:30:00,2022-12-12 18:30:00,17550
CTC.N0000,CEYLON TOBACCO COMPANY PLC,CASH DIVIDEND,2022-11-22 18:30:00,2022-12-13 18:30:00,17570
HPL.N0000,HATTON PLANTATIONS PLC,CASH DIVIDEND,2022-11-24 18:30:00,2022-12-15 18:30:00,17603
LION,LION BREWERY CEYLON PLC,CASH DIVIDEND,2022-11-29 18:30:00,2022-12-20 18:30:00,17636
EXT.N0000,EXTERMINATORS PLC,CASH DIVIDEND,2022-11-30 18:30:00,2022-12-21 18:30:00,17643
OFEQ.N0000,OFFICE EQUIPMENT PLC,CASH DIVIDEND,2022-11-30 18:30:00,2022-12-21 18:30:00,17649
JAT.N0000,JAT HOLDINGS PLC,CASH DIVIDEND,2022-12-11 18:30:00,2022-12-29 18:30:00,17733
CFIN.N0000,CENTRAL FINANCE COMPANY PLC,CASH DIVIDEND,2022-12-18 18:30:00,2022-12-26 18:30:00,17849
COMD.N0000,COMMERCIAL DEVELOPMENT COMPANY PLC,CASH DIVIDEND,2022-12-21 18:30:00,2023-01-12 18:30:00,17895
KVAL.N0000,KELANI VALLEY PLANTATIONS PLC,CASH DIVIDEND,2023-01-10 18:30:00,2023-01-22 18:30:00,18026
MGT.N0000,HAYLEYS FABRIC PLC,CASH DIVIDEND,2023-01-10 18:30:00,2023-01-24 18:30:00,18024
DIPD.N0000,DIPPED PRODUCTS PLC,CASH DIVIDEND,2023-01-10 18:30:00,2023-01-19 18:30:00,18025
TPL,TALAWAKELLE TEA ESTATES  PLC,CASH DIVIDEND,2023-01-10 18:30:00,2023-01-23 18:30:00,18022
HAYC.N0000,HAYCARB PLC,CASH DIVIDEND,2023-01-10 18:30:00,2023-01-22 18:30:00,18023
HEXP.N0000,HAYLEYS FIBRE PLC,CASH DIVIDEND,2023-01-10 18:30:00,2023-01-23 18:30:00,18021
REXP.N0000,RICHARD PIERIS EXPORTS PLC,CASH DIVIDEND,2023-01-16 18:30:00,2023-02-05 18:30:00,18118
KGAL,KEGALLE PLANTATIONS PLC,CASH DIVIDEND,2023-01-18 18:30:00,2023-02-07 18:30:00,18161
NAMU.N0000,NAMUNUKULA PLANTATIONS PLC,CASH DIVIDEND,2023-01-18 18:30:00,2023-02-07 18:30:00,18162
BREW.N0000,CEYLON BEVERAGE HOLDINGS PLC,CASH DIVIDEND,2023-01-26 18:30:00,2023-02-15 18:30:00,18218
MELS.N0000,MELSTACORP PLC,CASH DIVIDEND,2023-02-07 18:30:00,2023-02-26 18:30:00,18379
CTC.N0000,CEYLON TOBACCO COMPANY PLC,CASH DIVIDEND,2023-02-07 18:30:00,2023-02-27 18:30:00,18374
DIST.N0000,DISTILLERIES COMPANY OF SRI LANKA PLC,CASH DIVIDEND,2023-02-07 18:30:00,2023-02-26 18:30:00,18378
JKH.N0000,JOHN KEELLS HOLDINGS PLC,CASH DIVIDEND,2023-02-08 18:30:00,2023-02-28 18:30:00,18395
RICH.N0000,RICHARD PIERIS AND COMPANY PLC,CASH DIVIDEND,2023-02-12 18:30:00,2023-03-01 18:30:00,18429
VLL.N0000,VIDULLANKA PLC,CASH DIVIDEND,2023-02-20 18:30:00,2023-03-13 18:30:00,18467
VLL.X0000,VIDULLANKA PLC,CASH DIVIDEND,2023-02-20 18:30:00,2023-03-13 18:30:00,18467
KFP.N0000,KEELLS FOOD PRODUCTS PLC,CASH DIVIDEND,2023-02-20 18:30:00,2023-03-13 18:30:00,18472
CTEA.N0000,DILMAH CEYLON TEA COMPANY PLC,CASH DIVIDEND,2023-02-20 18:30:00,2023-03-13 18:30:00,18477
CARE,PRINTCARE  PLC,CASH DIVIDEND,2023-02-21 18:30:00,2023-03-14 18:30:00,18486
CCS.N0000,CEYLON COLD STORES PLC,CASH DIVIDEND,2023-02-27 18:30:00,2023-03-20 18:30:00,18531
DFCC.N0000,DFCC BANK PLC,SCRIP DIVIDEND (DATES),2023-02-27 18:30:00,,18579
NEST,NESTLE LANKA PLC,CASH DIVIDEND,2023-02-28 18:30:00,2023-03-21 18:30:00,18570
NTB.X0000,NATIONS TRUST BANK PLC,SCRIP DIVIDEND (DATES),2023-03-08 18:30:00,2023-03-20 18:30:00,18636
NTB.N0000,NATIONS TRUST BANK PLC,SCRIP DIVIDEND (DATES),2023-03-08 18:30:00,2023-03-20 18:30:00,18636
ETWO.N0000,EQUITY TWO PLC,CASH DIVIDEND,2023-03-09 18:30:00,2023-03-29 18:30:00,18639
COLO.N0000,C M HOLDINGS PLC,CASH DIVIDEND,2023-03-12 18:30:00,2023-03-30 18:30:00,18656
CTC.N0000,CEYLON TOBACCO COMPANY PLC,CASH DIVIDEND,2023-03-12 18:30:00,2023-03-30 18:30:00,18649
AAIC.N0000,SOFTLOGIC LIFE INSURANCE PLC,CASH DIVIDEND,2023-03-14 18:30:00,2023-04-03 18:30:00,18676
PARQ.N0000,SWISSTEK (CEYLON) PLC,CASH DIVIDEND,2023-03-15 18:30:00,2023-04-05 18:30:00,18712
LITE,LAXAPANA BATTERIES PLC,CASH DIVIDEND,2023-03-15 18:30:00,2023-03-30 18:30:00,18716
TILE.N0000,LANKA TILES PLC,CASH DIVIDEND,2023-03-16 18:30:00,2023-04-09 18:30:00,18728
LWL,LANKA WALLTILES PLC,CASH DIVIDEND,2023-03-19 18:30:00,2023-04-10 18:30:00,18746
TSML.N0000,TEA SMALLHOLDER FACTORIES PLC,CASH DIVIDEND,2023-03-19 18:30:00,2023-04-10 18:30:00,18749
JKL.N0000,JOHN KEELLS PLC,CASH DIVIDEND,2023-03-19 18:30:00,2023-04-10 18:30:00,18747
RCL.N0000,ROYAL CERAMICS LANKA PLC,CASH DIVIDEND,2023-03-20 18:30:00,2023-04-11 18:30:00,18768
PACK.N0000,EX-PACK CORRUGATED CARTONS PLC,CASH DIVIDEND,2023-03-21 18:30:00,2023-04-16 18:30:00,18796
DIPD.N0000,DIPPED PRODUCTS PLC,CASH DIVIDEND,2023-03-23 18:30:00,2023-04-11 18:30:00,18822
MGT.N0000,HAYLEYS FABRIC PLC,CASH DIVIDEND,2023-03-23 18:30:00,2023-04-05 18:30:00,18823
HAYC.N0000,HAYCARB PLC,CASH DIVIDEND,2023-03-23 18:30:00,2023-04-09 18:30:00,18824
TPL,TALAWAKELLE TEA ESTATES  PLC,CASH DIVIDEND,2023-03-23 18:30:00,2023-04-05 18:30:00,18825
HEXP.N0000,HAYLEYS FIBRE PLC,CASH DIVIDEND,2023-03-23 18:30:00,2023-04-11 18:30:00,18826
KVAL.N0000,KELANI VALLEY PLANTATIONS PLC,CASH DIVIDEND,2023-03-23 18:30:00,2023-04-10 18:30:00,18827
HAYL.N0000,HAYLEYS PLC,CASH DIVIDEND,2023-03-23 18:30:00,2023-04-09 18:30:00,18820
COMB.N0000,COMMERCIAL BANK OF CEYLON PLC,SCRIP DIVIDEND (DATES),2023-03-30 18:30:00,,18689
COMB.X0000,COMMERCIAL BANK OF CEYLON PLC,SCRIP DIVIDEND (DATES),2023-03-30 18:30:00,,18689
SAMP.N0000,SAMPATH BANK PLC,SCRIP DIVIDEND (DATES),2023-03-30 18:30:00,2023-04-16 18:30:00,18662
SEYB.X0000,SEYLAN BANK PLC,SCRIP DIVIDEND (DATES),2023-03-30 18:30:00,,18646
SEYB.N0000,SEYLAN BANK PLC,SCRIP DIVIDEND (DATES),2023-03-30 18:30:00,,18646
CSD.N0000,SEYLAN DEVELOPMENTS PLC,CASH DIVIDEND,2023-03-30 18:30:00,2023-04-25 18:30:00,18619
HNB.X0000,HATTON NATIONAL BANK PLC,SCRIP DIVIDEND (DATES),2023-03-30 18:30:00,2023-04-16 18:30:00,18597
HNB.N0000,HATTON NATIONAL BANK PLC,SCRIP DIVIDEND (DATES),2023-03-30 18:30:00,2023-04-16 18:30:00,18597
SAMP.N0000,SAMPATH BANK PLC,CASH DIVIDEND,2023-03-30 18:30:00,2023-04-25 18:30:00,18546
COMD.N0000,COMMERCIAL DEVELOPMENT COMPANY PLC,CASH DIVIDEND,2023-04-02 18:30:00,2023-04-26 18:30:00,18627
HASU.N0000,HNB ASSURANCE PLC,CASH DIVIDEND,2023-04-02 18:30:00,2023-04-26 18:30:00,18534
LHCL.N0000,THE LANKA HOSPITALS CORPORATION PLC,CASH DIVIDEND,2023-04-03 18:30:00,2023-04-27 18:30:00,18880
BALA,BALANGODA PLANTATIONS PLC,CASH DIVIDEND,2023-04-03 18:30:00,2023-04-27 18:30:00,18872
UML.N0000,UNITED MOTORS LANKA PLC,CASH DIVIDEND,2023-04-05 18:30:00,2023-05-01 18:30:00,18890
LMF.N0000,LANKA MILK FOODS (CWE) PLC,CASH DIVIDEND,2023-04-11 18:30:00,2023-05-04 18:30:00,18947
FCT.N0000,FIRST CAPITAL TREASURIES PLC,CASH DIVIDEND,2023-04-16 18:30:00,2023-05-08 18:30:00,18980
CFVF.N0000,FIRST CAPITAL HOLDINGS PLC,CASH DIVIDEND,2023-04-18 18:30:00,2023-05-10 18:30:00,19082
TPL,TALAWAKELLE TEA ESTATES  PLC,CASH DIVIDEND,2023-04-19 18:30:00,2023-05-07 18:30:00,19096
LFIN,L B FINANCE PLC,CASH DIVIDEND,2023-04-24 18:30:00,2023-05-16 18:30:00,19152
OSEA.N0000,OVERSEAS REALTY (CEYLON) PLC,CASH DIVIDEND,2023-04-26 18:30:00,2023-05-17 18:30:00,18606
NDB.N0000,NATIONAL DEVELOPMENT BANK PLC,SCRIP DIVIDEND (DATES),2023-05-02 18:30:00,,19232
ONAL,ON ALLY HOLDINGS PLC,CASH DIVIDEND,2023-05-08 18:30:00,2023-05-28 18:30:00,19242
SLTL.N0000,SRI LANKA TELECOM PLC,CASH DIVIDEND,2023-05-11 18:30:00,2023-05-31 18:30:00,19134
EXT.N0000,EXTERMINATORS PLC,CASH DIVIDEND,2023-05-16 18:30:00,2023-05-23 18:30:00,19324
CHL,CEYLON HOSPITALS PLC (DURDANS),CASH DIVIDEND,2023-05-21 18:30:00,2023-06-08 18:30:00,19356
CTC.N0000,CEYLON TOBACCO COMPANY PLC,CASH DIVIDEND,2023-05-22 18:30:00,2023-06-11 18:30:00,19369
CARG.N0000,CARGILLS (CEYLON) PLC,CASH DIVIDEND,2023-05-25 18:30:00,2023-06-14 18:30:00,19432
CTHR.N0000,C T HOLDINGS PLC,CASH DIVIDEND,2023-05-25 18:30:00,2023-06-14 18:30:00,19420
CINS,CEYLINCO INSURANCE PLC,CASH DIVIDEND,2023-05-28 18:30:00,2023-06-13 18:30:00,19053
CTC.N0000,CEYLON TOBACCO COMPANY PLC,CASH DIVIDEND,2023-05-28 18:30:00,2023-06-15 18:30:00,19003
CCS.N0000,CEYLON COLD STORES PLC,CASH DIVIDEND,2023-05-29 18:30:00,2023-06-18 18:30:00,19477
ELPL.N0000,ELPITIYA PLANTATIONS PLC,CASH DIVIDEND,2023-05-29 18:30:00,2023-06-18 18:30:00,19473
KFP.N0000,KEELLS FOOD PRODUCTS PLC,CASH DIVIDEND,2023-05-29 18:30:00,2023-06-18 18:30:00,19471
LION,LION BREWERY CEYLON PLC,CASH DIVIDEND,2023-05-29 18:30:00,2023-06-18 18:30:00,19478
BOPL.N0000,BOGAWANTALAWA TEA ESTATES PLC,CASH DIVIDEND,2023-05-30 18:30:00,2023-06-19 18:30:00,19498
JKH.N0000,JOHN KEELLS HOLDINGS PLC,CASH DIVIDEND,2023-05-31 18:30:00,2023-06-20 18:30:00,19504
JINS.N0000,JANASHAKTHI INSURANCE PLC,CASH DIVIDEND,2023-05-31 18:30:00,2023-06-20 18:30:00,19539
SIL.N0000,SAMSON INTERNATIONAL PLC,CASH DIVIDEND,2023-06-05 18:30:00,2023-06-25 18:30:00,19566
NEST,NESTLE LANKA PLC,CASH DIVIDEND,2023-06-05 18:30:00,2023-06-25 18:30:00,18571
PLR.N0000,PRIME LANDS RESIDENCIES PLC,CASH DIVIDEND,2023-06-05 18:30:00,2023-06-25 18:30:00,19567
HARI.N0000,HARISCHANDRA MILLS PLC,CASH DIVIDEND,2023-06-06 18:30:00,2023-06-26 18:30:00,19597
ASIY,ASIA SIYAKA COMMODITIES PLC,CASH DIVIDEND,2023-06-08 18:30:00,2023-06-29 18:30:00,19642
CTEA.N0000,DILMAH CEYLON TEA COMPANY PLC,CASH DIVIDEND,2023-06-08 18:30:00,2023-06-29 18:30:00,19612
VLL.X0000,VIDULLANKA PLC,CASH DIVIDEND,2023-06-08 18:30:00,2023-06-29 18:30:00,19632
VLL.N0000,VIDULLANKA PLC,CASH DIVIDEND,2023-06-08 18:30:00,2023-06-29 18:30:00,19632
CARE,PRINTCARE  PLC,CASH DIVIDEND,2023-06-08 18:30:00,2023-06-29 18:30:00,19630
DIMO.N0000,DIESEL & MOTOR ENGINEERING PLC,CASH DIVIDEND,2023-06-11 18:30:00,2023-07-03 18:30:00,19647
TKYO.N0000,TOKYO CEMENT COMPANY (LANKA) PLC,CASH DIVIDEND,2023-06-12 18:30:00,2023-07-03 18:30:00,19669
TKYO.X0000,TOKYO CEMENT COMPANY (LANKA) PLC,CASH DIVIDEND,2023-06-12 18:30:00,2023-07-03 18:30:00,19669
UCAR.N0000,UNION CHEMICALS LANKA PLC,CASH DIVIDEND,2023-06-12 18:30:00,2023-07-04 18:30:00,19284
GEST.N0000,GESTETNER OF CEYLON PLC,CASH DIVIDEND,2023-06-18 18:30:00,2023-06-29 18:30:00,19816
JAT.N0000,JAT HOLDINGS PLC,CASH DIVIDEND,2023-06-18 18:30:00,2023-07-10 18:30:00,19827
BREW.N0000,CEYLON BEVERAGE HOLDINGS PLC,CASH DIVIDEND,2023-06-21 18:30:00,2023-07-13 18:30:00,19873
CIT.N0000,COLOMBO INVESTMENT TRUST PLC,SCRIP DIVIDEND (DATES),2023-06-22 18:30:00,,19562
CFI.N0000,COLOMBO FORT INVESTMENTS PLC,SCRIP DIVIDEND (DATES),2023-06-22 18:30:00,,19570
SUN.N0000,SUNSHINE HOLDINGS PLC,CASH DIVIDEND,2023-06-25 18:30:00,2023-07-17 18:30:00,19542
WATA,WATAWALA PLANTATIONS PLC,CASH DIVIDEND,2023-06-25 18:30:00,2023-07-17 18:30:00,19532
MAL,MALWATTE VALLEY PLANTATIONS PLC,CASH DIVIDEND,2023-06-25 18:30:00,2023-07-17 18:30:00,19268
MGT.N0000,HAYLEYS FABRIC PLC,CASH DIVIDEND,2023-06-25 18:30:00,2023-07-10 18:30:00,19460
MELS.N0000,MELSTACORP PLC,CASH DIVIDEND,2023-06-26 18:30:00,2023-07-18 18:30:00,19920
DIST.N0000,DISTILLERIES COMPANY OF SRI LANKA PLC,CASH DIVIDEND,2023-06-26 18:30:00,2023-07-18 18:30:00,19918
VPEL.N0000,VALLIBEL POWER ERATHNA PLC,CASH DIVIDEND,2023-06-26 18:30:00,2023-07-18 18:30:00,19931
KVAL.N0000,KELANI VALLEY PLANTATIONS PLC,CASH DIVIDEND,2023-06-26 18:30:00,2023-07-13 18:30:00,19461
DIPD.N0000,DIPPED PRODUCTS PLC,CASH DIVIDEND,2023-06-27 18:30:00,2023-07-11 18:30:00,19462
CIND.N0000,CENTRAL INDUSTRIES PLC,CASH DIVIDEND,2023-06-29 18:30:00,2023-07-20 18:30:00,19547
UML.N0000,UNITED MOTORS LANKA PLC,CASH DIVIDEND,2023-06-29 18:30:00,2023-07-20 18:30:00,19619
CIND.N0000,CENTRAL INDUSTRIES PLC,SCRIP DIVIDEND (DATES),2023-06-29 18:30:00,,19733
HAYC.N0000,HAYCARB PLC,CASH DIVIDEND,2023-06-29 18:30:00,2023-07-13 18:30:00,19463
ABL.N0000,AMANA BANK PLC,SCRIP DIVIDEND (DATES),2023-06-29 18:30:00,,19994
LIOC.N0000,LANKA IOC PLC,CASH DIVIDEND,2023-06-29 18:30:00,2023-07-20 18:30:00,19856
RICH.N0000,RICHARD PIERIS AND COMPANY PLC,CASH DIVIDEND,2023-06-29 18:30:00,2023-07-19 18:30:00,19983
CIND.N0000,CENTRAL INDUSTRIES PLC,CASH DIVIDEND,2023-06-29 18:30:00,2023-07-20 18:30:00,19788
TILE.N0000,LANKA TILES PLC,CASH DIVIDEND,2023-07-03 18:30:00,2023-07-23 18:30:00,19606
PARQ.N0000,SWISSTEK (CEYLON) PLC,CASH DIVIDEND,2023-07-03 18:30:00,2023-07-23 18:30:00,19608
CIC,CIC HOLDINGS PLC,CASH DIVIDEND,2023-07-03 18:30:00,2023-07-23 18:30:00,19534
HHL.N0000,HEMAS HOLDINGS PLC,CASH DIVIDEND,2023-07-03 18:30:00,2023-07-23 18:30:00,19529
CHMX.N0000,CHEMANEX PLC,CASH DIVIDEND,2023-07-03 18:30:00,2023-07-23 18:30:00,19520
CFIN.N0000,CENTRAL FINANCE COMPANY PLC,CASH DIVIDEND,2023-07-03 18:30:00,2023-07-10 18:30:00,19665
LIOC.N0000,LANKA IOC PLC,CASH DIVIDEND,2023-07-03 18:30:00,2023-07-23 18:30:00,20045
NEST,NESTLE LANKA PLC,CASH DIVIDEND,2023-07-03 18:30:00,2023-07-23 18:30:00,19357
RCL.N0000,ROYAL CERAMICS LANKA PLC,CASH DIVIDEND,2023-07-03 18:30:00,2023-07-23 18:30:00,19682
SPEN.N0000,AITKEN SPENCE PLC,CASH DIVIDEND,2023-07-03 18:30:00,2023-07-23 18:30:00,19684
LFIN,L B FINANCE PLC,CASH DIVIDEND,2023-07-03 18:30:00,2023-07-23 18:30:00,19694
HOPL.N0000,HORANA PLANTATIONS PLC,CASH DIVIDEND,2023-07-03 18:30:00,2023-07-17 18:30:00,19501
LWL,LANKA WALLTILES PLC,CASH DIVIDEND,2023-07-03 18:30:00,2023-07-23 18:30:00,19607
GUAR.N0000,CEYLON GUARDIAN INVESTMENT TRUST PLC,CASH DIVIDEND,2023-07-06 18:30:00,2023-07-26 18:30:00,20032
VFIN.N0000,VALLIBEL FINANCE PLC,CASH DIVIDEND,2023-07-06 18:30:00,2023-07-26 18:30:00,20033
CINV.N0000,CEYLON INVESTMENT PLC,CASH DIVIDEND,2023-07-06 18:30:00,2023-07-26 18:30:00,20034
CARS.N0000,CARSON CUMBERBATCH PLC,CASH DIVIDEND,2023-07-12 18:30:00,2023-08-02 18:30:00,20189
GLAS.N0000,PGP GLASS CEYLON PLC,CASH DIVIDEND,2023-07-19 18:30:00,2023-08-09 18:30:00,19217
BFL.N0000,BAIRAHA FARMS PLC,CASH DIVIDEND,2023-07-25 18:30:00,2023-08-15 18:30:00,20297
CWM.N0000,C. W. MACKIE PLC,CASH DIVIDEND,2023-07-27 18:30:00,2023-08-17 18:30:00,19927
EXPO,EXPOLANKA HOLDINGS PLC,CASH DIVIDEND,2023-07-27 18:30:00,2023-08-17 18:30:00,20326
CTBL.N0000,CEYLON TEA BROKERS PLC,CASH DIVIDEND,2023-08-01 18:30:00,2023-08-21 18:30:00,20369
CDB.N0000,CITIZENS DEVELOPMENT BUSINESS FINANCE PLC,CASH DIVIDEND,2023-08-02 18:30:00,2023-08-20 18:30:00,20228
CDB.X0000,CITIZENS DEVELOPMENT BUSINESS FINANCE PLC,CASH DIVIDEND,2023-08-02 18:30:00,2023-08-20 18:30:00,20228
PLC.N0000,PEOPLE'S LEASING & FINANCE PLC,CASH DIVIDEND,2023-08-03 18:30:00,2023-08-23 18:30:00,20418
KCAB.N0000,KELANI CABLES PLC,CASH DIVIDEND,2023-08-08 18:30:00,2023-08-28 18:30:00,20470
APLA.N0000,ACL PLASTICS PLC,CASH DIVIDEND,2023-08-08 18:30:00,2023-08-28 18:30:00,20467
LLUB,CHEVRON LUBRICANTS LANKA PLC,CASH DIVIDEND,2023-08-09 18:30:00,2023-08-28 18:30:00,20499
HPL.N0000,HATTON PLANTATIONS PLC,CASH DIVIDEND,2023-08-10 18:30:00,2023-08-31 18:30:00,20534
ACL.N0000,ACL CABLES PLC,CASH DIVIDEND,2023-08-10 18:30:00,2023-08-31 18:30:00,20517
ASHO.N0000,LANKA ASHOK LEYLAND PLC,CASH DIVIDEND,2023-08-13 18:30:00,2023-09-03 18:30:00,19573
HPFL.N0000,LOTUS HYDRO POWER PLC,CASH DIVIDEND,2023-08-14 18:30:00,2023-09-04 18:30:00,20577
VONE.N0000,VALLIBEL ONE PLC,CASH DIVIDEND,2023-08-15 18:30:00,2023-09-05 18:30:00,20597
SFCL,SENKADAGALA FINANCE PLC,CASH DIVIDEND,2023-08-15 18:30:00,2023-09-05 18:30:00,20428
HBS.N0000,HSENID BUSINESS SOLUTIONS PLC,CASH DIVIDEND,2023-08-17 18:30:00,2023-09-07 18:30:00,20116
TJL.N0000,TEEJAY LANKA PLC,CASH DIVIDEND,2023-08-20 18:30:00,2023-09-10 18:30:00,20452
CTC.N0000,CEYLON TOBACCO COMPANY PLC,CASH DIVIDEND,2023-08-20 18:30:00,2023-09-10 18:30:00,20644
GRAN.N0000,CEYLON GRAIN ELEVATORS PLC,CASH DIVIDEND,2023-08-20 18:30:00,2023-09-10 18:30:00,20645
TAFL.N0000,THREE ACRE FARMS PLC,CASH DIVIDEND,2023-08-20 18:30:00,2023-09-10 18:30:00,20646
BUKI.N0000,BUKIT DARAH PLC,CASH DIVIDEND,2023-08-23 18:30:00,2023-09-13 18:30:00,20697
BRR.N0000,BANSEI ROYAL RESORTS HIKKADUWA PLC,CASH DIVIDEND,2023-08-23 18:30:00,2023-09-12 18:30:00,20522
TYRE.N0000,KELANI TYRES PLC,CASH DIVIDEND,2023-08-28 18:30:00,2023-09-18 18:30:00,20759
COCR.N0000,COMMERCIAL CREDIT AND FINANCE PLC,CASH DIVIDEND,2023-08-30 18:30:00,2023-09-06 18:30:00,20621
RHL.X0000,RENUKA HOLDINGS PLC,SCRIP DIVIDEND (DATES),2023-09-07 18:30:00,2023-10-01 18:30:00,20687
RHL.N0000,RENUKA HOLDINGS PLC,SCRIP DIVIDEND (DATES),2023-09-07 18:30:00,2023-10-01 18:30:00,20687
KZOO,SHAW WALLACE INVESTMENTS PLC,SCRIP DIVIDEND (DATES),2023-09-07 18:30:00,2023-10-01 18:30:00,20686
WAPO.N0000,GALLE FACE CAPITAL PARTNERS PLC,SCRIP DIVIDEND (DATES),2023-09-07 18:30:00,2023-10-01 18:30:00,20685
RAL.N0000,RENUKA AGRI FOODS PLC,SCRIP DIVIDEND (DATES),2023-09-07 18:30:00,2023-10-01 18:30:00,20681
COCO.X0000,RENUKA FOODS PLC,SCRIP DIVIDEND (DATES),2023-09-07 18:30:00,2023-10-01 18:30:00,20684
COCO.N0000,RENUKA FOODS PLC,SCRIP DIVIDEND (DATES),2023-09-07 18:30:00,2023-10-01 18:30:00,20684
HARI.N0000,HARISCHANDRA MILLS PLC,CASH DIVIDEND,2023-09-10 18:30:00,2023-10-02 18:30:00,21242
SWAD,SWADESHI INDUSTRIAL WORKS PLC,CASH DIVIDEND,2023-09-10 18:30:00,2023-10-02 18:30:00,20436
SOY,CONVENIENCE  FOODS (LANKA )PLC,CASH DIVIDEND,2023-09-11 18:30:00,2023-09-26 18:30:00,20451
CALT.N0000,CAPITAL ALLIANCE PLC,CASH DIVIDEND,2023-09-20 18:30:00,2023-10-12 18:30:00,20808
SLND.N0000,SERENDIB LAND PLC,CASH DIVIDEND,2023-09-20 18:30:00,2023-10-12 18:30:00,20939
ABAN.N0000,ABANS ELECTRICALS PLC,CASH DIVIDEND,2023-09-24 18:30:00,2023-10-16 18:30:00,20943
LCEY.N0000,LANKEM CEYLON PLC,CASH DIVIDEND,2023-09-25 18:30:00,2023-10-17 18:30:00,21057
ALLI.N0000,ALLIANCE FINANCE COMPANY PLC,CASH DIVIDEND,2023-09-26 18:30:00,2023-10-18 18:30:00,20984
RENU,RENUKA CITY HOTEL PLC,CASH DIVIDEND,2023-09-26 18:30:00,2023-10-18 18:30:00,20901
CABO.N0000,CARGO BOAT DEVELOPMENT COMPANY PLC,CASH DIVIDEND,2023-09-26 18:30:00,2023-10-18 18:30:00,20903
RCH.N0000,RENUKA HOTELS PLC,CASH DIVIDEND,2023-09-26 18:30:00,2023-10-18 18:30:00,20909
LUMX.N0000,LUMINEX PLC,CASH DIVIDEND,2023-09-26 18:30:00,2023-10-18 18:30:00,20682
MCPL.N0000,MAHAWELI COCONUT PLANTATIONS PLC,CASH DIVIDEND,2023-10-01 18:30:00,2023-10-17 18:30:00,20494
CFLB,THE COLOMBO FORT LAND & BUILDING PLC,CASH DIVIDEND,2023-10-01 18:30:00,2023-10-19 18:30:00,21045
CTEA.N0000,DILMAH CEYLON TEA COMPANY PLC,CASH DIVIDEND,2023-10-01 18:30:00,2023-10-19 18:30:00,21033
LPRT,LAKE HOUSE PRINTERS AND PUBLISHERS PLC,CASH DIVIDEND,2023-10-01 18:30:00,2023-10-19 18:30:00,20858
RWSL.N0000,RAIGAM WAYAMBA SALTERNS PLC,CASH DIVIDEND,2023-10-01 18:30:00,2023-10-19 18:30:00,20928
SHAW.N0000,LEE HEDGES PLC,CASH DIVIDEND,2023-10-01 18:30:00,2023-10-19 18:30:00,20896
HUNT,HUNTERS & COMPANY PLC,CASH DIVIDEND,2023-10-01 18:30:00,2023-10-19 18:30:00,20736
GREG.N0000,AMBEON HOLDINGS PLC,CASH DIVIDEND,2023-10-08 18:30:00,2023-10-26 18:30:00,21406
MGT.N0000,HAYLEYS FABRIC PLC,CASH DIVIDEND,2023-10-08 18:30:00,2023-10-19 18:30:00,21418
DIPD.N0000,DIPPED PRODUCTS PLC,CASH DIVIDEND,2023-10-08 18:30:00,2023-10-22 18:30:00,21421
TPL,TALAWAKELLE TEA ESTATES  PLC,CASH DIVIDEND,2023-10-09 18:30:00,2023-10-19 18:30:00,21462
HAYC.N0000,HAYCARB PLC,CASH DIVIDEND,2023-10-09 18:30:00,2023-10-19 18:30:00,21439
KVAL.N0000,KELANI VALLEY PLANTATIONS PLC,CASH DIVIDEND,2023-10-09 18:30:00,2023-10-22 18:30:00,21447
AAF.N0000,ASIA ASSET FINANCE PLC,CASH DIVIDEND,2023-10-15 18:30:00,2023-11-02 18:30:00,21573
FCT.N0000,FIRST CAPITAL TREASURIES PLC,CASH DIVIDEND,2023-10-19 18:30:00,2023-11-08 18:30:00,21617
UCAR.N0000,UNION CHEMICALS LANKA PLC,CASH DIVIDEND,2023-10-23 18:30:00,2023-11-08 18:30:00,21648
GEST.N0000,GESTETNER OF CEYLON PLC,CASH DIVIDEND,2023-10-26 18:30:00,2023-11-15 18:30:00,21681
SDF.N0000,SARVODAYA DEVELOPMENT FINANCE PLC,CASH DIVIDEND,2023-10-26 18:30:00,2023-11-15 18:30:00,21683
CFVF.N0000,FIRST CAPITAL HOLDINGS PLC,CASH DIVIDEND,2023-10-26 18:30:00,2023-11-13 18:30:00,21685
BFL.N0000,BAIRAHA FARMS PLC,CASH DIVIDEND,2023-10-29 18:30:00,2023-11-16 18:30:00,21694
LHCL.N0000,THE LANKA HOSPITALS CORPORATION PLC,CASH DIVIDEND,2023-10-30 18:30:00,2023-11-19 18:30:00,21706
LLUB,CHEVRON LUBRICANTS LANKA PLC,CASH DIVIDEND,2023-11-02 18:30:00,2023-11-22 18:30:00,21743
CARG.N0000,CARGILLS (CEYLON) PLC,CASH DIVIDEND,2023-11-06 18:30:00,2023-11-26 18:30:00,21784
CTHR.N0000,C T HOLDINGS PLC,CASH DIVIDEND,2023-11-06 18:30:00,2023-11-26 18:30:00,21787
DIST.N0000,DISTILLERIES COMPANY OF SRI LANKA PLC,CASH DIVIDEND,2023-11-13 18:30:00,2023-11-30 18:30:00,21910
MELS.N0000,MELSTACORP PLC,CASH DIVIDEND,2023-11-13 18:30:00,2023-12-03 18:30:00,21916
JKH.N0000,JOHN KEELLS HOLDINGS PLC,CASH DIVIDEND,2023-11-15 18:30:00,2023-12-05 18:30:00,21929
VLL.X0000,VIDULLANKA PLC,CASH DIVIDEND,2023-11-16 18:30:00,2023-12-06 18:30:00,21948
VLL.N0000,VIDULLANKA PLC,CASH DIVIDEND,2023-11-16 18:30:00,2023-12-06 18:30:00,21948
HHL.N0000,HEMAS HOLDINGS PLC,CASH DIVIDEND,2023-11-19 18:30:00,2023-12-07 18:30:00,21973
CTC.N0000,CEYLON TOBACCO COMPANY PLC,CASH DIVIDEND,2023-11-19 18:30:00,2023-12-07 18:30:00,21975
SFIN,SINGER FINANCE (LANKA) PLC,CASH DIVIDEND,2023-11-19 18:30:00,2023-11-30 18:30:00,21976
WATA,WATAWALA PLANTATIONS PLC,CASH DIVIDEND,2023-11-19 18:30:00,2023-12-07 18:30:00,21981
SUN.N0000,SUNSHINE HOLDINGS PLC,CASH DIVIDEND,2023-11-20 18:30:00,2023-12-10 18:30:00,21994
LION,LION BREWERY CEYLON PLC,CASH DIVIDEND,2023-11-23 18:30:00,2023-12-13 18:30:00,22027
PACK.N0000,EX-PACK CORRUGATED CARTONS PLC,CASH DIVIDEND,2023-11-23 18:30:00,2023-12-13 18:30:00,22036
ASIY,ASIA SIYAKA COMMODITIES PLC,CASH DIVIDEND,2023-11-26 18:30:00,2023-12-14 18:30:00,22049
ETWO.N0000,EQUITY TWO PLC,CASH DIVIDEND,2023-11-28 18:30:00,2023-12-18 18:30:00,22085
COMD.N0000,COMMERCIAL DEVELOPMENT COMPANY PLC,CASH DIVIDEND,2023-12-04 18:30:00,2023-12-26 18:30:00,22148
HPWR.N0000,RESUS ENERGY PLC,CASH DIVIDEND,2023-12-10 18:30:00,2024-01-02 18:30:00,22201
BREW.N0000,CEYLON BEVERAGE HOLDINGS PLC,CASH DIVIDEND,2023-12-14 18:30:00,2024-01-07 18:30:00,22272
CFIN.N0000,CENTRAL FINANCE COMPANY PLC,CASH DIVIDEND,2024-01-01 18:30:00,2024-01-08 18:30:00,22424
PLC.N0000,PEOPLE'S LEASING & FINANCE PLC,SCRIP DIVIDEND (DATES),2024-01-07 18:30:00,,22552
MGT.N0000,HAYLEYS FABRIC PLC,CASH DIVIDEND,2024-01-09 18:30:00,2024-01-22 18:30:00,22556
KVAL.N0000,KELANI VALLEY PLANTATIONS PLC,CASH DIVIDEND,2024-01-09 18:30:00,2024-01-23 18:30:00,22555
DIPD.N0000,DIPPED PRODUCTS PLC,CASH DIVIDEND,2024-01-09 18:30:00,2024-01-23 18:30:00,22559
HOPL.N0000,HORANA PLANTATIONS PLC,CASH DIVIDEND,2024-01-09 18:30:00,2024-01-22 18:30:00,22558
HAYC.N0000,HAYCARB PLC,CASH DIVIDEND,2024-01-09 18:30:00,2024-01-23 18:30:00,22560
TPL,TALAWAKELLE TEA ESTATES  PLC,CASH DIVIDEND,2024-01-10 18:30:00,2024-01-28 18:30:00,22607
CALT.N0000,CAPITAL ALLIANCE PLC,CASH DIVIDEND,2024-01-23 18:30:00,2024-02-14 18:30:00,22773
HPL.N0000,HATTON PLANTATIONS PLC,CASH DIVIDEND,2024-02-01 18:30:00,2024-02-25 18:30:00,22878
JKH.N0000,JOHN KEELLS HOLDINGS PLC,CASH DIVIDEND,2024-02-11 18:30:00,2024-03-03 18:30:00,22970
TAFL.N0000,THREE ACRE FARMS PLC,CASH DIVIDEND,2024-02-12 18:30:00,2024-03-04 18:30:00,22997
GRAN.N0000,CEYLON GRAIN ELEVATORS PLC,CASH DIVIDEND,2024-02-12 18:30:00,2024-03-04 18:30:00,22996
WIND.N0000,WINDFORCE PLC,CASH DIVIDEND,2024-02-18 18:30:00,2024-03-11 18:30:00,23052
CARE,PRINTCARE  PLC,CASH DIVIDEND,2024-02-19 18:30:00,2024-03-12 18:30:00,23068
CCS.N0000,CEYLON COLD STORES PLC,CASH DIVIDEND,2024-02-21 18:30:00,2024-03-14 18:30:00,23082
CTEA.N0000,DILMAH CEYLON TEA COMPANY PLC,CASH DIVIDEND,2024-02-25 18:30:00,2024-03-17 18:30:00,23105
AEL.N0000,ACCESS ENGINEERING PLC,CASH DIVIDEND,2024-02-25 18:30:00,2024-03-17 18:30:00,23093
DFCC.N0000,DFCC BANK PLC,CASH DIVIDEND,2024-02-28 18:30:00,2024-03-20 18:30:00,23156
DFCC.N0000,DFCC BANK PLC,SCRIP DIVIDEND (DATES),2024-02-28 18:30:00,,23180
JAT.N0000,JAT HOLDINGS PLC,CASH DIVIDEND,2024-03-03 18:30:00,2024-03-24 18:30:00,23190
DIST.N0000,DISTILLERIES COMPANY OF SRI LANKA PLC,CASH DIVIDEND,2024-03-03 18:30:00,2024-03-21 18:30:00,23189
BPPL.N0000,B P P L HOLDINGS PLC,CASH DIVIDEND,2024-03-03 18:30:00,2024-03-24 18:30:00,23184
MELS.N0000,MELSTACORP PLC,CASH DIVIDEND,2024-03-04 18:30:00,2024-03-25 18:30:00,23208
AFS.N0000,ALPHA FIRE SERVICES PLC,CASH DIVIDEND,2024-03-04 18:30:00,2024-03-17 18:30:00,23204
VPEL.N0000,VALLIBEL POWER ERATHNA PLC,CASH DIVIDEND,2024-03-05 18:30:00,2024-03-26 18:30:00,23219
NTB.X0000,NATIONS TRUST BANK PLC,CASH DIVIDEND,2024-03-05 18:30:00,2024-03-26 18:30:00,23223
NTB.N0000,NATIONS TRUST BANK PLC,SCRIP DIVIDEND (DATES),2024-03-05 18:30:00,,23254
NTB.N0000,NATIONS TRUST BANK PLC,CASH DIVIDEND,2024-03-05 18:30:00,2024-03-26 18:30:00,23223
NTB.X0000,NATIONS TRUST BANK PLC,SCRIP DIVIDEND (DATES),2024-03-05 18:30:00,,23254
LMF.N0000,LANKA MILK FOODS (CWE) PLC,CASH DIVIDEND,2024-03-05 18:30:00,2024-03-26 18:30:00,23220
COLO.N0000,C M HOLDINGS PLC,CASH DIVIDEND,2024-03-06 18:30:00,2024-03-27 18:30:00,23245
LLUB,CHEVRON LUBRICANTS LANKA PLC,CASH DIVIDEND,2024-03-06 18:30:00,2024-03-27 18:30:00,23242
CTC.N0000,CEYLON TOBACCO COMPANY PLC,CASH DIVIDEND,2024-03-11 18:30:00,2024-04-01 18:30:00,23271
UAL.N0000,UNION ASSURANCE PLC,CASH DIVIDEND,2024-03-11 18:30:00,2024-04-01 18:30:00,23272
NEH.N0000,THE NUWARA ELIYA HOTELS COMPANY PLC,CASH DIVIDEND,2024-03-12 18:30:00,2024-03-21 18:30:00,23309
TILE.N0000,LANKA TILES PLC,CASH DIVIDEND,2024-03-13 18:30:00,2024-04-03 18:30:00,23357
AAIC.N0000,SOFTLOGIC LIFE INSURANCE PLC,CASH DIVIDEND,2024-03-13 18:30:00,2024-04-03 18:30:00,23331
LWL,LANKA WALLTILES PLC,CASH DIVIDEND,2024-03-13 18:30:00,2024-04-03 18:30:00,23359
PARQ.N0000,SWISSTEK (CEYLON) PLC,CASH DIVIDEND,2024-03-13 18:30:00,2024-04-03 18:30:00,23353
KGAL,KEGALLE PLANTATIONS PLC,CASH DIVIDEND,2024-03-14 18:30:00,2024-04-03 18:30:00,23392
NAMU.N0000,NAMUNUKULA PLANTATIONS PLC,CASH DIVIDEND,2024-03-14 18:30:00,2024-04-03 18:30:00,23393
LITE,LAXAPANA BATTERIES PLC,CASH DIVIDEND,2024-03-17 18:30:00,2024-03-25 18:30:00,23399
RCL.N0000,ROYAL CERAMICS LANKA PLC,CASH DIVIDEND,2024-03-17 18:30:00,2024-04-07 18:30:00,23403
LFIN,L B FINANCE PLC,CASH DIVIDEND,2024-03-18 18:30:00,2024-04-08 18:30:00,23444
EBCR.N0000,E B CREASY & COMPANY PLC,CASH DIVIDEND,2024-03-18 18:30:00,2024-03-26 18:30:00,23441
JKL.N0000,JOHN KEELLS PLC,CASH DIVIDEND,2024-03-18 18:30:00,2024-04-08 18:30:00,23440
PACK.N0000,EX-PACK CORRUGATED CARTONS PLC,CASH DIVIDEND,2024-03-19 18:30:00,2024-04-09 18:30:00,23456
REXP.N0000,RICHARD PIERIS EXPORTS PLC,CASH DIVIDEND,2024-03-24 18:30:00,2024-04-15 18:30:00,23491
MERC.N0000,MERCANTILE INVESTMENTS AND FINANCE PLC,CASH DIVIDEND,2024-03-24 18:30:00,2024-04-03 18:30:00,23485
NDB.N0000,NATIONAL DEVELOPMENT BANK PLC,SCRIP DIVIDEND (DATES),2024-03-25 18:30:00,,23524
NDB.N0000,NATIONAL DEVELOPMENT BANK PLC,CASH DIVIDEND,2024-03-25 18:30:00,2024-04-17 18:30:00,23503
FCT.N0000,FIRST CAPITAL TREASURIES PLC,CASH DIVIDEND,2024-03-25 18:30:00,2024-04-17 18:30:00,23505
CERA.N0000,LANKA CERAMIC PLC,CASH DIVIDEND,2024-03-27 18:30:00,2024-04-21 18:30:00,23518
COMD.N0000,COMMERCIAL DEVELOPMENT COMPANY PLC,CASH DIVIDEND,2024-03-27 18:30:00,2024-04-21 18:30:00,23130
COMB.X0000,COMMERCIAL BANK OF CEYLON PLC,CASH DIVIDEND,2024-03-31 18:30:00,2024-04-23 18:30:00,23196
SAMP.N0000,SAMPATH BANK PLC,CASH DIVIDEND,2024-03-31 18:30:00,2024-04-23 18:30:00,23109
HNB.N0000,HATTON NATIONAL BANK PLC,SCRIP DIVIDEND (DATES),2024-03-31 18:30:00,2024-04-15 18:30:00,23228
HNB.X0000,HATTON NATIONAL BANK PLC,SCRIP DIVIDEND (DATES),2024-03-31 18:30:00,2024-04-15 18:30:00,23228
HNB.N0000,HATTON NATIONAL BANK PLC,CASH DIVIDEND,2024-03-31 18:30:00,2024-04-15 18:30:00,23119
HNB.X0000,HATTON NATIONAL BANK PLC,CASH DIVIDEND,2024-03-31 18:30:00,2024-04-15 18:30:00,23119
PABC.N0000,PAN ASIA BANKING CORPORATION PLC,CASH DIVIDEND,2024-03-31 18:30:00,2024-04-23 18:30:00,23133
HNB.N0000,HATTON NATIONAL BANK PLC,CASH DIVIDEND,2024-03-31 18:30:00,2024-04-15 18:30:00,23134
HNB.X0000,HATTON NATIONAL BANK PLC,CASH DIVIDEND,2024-03-31 18:30:00,2024-04-15 18:30:00,23134
SEYB.N0000,SEYLAN BANK PLC,CASH DIVIDEND,2024-03-31 18:30:00,2024-04-23 18:30:00,23177
SEYB.X0000,SEYLAN BANK PLC,CASH DIVIDEND,2024-03-31 18:30:00,2024-04-23 18:30:00,23177
COMB.N0000,COMMERCIAL BANK OF CEYLON PLC,CASH DIVIDEND,2024-03-31 18:30:00,2024-04-23 18:30:00,23196
COMB.X0000,COMMERCIAL BANK OF CEYLON PLC,SCRIP DIVIDEND (DATES),2024-03-31 18:30:00,,23253
COMB.N0000,COMMERCIAL BANK OF CEYLON PLC,SCRIP DIVIDEND (DATES),2024-03-31 18:30:00,,23253
PAP.N0000,PANASIAN POWER PLC,CASH DIVIDEND,2024-04-01 18:30:00,2024-04-24 18:30:00,23547
HASU.N0000,HNB ASSURANCE PLC,CASH DIVIDEND,2024-04-02 18:30:00,2024-04-25 18:30:00,23113
ETWO.N0000,EQUITY TWO PLC,CASH DIVIDEND,2024-04-04 18:30:00,2024-04-29 18:30:00,23571
TPL,TALAWAKELLE TEA ESTATES  PLC,CASH DIVIDEND,2024-04-08 18:30:00,2024-04-25 18:30:00,23617
HAYC.N0000,HAYCARB PLC,CASH DIVIDEND,2024-04-08 18:30:00,2024-04-28 18:30:00,23615
DIPD.N0000,DIPPED PRODUCTS PLC,CASH DIVIDEND,2024-04-08 18:30:00,2024-04-24 18:30:00,23614
CFVF.N0000,FIRST CAPITAL HOLDINGS PLC,CASH DIVIDEND,2024-04-08 18:30:00,2024-05-02 18:30:00,23644
KVAL.N0000,KELANI VALLEY PLANTATIONS PLC,CASH DIVIDEND,2024-04-08 18:30:00,2024-04-28 18:30:00,23616
MGT.N0000,HAYLEYS FABRIC PLC,CASH DIVIDEND,2024-04-08 18:30:00,2024-04-25 18:30:00,23618
HOPL.N0000,HORANA PLANTATIONS PLC,CASH DIVIDEND,2024-04-08 18:30:00,2024-04-24 18:30:00,23619
HAYL.N0000,HAYLEYS PLC,CASH DIVIDEND,2024-04-09 18:30:00,2024-04-24 18:30:00,23658
OSEA.N0000,OVERSEAS REALTY (CEYLON) PLC,CASH DIVIDEND,2024-04-24 18:30:00,2024-05-13 18:30:00,23195
ONAL,ON ALLY HOLDINGS PLC,CASH DIVIDEND,2024-04-24 18:30:00,2024-05-15 18:30:00,23882
CALT.N0000,CAPITAL ALLIANCE PLC,CASH DIVIDEND,2024-04-28 18:30:00,2024-05-19 18:30:00,23907
JINS.N0000,JANASHAKTHI INSURANCE PLC,CASH DIVIDEND,2024-05-19 18:30:00,2024-06-10 18:30:00,24033
JINS.N0000,JANASHAKTHI INSURANCE PLC,CASH DIVIDEND,2024-05-19 18:30:00,2024-06-10 18:30:00,24028
LION,LION BREWERY CEYLON PLC,CASH DIVIDEND,2024-05-19 18:30:00,2024-06-10 18:30:00,24176
CCS.N0000,CEYLON COLD STORES PLC,CASH DIVIDEND,2024-05-19 18:30:00,2024-06-10 18:30:00,24175
CTC.N0000,CEYLON TOBACCO COMPANY PLC,CASH DIVIDEND,2024-05-21 18:30:00,2024-06-12 18:30:00,24201
CINS,CEYLINCO INSURANCE PLC,CASH DIVIDEND,2024-05-21 18:30:00,2024-05-30 18:30:00,23538
CARS.N0000,CARSON CUMBERBATCH PLC,CASH DIVIDEND,2024-05-26 18:30:00,2024-06-13 18:30:00,24213
HARI.N0000,HARISCHANDRA MILLS PLC,CASH DIVIDEND,2024-05-26 18:30:00,2024-06-13 18:30:00,24206
CARG.N0000,CARGILLS (CEYLON) PLC,CASH DIVIDEND,2024-05-28 18:30:00,2024-06-18 18:30:00,24239
PINS.N0000,PEOPLE'S INSURANCE PLC,SCRIP DIVIDEND (DATES),2024-05-28 18:30:00,,24060
CTC.N0000,CEYLON TOBACCO COMPANY PLC,CASH DIVIDEND,2024-05-28 18:30:00,2024-06-18 18:30:00,23905
CTHR.N0000,C T HOLDINGS PLC,CASH DIVIDEND,2024-05-28 18:30:00,2024-06-18 18:30:00,24240
JKH.N0000,JOHN KEELLS HOLDINGS PLC,CASH DIVIDEND,2024-06-02 18:30:00,2024-06-24 18:30:00,24296
SDB.N0000,SANASA DEVELOPMENT BANK PLC,SCRIP DIVIDEND (DATES),2024-06-02 18:30:00,,24157
ASIY,ASIA SIYAKA COMMODITIES PLC,CASH DIVIDEND,2024-06-05 18:30:00,2024-06-27 18:30:00,24387
PLR.N0000,PRIME LANDS RESIDENCIES PLC,CASH DIVIDEND,2024-06-06 18:30:00,2024-06-25 18:30:00,24444
BFL.N0000,BAIRAHA FARMS PLC,CASH DIVIDEND,2024-06-06 18:30:00,2024-06-30 18:30:00,24461
LLUB,CHEVRON LUBRICANTS LANKA PLC,CASH DIVIDEND,2024-06-09 18:30:00,2024-06-30 18:30:00,24490
VLL.N0000,VIDULLANKA PLC,CASH DIVIDEND,2024-06-09 18:30:00,2024-06-30 18:30:00,24504
VLL.X0000,VIDULLANKA PLC,CASH DIVIDEND,2024-06-09 18:30:00,2024-06-30 18:30:00,24504
VLL.X0000,VIDULLANKA PLC,CASH DIVIDEND,2024-06-10 18:30:00,2024-07-01 18:30:00,24626
VLL.N0000,VIDULLANKA PLC,CASH DIVIDEND,2024-06-10 18:30:00,2024-07-01 18:30:00,24626
LLUB,CHEVRON LUBRICANTS LANKA PLC,CASH DIVIDEND,2024-06-10 18:30:00,2024-07-01 18:30:00,24703
UCAR.N0000,UNION CHEMICALS LANKA PLC,CASH DIVIDEND,2024-06-10 18:30:00,2024-06-27 18:30:00,24425
CHL,CEYLON HOSPITALS PLC (DURDANS),CASH DIVIDEND,2024-06-10 18:30:00,2024-07-01 18:30:00,24542
UCAR.N0000,UNION CHEMICALS LANKA PLC,CASH DIVIDEND,2024-06-10 18:30:00,2024-06-27 18:30:00,24072
BREW.N0000,CEYLON BEVERAGE HOLDINGS PLC,CASH DIVIDEND,2024-06-11 18:30:00,2024-07-02 18:30:00,24587
DIAL.N0000,DIALOG AXIATA PLC,CASH DIVIDEND,2024-06-13 18:30:00,2024-07-07 18:30:00,23188
DIAL.N0000,DIALOG AXIATA PLC,CASH DIVIDEND,2024-06-13 18:30:00,2024-07-04 18:30:00,24389
BUKI.N0000,BUKIT DARAH PLC,CASH DIVIDEND,2024-06-17 18:30:00,2024-07-07 18:30:00,24749
COOP.N0000,CO-OPERATIVE INSURANCE COMPANY PLC,CASH DIVIDEND,2024-06-24 18:30:00,2024-07-11 18:30:00,24820
DIST.N0000,DISTILLERIES COMPANY OF SRI LANKA PLC,CASH DIVIDEND,2024-06-25 18:30:00,2024-07-11 18:30:00,24828
MELS.N0000,MELSTACORP PLC,CASH DIVIDEND,2024-06-25 18:30:00,2024-07-11 18:30:00,24839
CIND.N0000,CENTRAL INDUSTRIES PLC,CASH DIVIDEND,2024-06-27 18:30:00,2024-07-16 18:30:00,24289
VFIN.N0000,VALLIBEL FINANCE PLC,CASH DIVIDEND,2024-06-27 18:30:00,2024-07-16 18:30:00,24888
HHL.N0000,HEMAS HOLDINGS PLC,CASH DIVIDEND,2024-06-27 18:30:00,2024-07-16 18:30:00,24316
LFIN,L B FINANCE PLC,CASH DIVIDEND,2024-06-30 18:30:00,2024-07-17 18:30:00,24363
CWM.N0000,C. W. MACKIE PLC,CASH DIVIDEND,2024-06-30 18:30:00,2024-07-17 18:30:00,24496
ALLI.N0000,ALLIANCE FINANCE COMPANY PLC,CASH DIVIDEND,2024-06-30 18:30:00,2024-07-17 18:30:00,24394
CERA.N0000,LANKA CERAMIC PLC,CASH DIVIDEND,2024-06-30 18:30:00,2024-07-17 18:30:00,24414
RCL.N0000,ROYAL CERAMICS LANKA PLC,CASH DIVIDEND,2024-06-30 18:30:00,2024-07-17 18:30:00,24416
TILE.N0000,LANKA TILES PLC,CASH DIVIDEND,2024-06-30 18:30:00,2024-07-17 18:30:00,24403
WATA,WATAWALA PLANTATIONS PLC,CASH DIVIDEND,2024-06-30 18:30:00,2024-07-17 18:30:00,24457
CHMX.N0000,CHEMANEX PLC,CASH DIVIDEND,2024-06-30 18:30:00,2024-07-17 18:30:00,24411
ELPL.N0000,ELPITIYA PLANTATIONS PLC,CASH DIVIDEND,2024-06-30 18:30:00,2024-07-17 18:30:00,24453
CFIN.N0000,CENTRAL FINANCE COMPANY PLC,CASH DIVIDEND,2024-06-30 18:30:00,2024-07-04 18:30:00,24428
CIC,CIC HOLDINGS PLC,CASH DIVIDEND,2024-06-30 18:30:00,2024-07-17 18:30:00,24412
PARQ.N0000,SWISSTEK (CEYLON) PLC,CASH DIVIDEND,2024-06-30 18:30:00,2024-07-17 18:30:00,24402
LWL,LANKA WALLTILES PLC,CASH DIVIDEND,2024-06-30 18:30:00,2024-07-17 18:30:00,24404
RIL.N0000,R I L PROPERTY PLC,CASH DIVIDEND,2024-06-30 18:30:00,2024-07-17 18:30:00,24550
UML.N0000,UNITED MOTORS LANKA PLC,CASH DIVIDEND,2024-06-30 18:30:00,2024-07-17 18:30:00,24552
UML.N0000,UNITED MOTORS LANKA PLC,CASH DIVIDEND,2024-06-30 18:30:00,2024-07-17 18:30:00,24594
LIOC.N0000,LANKA IOC PLC,CASH DIVIDEND,2024-06-30 18:30:00,2024-07-17 18:30:00,24649
TJL.N0000,TEEJAY LANKA PLC,CASH DIVIDEND,2024-06-30 18:30:00,2024-07-17 18:30:00,24699
CFIN.N0000,CENTRAL FINANCE COMPANY PLC,CASH DIVIDEND,2024-06-30 18:30:00,2024-07-07 18:30:00,24230
CSD.N0000,SEYLAN DEVELOPMENTS PLC,CASH DIVIDEND,2024-06-30 18:30:00,2024-07-17 18:30:00,24241
LHL,THE LIGHTHOUSE HOTEL PLC,CASH DIVIDEND,2024-06-30 18:30:00,2024-07-17 18:30:00,24287
SUN.N0000,SUNSHINE HOLDINGS PLC,CASH DIVIDEND,2024-06-30 18:30:00,2024-07-17 18:30:00,24516
DIMO.N0000,DIESEL & MOTOR ENGINEERING PLC,CASH DIVIDEND,2024-07-01 18:30:00,2024-07-18 18:30:00,25282
LIOC.N0000,LANKA IOC PLC,CASH DIVIDEND,2024-07-01 18:30:00,2024-07-18 18:30:00,24885
DIMO.N0000,DIESEL & MOTOR ENGINEERING PLC,CASH DIVIDEND,2024-07-01 18:30:00,2024-07-18 18:30:00,24946
PLC.N0000,PEOPLE'S LEASING & FINANCE PLC,CASH DIVIDEND,2024-07-01 18:30:00,2024-07-18 18:30:00,24942
CARE,PRINTCARE  PLC,CASH DIVIDEND,2024-07-04 18:30:00,2024-07-23 18:30:00,25014
MGT.N0000,HAYLEYS FABRIC PLC,CASH DIVIDEND,2024-07-08 18:30:00,2024-07-18 18:30:00,25139
DIPD.N0000,DIPPED PRODUCTS PLC,CASH DIVIDEND,2024-07-08 18:30:00,2024-07-17 18:30:00,25152
VONE.N0000,VALLIBEL ONE PLC,CASH DIVIDEND,2024-07-08 18:30:00,2024-07-25 18:30:00,25149
HAYC.N0000,HAYCARB PLC,CASH DIVIDEND,2024-07-08 18:30:00,2024-07-17 18:30:00,25125
SINS.N0000,SINGER (SRI LANKA) PLC,CASH DIVIDEND,2024-07-08 18:30:00,2024-07-18 18:30:00,25150
JAT.N0000,JAT HOLDINGS PLC,CASH DIVIDEND,2024-07-09 18:30:00,2024-07-28 18:30:00,25204
CDB.X0000,CITIZENS DEVELOPMENT BUSINESS FINANCE PLC,CASH DIVIDEND,2024-07-18 18:30:00,2024-08-06 18:30:00,25037
CDB.N0000,CITIZENS DEVELOPMENT BUSINESS FINANCE PLC,CASH DIVIDEND,2024-07-18 18:30:00,2024-08-06 18:30:00,25037
GLAS.N0000,PGP GLASS CEYLON PLC,CASH DIVIDEND,2024-07-28 18:30:00,2024-08-14 18:30:00,24399
GLAS.N0000,PGP GLASS CEYLON PLC,CASH DIVIDEND,2024-07-28 18:30:00,2024-08-15 18:30:00,24001
COCR.N0000,COMMERCIAL CREDIT AND FINANCE PLC,CASH DIVIDEND,2024-07-31 18:30:00,2024-08-06 18:30:00,25272
KCAB.N0000,KELANI CABLES PLC,CASH DIVIDEND,2024-07-31 18:30:00,2024-08-20 18:30:00,25520
SPEN.N0000,AITKEN SPENCE PLC,CASH DIVIDEND,2024-08-01 18:30:00,2024-08-21 18:30:00,25021
APLA.N0000,ACL PLASTICS PLC,CASH DIVIDEND,2024-08-04 18:30:00,2024-08-22 18:30:00,25552
SFCL,SENKADAGALA FINANCE PLC,CASH DIVIDEND,2024-08-05 18:30:00,2024-08-25 18:30:00,25417
BPPL.N0000,B P P L HOLDINGS PLC,CASH DIVIDEND,2024-08-05 18:30:00,2024-08-25 18:30:00,25561
SPEN.N0000,AITKEN SPENCE PLC,CASH DIVIDEND,2024-08-06 18:30:00,2024-08-26 18:30:00,25270
CCS.N0000,CEYLON COLD STORES PLC,CASH DIVIDEND,2024-08-06 18:30:00,2024-08-26 18:30:00,25580
LLUB,CHEVRON LUBRICANTS LANKA PLC,CASH DIVIDEND,2024-08-07 18:30:00,2024-08-27 18:30:00,25613
RICH.N0000,RICHARD PIERIS AND COMPANY PLC,CASH DIVIDEND,2024-08-13 18:30:00,2024-09-02 18:30:00,25768
HBS.N0000,HSENID BUSINESS SOLUTIONS PLC,CASH DIVIDEND,2024-08-15 18:30:00,2024-09-04 18:30:00,25531
HBS.N0000,HSENID BUSINESS SOLUTIONS PLC,SCRIP DIVIDEND (DATES),2024-08-15 18:30:00,,25537
AEL.N0000,ACCESS ENGINEERING PLC,CASH DIVIDEND,2024-08-19 18:30:00,2024-09-04 18:30:00,25843
RFL.N0000,RAMBODA FALLS PLC,CASH DIVIDEND,2024-08-19 18:30:00,2024-09-05 18:30:00,25832
CTC.N0000,CEYLON TOBACCO COMPANY PLC,CASH DIVIDEND,2024-08-21 18:30:00,2024-09-09 18:30:00,25892
BRR.N0000,BANSEI ROYAL RESORTS HIKKADUWA PLC,CASH DIVIDEND,2024-08-21 18:30:00,2024-09-09 18:30:00,25632
LUMX.N0000,LUMINEX PLC,CASH DIVIDEND,2024-08-21 18:30:00,2024-09-09 18:30:00,25500
CTEA.N0000,DILMAH CEYLON TEA COMPANY PLC,CASH DIVIDEND,2024-08-21 18:30:00,2024-09-09 18:30:00,25611
TKYO.X0000,TOKYO CEMENT COMPANY (LANKA) PLC,CASH DIVIDEND,2024-08-22 18:30:00,2024-09-10 18:30:00,25411
TKYO.N0000,TOKYO CEMENT COMPANY (LANKA) PLC,CASH DIVIDEND,2024-08-22 18:30:00,2024-09-10 18:30:00,25411
TYRE.N0000,KELANI TYRES PLC,CASH DIVIDEND,2024-08-26 18:30:00,2024-09-12 18:30:00,25954
ACL.N0000,ACL CABLES PLC,CASH DIVIDEND,2024-08-29 18:30:00,2024-09-19 18:30:00,26018
CTBL.N0000,CEYLON TEA BROKERS PLC,CASH DIVIDEND,2024-09-02 18:30:00,2024-09-23 18:30:00,26062
VPEL.N0000,VALLIBEL POWER ERATHNA PLC,CASH DIVIDEND,2024-09-03 18:30:00,2024-09-24 18:30:00,26077
HARI.N0000,HARISCHANDRA MILLS PLC,CASH DIVIDEND,2024-09-04 18:30:00,2024-09-25 18:30:00,25891
CALT.N0000,CAPITAL ALLIANCE PLC,CASH DIVIDEND,2024-09-05 18:30:00,2024-09-26 18:30:00,25677
SOY,CONVENIENCE  FOODS (LANKA )PLC,CASH DIVIDEND,2024-09-09 18:30:00,2024-09-29 18:30:00,25595
CARS.N0000,CARSON CUMBERBATCH PLC,CASH DIVIDEND,2024-09-10 18:30:00,2024-10-01 18:30:00,26357
WAPO.N0000,GALLE FACE CAPITAL PARTNERS PLC,SCRIP DIVIDEND (DATES),2024-09-19 18:30:00,,26133
KZOO.N0000,CEYLON LAND & EQUITY PLC ,SCRIP DIVIDEND (DATES),2024-09-19 18:30:00,,26134
SWAD,SWADESHI INDUSTRIAL WORKS PLC,CASH DIVIDEND,2024-09-22 18:30:00,2024-10-10 18:30:00,25615
LALU.N0000,LANKA ALUMINIUM INDUSTRIES PLC,CASH DIVIDEND,2024-09-23 18:30:00,2024-10-10 18:30:00,25970
ASHO.N0000,LANKA ASHOK LEYLAND PLC,CASH DIVIDEND,2024-09-24 18:30:00,2024-10-13 18:30:00,24355
ASHO.N0000,LANKA ASHOK LEYLAND PLC,CASH DIVIDEND,2024-09-24 18:30:00,2024-10-14 18:30:00,24182
AMSL,ASIRI  SURGICAL HOSPITAL PLC,CASH DIVIDEND,2024-09-25 18:30:00,2024-10-14 18:30:00,26618
ABAN.N0000,ABANS ELECTRICALS PLC,CASH DIVIDEND,2024-09-25 18:30:00,2024-10-14 18:30:00,26164
ASIR.N0000,ASIRI HOSPITAL HOLDINGS PLC,CASH DIVIDEND,2024-09-25 18:30:00,2024-10-14 18:30:00,26619
SLND.N0000,SERENDIB LAND PLC,CASH DIVIDEND,2024-09-25 18:30:00,2024-10-14 18:30:00,26334
SHAW.N0000,LEE HEDGES PLC,CASH DIVIDEND,2024-09-26 18:30:00,2024-10-15 18:30:00,26014
AFS.N0000,ALPHA FIRE SERVICES PLC,CASH DIVIDEND,2024-09-26 18:30:00,2024-10-15 18:30:00,26642
HPFL.N0000,LOTUS HYDRO POWER PLC,CASH DIVIDEND,2024-09-26 18:30:00,2024-10-15 18:30:00,26646
MCPL.N0000,MAHAWELI COCONUT PLANTATIONS PLC,CASH DIVIDEND,2024-09-26 18:30:00,2024-10-15 18:30:00,25893
CABO.N0000,CARGO BOAT DEVELOPMENT COMPANY PLC,CASH DIVIDEND,2024-09-29 18:30:00,2024-10-17 18:30:00,26166
RENU,RENUKA CITY HOTEL PLC,CASH DIVIDEND,2024-09-29 18:30:00,2024-10-17 18:30:00,26165
RWSL.N0000,RAIGAM WAYAMBA SALTERNS PLC,CASH DIVIDEND,2024-09-29 18:30:00,2024-10-17 18:30:00,26129
RCH.N0000,RENUKA HOTELS PLC,CASH DIVIDEND,2024-09-29 18:30:00,2024-10-17 18:30:00,26167
LPRT,LAKE HOUSE PRINTERS AND PUBLISHERS PLC,CASH DIVIDEND,2024-09-30 18:30:00,2024-10-20 18:30:00,26151
BUKI.N0000,BUKIT DARAH PLC,CASH DIVIDEND,2024-10-02 18:30:00,2024-10-22 18:30:00,26754
MGT.N0000,HAYLEYS FABRIC PLC,CASH DIVIDEND,2024-10-08 18:30:00,2024-10-21 18:30:00,26979
TPL,TALAWAKELLE TEA ESTATES  PLC,CASH DIVIDEND,2024-10-08 18:30:00,2024-10-20 18:30:00,27005
SINS.N0000,SINGER (SRI LANKA) PLC,CASH DIVIDEND,2024-10-08 18:30:00,2024-10-21 18:30:00,26981
HAYC.N0000,HAYCARB PLC,CASH DIVIDEND,2024-10-08 18:30:00,2024-10-20 18:30:00,26982
HOPL.N0000,HORANA PLANTATIONS PLC,CASH DIVIDEND,2024-10-08 18:30:00,2024-10-21 18:30:00,26983
DIPD.N0000,DIPPED PRODUCTS PLC,CASH DIVIDEND,2024-10-08 18:30:00,2024-10-22 18:30:00,26987
ABL.N0000,AMANA BANK PLC,CASH DIVIDEND,2024-10-08 18:30:00,2024-10-28 18:30:00,26994
PACK.N0000,EX-PACK CORRUGATED CARTONS PLC,CASH DIVIDEND,2024-10-10 18:30:00,2024-10-31 18:30:00,27250
AGPL.N0000,Agarapatana Plantations PLC,CASH DIVIDEND,2024-10-20 18:30:00,2024-10-27 18:30:00,27365
CARG.N0000,CARGILLS (CEYLON) PLC,CASH DIVIDEND,2024-10-24 18:30:00,2024-11-13 18:30:00,27445
CTHR.N0000,C T HOLDINGS PLC,CASH DIVIDEND,2024-10-27 18:30:00,2024-11-17 18:30:00,27456
UCAR.N0000,UNION CHEMICALS LANKA PLC,CASH DIVIDEND,2024-10-31 18:30:00,2024-11-13 18:30:00,27497
SMOT.N0000,SATHOSA MOTORS PLC,CASH DIVIDEND,2024-11-03 18:30:00,2024-11-21 18:30:00,27515
LION,LION BREWERY CEYLON PLC,CASH DIVIDEND,2024-11-05 18:30:00,2024-11-25 18:30:00,27536
KFP.N0000,KEELLS FOOD PRODUCTS PLC,CASH DIVIDEND,2024-11-10 18:30:00,2024-11-28 18:30:00,27580
CCS.N0000,CEYLON COLD STORES PLC,CASH DIVIDEND,2024-11-10 18:30:00,2024-11-28 18:30:00,27582
VLL.N0000,VIDULLANKA PLC,CASH DIVIDEND,2024-11-12 18:30:00,2024-12-02 18:30:00,27609
VLL.X0000,VIDULLANKA PLC,CASH DIVIDEND,2024-11-12 18:30:00,2024-12-02 18:30:00,27609
VLL.N0000,VIDULLANKA PLC,SCRIP DIVIDEND (DATES),2024-11-12 18:30:00,,27752
VLL.X0000,VIDULLANKA PLC,SCRIP DIVIDEND (DATES),2024-11-12 18:30:00,,27752
PKME,DIGITAL MOBILITY SOLUTIONS LANKA LIMITED,CASH DIVIDEND,2024-11-13 18:30:00,2024-12-03 18:30:00,27686
JKH.N0000,JOHN KEELLS HOLDINGS PLC,CASH DIVIDEND,2024-11-13 18:30:00,2024-12-03 18:30:00,27695
HHL.N0000,HEMAS HOLDINGS PLC,CASH DIVIDEND,2024-11-17 18:30:00,2024-12-04 18:30:00,27712
COMD.N0000,COMMERCIAL DEVELOPMENT COMPANY PLC,CASH DIVIDEND,2024-11-18 18:30:00,2024-12-05 18:30:00,27739
CTC.N0000,CEYLON TOBACCO COMPANY PLC,CASH DIVIDEND,2024-11-19 18:30:00,2024-12-08 18:30:00,27760
WATA,WATAWALA PLANTATIONS PLC,CASH DIVIDEND,2024-11-20 18:30:00,2024-12-09 18:30:00,27770
AGAL,AGALAWATTE PLANTATIONS PLC,CASH DIVIDEND,2024-11-20 18:30:00,2024-12-09 18:30:00,27767
SUN.N0000,SUNSHINE HOLDINGS PLC,CASH DIVIDEND,2024-11-21 18:30:00,2024-12-10 18:30:00,27791
ASIY,ASIA SIYAKA COMMODITIES PLC,CASH DIVIDEND,2024-11-24 18:30:00,2024-12-11 18:30:00,27808
GRAN.N0000,CEYLON GRAIN ELEVATORS PLC,CASH DIVIDEND,2024-11-24 18:30:00,2024-12-11 18:30:00,27807
TAFL.N0000,THREE ACRE FARMS PLC,CASH DIVIDEND,2024-11-24 18:30:00,2024-12-11 18:30:00,27809
GLAS.N0000,PGP GLASS CEYLON PLC,CASH DIVIDEND,2024-11-24 18:30:00,2024-12-11 18:30:00,27811
DIST.N0000,DISTILLERIES COMPANY OF SRI LANKA PLC,CASH DIVIDEND,2024-11-26 18:30:00,2024-12-11 18:30:00,27861
MELS.N0000,MELSTACORP PLC,CASH DIVIDEND,2024-11-26 18:30:00,2024-12-11 18:30:00,27870
HPWR.N0000,RESUS ENERGY PLC,CASH DIVIDEND,2024-11-27 18:30:00,2024-12-16 18:30:00,27885
BREW.N0000,CEYLON BEVERAGE HOLDINGS PLC,CASH DIVIDEND,2024-12-02 18:30:00,2024-12-19 18:30:00,27940
AAIC.N0000,SOFTLOGIC LIFE INSURANCE PLC,CASH DIVIDEND,2024-12-04 18:30:00,2024-12-23 18:30:00,27978
GEST.N0000,GESTETNER OF CEYLON PLC,CASH DIVIDEND,2024-12-10 18:30:00,2024-12-22 18:30:00,28116
CINV.N0000,CEYLON INVESTMENT PLC,CASH DIVIDEND,2024-12-10 18:30:00,2024-12-30 18:30:00,28127
GUAR.N0000,CEYLON GUARDIAN INVESTMENT TRUST PLC,CASH DIVIDEND,2024-12-10 18:30:00,2024-12-30 18:30:00,28128
CFIN.N0000,CENTRAL FINANCE COMPANY PLC,CASH DIVIDEND,2024-12-15 18:30:00,2024-12-19 18:30:00,28177
AEL.N0000,ACCESS ENGINEERING PLC,CASH DIVIDEND,2024-12-16 18:30:00,2025-01-05 18:30:00,28202
CDB.N0000,CITIZENS DEVELOPMENT BUSINESS FINANCE PLC,CASH DIVIDEND,2025-01-02 18:30:00,2025-01-23 18:30:00,28505
CDB.X0000,CITIZENS DEVELOPMENT BUSINESS FINANCE PLC,CASH DIVIDEND,2025-01-02 18:30:00,2025-01-23 18:30:00,28505
HPL.N0000,HATTON PLANTATIONS PLC,CASH DIVIDEND,2025-01-05 18:30:00,2025-01-26 18:30:00,28543
HAYC.N0000,HAYCARB PLC,CASH DIVIDEND,2025-01-08 18:30:00,2025-01-21 18:30:00,28610
TPL,TALAWAKELLE TEA ESTATES  PLC,CASH DIVIDEND,2025-01-08 18:30:00,2025-01-21 18:30:00,28612
MGT.N0000,HAYLEYS FABRIC PLC,CASH DIVIDEND,2025-01-08 18:30:00,2025-01-22 18:30:00,28616
HOPL.N0000,HORANA PLANTATIONS PLC,CASH DIVIDEND,2025-01-08 18:30:00,2025-01-21 18:30:00,28617
SINS.N0000,SINGER (SRI LANKA) PLC,CASH DIVIDEND,2025-01-08 18:30:00,2025-01-22 18:30:00,28615
DIPD.N0000,DIPPED PRODUCTS PLC,CASH DIVIDEND,2025-01-09 18:30:00,2025-01-23 18:30:00,28654
MERC.N0000,MERCANTILE INVESTMENTS AND FINANCE PLC,CASH DIVIDEND,2025-01-16 18:30:00,2025-01-22 18:30:00,28973
FCT.N0000,FIRST CAPITAL TREASURIES PLC,CASH DIVIDEND,2025-01-16 18:30:00,2025-02-05 18:30:00,28976
GRAN.N0000,CEYLON GRAIN ELEVATORS PLC,CASH DIVIDEND,2025-01-27 18:30:00,2025-02-17 18:30:00,29135
TAFL.N0000,THREE ACRE FARMS PLC,CASH DIVIDEND,2025-01-27 18:30:00,2025-02-17 18:30:00,29136
JAT.N0000,JAT HOLDINGS PLC,CASH DIVIDEND,2025-02-02 18:30:00,2025-02-23 18:30:00,29214
ONAL,ON ALLY HOLDINGS PLC,CASH DIVIDEND,2025-02-10 18:30:00,2025-03-03 18:30:00,29357
CCS.N0000,CEYLON COLD STORES PLC,CASH DIVIDEND,2025-02-12 18:30:00,2025-03-04 18:30:00,29385
KFP.N0000,KEELLS FOOD PRODUCTS PLC,CASH DIVIDEND,2025-02-12 18:30:00,2025-03-04 18:30:00,29387
JKH.N0000,JOHN KEELLS HOLDINGS PLC,CASH DIVIDEND,2025-02-13 18:30:00,2025-03-05 18:30:00,29422
TSML.N0000,TEA SMALLHOLDER FACTORIES PLC,CASH DIVIDEND,2025-02-13 18:30:00,2025-03-05 18:30:00,29426
JKL.N0000,JOHN KEELLS PLC,CASH DIVIDEND,2025-02-13 18:30:00,2025-03-05 18:30:00,29427
BPPL.N0000,B P P L HOLDINGS PLC,CASH DIVIDEND,2025-02-17 18:30:00,2025-03-09 18:30:00,29495
LMF.N0000,LANKA MILK FOODS (CWE) PLC,CASH DIVIDEND,2025-02-19 18:30:00,2025-03-11 18:30:00,29554
PLC.N0000,PEOPLE'S LEASING & FINANCE PLC,CASH DIVIDEND,2025-02-23 18:30:00,2025-03-16 18:30:00,29606
WIND.N0000,WINDFORCE PLC,CASH DIVIDEND,2025-02-24 18:30:00,2025-03-17 18:30:00,29617
CFVF.N0000,FIRST CAPITAL HOLDINGS PLC,CASH DIVIDEND,2025-02-26 18:30:00,2025-03-18 18:30:00,29634
AGPL.N0000,Agarapatana Plantations PLC,CASH DIVIDEND,2025-02-26 18:30:00,2025-03-06 18:30:00,29640
MELS.N0000,MELSTACORP PLC,CASH DIVIDEND,2025-02-27 18:30:00,2025-03-18 18:30:00,29671
TJL.N0000,TEEJAY LANKA PLC,CASH DIVIDEND,2025-02-27 18:30:00,2025-03-19 18:30:00,29669
DIST.N0000,DISTILLERIES COMPANY OF SRI LANKA PLC,CASH DIVIDEND,2025-02-27 18:30:00,2025-03-18 18:30:00,29666
LFIN,L B FINANCE PLC,CASH DIVIDEND,2025-03-02 18:30:00,2025-03-20 18:30:00,29693
DFCC.N0000,DFCC BANK PLC,CASH DIVIDEND,2025-03-02 18:30:00,2025-03-20 18:30:00,29700
DFCC.N0000,DFCC BANK PLC,SCRIP DIVIDEND (DATES),2025-03-02 18:30:00,,29713
ALLI.N0000,ALLIANCE FINANCE COMPANY PLC,CASH DIVIDEND,2025-03-03 18:30:00,2025-03-23 18:30:00,29701
LITE.N0000,LAXAPANA PLC,CASH DIVIDEND,2025-03-03 18:30:00,2025-03-19 18:30:00,29706
MASK.N0000,MASKELIYA PLANTATIONS PLC,CASH DIVIDEND,2025-03-04 18:30:00,2025-03-24 18:30:00,29732
NAMU.N0000,NAMUNUKULA PLANTATIONS PLC,CASH DIVIDEND,2025-03-04 18:30:00,2025-03-24 18:30:00,29731
KGAL,KEGALLE PLANTATIONS PLC,CASH DIVIDEND,2025-03-04 18:30:00,2025-03-24 18:30:00,29736
NTB.X0000,NATIONS TRUST BANK PLC,CASH DIVIDEND,2025-03-05 18:30:00,2025-03-25 18:30:00,29754
NTB.N0000,NATIONS TRUST BANK PLC,CASH DIVIDEND,2025-03-05 18:30:00,2025-03-25 18:30:00,29754
REXP.N0000,RICHARD PIERIS EXPORTS PLC,CASH DIVIDEND,2025-03-05 18:30:00,2025-03-25 18:30:00,29749
CTC.N0000,CEYLON TOBACCO COMPANY PLC,CASH DIVIDEND,2025-03-05 18:30:00,2025-03-25 18:30:00,29753
NTB.X0000,NATIONS TRUST BANK PLC,SCRIP DIVIDEND (DATES),2025-03-05 18:30:00,2025-03-19 18:30:00,29819
NTB.N0000,NATIONS TRUST BANK PLC,SCRIP DIVIDEND (DATES),2025-03-05 18:30:00,2025-03-19 18:30:00,29819
AGAL,AGALAWATTE PLANTATIONS PLC,CASH DIVIDEND,2025-03-06 18:30:00,2025-03-26 18:30:00,29758
LLUB,CHEVRON LUBRICANTS LANKA PLC,CASH DIVIDEND,2025-03-06 18:30:00,2025-03-26 18:30:00,29778
UAL.N0000,UNION ASSURANCE PLC,CASH DIVIDEND,2025-03-10 18:30:00,2025-03-31 18:30:00,29826
BFL.N0000,BAIRAHA FARMS PLC,CASH DIVIDEND,2025-03-10 18:30:00,2025-03-27 18:30:00,29825
NDB.N0000,NATIONAL DEVELOPMENT BANK PLC,CASH DIVIDEND,2025-03-11 18:30:00,2025-04-01 18:30:00,29868
NDB.N0000,NATIONAL DEVELOPMENT BANK PLC,SCRIP DIVIDEND (DATES),2025-03-11 18:30:00,,29971
PARQ.N0000,SWISSTEK (CEYLON) PLC,CASH DIVIDEND,2025-03-13 18:30:00,2025-04-02 18:30:00,29898
TILE.N0000,LANKA TILES PLC,CASH DIVIDEND,2025-03-13 18:30:00,2025-04-02 18:30:00,29897
LWL,LANKA WALLTILES PLC,CASH DIVIDEND,2025-03-16 18:30:00,2025-04-03 18:30:00,29940
RICH.N0000,RICHARD PIERIS AND COMPANY PLC,CASH DIVIDEND,2025-03-17 18:30:00,2025-04-06 18:30:00,29960
RCL.N0000,ROYAL CERAMICS LANKA PLC,CASH DIVIDEND,2025-03-17 18:30:00,2025-04-06 18:30:00,29955
EBCR.N0000,E B CREASY & COMPANY PLC,CASH DIVIDEND,2025-03-19 18:30:00,2025-03-27 18:30:00,29985
SDF.N0000,SARVODAYA DEVELOPMENT FINANCE PLC,CASH DIVIDEND,2025-03-20 18:30:00,2025-04-09 18:30:00,29990
WATA,WATAWALA PLANTATIONS PLC,CASH DIVIDEND,2025-03-23 18:30:00,2025-04-10 18:30:00,30014
PACK.N0000,EX-PACK CORRUGATED CARTONS PLC,CASH DIVIDEND,2025-03-25 18:30:00,2025-04-16 18:30:00,30071
HNB.X0000,HATTON NATIONAL BANK PLC,CASH DIVIDEND,2025-03-27 18:30:00,2025-04-20 18:30:00,29739
COMD.N0000,COMMERCIAL DEVELOPMENT COMPANY PLC,CASH DIVIDEND,2025-03-27 18:30:00,2025-04-21 18:30:00,29776
HNB.N0000,HATTON NATIONAL BANK PLC,CASH DIVIDEND,2025-03-27 18:30:00,2025-04-20 18:30:00,29739
COMB.N0000,COMMERCIAL BANK OF CEYLON PLC,CASH DIVIDEND,2025-03-31 18:30:00,2025-04-22 18:30:00,29838
COMB.N0000,COMMERCIAL BANK OF CEYLON PLC,SCRIP DIVIDEND (DATES),2025-03-31 18:30:00,,29936
COMB.X0000,COMMERCIAL BANK OF CEYLON PLC,SCRIP DIVIDEND (DATES),2025-03-31 18:30:00,,29936
PABC.N0000,PAN ASIA BANKING CORPORATION PLC,CASH DIVIDEND,2025-03-31 18:30:00,2025-04-22 18:30:00,29637
SEYB.X0000,SEYLAN BANK PLC,CASH DIVIDEND,2025-03-31 18:30:00,2025-04-22 18:30:00,29771
SEYB.N0000,SEYLAN BANK PLC,CASH DIVIDEND,2025-03-31 18:30:00,2025-04-22 18:30:00,29771
CSD.N0000,SEYLAN DEVELOPMENTS PLC,CASH DIVIDEND,2025-03-31 18:30:00,2025-04-22 18:30:00,29763
COMB.X0000,COMMERCIAL BANK OF CEYLON PLC,CASH DIVIDEND,2025-03-31 18:30:00,2025-04-22 18:30:00,29838
HASU.N0000,HNB ASSURANCE PLC,CASH DIVIDEND,2025-03-31 18:30:00,2025-04-22 18:30:00,29677
SAMP.N0000,SAMPATH BANK PLC,CASH DIVIDEND,2025-03-31 18:30:00,2025-04-22 18:30:00,29654
LDEV.N0000,LANKEM DEVELOPMENTS PLC,CASH DIVIDEND,2025-03-31 18:30:00,2025-04-09 18:30:00,30109
HAYC.N0000,HAYCARB PLC,CASH DIVIDEND,2025-04-07 18:30:00,2025-04-22 18:30:00,30226
ALUM.N0000,ALUMEX PLC,CASH DIVIDEND,2025-04-07 18:30:00,2025-04-22 18:30:00,30225
SINS.N0000,SINGER (SRI LANKA) PLC,CASH DIVIDEND,2025-04-07 18:30:00,2025-04-23 18:30:00,30228
KVAL.N0000,KELANI VALLEY PLANTATIONS PLC,CASH DIVIDEND,2025-04-07 18:30:00,2025-04-22 18:30:00,30224
MGT.N0000,HAYLEYS FABRIC PLC,CASH DIVIDEND,2025-04-07 18:30:00,2025-04-22 18:30:00,30222
HOPL.N0000,HORANA PLANTATIONS PLC,CASH DIVIDEND,2025-04-07 18:30:00,2025-04-21 18:30:00,30220
DIPD.N0000,DIPPED PRODUCTS PLC,CASH DIVIDEND,2025-04-07 18:30:00,2025-04-23 18:30:00,30219
TPL,TALAWAKELLE TEA ESTATES  PLC,CASH DIVIDEND,2025-04-07 18:30:00,2025-04-21 18:30:00,30221
TRAN.N0000,TRANS ASIA HOTELS PLC,CASH DIVIDEND,2025-04-08 18:30:00,2025-05-01 18:30:00,30252
HAYL.N0000,HAYLEYS PLC,CASH DIVIDEND,2025-04-08 18:30:00,2025-04-21 18:30:00,30262
PAP.N0000,PANASIAN POWER PLC,CASH DIVIDEND,2025-04-10 18:30:00,2025-05-05 18:30:00,30384
OSEA.N0000,OVERSEAS REALTY (CEYLON) PLC,CASH DIVIDEND,2025-04-23 18:30:00,2025-05-13 18:30:00,30114
ETWO.N0000,EQUITY TWO PLC,CASH DIVIDEND,2025-04-24 18:30:00,2025-05-18 18:30:00,30530
CINS.N0000,CEYLINCO HOLDINGS PLC,CASH DIVIDEND,2025-05-20 18:30:00,2025-05-26 18:30:00,30302
CINS.X0000,CEYLINCO HOLDINGS PLC,CASH DIVIDEND,2025-05-20 18:30:00,2025-05-26 18:30:00,30302
CCS.N0000,CEYLON COLD STORES PLC,CASH DIVIDEND,2025-05-21 18:30:00,2025-06-10 18:30:00,30842
LION,LION BREWERY CEYLON PLC,CASH DIVIDEND,2025-05-21 18:30:00,2025-06-10 18:30:00,30840
KFP.N0000,KEELLS FOOD PRODUCTS PLC,CASH DIVIDEND,2025-05-21 18:30:00,2025-06-10 18:30:00,30835
CTC.N0000,CEYLON TOBACCO COMPANY PLC,CASH DIVIDEND,2025-05-22 18:30:00,2025-06-11 18:30:00,30858
CIT.N0000,COLOMBO INVESTMENT TRUST PLC,CASH DIVIDEND,2025-05-25 18:30:00,2025-06-12 18:30:00,30895
AAF.N0000,ASIA ASSET FINANCE PLC,CASH DIVIDEND,2025-05-25 18:30:00,2025-06-12 18:30:00,30897
CFI.N0000,COLOMBO FORT INVESTMENTS PLC,CASH DIVIDEND,2025-05-25 18:30:00,2025-06-12 18:30:00,30898
CTC.N0000,CEYLON TOBACCO COMPANY PLC,CASH DIVIDEND,2025-05-27 18:30:00,2025-06-16 18:30:00,30512
CTHR.N0000,C T HOLDINGS PLC,CASH DIVIDEND,2025-05-28 18:30:00,2025-06-17 18:30:00,30963
CARG.N0000,CARGILLS (CEYLON) PLC,CASH DIVIDEND,2025-05-28 18:30:00,2025-06-16 18:30:00,30958
AEL.N0000,ACCESS ENGINEERING PLC,CASH DIVIDEND,2025-06-01 18:30:00,2025-06-19 18:30:00,30995
HARI.N0000,HARISCHANDRA MILLS PLC,CASH DIVIDEND,2025-06-03 18:30:00,2025-06-23 18:30:00,31024
JKL.N0000,JOHN KEELLS PLC,CASH DIVIDEND,2025-06-03 18:30:00,2025-06-23 18:30:00,31021
KHL.N0000,JOHN KEELLS HOTELS PLC,CASH DIVIDEND,2025-06-04 18:30:00,2025-06-24 18:30:00,31042
AHPL,ASIAN HOTELS & PROPERTIES PLC,CASH DIVIDEND,2025-06-04 18:30:00,2025-06-24 18:30:00,31041
JKH.N0000,JOHN KEELLS HOLDINGS PLC,CASH DIVIDEND,2025-06-04 18:30:00,2025-06-24 18:30:00,31040
ASIY,ASIA SIYAKA COMMODITIES PLC,CASH DIVIDEND,2025-06-04 18:30:00,2025-06-24 18:30:00,31034
LLUB,CHEVRON LUBRICANTS LANKA PLC,CASH DIVIDEND,2025-06-08 18:30:00,2025-06-26 18:30:00,31104
PLR.N0000,PRIME LANDS RESIDENCIES PLC,CASH DIVIDEND,2025-06-08 18:30:00,2025-06-26 18:30:00,31109
DIAL.N0000,DIALOG AXIATA PLC,CASH DIVIDEND,2025-06-12 18:30:00,2025-07-01 18:30:00,29954
VLL.X0000,VIDULLANKA PLC,CASH DIVIDEND,2025-06-12 18:30:00,2025-07-01 18:30:00,31265
VLL.N0000,VIDULLANKA PLC,CASH DIVIDEND,2025-06-12 18:30:00,2025-07-01 18:30:00,31265
UCAR.N0000,UNION CHEMICALS LANKA PLC,CASH DIVIDEND,2025-06-15 18:30:00,2025-06-29 18:30:00,30919
LHCL.N0000,THE LANKA HOSPITALS CORPORATION PLC,CASH DIVIDEND,2025-06-17 18:30:00,2025-07-06 18:30:00,31412
LIOC.N0000,LANKA IOC PLC,CASH DIVIDEND,2025-06-19 18:30:00,2025-07-08 18:30:00,30868
CHL,CEYLON HOSPITALS PLC (DURDANS),CASH DIVIDEND,2025-06-22 18:30:00,2025-07-10 18:30:00,31508
VFIN.N0000,VALLIBEL FINANCE PLC,CASH DIVIDEND,2025-06-22 18:30:00,2025-07-10 18:30:00,31510
BALA,BALANGODA PLANTATIONS PLC,CASH DIVIDEND,2025-06-24 18:30:00,2025-07-14 18:30:00,30943
MAL,MALWATTE VALLEY PLANTATIONS PLC,CASH DIVIDEND,2025-06-25 18:30:00,2025-07-15 18:30:00,31014
HHL.N0000,HEMAS HOLDINGS PLC,CASH DIVIDEND,2025-06-25 18:30:00,2025-07-15 18:30:00,30988
BOPL.N0000,BOGAWANTALAWA TEA ESTATES PLC,CASH DIVIDEND,2025-06-25 18:30:00,2025-07-15 18:30:00,31557
CIND.N0000,CENTRAL INDUSTRIES PLC,CASH DIVIDEND,2025-06-26 18:30:00,2025-07-16 18:30:00,30974
SLTL.N0000,SRI LANKA TELECOM PLC,CASH DIVIDEND,2025-06-26 18:30:00,2025-07-16 18:30:00,30171
SLTL.N0000,SRI LANKA TELECOM PLC,CASH DIVIDEND,2025-06-26 18:30:00,2025-07-16 18:30:00,30565
TJL.N0000,TEEJAY LANKA PLC,CASH DIVIDEND,2025-06-29 18:30:00,2025-07-17 18:30:00,31371
CWM.N0000,C. W. MACKIE PLC,CASH DIVIDEND,2025-06-29 18:30:00,2025-07-17 18:30:00,31116
ELPL.N0000,ELPITIYA PLANTATIONS PLC,CASH DIVIDEND,2025-06-29 18:30:00,2025-07-17 18:30:00,31086
SUN.N0000,SUNSHINE HOLDINGS PLC,CASH DIVIDEND,2025-06-29 18:30:00,2025-07-17 18:30:00,31075
WATA,WATAWALA PLANTATIONS PLC,CASH DIVIDEND,2025-06-29 18:30:00,2025-07-17 18:30:00,31066
UML.N0000,UNITED MOTORS LANKA PLC,CASH DIVIDEND,2025-06-29 18:30:00,2025-07-16 18:30:00,31088
CDB.N0000,CITIZENS DEVELOPMENT BUSINESS FINANCE PLC,CASH DIVIDEND,2025-06-30 18:30:00,2025-07-20 18:30:00,31154
CDB.X0000,CITIZENS DEVELOPMENT BUSINESS FINANCE PLC,CASH DIVIDEND,2025-06-30 18:30:00,2025-07-20 18:30:00,31154
CIC,CIC HOLDINGS PLC,CASH DIVIDEND,2025-06-30 18:30:00,2025-07-20 18:30:00,31181
CFIN.N0000,CENTRAL FINANCE COMPANY PLC,CASH DIVIDEND,2025-06-30 18:30:00,2025-07-06 18:30:00,30939
PKME.N0000,DIGITAL MOBILITY SOLUTIONS LANKA PLC,CASH DIVIDEND,2025-06-30 18:30:00,2025-07-20 18:30:00,31123
ALLI.N0000,ALLIANCE FINANCE COMPANY PLC,CASH DIVIDEND,2025-06-30 18:30:00,2025-07-20 18:30:00,31345
LHL,THE LIGHTHOUSE HOTEL PLC,CASH DIVIDEND,2025-06-30 18:30:00,2025-07-20 18:30:00,31008
CERA.N0000,LANKA CERAMIC PLC,CASH DIVIDEND,2025-06-30 18:30:00,2025-07-20 18:30:00,31118
LFIN,L B FINANCE PLC,CASH DIVIDEND,2025-06-30 18:30:00,2025-07-20 18:30:00,31051
TILE.N0000,LANKA TILES PLC,CASH DIVIDEND,2025-06-30 18:30:00,2025-07-20 18:30:00,31058
PARQ.N0000,SWISSTEK (CEYLON) PLC,CASH DIVIDEND,2025-06-30 18:30:00,2025-07-20 18:30:00,31057
CHMX.N0000,CHEMANEX PLC,SCRIP DIVIDEND (DATES),2025-06-30 18:30:00,2025-07-08 18:30:00,31564
RIL.N0000,R I L PROPERTY PLC,CASH DIVIDEND,2025-06-30 18:30:00,2025-07-20 18:30:00,31105
CHMX.N0000,CHEMANEX PLC,CASH DIVIDEND,2025-06-30 18:30:00,2025-07-20 18:30:00,31028
RCL.N0000,ROYAL CERAMICS LANKA PLC,CASH DIVIDEND,2025-06-30 18:30:00,2025-07-20 18:30:00,31085
MERC.N0000,MERCANTILE INVESTMENTS AND FINANCE PLC,CASH DIVIDEND,2025-07-01 18:30:00,2025-07-13 18:30:00,31649
JINS.N0000,JANASHAKTHI INSURANCE PLC,CASH DIVIDEND,2025-07-01 18:30:00,2025-07-21 18:30:00,31658
LCBF.N0000,LANKA CREDIT AND BUSINESS FINANCE PLC,CASH DIVIDEND,2025-07-03 18:30:00,2025-07-15 18:30:00,31683
SPEN.N0000,AITKEN SPENCE PLC,CASH DIVIDEND,2025-07-06 18:30:00,2025-07-24 18:30:00,31469
SDF.N0000,SARVODAYA DEVELOPMENT FINANCE PLC,CASH DIVIDEND,2025-07-07 18:30:00,2025-07-24 18:30:00,31731
SMOT.N0000,SATHOSA MOTORS PLC,CASH DIVIDEND,2025-07-07 18:30:00,2025-07-27 18:30:00,31756
VONE.N0000,VALLIBEL ONE PLC,CASH DIVIDEND,2025-07-08 18:30:00,2025-07-28 18:30:00,31816
HPL.N0000,HATTON PLANTATIONS PLC,CASH DIVIDEND,2025-07-08 18:30:00,2025-07-28 18:30:00,31825
DIPD.N0000,DIPPED PRODUCTS PLC,CASH DIVIDEND,2025-07-10 18:30:00,2025-07-24 18:30:00,31834
HAYC.N0000,HAYCARB PLC,CASH DIVIDEND,2025-07-10 18:30:00,2025-07-23 18:30:00,31837
MGT.N0000,HAYLEYS FABRIC PLC,CASH DIVIDEND,2025-07-10 18:30:00,2025-07-24 18:30:00,31835
SINS.N0000,SINGER (SRI LANKA) PLC,CASH DIVIDEND,2025-07-10 18:30:00,2025-07-23 18:30:00,31836
SIGV.N0000,SIGIRIYA VILLAGE HOTELS PLC,CASH DIVIDEND,2025-07-15 18:30:00,2025-08-03 18:30:00,31628
BERU.N0000,BERUWALA RESORTS PLC,CASH DIVIDEND,2025-07-15 18:30:00,2025-08-03 18:30:00,31629
CINV.N0000,CEYLON INVESTMENT PLC,CASH DIVIDEND,2025-07-16 18:30:00,2025-08-04 18:30:00,31996
BREW.N0000,CEYLON BEVERAGE HOLDINGS PLC,CASH DIVIDEND,2025-07-16 18:30:00,2025-08-04 18:30:00,31992
MARA,MARAWILA RESORTS PLC,CASH DIVIDEND,2025-07-21 18:30:00,2025-08-10 18:30:00,31627
GLAS.N0000,PGP GLASS CEYLON PLC,CASH DIVIDEND,2025-07-22 18:30:00,2025-08-11 18:30:00,30634
GUAR.N0000,CEYLON GUARDIAN INVESTMENT TRUST PLC,CASH DIVIDEND,2025-07-28 18:30:00,2025-08-17 18:30:00,32164
CTEA.N0000,DILMAH CEYLON TEA COMPANY PLC,CASH DIVIDEND,2025-07-31 18:30:00,2025-08-20 18:30:00,31974
APLA.N0000,ACL PLASTICS PLC,CASH DIVIDEND,2025-08-05 18:30:00,2025-08-25 18:30:00,32287
SFCL,SENKADAGALA FINANCE PLC,CASH DIVIDEND,2025-08-05 18:30:00,2025-08-25 18:30:00,32093
KFP.N0000,KEELLS FOOD PRODUCTS PLC,CASH DIVIDEND,2025-08-06 18:30:00,2025-08-26 18:30:00,32313
CCS.N0000,CEYLON COLD STORES PLC,CASH DIVIDEND,2025-08-06 18:30:00,2025-08-26 18:30:00,32312
CARS.N0000,CARSON CUMBERBATCH PLC,CASH DIVIDEND,2025-08-10 18:30:00,2025-08-27 18:30:00,32335
TKYO.N0000,TOKYO CEMENT COMPANY (LANKA) PLC,CASH DIVIDEND,2025-08-10 18:30:00,2025-08-25 18:30:00,31777
CIT.N0000,COLOMBO INVESTMENT TRUST PLC,SCRIP DIVIDEND (DATES),2025-08-10 18:30:00,2025-08-18 18:30:00,32076
BRR.N0000,BANSEI ROYAL RESORTS HIKKADUWA PLC,CASH DIVIDEND,2025-08-10 18:30:00,2025-08-27 18:30:00,31995
TKYO.X0000,TOKYO CEMENT COMPANY (LANKA) PLC,CASH DIVIDEND,2025-08-10 18:30:00,2025-08-25 18:30:00,31777
CFI.N0000,COLOMBO FORT INVESTMENTS PLC,SCRIP DIVIDEND (DATES),2025-08-10 18:30:00,2025-08-18 18:30:00,32077
ASHO.N0000,LANKA ASHOK LEYLAND PLC,CASH DIVIDEND,2025-08-11 18:30:00,2025-08-28 18:30:00,31027
CSLK.N0000,CABLE SOLUTIONS PLC,CASH DIVIDEND,2025-08-11 18:30:00,2025-08-28 18:30:00,32365
BPPL.N0000,B P P L HOLDINGS PLC,CASH DIVIDEND,2025-08-12 18:30:00,2025-08-31 18:30:00,32366
JKL.N0000,JOHN KEELLS PLC,CASH DIVIDEND,2025-08-17 18:30:00,2025-09-03 18:30:00,32463
KCAB.N0000,KELANI CABLES PLC,CASH DIVIDEND,2025-08-17 18:30:00,2025-09-03 18:30:00,32474
HPWR.N0000,RESUS ENERGY PLC,CASH DIVIDEND,2025-08-18 18:30:00,2025-09-07 18:30:00,32508
BOGA.N0000,BOGALA GRAPHITE LANKA PLC,CASH DIVIDEND,2025-08-20 18:30:00,2025-09-09 18:30:00,32545
AAIC.N0000,SOFTLOGIC LIFE INSURANCE PLC,CASH DIVIDEND,2025-08-20 18:30:00,2025-09-09 18:30:00,32563
CTC.N0000,CEYLON TOBACCO COMPANY PLC,CASH DIVIDEND,2025-08-20 18:30:00,2025-09-09 18:30:00,32570
TYRE.N0000,KELANI TYRES PLC,CASH DIVIDEND,2025-08-24 18:30:00,2025-09-11 18:30:00,32588
SOY,CONVENIENCE  FOODS (LANKA )PLC,CASH DIVIDEND,2025-08-27 18:30:00,2025-09-16 18:30:00,32191
DIST.N0000,DISTILLERIES COMPANY OF SRI LANKA PLC,CASH DIVIDEND,2025-09-01 18:30:00,2025-09-18 18:30:00,32762
MELS.N0000,MELSTACORP PLC,CASH DIVIDEND,2025-09-01 18:30:00,2025-09-18 18:30:00,32764
HPFL.N0000,LOTUS HYDRO POWER PLC,CASH DIVIDEND,2025-09-02 18:30:00,2025-09-22 18:30:00,32799
HARI.N0000,HARISCHANDRA MILLS PLC,CASH DIVIDEND,2025-09-07 18:30:00,2025-09-24 18:30:00,32343
CALT.N0000,CAPITAL ALLIANCE PLC,CASH DIVIDEND,2025-09-08 18:30:00,2025-09-25 18:30:00,32861
SWAD,SWADESHI INDUSTRIAL WORKS PLC,CASH DIVIDEND,2025-09-14 18:30:00,2025-10-01 18:30:00,32437
WAPO.N0000,GALLE FACE CAPITAL PARTNERS PLC,CASH DIVIDEND,2025-09-21 18:30:00,2025-10-09 18:30:00,32669
WAPO.N0000,GALLE FACE CAPITAL PARTNERS PLC,SCRIP DIVIDEND (DATES),2025-09-21 18:30:00,2025-10-09 18:30:00,32857
LALU.N0000,LANKA ALUMINIUM INDUSTRIES PLC,CASH DIVIDEND,2025-09-22 18:30:00,2025-10-09 18:30:00,32616
RENU,RENUKA CITY HOTEL PLC,CASH DIVIDEND,2025-09-22 18:30:00,2025-10-12 18:30:00,32773
CABO.N0000,CARGO BOAT DEVELOPMENT COMPANY PLC,CASH DIVIDEND,2025-09-22 18:30:00,2025-10-12 18:30:00,32774
RCH.N0000,RENUKA HOTELS PLC,CASH DIVIDEND,2025-09-22 18:30:00,2025-10-12 18:30:00,32776
PACK.N0000,EX-PACK CORRUGATED CARTONS PLC,CASH DIVIDEND,2025-09-23 18:30:00,2025-10-13 18:30:00,33320
SLND.N0000,SERENDIB LAND PLC,CASH DIVIDEND,2025-09-23 18:30:00,2025-10-12 18:30:00,33066
ACL.N0000,ACL CABLES PLC,CASH DIVIDEND,2025-09-25 18:30:00,2025-10-15 18:30:00,33353
MCPL.N0000,MAHAWELI COCONUT PLANTATIONS PLC,CASH DIVIDEND,2025-09-25 18:30:00,2025-10-15 18:30:00,32623
ABAN.N0000,ABANS ELECTRICALS PLC,CASH DIVIDEND,2025-09-25 18:30:00,2025-10-15 18:30:00,32886
SHAW.N0000,LEE HEDGES PLC,CASH DIVIDEND,2025-09-28 18:30:00,2025-10-16 18:30:00,33060
CFLB,THE COLOMBO FORT LAND & BUILDING PLC,CASH DIVIDEND,2025-09-29 18:30:00,2025-10-20 18:30:00,32918
ABL.N0000,AMANA BANK PLC,CASH DIVIDEND,2025-09-29 18:30:00,2025-10-20 18:30:00,33391
PLC.N0000,PEOPLE'S LEASING & FINANCE PLC,SCRIP DIVIDEND (DATES),2025-09-29 18:30:00,,33504
LPRT,LAKE HOUSE PRINTERS AND PUBLISHERS PLC,CASH DIVIDEND,2025-09-29 18:30:00,2025-10-20 18:30:00,32927
COCR.N0000,COMMERCIAL CREDIT AND FINANCE PLC,CASH DIVIDEND,2025-09-30 18:30:00,2025-10-12 18:30:00,33004
RWSL.N0000,RAIGAM WAYAMBA SALTERNS PLC,CASH DIVIDEND,2025-09-30 18:30:00,2025-10-21 18:30:00,32913
RFL.N0000,RAMBODA FALLS PLC,CASH DIVIDEND,2025-09-30 18:30:00,2025-10-21 18:30:00,33438
HOPL.N0000,HORANA PLANTATIONS PLC,CASH DIVIDEND,2025-10-09 18:30:00,2025-10-22 18:30:00,33638
HAYC.N0000,HAYCARB PLC,CASH DIVIDEND,2025-10-09 18:30:00,2025-10-23 18:30:00,33640
SINS.N0000,SINGER (SRI LANKA) PLC,CASH DIVIDEND,2025-10-09 18:30:00,2025-10-23 18:30:00,33642
DIPD.N0000,DIPPED PRODUCTS PLC,CASH DIVIDEND,2025-10-09 18:30:00,2025-10-23 18:30:00,33641
MGT.N0000,HAYLEYS FABRIC PLC,CASH DIVIDEND,2025-10-09 18:30:00,2025-10-22 18:30:00,33647
KVAL.N0000,KELANI VALLEY PLANTATIONS PLC,CASH DIVIDEND,2025-10-09 18:30:00,2025-10-23 18:30:00,33644
FCT.N0000,FIRST CAPITAL TREASURIES PLC,CASH DIVIDEND,2025-10-09 18:30:00,2025-10-29 18:30:00,33368
TPL,TALAWAKELLE TEA ESTATES  PLC,CASH DIVIDEND,2025-10-09 18:30:00,2025-10-22 18:30:00,33645
CALH.N0000,CAPITAL ALLIANCE HOLDINGS PLC,CASH DIVIDEND,2025-10-13 18:30:00,2025-11-02 18:30:00,33696
CFVF.N0000,FIRST CAPITAL HOLDINGS PLC,CASH DIVIDEND,2025-10-20 18:30:00,2025-11-09 18:30:00,33819
UCAR.N0000,UNION CHEMICALS LANKA PLC,CASH DIVIDEND,2025-10-21 18:30:00,2025-11-06 18:30:00,33841
BFL.N0000,BAIRAHA FARMS PLC,CASH DIVIDEND,2025-11-02 18:30:00,2025-11-20 18:30:00,34033
LITE.N0000,LAXAPANA PLC,CASH DIVIDEND,2025-11-02 18:30:00,2025-11-20 18:30:00,34045
CTBL.N0000,CEYLON TEA BROKERS PLC,CASH DIVIDEND,2025-11-03 18:30:00,2025-11-23 18:30:00,34057
EBCR.N0000,E B CREASY & COMPANY PLC,CASH DIVIDEND,2025-11-05 18:30:00,2025-11-24 18:30:00,34091
KFP.N0000,KEELLS FOOD PRODUCTS PLC,CASH DIVIDEND,2025-11-09 18:30:00,2025-11-26 18:30:00,34131
PKME.N0000,DIGITAL MOBILITY SOLUTIONS LANKA PLC,CASH DIVIDEND,2025-11-09 18:30:00,2025-11-26 18:30:00,34127
LLUB,CHEVRON LUBRICANTS LANKA PLC,CASH DIVIDEND,2025-11-10 18:30:00,2025-11-27 18:30:00,34149
CCS.N0000,CEYLON COLD STORES PLC,CASH DIVIDEND,2025-11-11 18:30:00,2025-11-30 18:30:00,34159
JKL.N0000,JOHN KEELLS PLC,CASH DIVIDEND,2025-11-13 18:30:00,2025-12-02 18:30:00,34228
JKH.N0000,JOHN KEELLS HOLDINGS PLC,CASH DIVIDEND,2025-11-13 18:30:00,2025-12-02 18:30:00,34227
WATA,WATAWALA PLANTATIONS PLC,CASH DIVIDEND,2025-11-13 18:30:00,2025-12-02 18:30:00,34238
CARG.N0000,CARGILLS (CEYLON) PLC,CASH DIVIDEND,2025-11-16 18:30:00,2025-12-04 18:30:00,34257
MFPE.N0000,MAHARAJA FOODS PLC,CASH DIVIDEND,2025-11-16 18:30:00,2025-12-04 18:30:00,33948
SUN.N0000,SUNSHINE HOLDINGS PLC,CASH DIVIDEND,2025-11-16 18:30:00,2025-12-04 18:30:00,34251
HHL.N0000,HEMAS HOLDINGS PLC,CASH DIVIDEND,2025-11-17 18:30:00,2025-12-04 18:30:00,34273
CTHR.N0000,C T HOLDINGS PLC,CASH DIVIDEND,2025-11-17 18:30:00,2025-12-07 18:30:00,34276
RICH.N0000,RICHARD PIERIS AND COMPANY PLC,CASH DIVIDEND,2025-11-18 18:30:00,2025-12-07 18:30:00,34288
VLL.N0000,VIDULLANKA PLC,CASH DIVIDEND,2025-11-18 18:30:00,2025-12-08 18:30:00,34293
VLL.X0000,VIDULLANKA PLC,CASH DIVIDEND,2025-11-18 18:30:00,2025-12-08 18:30:00,34293
UML.N0000,UNITED MOTORS LANKA PLC,CASH DIVIDEND,2025-11-18 18:30:00,2025-12-08 18:30:00,34297
LION,LION BREWERY CEYLON PLC,CASH DIVIDEND,2025-11-18 18:30:00,2025-12-08 18:30:00,34295
GREG.N0000,AMBEON HOLDINGS PLC,CASH DIVIDEND,2025-11-20 18:30:00,2025-12-10 18:30:00,34323
CTC.N0000,CEYLON TOBACCO COMPANY PLC,CASH DIVIDEND,2025-11-20 18:30:00,2025-12-10 18:30:00,34331
COMD.N0000,COMMERCIAL DEVELOPMENT COMPANY PLC,CASH DIVIDEND,2025-11-23 18:30:00,2025-12-11 18:30:00,34345
ASIY,ASIA SIYAKA COMMODITIES PLC,CASH DIVIDEND,2025-11-24 18:30:00,2025-12-14 18:30:00,34354
CARS.N0000,CARSON CUMBERBATCH PLC,CASH DIVIDEND,2025-11-27 18:30:00,2025-12-17 18:30:00,34422
CFIN.N0000,CENTRAL FINANCE COMPANY PLC,CASH DIVIDEND,2025-11-30 18:30:00,2025-12-07 18:30:00,34432
MELS.N0000,MELSTACORP PLC,CASH DIVIDEND,2025-12-02 18:30:00,2025-12-21 18:30:00,34479
DIST.N0000,DISTILLERIES COMPANY OF SRI LANKA PLC,CASH DIVIDEND,2025-12-02 18:30:00,2025-12-21 18:30:00,34482
BOPL.N0000,BOGAWANTALAWA TEA ESTATES PLC,CASH DIVIDEND,2025-12-10 18:30:00,2025-12-30 18:30:00,34604
AAF.N0000,ASIA ASSET FINANCE PLC,CASH DIVIDEND,2025-12-15 18:30:00,2026-01-04 18:30:00,34690
BUKI.N0000,BUKIT DARAH PLC,CASH DIVIDEND,2025-12-16 18:30:00,2026-01-05 18:30:00,34718
AEL.N0000,ACCESS ENGINEERING PLC,CASH DIVIDEND,2025-12-22 18:30:00,2026-01-12 18:30:00,34831
CALT.N0000,CAPITAL ALLIANCE PLC,CASH DIVIDEND,2025-12-23 18:30:00,2026-01-13 18:30:00,34851
JINS.N0000,JANASHAKTHI INSURANCE PLC,CASH DIVIDEND,2025-12-23 18:30:00,2026-01-13 18:30:00,34855
MERC.N0000,MERCANTILE INVESTMENTS AND FINANCE PLC,CASH DIVIDEND,2026-01-04 18:30:00,2026-01-22 18:30:00,34983
LHCL.N0000,THE LANKA HOSPITALS CORPORATION PLC,CASH DIVIDEND,2026-01-05 18:30:00,2026-01-25 18:30:00,34993
CDB.X0000,CITIZENS DEVELOPMENT BUSINESS FINANCE PLC,CASH DIVIDEND,2026-01-07 18:30:00,2026-01-27 18:30:00,35036
CDB.N0000,CITIZENS DEVELOPMENT BUSINESS FINANCE PLC,CASH DIVIDEND,2026-01-07 18:30:00,2026-01-27 18:30:00,35036
SINS.N0000,SINGER (SRI LANKA) PLC,CASH DIVIDEND,2026-01-08 18:30:00,2026-01-22 18:30:00,35061
HOPL.N0000,HORANA PLANTATIONS PLC,CASH DIVIDEND,2026-01-08 18:30:00,2026-01-22 18:30:00,35060
KVAL.N0000,KELANI VALLEY PLANTATIONS PLC,CASH DIVIDEND,2026-01-08 18:30:00,2026-01-22 18:30:00,35059
HAYC.N0000,HAYCARB PLC,CASH DIVIDEND,2026-01-08 18:30:00,2026-01-22 18:30:00,35058
TPL,TALAWAKELLE TEA ESTATES  PLC,CASH DIVIDEND,2026-01-11 18:30:00,2026-01-25 18:30:00,35077
AGPL.N0000,Agarapatana Plantations PLC,CASH DIVIDEND,2026-01-11 18:30:00,2026-01-25 18:30:00,35071
DIPD.N0000,DIPPED PRODUCTS PLC,CASH DIVIDEND,2026-01-11 18:30:00,2026-01-25 18:30:00,35078
HPL.N0000,HATTON PLANTATIONS PLC,CASH DIVIDEND,2026-01-22 18:30:00,2026-02-11 18:30:00,35254
LDEV.N0000,LANKEM DEVELOPMENTS PLC,CASH DIVIDEND,2026-01-29 18:30:00,2026-02-15 18:30:00,35372
HAYL.N0000,HAYLEYS PLC,CASH DIVIDEND,2026-01-29 18:30:00,2026-02-11 18:30:00,35375
JFP.N0000,JF PACKAGING PLC,CASH DIVIDEND,2026-02-02 18:30:00,2026-02-22 18:30:00,35401
CCS.N0000,CEYLON COLD STORES PLC,CASH DIVIDEND,2026-02-04 18:30:00,2026-02-23 18:30:00,35434
KFP.N0000,KEELLS FOOD PRODUCTS PLC,CASH DIVIDEND,2026-02-04 18:30:00,2026-02-23 18:30:00,35435
LMF.N0000,LANKA MILK FOODS (CWE) PLC,CASH DIVIDEND,2026-02-05 18:30:00,2026-02-24 18:30:00,35456
JKL.N0000,JOHN KEELLS PLC,CASH DIVIDEND,2026-02-05 18:30:00,2026-02-24 18:30:00,35465
JKH.N0000,JOHN KEELLS HOLDINGS PLC,CASH DIVIDEND,2026-02-08 18:30:00,2026-02-25 18:30:00,35485
GRAN.N0000,CEYLON GRAIN ELEVATORS PLC,CASH DIVIDEND,2026-02-08 18:30:00,2026-02-25 18:30:00,35486
TAFL.N0000,THREE ACRE FARMS PLC,CASH DIVIDEND,2026-02-08 18:30:00,2026-02-25 18:30:00,35488
BPPL.N0000,B P P L HOLDINGS PLC,CASH DIVIDEND,2026-02-11 18:30:00,2026-03-02 18:30:00,35548
TAP.N0000,AMBEON CAPITAL PLC ,SCRIP DIVIDEND (DATES),2026-02-12 18:30:00,2026-03-04 18:30:00,35344
JAT.N0000,JAT HOLDINGS PLC,CASH DIVIDEND,2026-02-16 18:30:00,2026-03-08 18:30:00,35633
LFIN,L B FINANCE PLC,CASH DIVIDEND,2026-02-17 18:30:00,2026-03-09 18:30:00,35646
ONAL,ON ALLY HOLDINGS PLC,CASH DIVIDEND,2026-02-17 18:30:00,2026-03-09 18:30:00,35645
SUN.N0000,SUNSHINE HOLDINGS PLC,CASH DIVIDEND,2026-02-18 18:30:00,2026-03-10 18:30:00,35662
SDF.N0000,SARVODAYA DEVELOPMENT FINANCE PLC,CASH DIVIDEND,2026-02-19 18:30:00,2026-03-10 18:30:00,35677
UML.N0000,UNITED MOTORS LANKA PLC,CASH DIVIDEND,2026-02-22 18:30:00,2026-03-12 18:30:00,35691
VPEL.N0000,VALLIBEL POWER ERATHNA PLC,CASH DIVIDEND,2026-02-23 18:30:00,2026-03-15 18:30:00,35711
CTC.N0000,CEYLON TOBACCO COMPANY PLC,CASH DIVIDEND,2026-02-26 18:30:00,2026-03-18 18:30:00,35798
LITE.N0000,LAXAPANA PLC,CASH DIVIDEND,2026-03-03 18:30:00,2026-03-22 18:30:00,35834
DIST.N0000,DISTILLERIES COMPANY OF SRI LANKA PLC,CASH DIVIDEND,2026-03-03 18:30:00,2026-03-19 18:30:00,35830
MELS.N0000,MELSTACORP PLC,CASH DIVIDEND,2026-03-04 18:30:00,2026-03-19 18:30:00,35842
NTB.N0000,NATIONS TRUST BANK PLC,CASH DIVIDEND,2026-03-04 18:30:00,2026-03-23 18:30:00,35868
NTB.X0000,NATIONS TRUST BANK PLC,CASH DIVIDEND,2026-03-04 18:30:00,2026-03-23 18:30:00,35868
NTB.N0000,NATIONS TRUST BANK PLC,SCRIP DIVIDEND (DATES),2026-03-04 18:30:00,2026-03-17 18:30:00,35917
NTB.X0000,NATIONS TRUST BANK PLC,SCRIP DIVIDEND (DATES),2026-03-04 18:30:00,2026-03-17 18:30:00,35917
EBCR.N0000,E B CREASY & COMPANY PLC,CASH DIVIDEND,2026-03-05 18:30:00,2026-03-24 18:30:00,35878
SMOT.N0000,SATHOSA MOTORS PLC,CASH DIVIDEND,2026-03-05 18:30:00,2026-03-24 18:30:00,35882
DFCC.N0000,DFCC BANK PLC,CASH DIVIDEND,2026-03-08 18:30:00,2026-03-25 18:30:00,35890
LLUB,CHEVRON LUBRICANTS LANKA PLC,CASH DIVIDEND,2026-03-09 18:30:00,2026-03-26 18:30:00,35924
UAL.N0000,UNION ASSURANCE PLC,CASH DIVIDEND,2026-03-10 18:30:00,2026-03-29 18:30:00,35940
COMD.N0000,COMMERCIAL DEVELOPMENT COMPANY PLC,CASH DIVIDEND,2026-03-30 18:30:00,2026-04-22 18:30:00,35728
HASU.N0000,HNB ASSURANCE PLC,CASH DIVIDEND,2026-03-30 18:30:00,2026-04-22 18:30:00,35876
SAMP.N0000,SAMPATH BANK PLC,CASH DIVIDEND,2026-03-30 18:30:00,2026-04-22 18:30:00,35820
COMB.X0000,COMMERCIAL BANK OF CEYLON PLC,CASH DIVIDEND,2026-04-01 18:30:00,2026-04-23 18:30:00,35929
PABC.N0000,PAN ASIA BANKING CORPORATION PLC,CASH DIVIDEND,2026-04-01 18:30:00,2026-04-23 18:30:00,35768
HNB.N0000,HATTON NATIONAL BANK PLC,CASH DIVIDEND,2026-04-01 18:30:00,2026-04-23 18:30:00,35905
HNB.X0000,HATTON NATIONAL BANK PLC,CASH DIVIDEND,2026-04-01 18:30:00,2026-04-23 18:30:00,35905
SEYB.N0000,SEYLAN BANK PLC,CASH DIVIDEND,2026-04-01 18:30:00,2026-04-23 18:30:00,35922
SEYB.X0000,SEYLAN BANK PLC,CASH DIVIDEND,2026-04-01 18:30:00,2026-04-23 18:30:00,35922
CSD.N0000,SEYLAN DEVELOPMENTS PLC,CASH DIVIDEND,2026-04-01 18:30:00,2026-04-23 18:30:00,35880
COMB.N0000,COMMERCIAL BANK OF CEYLON PLC,CASH DIVIDEND,2026-04-01 18:30:00,2026-04-23 18:30:00,35929
